위도,경도,cctv_count,light_count,safelight_count,conv_count,ent_count,police_count,score,grade
37.49,126.916,0,3,3,0,0,0,64.0,안전
37.490898311174995,126.916,0,0,0,0,0,0,40.0,위험
37.49179662234999,126.916,0,0,0,0,0,0,40.0,위험
37.49269493352498,126.916,0,0,0,0,0,0,40.0,위험
37.49359324469997,126.916,0,0,0,0,0,0,40.0,위험
37.494491555874966,126.916,0,0,2,0,0,0,46.0,보통
37.49538986704996,126.916,0,0,3,0,0,0,49.0,보통
37.49628817822495,126.916,0,0,3,0,0,0,49.0,보통
37.497186489399944,126.916,0,0,3,1,1,0,51.0,보통
37.49808480057494,126.916,0,0,0,0,0,0,40.0,위험
37.49898311174993,126.916,0,0,0,1,1,0,42.0,보통
37.49988142292492,126.916,0,0,0,0,0,0,40.0,위험
37.500779734099915,126.916,0,0,0,1,0,0,45.0,보통
37.50167804527491,126.916,0,0,0,1,0,0,45.0,보통
37.5025763564499,126.916,0,0,0,0,0,0,40.0,위험
37.50347466762489,126.916,0,0,0,0,0,0,40.0,위험
37.504372978799886,126.916,0,3,0,0,0,0,55.0,안전
37.50527128997488,126.916,0,0,0,0,0,0,40.0,위험
37.50616960114987,126.916,0,0,0,0,0,0,40.0,위험
37.507067912324864,126.916,0,0,0,0,0,0,40.0,위험
37.50796622349986,126.916,0,0,0,1,0,0,45.0,보통
37.50886453467485,126.916,0,0,0,1,0,0,45.0,보통
37.50976284584984,126.916,0,0,0,0,0,0,40.0,위험
37.510661157024835,126.916,0,0,0,0,0,0,40.0,위험
37.51155946819983,126.916,0,0,0,2,0,0,50.0,보통
37.51245777937482,126.916,0,0,0,2,0,0,50.0,보통
37.51335609054981,126.916,0,0,0,1,0,0,45.0,보통
37.514254401724806,126.916,0,0,0,0,0,0,40.0,위험
37.5151527128998,126.916,0,0,0,1,0,0,45.0,보통
37.51605102407479,126.916,0,0,0,0,0,0,40.0,위험
37.516949335249784,126.916,0,0,0,0,0,0,40.0,위험
37.51784764642478,126.916,0,2,0,0,0,0,50.0,보통
37.51874595759977,126.916,0,3,0,0,0,0,55.0,안전
37.51964426877476,126.916,0,3,0,0,0,0,55.0,안전
37.520542579949755,126.916,0,3,0,0,0,0,55.0,안전
37.52144089112475,126.916,0,3,0,0,0,0,55.0,안전
37.52233920229974,126.916,0,0,0,0,0,0,40.0,위험
37.52323751347473,126.916,0,0,0,0,0,0,40.0,위험
37.524135824649726,126.916,0,0,0,0,0,0,40.0,위험
37.52503413582472,126.916,0,0,0,1,0,0,45.0,보통
37.52593244699971,126.916,0,0,0,1,0,0,45.0,보통
37.526830758174704,126.916,0,0,0,1,0,0,45.0,보통
37.5277290693497,126.916,0,0,0,2,0,0,50.0,보통
37.52862738052469,126.916,0,0,0,1,0,0,45.0,보통
37.52952569169968,126.916,0,0,0,0,0,0,40.0,위험
37.530424002874675,126.916,0,0,0,0,0,0,40.0,위험
37.53132231404967,126.916,0,0,0,0,0,0,40.0,위험
37.53222062522466,126.916,0,0,0,0,0,0,40.0,위험
37.53311893639965,126.916,0,0,0,0,0,0,40.0,위험
37.534017247574646,126.916,0,0,0,0,0,0,40.0,위험
37.53491555874964,126.916,0,0,0,0,0,0,40.0,위험
37.53581386992463,126.916,0,0,0,0,0,0,40.0,위험
37.49,126.9171324481343,2,3,3,0,0,0,74.0,안전
37.490898311174995,126.9171324481343,0,0,0,0,0,0,40.0,위험
37.49179662234999,126.9171324481343,0,0,0,0,0,0,40.0,위험
37.49269493352498,126.9171324481343,0,0,0,0,0,0,40.0,위험
37.49359324469997,126.9171324481343,0,0,0,0,0,0,40.0,위험
37.494491555874966,126.9171324481343,0,0,1,0,0,0,43.0,보통
37.49538986704996,126.9171324481343,0,0,3,0,0,0,49.0,보통
37.49628817822495,126.9171324481343,0,0,3,0,0,0,49.0,보통
37.497186489399944,126.9171324481343,0,0,3,1,1,0,51.0,보통
37.49808480057494,126.9171324481343,0,0,0,1,1,0,42.0,보통
37.49898311174993,126.9171324481343,0,0,0,1,1,0,42.0,보통
37.49988142292492,126.9171324481343,0,0,0,0,0,0,40.0,위험
37.500779734099915,126.9171324481343,0,0,0,1,0,0,45.0,보통
37.50167804527491,126.9171324481343,0,0,0,1,0,0,45.0,보통
37.5025763564499,126.9171324481343,0,0,0,0,0,0,40.0,위험
37.50347466762489,126.9171324481343,0,0,0,0,0,0,40.0,위험
37.504372978799886,126.9171324481343,0,3,0,0,0,0,55.0,안전
37.50527128997488,126.9171324481343,0,0,0,0,0,0,40.0,위험
37.50616960114987,126.9171324481343,0,0,0,0,0,0,40.0,위험
37.507067912324864,126.9171324481343,0,0,0,0,0,0,40.0,위험
37.50796622349986,126.9171324481343,0,0,0,1,0,0,45.0,보통
37.50886453467485,126.9171324481343,0,0,0,2,0,0,50.0,보통
37.50976284584984,126.9171324481343,0,0,0,0,0,0,40.0,위험
37.510661157024835,126.9171324481343,0,0,0,0,0,0,40.0,위험
37.51155946819983,126.9171324481343,0,0,0,2,1,0,47.0,보통
37.51245777937482,126.9171324481343,0,0,0,2,1,0,47.0,보통
37.51335609054981,126.9171324481343,0,0,0,1,0,0,45.0,보통
37.514254401724806,126.9171324481343,0,0,0,0,0,0,40.0,위험
37.5151527128998,126.9171324481343,0,0,0,2,0,0,50.0,보통
37.51605102407479,126.9171324481343,0,0,0,1,0,0,45.0,보통
37.516949335249784,126.9171324481343,0,1,0,2,0,0,55.0,안전
37.51784764642478,126.9171324481343,0,3,0,2,0,0,65.0,안전
37.51874595759977,126.9171324481343,0,3,0,0,0,0,55.0,안전
37.51964426877476,126.9171324481343,0,3,0,0,0,0,55.0,안전
37.520542579949755,126.9171324481343,0,3,0,0,0,0,55.0,안전
37.52144089112475,126.9171324481343,0,3,0,0,0,0,55.0,안전
37.52233920229974,126.9171324481343,0,0,0,0,0,0,40.0,위험
37.52323751347473,126.9171324481343,0,0,0,0,0,0,40.0,위험
37.524135824649726,126.9171324481343,0,0,0,0,0,0,40.0,위험
37.52503413582472,126.9171324481343,0,0,0,1,0,0,45.0,보통
37.52593244699971,126.9171324481343,0,0,0,2,0,0,50.0,보통
37.526830758174704,126.9171324481343,0,0,0,2,0,0,50.0,보통
37.5277290693497,126.9171324481343,0,0,0,2,0,0,50.0,보통
37.52862738052469,126.9171324481343,0,0,0,2,0,0,50.0,보통
37.52952569169968,126.9171324481343,0,0,0,1,0,0,45.0,보통
37.530424002874675,126.9171324481343,0,0,0,0,0,0,40.0,위험
37.53132231404967,126.9171324481343,0,0,0,0,0,0,40.0,위험
37.53222062522466,126.9171324481343,0,0,0,0,0,0,40.0,위험
37.53311893639965,126.9171324481343,0,0,0,0,0,0,40.0,위험
37.534017247574646,126.9171324481343,0,0,0,0,0,0,40.0,위험
37.53491555874964,126.9171324481343,0,0,0,0,0,0,40.0,위험
37.53581386992463,126.9171324481343,0,0,0,0,0,0,40.0,위험
37.49,126.9182648962686,0,2,3,0,0,0,59.0,안전
37.490898311174995,126.9182648962686,0,0,0,0,0,0,40.0,위험
37.49179662234999,126.9182648962686,0,0,0,0,0,0,40.0,위험
37.49269493352498,126.9182648962686,0,0,0,0,0,0,40.0,위험
37.49359324469997,126.9182648962686,0,0,0,0,0,0,40.0,위험
37.494491555874966,126.9182648962686,0,0,0,0,0,0,40.0,위험
37.49538986704996,126.9182648962686,0,0,0,0,0,0,40.0,위험
37.49628817822495,126.9182648962686,0,0,0,0,0,0,40.0,위험
37.497186489399944,126.9182648962686,0,0,0,0,0,1,50.0,보통
37.49808480057494,126.9182648962686,0,0,0,0,0,1,50.0,보통
37.49898311174993,126.9182648962686,0,0,0,0,0,1,50.0,보통
37.49988142292492,126.9182648962686,0,0,0,1,0,1,55.0,안전
37.500779734099915,126.9182648962686,0,0,0,2,0,0,50.0,보통
37.50167804527491,126.9182648962686,0,0,0,1,0,0,45.0,보통
37.5025763564499,126.9182648962686,0,0,0,0,0,0,40.0,위험
37.50347466762489,126.9182648962686,0,0,0,1,0,0,45.0,보통
37.504372978799886,126.9182648962686,0,0,0,1,0,0,45.0,보통
37.50527128997488,126.9182648962686,0,0,0,0,0,0,40.0,위험
37.50616960114987,126.9182648962686,0,0,0,0,0,0,40.0,위험
37.507067912324864,126.9182648962686,0,0,0,0,0,0,40.0,위험
37.50796622349986,126.9182648962686,0,0,0,1,0,0,45.0,보통
37.50886453467485,126.9182648962686,0,0,0,1,0,0,45.0,보통
37.50976284584984,126.9182648962686,0,0,0,1,0,0,45.0,보통
37.510661157024835,126.9182648962686,0,0,0,1,0,0,45.0,보통
37.51155946819983,126.9182648962686,0,0,0,0,1,0,37.0,위험
37.51245777937482,126.9182648962686,0,0,0,1,0,0,45.0,보통
37.51335609054981,126.9182648962686,0,0,0,1,1,0,42.0,보통
37.514254401724806,126.9182648962686,0,0,0,2,1,0,47.0,보통
37.5151527128998,126.9182648962686,0,0,0,1,0,0,45.0,보통
37.51605102407479,126.9182648962686,0,0,0,0,0,0,40.0,위험
37.516949335249784,126.9182648962686,0,0,0,2,0,0,50.0,보통
37.51784764642478,126.9182648962686,0,3,0,0,0,0,55.0,안전
37.51874595759977,126.9182648962686,0,3,0,0,0,0,55.0,안전
37.51964426877476,126.9182648962686,0,0,0,0,0,0,40.0,위험
37.520542579949755,126.9182648962686,0,0,0,1,0,0,45.0,보통
37.52144089112475,126.9182648962686,0,0,0,1,0,0,45.0,보통
37.52233920229974,126.9182648962686,0,0,0,0,0,0,40.0,위험
37.52323751347473,126.9182648962686,0,0,0,0,0,0,40.0,위험
37.524135824649726,126.9182648962686,0,0,0,0,0,0,40.0,위험
37.52503413582472,126.9182648962686,0,0,0,1,0,0,45.0,보통
37.52593244699971,126.9182648962686,0,0,0,2,0,0,50.0,보통
37.526830758174704,126.9182648962686,0,0,0,2,0,0,50.0,보통
37.5277290693497,126.9182648962686,0,0,0,2,0,0,50.0,보통
37.52862738052469,126.9182648962686,0,0,0,2,0,0,50.0,보통
37.52952569169968,126.9182648962686,0,0,0,2,0,0,50.0,보통
37.530424002874675,126.9182648962686,0,0,0,1,0,0,45.0,보통
37.53132231404967,126.9182648962686,0,0,0,0,0,0,40.0,위험
37.53222062522466,126.9182648962686,0,0,0,0,0,0,40.0,위험
37.53311893639965,126.9182648962686,0,0,0,0,0,0,40.0,위험
37.534017247574646,126.9182648962686,0,0,0,0,0,0,40.0,위험
37.53491555874964,126.9182648962686,0,0,0,0,0,0,40.0,위험
37.53581386992463,126.9182648962686,0,0,0,0,0,0,40.0,위험
37.49,126.9193973444029,0,0,0,0,0,0,40.0,위험
37.490898311174995,126.9193973444029,0,0,0,0,0,0,40.0,위험
37.49179662234999,126.9193973444029,0,0,0,1,0,0,45.0,보통
37.49269493352498,126.9193973444029,0,0,0,0,0,0,40.0,위험
37.49359324469997,126.9193973444029,0,0,0,0,0,0,40.0,위험
37.494491555874966,126.9193973444029,0,0,0,0,0,0,40.0,위험
37.49538986704996,126.9193973444029,0,0,0,0,0,0,40.0,위험
37.49628817822495,126.9193973444029,0,0,0,0,0,1,50.0,보통
37.497186489399944,126.9193973444029,0,0,3,1,1,1,61.0,안전
37.49808480057494,126.9193973444029,0,0,0,1,1,1,52.0,보통
37.49898311174993,126.9193973444029,0,0,0,0,1,1,47.0,보통
37.49988142292492,126.9193973444029,0,0,0,2,1,1,57.0,안전
37.500779734099915,126.9193973444029,0,0,0,2,0,1,60.0,안전
37.50167804527491,126.9193973444029,0,0,0,1,0,0,45.0,보통
37.5025763564499,126.9193973444029,0,0,0,0,0,0,40.0,위험
37.50347466762489,126.9193973444029,0,0,0,1,0,0,45.0,보통
37.504372978799886,126.9193973444029,0,0,0,0,0,0,40.0,위험
37.50527128997488,126.9193973444029,0,0,0,0,0,0,40.0,위험
37.50616960114987,126.9193973444029,0,0,0,0,0,0,40.0,위험
37.507067912324864,126.9193973444029,0,0,0,1,0,0,45.0,보통
37.50796622349986,126.9193973444029,0,0,0,1,0,0,45.0,보통
37.50886453467485,126.9193973444029,0,0,0,1,0,0,45.0,보통
37.50976284584984,126.9193973444029,0,0,0,1,0,0,45.0,보통
37.510661157024835,126.9193973444029,0,0,0,1,0,0,45.0,보통
37.51155946819983,126.9193973444029,0,0,0,1,0,0,45.0,보통
37.51245777937482,126.9193973444029,0,0,0,2,0,0,50.0,보통
37.51335609054981,126.9193973444029,0,0,0,1,1,0,42.0,보통
37.514254401724806,126.9193973444029,0,0,0,1,1,0,42.0,보통
37.5151527128998,126.9193973444029,0,0,0,0,0,0,40.0,위험
37.51605102407479,126.9193973444029,0,0,0,0,0,0,40.0,위험
37.516949335249784,126.9193973444029,0,3,0,0,0,0,55.0,안전
37.51784764642478,126.9193973444029,0,3,0,0,0,0,55.0,안전
37.51874595759977,126.9193973444029,0,3,0,0,0,0,55.0,안전
37.51964426877476,126.9193973444029,0,3,0,0,0,0,55.0,안전
37.520542579949755,126.9193973444029,0,0,0,0,0,0,40.0,위험
37.52144089112475,126.9193973444029,0,0,0,1,0,0,45.0,보통
37.52233920229974,126.9193973444029,0,0,0,1,0,0,45.0,보통
37.52323751347473,126.9193973444029,0,0,0,0,0,0,40.0,위험
37.524135824649726,126.9193973444029,0,0,0,0,0,0,40.0,위험
37.52503413582472,126.9193973444029,0,0,0,1,0,0,45.0,보통
37.52593244699971,126.9193973444029,0,3,0,1,0,0,60.0,안전
37.526830758174704,126.9193973444029,0,3,0,0,0,0,55.0,안전
37.5277290693497,126.9193973444029,0,0,0,2,0,0,50.0,보통
37.52862738052469,126.9193973444029,0,0,0,2,0,0,50.0,보통
37.52952569169968,126.9193973444029,0,0,0,1,0,0,45.0,보통
37.530424002874675,126.9193973444029,0,0,0,2,0,0,50.0,보통
37.53132231404967,126.9193973444029,0,0,0,0,0,0,40.0,위험
37.53222062522466,126.9193973444029,0,0,0,0,0,0,40.0,위험
37.53311893639965,126.9193973444029,0,0,0,0,0,0,40.0,위험
37.534017247574646,126.9193973444029,0,0,0,0,0,0,40.0,위험
37.53491555874964,126.9193973444029,0,0,0,0,0,0,40.0,위험
37.53581386992463,126.9193973444029,0,0,0,0,0,0,40.0,위험
37.49,126.9205297925372,4,0,0,0,0,0,60.0,안전
37.490898311174995,126.9205297925372,0,0,0,1,0,0,45.0,보통
37.49179662234999,126.9205297925372,0,0,0,1,0,0,45.0,보통
37.49269493352498,126.9205297925372,0,0,0,0,0,0,40.0,위험
37.49359324469997,126.9205297925372,0,0,0,0,0,0,40.0,위험
37.494491555874966,126.9205297925372,0,0,0,0,0,0,40.0,위험
37.49538986704996,126.9205297925372,0,0,1,0,0,0,43.0,보통
37.49628817822495,126.9205297925372,0,0,3,0,0,1,59.0,안전
37.497186489399944,126.9205297925372,0,0,3,1,1,1,61.0,안전
37.49808480057494,126.9205297925372,0,0,3,1,1,1,61.0,안전
37.49898311174993,126.9205297925372,0,0,3,0,1,1,56.0,안전
37.49988142292492,126.9205297925372,0,0,3,1,2,1,58.0,안전
37.500779734099915,126.9205297925372,0,0,1,1,0,1,58.0,안전
37.50167804527491,126.9205297925372,0,0,0,0,0,0,40.0,위험
37.5025763564499,126.9205297925372,0,0,0,0,0,0,40.0,위험
37.50347466762489,126.9205297925372,0,0,0,0,0,0,40.0,위험
37.504372978799886,126.9205297925372,0,0,0,0,0,0,40.0,위험
37.50527128997488,126.9205297925372,0,0,0,0,0,0,40.0,위험
37.50616960114987,126.9205297925372,0,0,0,0,0,0,40.0,위험
37.507067912324864,126.9205297925372,0,0,0,1,0,0,45.0,보통
37.50796622349986,126.9205297925372,0,0,0,1,0,0,45.0,보통
37.50886453467485,126.9205297925372,0,0,0,1,0,0,45.0,보통
37.50976284584984,126.9205297925372,0,0,0,1,0,0,45.0,보통
37.510661157024835,126.9205297925372,0,0,0,0,0,0,40.0,위험
37.51155946819983,126.9205297925372,0,0,0,1,0,0,45.0,보통
37.51245777937482,126.9205297925372,0,0,0,2,0,0,50.0,보통
37.51335609054981,126.9205297925372,0,0,0,1,1,0,42.0,보통
37.514254401724806,126.9205297925372,0,0,0,0,1,0,37.0,위험
37.5151527128998,126.9205297925372,0,0,0,0,0,0,40.0,위험
37.51605102407479,126.9205297925372,0,0,0,0,0,0,40.0,위험
37.516949335249784,126.9205297925372,0,3,0,0,0,0,55.0,안전
37.51784764642478,126.9205297925372,0,3,0,0,0,0,55.0,안전
37.51874595759977,126.9205297925372,0,0,0,0,0,0,40.0,위험
37.51964426877476,126.9205297925372,0,0,0,0,0,0,40.0,위험
37.520542579949755,126.9205297925372,0,0,0,0,0,0,40.0,위험
37.52144089112475,126.9205297925372,0,0,0,1,0,0,45.0,보통
37.52233920229974,126.9205297925372,0,0,0,1,0,0,45.0,보통
37.52323751347473,126.9205297925372,0,0,0,1,0,0,45.0,보통
37.524135824649726,126.9205297925372,0,0,0,0,0,0,40.0,위험
37.52503413582472,126.9205297925372,0,0,0,0,0,0,40.0,위험
37.52593244699971,126.9205297925372,0,3,0,1,0,0,60.0,안전
37.526830758174704,126.9205297925372,0,0,0,0,0,0,40.0,위험
37.5277290693497,126.9205297925372,0,0,0,2,0,0,50.0,보통
37.52862738052469,126.9205297925372,0,0,0,2,0,0,50.0,보통
37.52952569169968,126.9205297925372,0,0,0,2,1,0,47.0,보통
37.530424002874675,126.9205297925372,0,0,0,2,1,0,47.0,보통
37.53132231404967,126.9205297925372,0,0,0,1,1,0,42.0,보통
37.53222062522466,126.9205297925372,0,2,0,0,0,0,50.0,보통
37.53311893639965,126.9205297925372,0,0,0,0,0,0,40.0,위험
37.534017247574646,126.9205297925372,0,0,0,0,0,0,40.0,위험
37.53491555874964,126.9205297925372,0,0,0,0,0,0,40.0,위험
37.53581386992463,126.9205297925372,0,0,0,0,0,0,40.0,위험
37.49,126.9216622406715,4,0,0,0,0,0,60.0,안전
37.490898311174995,126.9216622406715,0,0,0,0,0,0,40.0,위험
37.49179662234999,126.9216622406715,0,0,0,0,0,0,40.0,위험
37.49269493352498,126.9216622406715,0,0,0,0,0,0,40.0,위험
37.49359324469997,126.9216622406715,0,0,0,0,0,0,40.0,위험
37.494491555874966,126.9216622406715,0,0,0,0,0,0,40.0,위험
37.49538986704996,126.9216622406715,0,0,3,0,0,0,49.0,보통
37.49628817822495,126.9216622406715,0,0,3,1,0,1,64.0,안전
37.497186489399944,126.9216622406715,0,0,3,1,0,1,64.0,안전
37.49808480057494,126.9216622406715,0,0,3,1,0,1,64.0,안전
37.49898311174993,126.9216622406715,0,0,3,1,1,1,61.0,안전
37.49988142292492,126.9216622406715,0,0,3,1,1,1,61.0,안전
37.500779734099915,126.9216622406715,0,0,3,0,0,1,59.0,안전
37.50167804527491,126.9216622406715,0,0,0,0,0,0,40.0,위험
37.5025763564499,126.9216622406715,0,0,3,1,0,0,54.0,보통
37.50347466762489,126.9216622406715,0,0,3,2,0,0,59.0,안전
37.504372978799886,126.9216622406715,0,0,0,2,1,0,47.0,보통
37.50527128997488,126.9216622406715,0,0,0,1,0,0,45.0,보통
37.50616960114987,126.9216622406715,0,0,0,1,0,0,45.0,보통
37.507067912324864,126.9216622406715,0,0,0,0,0,0,40.0,위험
37.50796622349986,126.9216622406715,0,0,0,1,0,0,45.0,보통
37.50886453467485,126.9216622406715,0,0,0,1,0,0,45.0,보통
37.50976284584984,126.9216622406715,0,0,0,1,0,0,45.0,보통
37.510661157024835,126.9216622406715,0,0,0,2,0,0,50.0,보통
37.51155946819983,126.9216622406715,0,0,0,2,0,0,50.0,보통
37.51245777937482,126.9216622406715,0,0,0,2,2,0,44.0,보통
37.51335609054981,126.9216622406715,0,0,0,1,3,0,36.0,위험
37.514254401724806,126.9216622406715,0,0,0,0,1,0,37.0,위험
37.5151527128998,126.9216622406715,0,0,0,1,0,0,45.0,보통
37.51605102407479,126.9216622406715,0,3,0,0,0,0,55.0,안전
37.516949335249784,126.9216622406715,0,3,0,0,0,0,55.0,안전
37.51784764642478,126.9216622406715,0,3,0,0,0,0,55.0,안전
37.51874595759977,126.9216622406715,0,0,0,0,0,0,40.0,위험
37.51964426877476,126.9216622406715,0,0,0,0,0,0,40.0,위험
37.520542579949755,126.9216622406715,0,0,0,0,0,0,40.0,위험
37.52144089112475,126.9216622406715,0,0,0,0,0,0,40.0,위험
37.52233920229974,126.9216622406715,0,0,0,1,0,0,45.0,보통
37.52323751347473,126.9216622406715,0,3,0,1,0,0,60.0,안전
37.524135824649726,126.9216622406715,0,3,0,0,0,0,55.0,안전
37.52503413582472,126.9216622406715,0,0,0,0,0,0,40.0,위험
37.52593244699971,126.9216622406715,0,0,0,1,0,0,45.0,보통
37.526830758174704,126.9216622406715,0,0,0,0,0,0,40.0,위험
37.5277290693497,126.9216622406715,0,0,0,0,0,0,40.0,위험
37.52862738052469,126.9216622406715,0,0,0,2,0,0,50.0,보통
37.52952569169968,126.9216622406715,0,0,0,2,1,0,47.0,보통
37.530424002874675,126.9216622406715,0,0,0,2,1,0,47.0,보통
37.53132231404967,126.9216622406715,0,0,0,1,1,0,42.0,보통
37.53222062522466,126.9216622406715,0,3,0,0,0,0,55.0,안전
37.53311893639965,126.9216622406715,0,3,0,0,0,0,55.0,안전
37.534017247574646,126.9216622406715,0,0,0,0,0,0,40.0,위험
37.53491555874964,126.9216622406715,0,0,0,0,0,0,40.0,위험
37.53581386992463,126.9216622406715,0,0,0,0,0,0,40.0,위험
37.49,126.9227946888058,4,0,0,1,1,0,62.0,안전
37.490898311174995,126.9227946888058,0,0,0,1,1,0,42.0,보통
37.49179662234999,126.9227946888058,0,0,0,1,0,0,45.0,보통
37.49269493352498,126.9227946888058,0,0,0,1,0,0,45.0,보통
37.49359324469997,126.9227946888058,0,0,0,0,0,0,40.0,위험
37.494491555874966,126.9227946888058,0,0,3,0,0,0,49.0,보통
37.49538986704996,126.9227946888058,0,0,3,1,0,0,54.0,보통
37.49628817822495,126.9227946888058,0,0,3,1,0,1,64.0,안전
37.497186489399944,126.9227946888058,0,0,3,1,0,1,64.0,안전
37.49808480057494,126.9227946888058,0,0,3,1,0,1,64.0,안전
37.49898311174993,126.9227946888058,0,0,3,1,0,1,64.0,안전
37.49988142292492,126.9227946888058,0,0,3,2,0,1,69.0,안전
37.500779734099915,126.9227946888058,0,0,3,1,0,0,54.0,보통
37.50167804527491,126.9227946888058,0,0,0,0,0,0,40.0,위험
37.5025763564499,126.9227946888058,0,0,3,1,0,0,54.0,보통
37.50347466762489,126.9227946888058,0,0,3,2,1,0,56.0,안전
37.504372978799886,126.9227946888058,0,0,3,2,1,0,56.0,안전
37.50527128997488,126.9227946888058,0,0,3,1,0,0,54.0,보통
37.50616960114987,126.9227946888058,0,0,3,2,0,0,59.0,안전
37.507067912324864,126.9227946888058,0,0,0,1,0,0,45.0,보통
37.50796622349986,126.9227946888058,0,0,0,0,0,0,40.0,위험
37.50886453467485,126.9227946888058,0,0,0,1,0,0,45.0,보통
37.50976284584984,126.9227946888058,0,0,0,1,0,0,45.0,보통
37.510661157024835,126.9227946888058,0,0,0,2,0,0,50.0,보통
37.51155946819983,126.9227946888058,0,0,0,2,0,0,50.0,보통
37.51245777937482,126.9227946888058,0,0,0,2,1,0,47.0,보통
37.51335609054981,126.9227946888058,0,0,0,1,3,0,36.0,위험
37.514254401724806,126.9227946888058,0,0,0,0,1,0,37.0,위험
37.5151527128998,126.9227946888058,0,0,0,1,0,0,45.0,보통
37.51605102407479,126.9227946888058,0,3,0,1,0,0,60.0,안전
37.516949335249784,126.9227946888058,0,3,0,0,0,0,55.0,안전
37.51784764642478,126.9227946888058,0,0,0,0,0,0,40.0,위험
37.51874595759977,126.9227946888058,0,0,0,0,0,0,40.0,위험
37.51964426877476,126.9227946888058,0,0,0,0,0,0,40.0,위험
37.520542579949755,126.9227946888058,0,0,0,0,0,0,40.0,위험
37.52144089112475,126.9227946888058,0,0,0,1,0,0,45.0,보통
37.52233920229974,126.9227946888058,0,1,0,1,0,0,50.0,보통
37.52323751347473,126.9227946888058,0,3,0,1,0,0,60.0,안전
37.524135824649726,126.9227946888058,0,2,0,2,0,0,60.0,안전
37.52503413582472,126.9227946888058,0,0,0,1,0,0,45.0,보통
37.52593244699971,126.9227946888058,0,0,0,0,0,0,40.0,위험
37.526830758174704,126.9227946888058,0,0,0,0,0,0,40.0,위험
37.5277290693497,126.9227946888058,0,0,0,1,0,0,45.0,보통
37.52862738052469,126.9227946888058,0,0,0,1,0,0,45.0,보통
37.52952569169968,126.9227946888058,0,0,0,1,0,0,45.0,보통
37.530424002874675,126.9227946888058,0,0,0,1,0,0,45.0,보통
37.53132231404967,126.9227946888058,0,1,0,0,0,0,45.0,보통
37.53222062522466,126.9227946888058,0,3,0,0,0,0,55.0,안전
37.53311893639965,126.9227946888058,0,3,0,0,0,0,55.0,안전
37.534017247574646,126.9227946888058,0,3,0,0,0,0,55.0,안전
37.53491555874964,126.9227946888058,0,3,0,0,0,0,55.0,안전
37.53581386992463,126.9227946888058,0,0,0,0,0,0,40.0,위험
37.49,126.9239271369401,1,0,0,0,0,0,45.0,보통
37.490898311174995,126.9239271369401,0,0,0,2,2,0,44.0,보통
37.49179662234999,126.9239271369401,0,0,0,2,1,0,47.0,보통
37.49269493352498,126.9239271369401,0,0,0,2,0,0,50.0,보통
37.49359324469997,126.9239271369401,0,0,0,0,0,0,40.0,위험
37.494491555874966,126.9239271369401,0,0,3,0,0,0,49.0,보통
37.49538986704996,126.9239271369401,0,0,3,1,0,0,54.0,보통
37.49628817822495,126.9239271369401,0,0,3,0,0,1,59.0,안전
37.497186489399944,126.9239271369401,0,0,3,1,0,1,64.0,안전
37.49808480057494,126.9239271369401,0,0,3,1,0,1,64.0,안전
37.49898311174993,126.9239271369401,0,0,3,1,0,1,64.0,안전
37.49988142292492,126.9239271369401,0,0,3,1,0,1,64.0,안전
37.500779734099915,126.9239271369401,0,0,3,0,0,1,59.0,안전
37.50167804527491,126.9239271369401,0,0,3,0,0,0,49.0,보통
37.5025763564499,126.9239271369401,0,0,3,0,0,0,49.0,보통
37.50347466762489,126.9239271369401,0,0,3,1,0,0,54.0,보통
37.504372978799886,126.9239271369401,0,0,3,1,0,0,54.0,보통
37.50527128997488,126.9239271369401,0,0,3,2,0,0,59.0,안전
37.50616960114987,126.9239271369401,0,0,3,2,0,0,59.0,안전
37.507067912324864,126.9239271369401,0,0,0,1,0,0,45.0,보통
37.50796622349986,126.9239271369401,0,0,0,0,0,0,40.0,위험
37.50886453467485,126.9239271369401,0,0,0,1,0,0,45.0,보통
37.50976284584984,126.9239271369401,0,0,0,1,0,0,45.0,보통
37.510661157024835,126.9239271369401,0,0,0,2,0,0,50.0,보통
37.51155946819983,126.9239271369401,0,0,0,0,0,1,50.0,보통
37.51245777937482,126.9239271369401,0,0,0,1,0,1,55.0,안전
37.51335609054981,126.9239271369401,0,0,0,1,0,1,55.0,안전
37.514254401724806,126.9239271369401,0,0,0,0,0,1,50.0,보통
37.5151527128998,126.9239271369401,0,3,0,0,0,0,55.0,안전
37.51605102407479,126.9239271369401,0,3,0,0,0,0,55.0,안전
37.516949335249784,126.9239271369401,0,2,0,0,0,0,50.0,보통
37.51784764642478,126.9239271369401,0,0,0,0,0,0,40.0,위험
37.51874595759977,126.9239271369401,0,0,0,0,0,0,40.0,위험
37.51964426877476,126.9239271369401,0,0,0,0,0,0,40.0,위험
37.520542579949755,126.9239271369401,0,0,0,1,0,0,45.0,보통
37.52144089112475,126.9239271369401,0,0,0,2,2,0,44.0,보통
37.52233920229974,126.9239271369401,0,0,0,2,0,0,50.0,보통
37.52323751347473,126.9239271369401,0,0,0,2,0,0,50.0,보통
37.524135824649726,126.9239271369401,0,0,0,2,0,0,50.0,보통
37.52503413582472,126.9239271369401,0,0,0,1,0,0,45.0,보통
37.52593244699971,126.9239271369401,0,0,0,0,0,0,40.0,위험
37.526830758174704,126.9239271369401,0,0,0,0,0,0,40.0,위험
37.5277290693497,126.9239271369401,0,0,0,1,0,0,45.0,보통
37.52862738052469,126.9239271369401,0,0,0,1,0,1,55.0,안전
37.52952569169968,126.9239271369401,0,0,0,1,0,1,55.0,안전
37.530424002874675,126.9239271369401,0,0,0,2,1,1,57.0,안전
37.53132231404967,126.9239271369401,0,0,0,0,0,0,40.0,위험
37.53222062522466,126.9239271369401,0,0,0,0,0,0,40.0,위험
37.53311893639965,126.9239271369401,0,0,0,0,0,0,40.0,위험
37.534017247574646,126.9239271369401,0,2,0,0,0,0,50.0,보통
37.53491555874964,126.9239271369401,0,3,0,0,0,0,55.0,안전
37.53581386992463,126.9239271369401,0,3,0,0,0,0,55.0,안전
37.49,126.9250595850744,4,0,0,0,0,0,60.0,안전
37.490898311174995,126.9250595850744,1,0,0,2,1,0,52.0,보통
37.49179662234999,126.9250595850744,0,0,3,2,1,0,56.0,안전
37.49269493352498,126.9250595850744,0,0,3,0,0,0,49.0,보통
37.49359324469997,126.9250595850744,0,0,3,0,0,0,49.0,보통
37.494491555874966,126.9250595850744,0,0,3,0,0,0,49.0,보통
37.49538986704996,126.9250595850744,0,0,3,0,0,0,49.0,보통
37.49628817822495,126.9250595850744,0,0,3,0,0,1,59.0,안전
37.497186489399944,126.9250595850744,0,0,3,1,0,1,64.0,안전
37.49808480057494,126.9250595850744,0,0,3,2,0,1,69.0,안전
37.49898311174993,126.9250595850744,0,0,3,2,0,1,69.0,안전
37.49988142292492,126.9250595850744,0,0,3,2,0,1,69.0,안전
37.500779734099915,126.9250595850744,0,0,3,1,0,1,64.0,안전
37.50167804527491,126.9250595850744,0,0,3,0,0,0,49.0,보통
37.5025763564499,126.9250595850744,0,0,3,1,0,0,54.0,보통
37.50347466762489,126.9250595850744,0,0,3,2,0,0,59.0,안전
37.504372978799886,126.9250595850744,0,0,3,1,0,0,54.0,보통
37.50527128997488,126.9250595850744,0,0,3,1,0,0,54.0,보통
37.50616960114987,126.9250595850744,0,0,3,1,0,0,54.0,보통
37.507067912324864,126.9250595850744,0,0,0,0,0,0,40.0,위험
37.50796622349986,126.9250595850744,0,0,0,1,0,0,45.0,보통
37.50886453467485,126.9250595850744,0,0,3,1,0,0,54.0,보통
37.50976284584984,126.9250595850744,0,0,3,1,0,0,54.0,보통
37.510661157024835,126.9250595850744,0,0,3,1,0,1,64.0,안전
37.51155946819983,126.9250595850744,0,3,2,0,0,1,71.0,안전
37.51245777937482,126.9250595850744,0,3,0,0,0,1,65.0,안전
37.51335609054981,126.9250595850744,0,0,0,1,0,1,55.0,안전
37.514254401724806,126.9250595850744,0,3,0,1,0,1,70.0,안전
37.5151527128998,126.9250595850744,0,3,0,0,0,1,65.0,안전
37.51605102407479,126.9250595850744,0,3,0,0,0,0,55.0,안전
37.516949335249784,126.9250595850744,0,0,0,0,0,0,40.0,위험
37.51784764642478,126.9250595850744,0,0,0,0,0,0,40.0,위험
37.51874595759977,126.9250595850744,0,0,0,0,0,0,40.0,위험
37.51964426877476,126.9250595850744,0,0,0,0,0,0,40.0,위험
37.520542579949755,126.9250595850744,0,0,0,1,3,0,36.0,위험
37.52144089112475,126.9250595850744,0,0,0,2,3,0,41.0,보통
37.52233920229974,126.9250595850744,0,0,0,2,1,0,47.0,보통
37.52323751347473,126.9250595850744,0,0,0,1,0,0,45.0,보통
37.524135824649726,126.9250595850744,0,0,0,2,0,0,50.0,보통
37.52503413582472,126.9250595850744,0,0,0,2,0,0,50.0,보통
37.52593244699971,126.9250595850744,0,0,0,0,0,0,40.0,위험
37.526830758174704,126.9250595850744,0,0,0,0,0,0,40.0,위험
37.5277290693497,126.9250595850744,0,0,0,1,0,1,55.0,안전
37.52862738052469,126.9250595850744,0,0,0,1,0,1,55.0,안전
37.52952569169968,126.9250595850744,0,0,0,1,0,1,55.0,안전
37.530424002874675,126.9250595850744,0,0,0,2,1,1,57.0,안전
37.53132231404967,126.9250595850744,0,0,0,1,1,1,52.0,보통
37.53222062522466,126.9250595850744,0,0,0,0,0,0,40.0,위험
37.53311893639965,126.9250595850744,0,0,0,0,0,0,40.0,위험
37.534017247574646,126.9250595850744,0,0,0,0,0,0,40.0,위험
37.53491555874964,126.9250595850744,0,0,0,0,0,0,40.0,위험
37.53581386992463,126.9250595850744,0,3,0,0,0,0,55.0,안전
37.49,126.9261920332087,4,0,0,0,0,0,60.0,안전
37.490898311174995,126.9261920332087,4,0,0,1,0,0,65.0,안전
37.49179662234999,126.9261920332087,2,0,2,2,0,0,66.0,안전
37.49269493352498,126.9261920332087,3,0,2,0,0,0,61.0,안전
37.49359324469997,126.9261920332087,0,0,3,1,0,0,54.0,안전
37.494491555874966,126.9261920332087,0,0,3,1,0,0,54.0,안전
37.49538986704996,126.9261920332087,0,0,3,1,0,0,54.0,안전
37.49628817822495,126.9261920332087,0,0,3,0,0,1,59.0,안전
37.497186489399944,126.9261920332087,0,0,3,0,0,1,59.0,안전
37.49808480057494,126.9261920332087,0,0,3,2,0,1,69.0,안전
37.49898311174993,126.9261920332087,0,0,3,2,0,1,69.0,안전
37.49988142292492,126.9261920332087,0,0,3,2,0,1,69.0,안전
37.500779734099915,126.9261920332087,0,0,3,1,0,0,54.0,안전
37.50167804527491,126.9261920332087,0,0,3,0,0,0,49.0,보통
37.5025763564499,126.9261920332087,0,0,3,2,0,0,59.0,안전
37.50347466762489,126.9261920332087,0,0,3,0,0,0,49.0,보통
37.504372978799886,126.9261920332087,0,0,3,0,0,0,49.0,보통
37.50527128997488,126.9261920332087,0,0,0,0,0,0,40.0,위험
37.50616960114987,126.9261920332087,0,0,0,0,0,0,40.0,위험
37.507067912324864,126.9261920332087,0,0,0,0,0,0,40.0,위험
37.50796622349986,126.9261920332087,0,0,1,0,0,0,43.0,보통
37.50886453467485,126.9261920332087,0,0,0,0,0,0,40.0,위험
37.50976284584984,126.9261920332087,0,0,3,0,0,0,49.0,보통
37.510661157024835,126.9261920332087,0,0,3,0,0,1,59.0,안전
37.51155946819983,126.9261920332087,0,0,3,1,0,1,64.0,안전
37.51245777937482,126.9261920332087,0,0,3,1,0,1,64.0,안전
37.51335609054981,126.9261920332087,0,3,0,2,0,1,75.0,안전
37.514254401724806,126.9261920332087,0,3,0,2,0,1,75.0,안전
37.5151527128998,126.9261920332087,0,3,0,0,0,1,65.0,안전
37.51605102407479,126.9261920332087,0,3,0,0,0,0,55.0,안전
37.516949335249784,126.9261920332087,0,0,0,0,0,0,40.0,위험
37.51784764642478,126.9261920332087,0,0,0,1,0,0,45.0,보통
37.51874595759977,126.9261920332087,0,0,0,1,0,0,45.0,보통
37.51964426877476,126.9261920332087,0,0,0,0,0,0,40.0,위험
37.520542579949755,126.9261920332087,0,0,0,0,1,0,37.0,위험
37.52144089112475,126.9261920332087,0,0,0,2,3,0,41.0,보통
37.52233920229974,126.9261920332087,0,0,0,2,3,0,41.0,보통
37.52323751347473,126.9261920332087,0,0,0,0,0,0,40.0,위험
37.524135824649726,126.9261920332087,0,0,0,1,0,0,45.0,보통
37.52503413582472,126.9261920332087,0,0,0,2,0,0,50.0,보통
37.52593244699971,126.9261920332087,0,0,0,0,0,0,40.0,위험
37.526830758174704,126.9261920332087,0,0,0,1,0,0,45.0,보통
37.5277290693497,126.9261920332087,0,0,0,0,0,1,50.0,보통
37.52862738052469,126.9261920332087,0,0,0,0,0,1,50.0,보통
37.52952569169968,126.9261920332087,0,0,0,0,0,1,50.0,보통
37.530424002874675,126.9261920332087,0,0,0,1,0,1,55.0,안전
37.53132231404967,126.9261920332087,0,0,0,0,0,1,50.0,보통
37.53222062522466,126.9261920332087,0,0,0,0,0,1,50.0,보통
37.53311893639965,126.9261920332087,0,0,0,0,0,0,40.0,위험
37.534017247574646,126.9261920332087,0,0,0,0,0,0,40.0,위험
37.53491555874964,126.9261920332087,0,0,0,0,0,0,40.0,위험
37.53581386992463,126.9261920332087,0,0,0,0,0,0,40.0,위험
37.49,126.92732448134299,1,0,0,1,0,0,50.0,보통
37.490898311174995,126.92732448134299,4,0,0,1,0,0,65.0,안전
37.49179662234999,126.92732448134299,4,0,0,1,0,0,65.0,안전
37.49269493352498,126.92732448134299,4,0,0,0,0,0,60.0,안전
37.49359324469997,126.92732448134299,0,0,0,1,0,0,45.0,보통
37.494491555874966,126.92732448134299,0,0,3,1,0,0,54.0,안전
37.49538986704996,126.92732448134299,0,0,3,2,0,0,59.0,안전
37.49628817822495,126.92732448134299,0,0,3,1,0,0,54.0,안전
37.497186489399944,126.92732448134299,0,0,3,1,0,1,64.0,안전
37.49808480057494,126.92732448134299,0,0,3,2,0,1,69.0,안전
37.49898311174993,126.92732448134299,0,0,3,2,1,1,66.0,안전
37.49988142292492,126.92732448134299,0,0,3,2,1,1,66.0,안전
37.500779734099915,126.92732448134299,0,0,3,2,0,0,59.0,안전
37.50167804527491,126.92732448134299,0,0,3,1,0,0,54.0,안전
37.5025763564499,126.92732448134299,0,0,3,1,0,0,54.0,안전
37.50347466762489,126.92732448134299,0,0,3,0,0,0,49.0,보통
37.504372978799886,126.92732448134299,0,0,0,0,0,0,40.0,위험
37.50527128997488,126.92732448134299,0,0,0,0,0,0,40.0,위험
37.50616960114987,126.92732448134299,0,0,0,0,0,0,40.0,위험
37.507067912324864,126.92732448134299,0,0,0,0,0,0,40.0,위험
37.50796622349986,126.92732448134299,0,0,0,0,0,0,40.0,위험
37.50886453467485,126.92732448134299,0,0,0,1,0,0,45.0,보통
37.50976284584984,126.92732448134299,0,0,2,0,0,0,46.0,보통
37.510661157024835,126.92732448134299,0,0,3,0,0,1,59.0,안전
37.51155946819983,126.92732448134299,0,0,3,2,0,1,69.0,안전
37.51245777937482,126.92732448134299,0,0,3,1,0,1,64.0,안전
37.51335609054981,126.92732448134299,0,0,3,1,0,1,64.0,안전
37.514254401724806,126.92732448134299,0,3,3,1,0,1,79.0,안전
37.5151527128998,126.92732448134299,0,3,0,0,0,1,65.0,안전
37.51605102407479,126.92732448134299,0,3,0,0,0,0,55.0,안전
37.516949335249784,126.92732448134299,0,0,0,0,0,0,40.0,위험
37.51784764642478,126.92732448134299,0,0,0,1,0,0,45.0,보통
37.51874595759977,126.92732448134299,0,0,0,1,0,0,45.0,보통
37.51964426877476,126.92732448134299,0,0,0,2,1,0,47.0,보통
37.520542579949755,126.92732448134299,0,0,0,0,2,0,34.0,위험
37.52144089112475,126.92732448134299,0,0,0,1,3,0,36.0,위험
37.52233920229974,126.92732448134299,0,0,0,0,3,0,31.0,위험
37.52323751347473,126.92732448134299,0,0,0,0,0,0,40.0,위험
37.524135824649726,126.92732448134299,0,0,0,2,0,0,50.0,보통
37.52503413582472,126.92732448134299,0,0,0,2,0,0,50.0,보통
37.52593244699971,126.92732448134299,0,0,0,2,0,0,50.0,보통
37.526830758174704,126.92732448134299,0,0,0,2,0,0,50.0,보통
37.5277290693497,126.92732448134299,0,0,0,1,0,1,55.0,안전
37.52862738052469,126.92732448134299,0,0,0,0,0,1,50.0,보통
37.52952569169968,126.92732448134299,0,0,0,0,0,1,50.0,보통
37.530424002874675,126.92732448134299,0,0,0,1,0,1,55.0,안전
37.53132231404967,126.92732448134299,0,0,0,1,0,1,55.0,안전
37.53222062522466,126.92732448134299,0,0,0,0,0,1,50.0,보통
37.53311893639965,126.92732448134299,0,0,0,0,0,0,40.0,위험
37.534017247574646,126.92732448134299,0,0,0,0,0,0,40.0,위험
37.53491555874964,126.92732448134299,0,0,0,0,0,0,40.0,위험
37.53581386992463,126.92732448134299,0,0,0,0,0,0,40.0,위험
37.49,126.92845692947729,4,0,0,1,0,0,65.0,안전
37.490898311174995,126.92845692947729,4,0,0,1,0,0,65.0,안전
37.49179662234999,126.92845692947729,4,0,0,0,0,0,60.0,안전
37.49269493352498,126.92845692947729,4,0,0,1,0,0,65.0,안전
37.49359324469997,126.92845692947729,0,0,0,0,0,0,40.0,위험
37.494491555874966,126.92845692947729,0,0,0,1,0,0,45.0,보통
37.49538986704996,126.92845692947729,0,0,0,1,0,0,45.0,보통
37.49628817822495,126.92845692947729,0,0,3,2,0,0,59.0,안전
37.497186489399944,126.92845692947729,0,0,3,2,0,0,59.0,안전
37.49808480057494,126.92845692947729,0,0,3,2,0,0,59.0,안전
37.49898311174993,126.92845692947729,0,0,3,2,2,0,53.0,보통
37.49988142292492,126.92845692947729,0,0,3,1,1,0,51.0,보통
37.500779734099915,126.92845692947729,0,0,3,1,0,0,54.0,안전
37.50167804527491,126.92845692947729,0,0,3,0,0,0,49.0,보통
37.5025763564499,126.92845692947729,0,0,3,0,0,0,49.0,보통
37.50347466762489,126.92845692947729,0,0,3,0,0,0,49.0,보통
37.504372978799886,126.92845692947729,0,0,0,0,0,0,40.0,위험
37.50527128997488,126.92845692947729,0,0,0,0,0,0,40.0,위험
37.50616960114987,126.92845692947729,0,0,0,0,0,0,40.0,위험
37.507067912324864,126.92845692947729,0,0,0,0,0,0,40.0,위험
37.50796622349986,126.92845692947729,0,0,0,1,0,0,45.0,보통
37.50886453467485,126.92845692947729,0,0,0,1,0,0,45.0,보통
37.50976284584984,126.92845692947729,0,0,0,0,0,0,40.0,위험
37.510661157024835,126.92845692947729,0,0,1,0,0,0,43.0,보통
37.51155946819983,126.92845692947729,0,0,3,1,0,1,64.0,안전
37.51245777937482,126.92845692947729,0,0,3,1,0,1,64.0,안전
37.51335609054981,126.92845692947729,0,0,3,0,0,1,59.0,안전
37.514254401724806,126.92845692947729,0,3,3,0,0,1,74.0,안전
37.5151527128998,126.92845692947729,0,3,0,0,0,1,65.0,안전
37.51605102407479,126.92845692947729,0,3,0,0,0,0,55.0,안전
37.516949335249784,126.92845692947729,0,3,0,1,0,0,60.0,안전
37.51784764642478,126.92845692947729,0,0,0,1,0,0,45.0,보통
37.51874595759977,126.92845692947729,0,0,0,1,1,0,42.0,보통
37.51964426877476,126.92845692947729,0,0,0,2,3,0,41.0,보통
37.520542579949755,126.92845692947729,0,0,0,2,2,0,44.0,보통
37.52144089112475,126.92845692947729,0,0,0,1,1,0,42.0,보통
37.52233920229974,126.92845692947729,0,0,0,0,0,0,40.0,위험
37.52323751347473,126.92845692947729,0,0,0,0,0,0,40.0,위험
37.524135824649726,126.92845692947729,0,0,0,1,0,0,45.0,보통
37.52503413582472,126.92845692947729,0,0,0,0,0,0,40.0,위험
37.52593244699971,126.92845692947729,0,0,0,0,0,0,40.0,위험
37.526830758174704,126.92845692947729,0,0,0,1,0,0,45.0,보통
37.5277290693497,126.92845692947729,0,0,0,2,0,1,60.0,안전
37.52862738052469,126.92845692947729,0,0,0,0,0,1,50.0,보통
37.52952569169968,126.92845692947729,0,0,0,0,0,1,50.0,보통
37.530424002874675,126.92845692947729,0,0,0,1,0,1,55.0,안전
37.53132231404967,126.92845692947729,0,0,0,1,0,1,55.0,안전
37.53222062522466,126.92845692947729,0,0,0,0,0,0,40.0,위험
37.53311893639965,126.92845692947729,0,0,0,0,0,0,40.0,위험
37.534017247574646,126.92845692947729,0,0,0,0,0,0,40.0,위험
37.53491555874964,126.92845692947729,0,0,0,0,0,0,40.0,위험
37.53581386992463,126.92845692947729,0,0,0,0,0,0,40.0,위험
37.49,126.92958937761159,4,0,0,0,0,0,60.0,안전
37.490898311174995,126.92958937761159,4,0,0,1,0,0,65.0,안전
37.49179662234999,126.92958937761159,4,0,0,1,0,0,65.0,안전
37.49269493352498,126.92958937761159,4,0,0,2,0,0,70.0,안전
37.49359324469997,126.92958937761159,4,0,2,0,0,0,66.0,안전
37.494491555874966,126.92958937761159,0,0,3,0,0,0,49.0,보통
37.49538986704996,126.92958937761159,0,0,3,0,0,0,49.0,보통
37.49628817822495,126.92958937761159,0,0,3,0,0,0,49.0,보통
37.497186489399944,126.92958937761159,0,0,3,2,0,0,59.0,안전
37.49808480057494,126.92958937761159,0,0,3,2,0,0,59.0,안전
37.49898311174993,126.92958937761159,0,0,3,1,1,0,51.0,보통
37.49988142292492,126.92958937761159,0,0,3,1,2,0,48.0,보통
37.500779734099915,126.92958937761159,0,0,3,0,0,0,49.0,보통
37.50167804527491,126.92958937761159,0,0,3,0,0,0,49.0,보통
37.5025763564499,126.92958937761159,0,0,3,0,0,0,49.0,보통
37.50347466762489,126.92958937761159,0,0,3,0,0,0,49.0,보통
37.504372978799886,126.92958937761159,0,0,0,0,0,0,40.0,위험
37.50527128997488,126.92958937761159,0,0,0,0,0,0,40.0,위험
37.50616960114987,126.92958937761159,0,0,0,0,0,0,40.0,위험
37.507067912324864,126.92958937761159,0,0,0,0,0,0,40.0,위험
37.50796622349986,126.92958937761159,0,0,0,0,0,0,40.0,위험
37.50886453467485,126.92958937761159,0,0,0,0,0,0,40.0,위험
37.50976284584984,126.92958937761159,0,0,0,0,0,0,40.0,위험
37.510661157024835,126.92958937761159,0,0,1,0,0,0,43.0,보통
37.51155946819983,126.92958937761159,0,0,1,0,0,0,43.0,보통
37.51245777937482,126.92958937761159,0,0,3,1,0,1,64.0,안전
37.51335609054981,126.92958937761159,0,0,3,1,0,1,64.0,안전
37.514254401724806,126.92958937761159,0,3,3,0,0,0,64.0,안전
37.5151527128998,126.92958937761159,0,3,0,0,0,0,55.0,안전
37.51605102407479,126.92958937761159,0,2,0,0,0,0,50.0,보통
37.516949335249784,126.92958937761159,0,0,0,1,0,0,45.0,보통
37.51784764642478,126.92958937761159,0,0,0,0,0,0,40.0,위험
37.51874595759977,126.92958937761159,0,0,0,1,3,0,36.0,위험
37.51964426877476,126.92958937761159,0,0,0,2,3,0,41.0,보통
37.520542579949755,126.92958937761159,0,0,0,2,3,0,41.0,보통
37.52144089112475,126.92958937761159,0,0,0,1,3,0,36.0,위험
37.52233920229974,126.92958937761159,0,0,0,0,0,0,40.0,위험
37.52323751347473,126.92958937761159,0,0,0,1,0,0,45.0,보통
37.524135824649726,126.92958937761159,0,0,0,1,0,0,45.0,보통
37.52503413582472,126.92958937761159,0,0,0,0,0,0,40.0,위험
37.52593244699971,126.92958937761159,0,0,0,0,0,0,40.0,위험
37.526830758174704,126.92958937761159,0,0,0,0,0,0,40.0,위험
37.5277290693497,126.92958937761159,0,0,0,1,0,0,45.0,보통
37.52862738052469,126.92958937761159,0,0,0,1,0,1,55.0,안전
37.52952569169968,126.92958937761159,0,1,0,0,0,1,55.0,안전
37.530424002874675,126.92958937761159,0,1,0,0,0,1,55.0,안전
37.53132231404967,126.92958937761159,0,0,0,0,0,0,40.0,위험
37.53222062522466,126.92958937761159,0,0,0,0,0,0,40.0,위험
37.53311893639965,126.92958937761159,0,0,0,0,0,0,40.0,위험
37.534017247574646,126.92958937761159,0,0,0,0,0,0,40.0,위험
37.53491555874964,126.92958937761159,0,0,0,0,0,0,40.0,위험
37.53581386992463,126.92958937761159,0,0,0,0,0,0,40.0,위험
37.49,126.93072182574589,4,0,0,0,0,0,60.0,안전
37.490898311174995,126.93072182574589,4,0,0,0,0,0,60.0,안전
37.49179662234999,126.93072182574589,4,0,0,1,0,0,65.0,안전
37.49269493352498,126.93072182574589,4,0,0,2,0,0,70.0,안전
37.49359324469997,126.93072182574589,4,0,3,1,0,0,74.0,안전
37.494491555874966,126.93072182574589,0,0,3,0,0,0,49.0,보통
37.49538986704996,126.93072182574589,0,0,3,1,0,0,54.0,안전
37.49628817822495,126.93072182574589,0,0,3,1,0,0,54.0,안전
37.497186489399944,126.93072182574589,0,0,3,1,0,0,54.0,안전
37.49808480057494,126.93072182574589,0,0,3,2,0,0,59.0,안전
37.49898311174993,126.93072182574589,0,0,3,1,1,0,51.0,보통
37.49988142292492,126.93072182574589,0,0,3,1,1,0,51.0,보통
37.500779734099915,126.93072182574589,0,0,3,1,0,0,54.0,안전
37.50167804527491,126.93072182574589,0,0,3,0,0,0,49.0,보통
37.5025763564499,126.93072182574589,0,0,3,0,0,0,49.0,보통
37.50347466762489,126.93072182574589,0,0,3,0,0,0,49.0,보통
37.504372978799886,126.93072182574589,0,0,0,0,0,0,40.0,위험
37.50527128997488,126.93072182574589,0,0,0,0,0,0,40.0,위험
37.50616960114987,126.93072182574589,0,0,0,0,0,0,40.0,위험
37.507067912324864,126.93072182574589,0,0,0,0,0,0,40.0,위험
37.50796622349986,126.93072182574589,0,0,1,0,0,0,43.0,보통
37.50886453467485,126.93072182574589,0,0,2,0,0,0,46.0,보통
37.50976284584984,126.93072182574589,0,0,0,0,0,0,40.0,위험
37.510661157024835,126.93072182574589,0,0,0,0,0,1,50.0,보통
37.51155946819983,126.93072182574589,0,0,3,1,0,1,64.0,안전
37.51245777937482,126.93072182574589,0,0,0,1,0,1,55.0,안전
37.51335609054981,126.93072182574589,0,0,0,1,0,0,45.0,보통
37.514254401724806,126.93072182574589,0,1,3,0,0,0,54.0,안전
37.5151527128998,126.93072182574589,0,3,0,0,0,0,55.0,안전
37.51605102407479,126.93072182574589,0,2,0,0,0,0,50.0,보통
37.516949335249784,126.93072182574589,0,0,0,0,0,0,40.0,위험
37.51784764642478,126.93072182574589,0,0,0,0,0,0,40.0,위험
37.51874595759977,126.93072182574589,0,0,0,1,3,0,36.0,위험
37.51964426877476,126.93072182574589,0,0,0,1,3,0,36.0,위험
37.520542579949755,126.93072182574589,0,0,0,2,3,0,41.0,보통
37.52144089112475,126.93072182574589,0,0,0,2,3,0,41.0,보통
37.52233920229974,126.93072182574589,0,0,0,1,3,0,36.0,위험
37.52323751347473,126.93072182574589,0,0,0,2,0,0,50.0,보통
37.524135824649726,126.93072182574589,0,0,0,1,0,0,45.0,보통
37.52503413582472,126.93072182574589,0,0,0,0,0,0,40.0,위험
37.52593244699971,126.93072182574589,0,0,0,1,0,0,45.0,보통
37.526830758174704,126.93072182574589,0,0,0,1,0,0,45.0,보통
37.5277290693497,126.93072182574589,0,0,0,1,0,0,45.0,보통
37.52862738052469,126.93072182574589,0,0,0,1,0,0,45.0,보통
37.52952569169968,126.93072182574589,0,3,0,0,0,0,55.0,안전
37.530424002874675,126.93072182574589,0,3,0,0,0,0,55.0,안전
37.53132231404967,126.93072182574589,0,0,0,0,0,0,40.0,위험
37.53222062522466,126.93072182574589,0,0,0,0,0,0,40.0,위험
37.53311893639965,126.93072182574589,0,0,0,0,0,0,40.0,위험
37.534017247574646,126.93072182574589,0,0,0,0,0,0,40.0,위험
37.53491555874964,126.93072182574589,0,0,0,0,0,0,40.0,위험
37.53581386992463,126.93072182574589,0,0,0,0,0,0,40.0,위험
37.49,126.93185427388019,4,0,0,0,0,0,60.0,안전
37.490898311174995,126.93185427388019,4,0,0,0,0,0,60.0,안전
37.49179662234999,126.93185427388019,4,0,0,1,0,0,65.0,안전
37.49269493352498,126.93185427388019,4,0,3,2,0,0,79.0,안전
37.49359324469997,126.93185427388019,1,0,3,1,0,0,59.0,안전
37.494491555874966,126.93185427388019,0,0,3,0,0,0,49.0,보통
37.49538986704996,126.93185427388019,0,0,3,0,0,0,49.0,보통
37.49628817822495,126.93185427388019,0,0,3,2,0,0,59.0,안전
37.497186489399944,126.93185427388019,0,0,3,2,0,0,59.0,안전
37.49808480057494,126.93185427388019,0,0,3,2,0,0,59.0,안전
37.49898311174993,126.93185427388019,0,0,3,2,0,0,59.0,안전
37.49988142292492,126.93185427388019,0,0,3,0,1,0,46.0,보통
37.500779734099915,126.93185427388019,0,0,3,0,1,0,46.0,보통
37.50167804527491,126.93185427388019,0,0,3,0,0,0,49.0,보통
37.5025763564499,126.93185427388019,0,0,3,0,0,0,49.0,보통
37.50347466762489,126.93185427388019,0,0,3,0,0,0,49.0,보통
37.504372978799886,126.93185427388019,0,0,3,0,0,0,49.0,보통
37.50527128997488,126.93185427388019,0,0,3,0,0,0,49.0,보통
37.50616960114987,126.93185427388019,0,0,3,1,0,0,54.0,안전
37.507067912324864,126.93185427388019,0,0,3,0,0,0,49.0,보통
37.50796622349986,126.93185427388019,0,0,3,0,0,0,49.0,보통
37.50886453467485,126.93185427388019,0,0,3,0,0,0,49.0,보통
37.50976284584984,126.93185427388019,0,0,3,1,0,1,64.0,안전
37.510661157024835,126.93185427388019,0,0,2,1,0,1,61.0,안전
37.51155946819983,126.93185427388019,0,0,3,1,0,1,64.0,안전
37.51245777937482,126.93185427388019,0,0,3,1,0,1,64.0,안전
37.51335609054981,126.93185427388019,0,0,1,0,0,1,53.0,보통
37.514254401724806,126.93185427388019,0,1,3,0,0,0,54.0,안전
37.5151527128998,126.93185427388019,0,3,3,0,0,0,64.0,안전
37.51605102407479,126.93185427388019,0,3,0,0,0,0,55.0,안전
37.516949335249784,126.93185427388019,0,0,0,0,0,0,40.0,위험
37.51784764642478,126.93185427388019,0,0,0,1,0,0,45.0,보통
37.51874595759977,126.93185427388019,0,0,0,1,3,0,36.0,위험
37.51964426877476,126.93185427388019,0,0,0,2,3,0,41.0,보통
37.520542579949755,126.93185427388019,0,0,0,2,3,0,41.0,보통
37.52144089112475,126.93185427388019,0,0,0,1,3,0,36.0,위험
37.52233920229974,126.93185427388019,0,0,0,1,0,0,45.0,보통
37.52323751347473,126.93185427388019,0,0,0,0,0,0,40.0,위험
37.524135824649726,126.93185427388019,0,0,0,0,0,0,40.0,위험
37.52503413582472,126.93185427388019,0,0,0,0,0,0,40.0,위험
37.52593244699971,126.93185427388019,0,0,0,1,0,0,45.0,보통
37.526830758174704,126.93185427388019,0,0,0,0,0,0,40.0,위험
37.5277290693497,126.93185427388019,0,0,0,1,0,0,45.0,보통
37.52862738052469,126.93185427388019,0,0,0,1,0,0,45.0,보통
37.52952569169968,126.93185427388019,0,0,0,0,0,0,40.0,위험
37.530424002874675,126.93185427388019,0,3,0,0,0,0,55.0,안전
37.53132231404967,126.93185427388019,0,3,0,0,0,0,55.0,안전
37.53222062522466,126.93185427388019,0,0,0,0,0,0,40.0,위험
37.53311893639965,126.93185427388019,0,0,0,0,0,0,40.0,위험
37.534017247574646,126.93185427388019,0,0,0,0,0,0,40.0,위험
37.53491555874964,126.93185427388019,0,0,0,0,0,0,40.0,위험
37.53581386992463,126.93185427388019,0,0,0,0,0,0,40.0,위험
37.49,126.93298672201449,4,0,0,0,0,0,60.0,안전
37.490898311174995,126.93298672201449,4,0,0,0,0,0,60.0,안전
37.49179662234999,126.93298672201449,4,0,0,0,0,0,60.0,안전
37.49269493352498,126.93298672201449,4,0,3,0,0,0,69.0,안전
37.49359324469997,126.93298672201449,0,0,3,0,0,0,49.0,보통
37.494491555874966,126.93298672201449,0,0,3,1,0,0,54.0,안전
37.49538986704996,126.93298672201449,0,0,3,2,0,0,59.0,안전
37.49628817822495,126.93298672201449,0,0,3,1,0,0,54.0,안전
37.497186489399944,126.93298672201449,0,0,3,1,0,0,54.0,안전
37.49808480057494,126.93298672201449,0,0,3,1,0,0,54.0,안전
37.49898311174993,126.93298672201449,0,0,3,2,0,0,59.0,안전
37.49988142292492,126.93298672201449,0,0,3,2,0,0,59.0,안전
37.500779734099915,126.93298672201449,0,0,3,2,1,0,56.0,안전
37.50167804527491,126.93298672201449,0,0,3,1,0,0,54.0,안전
37.5025763564499,126.93298672201449,0,0,3,1,0,0,54.0,안전
37.50347466762489,126.93298672201449,0,0,3,0,0,0,49.0,보통
37.504372978799886,126.93298672201449,0,0,3,0,0,0,49.0,보통
37.50527128997488,126.93298672201449,0,0,3,1,0,1,64.0,안전
37.50616960114987,126.93298672201449,0,0,3,1,0,1,64.0,안전
37.507067912324864,126.93298672201449,0,0,3,0,0,0,49.0,보통
37.50796622349986,126.93298672201449,0,0,3,0,0,0,49.0,보통
37.50886453467485,126.93298672201449,0,0,3,0,0,0,49.0,보통
37.50976284584984,126.93298672201449,0,0,0,0,0,1,50.0,보통
37.510661157024835,126.93298672201449,0,0,0,0,0,1,50.0,보통
37.51155946819983,126.93298672201449,0,0,3,0,0,1,59.0,안전
37.51245777937482,126.93298672201449,0,0,3,0,0,1,59.0,안전
37.51335609054981,126.93298672201449,0,0,0,0,0,1,50.0,보통
37.514254401724806,126.93298672201449,0,1,3,0,0,1,64.0,안전
37.5151527128998,126.93298672201449,0,3,3,0,0,0,64.0,안전
37.51605102407479,126.93298672201449,0,3,0,0,0,0,55.0,안전
37.516949335249784,126.93298672201449,0,0,0,0,0,0,40.0,위험
37.51784764642478,126.93298672201449,0,0,0,2,0,0,50.0,보통
37.51874595759977,126.93298672201449,0,0,0,2,1,0,47.0,보통
37.51964426877476,126.93298672201449,0,0,0,1,1,0,42.0,보통
37.520542579949755,126.93298672201449,0,0,0,0,0,0,40.0,위험
37.52144089112475,126.93298672201449,0,0,0,0,0,0,40.0,위험
37.52233920229974,126.93298672201449,0,0,0,0,0,0,40.0,위험
37.52323751347473,126.93298672201449,0,0,0,1,0,0,45.0,보통
37.524135824649726,126.93298672201449,0,0,0,1,0,0,45.0,보통
37.52503413582472,126.93298672201449,0,0,0,0,0,0,40.0,위험
37.52593244699971,126.93298672201449,0,0,0,0,0,0,40.0,위험
37.526830758174704,126.93298672201449,0,0,0,1,0,0,45.0,보통
37.5277290693497,126.93298672201449,0,0,0,1,0,0,45.0,보통
37.52862738052469,126.93298672201449,0,0,0,0,0,0,40.0,위험
37.52952569169968,126.93298672201449,0,0,0,1,0,0,45.0,보통
37.530424002874675,126.93298672201449,0,0,0,0,0,0,40.0,위험
37.53132231404967,126.93298672201449,0,3,0,0,0,0,55.0,안전
37.53222062522466,126.93298672201449,0,3,0,0,0,0,55.0,안전
37.53311893639965,126.93298672201449,0,0,0,0,0,0,40.0,위험
37.534017247574646,126.93298672201449,0,0,0,0,0,0,40.0,위험
37.53491555874964,126.93298672201449,0,0,0,0,0,0,40.0,위험
37.53581386992463,126.93298672201449,0,0,0,0,0,0,40.0,위험
37.49,126.93411917014879,4,0,0,0,0,0,60.0,안전
37.490898311174995,126.93411917014879,4,0,0,0,0,0,60.0,안전
37.49179662234999,126.93411917014879,4,0,0,0,0,0,60.0,안전
37.49269493352498,126.93411917014879,4,0,3,0,0,0,69.0,안전
37.49359324469997,126.93411917014879,4,0,3,0,0,0,69.0,안전
37.494491555874966,126.93411917014879,0,0,3,1,0,0,54.0,안전
37.49538986704996,126.93411917014879,0,0,3,1,0,0,54.0,안전
37.49628817822495,126.93411917014879,0,0,3,1,0,0,54.0,안전
37.497186489399944,126.93411917014879,0,0,3,1,0,0,54.0,안전
37.49808480057494,126.93411917014879,0,0,3,2,0,0,59.0,안전
37.49898311174993,126.93411917014879,0,0,3,2,0,0,59.0,안전
37.49988142292492,126.93411917014879,0,0,3,1,0,0,54.0,안전
37.500779734099915,126.93411917014879,0,0,3,1,0,0,54.0,안전
37.50167804527491,126.93411917014879,0,0,3,2,0,0,59.0,안전
37.5025763564499,126.93411917014879,0,0,3,2,0,0,59.0,안전
37.50347466762489,126.93411917014879,0,0,3,0,0,0,49.0,보통
37.504372978799886,126.93411917014879,0,0,3,0,0,1,59.0,안전
37.50527128997488,126.93411917014879,0,0,3,1,0,1,64.0,안전
37.50616960114987,126.93411917014879,0,0,0,1,0,1,55.0,안전
37.507067912324864,126.93411917014879,0,0,0,0,0,1,50.0,보통
37.50796622349986,126.93411917014879,0,0,0,0,0,1,50.0,보통
37.50886453467485,126.93411917014879,0,0,0,0,0,0,40.0,위험
37.50976284584984,126.93411917014879,0,0,0,0,0,1,50.0,보통
37.510661157024835,126.93411917014879,0,0,1,0,0,1,53.0,보통
37.51155946819983,126.93411917014879,0,0,3,0,0,1,59.0,안전
37.51245777937482,126.93411917014879,0,0,3,0,0,1,59.0,안전
37.51335609054981,126.93411917014879,0,0,0,0,0,1,50.0,보통
37.514254401724806,126.93411917014879,0,0,2,0,0,1,56.0,안전
37.5151527128998,126.93411917014879,0,3,2,0,0,0,61.0,안전
37.51605102407479,126.93411917014879,0,3,0,0,0,0,55.0,안전
37.516949335249784,126.93411917014879,0,0,0,0,0,0,40.0,위험
37.51784764642478,126.93411917014879,0,0,0,1,0,0,45.0,보통
37.51874595759977,126.93411917014879,0,0,0,1,0,0,45.0,보통
37.51964426877476,126.93411917014879,0,0,0,0,0,0,40.0,위험
37.520542579949755,126.93411917014879,0,0,0,1,0,0,45.0,보통
37.52144089112475,126.93411917014879,0,0,0,1,0,0,45.0,보통
37.52233920229974,126.93411917014879,0,0,0,0,0,0,40.0,위험
37.52323751347473,126.93411917014879,0,0,0,1,0,0,45.0,보통
37.524135824649726,126.93411917014879,0,0,0,0,0,0,40.0,위험
37.52503413582472,126.93411917014879,0,0,0,0,0,0,40.0,위험
37.52593244699971,126.93411917014879,0,0,0,0,0,0,40.0,위험
37.526830758174704,126.93411917014879,0,0,0,0,0,0,40.0,위험
37.5277290693497,126.93411917014879,0,0,0,0,0,0,40.0,위험
37.52862738052469,126.93411917014879,0,0,0,1,0,0,45.0,보통
37.52952569169968,126.93411917014879,0,0,0,2,0,0,50.0,보통
37.530424002874675,126.93411917014879,0,0,0,0,0,0,40.0,위험
37.53132231404967,126.93411917014879,0,3,0,0,0,0,55.0,안전
37.53222062522466,126.93411917014879,0,3,0,0,0,0,55.0,안전
37.53311893639965,126.93411917014879,0,3,0,0,0,0,55.0,안전
37.534017247574646,126.93411917014879,0,0,0,0,0,0,40.0,위험
37.53491555874964,126.93411917014879,0,0,0,0,0,0,40.0,위험
37.53581386992463,126.93411917014879,0,0,0,0,0,0,40.0,위험
37.49,126.93525161828309,4,0,0,0,0,0,60.0,안전
37.490898311174995,126.93525161828309,0,0,0,0,0,0,40.0,위험
37.49179662234999,126.93525161828309,2,0,0,0,0,0,50.0,보통
37.49269493352498,126.93525161828309,4,0,3,0,0,0,69.0,안전
37.49359324469997,126.93525161828309,0,0,3,0,0,0,49.0,보통
37.494491555874966,126.93525161828309,0,0,3,0,0,0,49.0,보통
37.49538986704996,126.93525161828309,0,0,3,0,0,0,49.0,보통
37.49628817822495,126.93525161828309,0,0,3,0,0,0,49.0,보통
37.497186489399944,126.93525161828309,0,0,3,1,0,0,54.0,안전
37.49808480057494,126.93525161828309,0,0,3,2,0,0,59.0,안전
37.49898311174993,126.93525161828309,0,0,3,0,0,0,49.0,보통
37.49988142292492,126.93525161828309,0,0,3,0,0,0,49.0,보통
37.500779734099915,126.93525161828309,0,0,3,0,0,0,49.0,보통
37.50167804527491,126.93525161828309,0,0,3,1,0,0,54.0,안전
37.5025763564499,126.93525161828309,0,0,3,0,1,0,46.0,보통
37.50347466762489,126.93525161828309,0,0,3,1,0,1,64.0,안전
37.504372978799886,126.93525161828309,0,0,3,1,0,1,64.0,안전
37.50527128997488,126.93525161828309,0,0,3,1,0,1,64.0,안전
37.50616960114987,126.93525161828309,0,0,3,1,0,1,64.0,안전
37.507067912324864,126.93525161828309,0,0,0,0,0,1,50.0,보통
37.50796622349986,126.93525161828309,0,0,0,0,0,1,50.0,보통
37.50886453467485,126.93525161828309,0,0,3,0,0,0,49.0,보통
37.50976284584984,126.93525161828309,0,0,3,0,0,1,59.0,안전
37.510661157024835,126.93525161828309,0,0,3,1,0,1,64.0,안전
37.51155946819983,126.93525161828309,0,0,3,0,0,1,59.0,안전
37.51245777937482,126.93525161828309,0,0,3,0,2,1,53.0,보통
37.51335609054981,126.93525161828309,0,0,3,1,2,1,58.0,안전
37.514254401724806,126.93525161828309,0,0,0,0,0,0,40.0,위험
37.5151527128998,126.93525161828309,0,3,0,0,0,0,55.0,안전
37.51605102407479,126.93525161828309,0,3,0,0,0,0,55.0,안전
37.516949335249784,126.93525161828309,0,0,0,0,0,0,40.0,위험
37.51784764642478,126.93525161828309,0,0,0,0,0,0,40.0,위험
37.51874595759977,126.93525161828309,0,0,0,0,0,0,40.0,위험
37.51964426877476,126.93525161828309,0,0,0,0,0,0,40.0,위험
37.520542579949755,126.93525161828309,0,0,0,0,0,0,40.0,위험
37.52144089112475,126.93525161828309,0,0,0,1,0,0,45.0,보통
37.52233920229974,126.93525161828309,0,0,0,0,0,0,40.0,위험
37.52323751347473,126.93525161828309,0,0,0,0,0,0,40.0,위험
37.524135824649726,126.93525161828309,0,0,0,0,0,0,40.0,위험
37.52503413582472,126.93525161828309,0,0,0,0,0,0,40.0,위험
37.52593244699971,126.93525161828309,0,0,0,0,0,0,40.0,위험
37.526830758174704,126.93525161828309,0,0,0,0,0,0,40.0,위험
37.5277290693497,126.93525161828309,0,0,0,0,0,0,40.0,위험
37.52862738052469,126.93525161828309,0,0,0,1,0,0,45.0,보통
37.52952569169968,126.93525161828309,0,0,0,1,0,0,45.0,보통
37.530424002874675,126.93525161828309,0,0,0,0,0,0,40.0,위험
37.53132231404967,126.93525161828309,0,0,0,0,0,0,40.0,위험
37.53222062522466,126.93525161828309,0,3,0,0,0,0,55.0,안전
37.53311893639965,126.93525161828309,0,3,0,0,0,0,55.0,안전
37.534017247574646,126.93525161828309,0,2,0,0,0,0,50.0,보통
37.53491555874964,126.93525161828309,0,0,0,0,0,0,40.0,위험
37.53581386992463,126.93525161828309,0,0,0,0,0,0,40.0,위험
37.49,126.93638406641739,4,0,0,0,0,0,60.0,안전
37.490898311174995,126.93638406641739,0,0,0,0,0,0,40.0,위험
37.49179662234999,126.93638406641739,1,0,0,0,0,0,45.0,보통
37.49269493352498,126.93638406641739,1,0,3,0,0,0,54.0,안전
37.49359324469997,126.93638406641739,0,0,3,0,0,0,49.0,보통
37.494491555874966,126.93638406641739,0,0,3,1,0,0,54.0,안전
37.49538986704996,126.93638406641739,0,0,3,2,0,0,59.0,안전
37.49628817822495,126.93638406641739,0,0,3,1,0,0,54.0,안전
37.497186489399944,126.93638406641739,0,0,3,0,0,0,49.0,보통
37.49808480057494,126.93638406641739,0,0,3,0,0,0,49.0,보통
37.49898311174993,126.93638406641739,0,0,3,0,0,0,49.0,보통
37.49988142292492,126.93638406641739,0,0,3,0,0,0,49.0,보통
37.500779734099915,126.93638406641739,0,0,3,1,0,0,54.0,안전
37.50167804527491,126.93638406641739,0,0,3,1,0,0,54.0,안전
37.5025763564499,126.93638406641739,0,0,3,0,1,1,56.0,안전
37.50347466762489,126.93638406641739,0,0,3,0,1,1,56.0,안전
37.504372978799886,126.93638406641739,0,0,3,1,0,1,64.0,안전
37.50527128997488,126.93638406641739,0,0,3,1,0,1,64.0,안전
37.50616960114987,126.93638406641739,0,0,3,0,0,1,59.0,안전
37.507067912324864,126.93638406641739,0,0,2,0,0,1,56.0,안전
37.50796622349986,126.93638406641739,0,0,3,0,0,1,59.0,안전
37.50886453467485,126.93638406641739,0,0,3,0,0,0,49.0,보통
37.50976284584984,126.93638406641739,0,0,3,2,0,0,59.0,안전
37.510661157024835,126.93638406641739,0,0,3,1,0,1,64.0,안전
37.51155946819983,126.93638406641739,0,0,3,0,0,1,59.0,안전
37.51245777937482,126.93638406641739,0,0,3,2,3,1,60.0,안전
37.51335609054981,126.93638406641739,0,0,3,1,3,1,55.0,안전
37.514254401724806,126.93638406641739,0,0,0,0,0,0,40.0,위험
37.5151527128998,126.93638406641739,0,3,0,0,0,0,55.0,안전
37.51605102407479,126.93638406641739,0,3,0,0,0,0,55.0,안전
37.516949335249784,126.93638406641739,0,2,0,0,0,0,50.0,보통
37.51784764642478,126.93638406641739,0,1,0,2,0,0,55.0,안전
37.51874595759977,126.93638406641739,0,0,0,2,0,0,50.0,보통
37.51964426877476,126.93638406641739,0,0,0,1,0,0,45.0,보통
37.520542579949755,126.93638406641739,0,0,0,0,0,0,40.0,위험
37.52144089112475,126.93638406641739,0,2,0,0,0,0,50.0,보통
37.52233920229974,126.93638406641739,0,3,0,0,0,0,55.0,안전
37.52323751347473,126.93638406641739,0,3,0,0,0,0,55.0,안전
37.524135824649726,126.93638406641739,0,2,0,0,0,0,50.0,보통
37.52503413582472,126.93638406641739,0,0,0,0,0,0,40.0,위험
37.52593244699971,126.93638406641739,0,0,0,0,0,0,40.0,위험
37.526830758174704,126.93638406641739,0,0,0,0,0,0,40.0,위험
37.5277290693497,126.93638406641739,0,0,0,0,0,0,40.0,위험
37.52862738052469,126.93638406641739,0,0,0,0,0,0,40.0,위험
37.52952569169968,126.93638406641739,0,0,0,0,0,0,40.0,위험
37.530424002874675,126.93638406641739,0,0,0,0,0,0,40.0,위험
37.53132231404967,126.93638406641739,0,0,0,0,0,0,40.0,위험
37.53222062522466,126.93638406641739,0,0,0,0,0,0,40.0,위험
37.53311893639965,126.93638406641739,0,3,0,0,0,0,55.0,안전
37.534017247574646,126.93638406641739,0,3,0,0,0,0,55.0,안전
37.53491555874964,126.93638406641739,0,0,0,0,0,0,40.0,위험
37.53581386992463,126.93638406641739,0,0,0,0,0,0,40.0,위험
37.49,126.93751651455169,1,0,0,0,0,0,45.0,보통
37.490898311174995,126.93751651455169,0,0,0,0,0,0,40.0,위험
37.49179662234999,126.93751651455169,0,0,0,0,0,0,40.0,위험
37.49269493352498,126.93751651455169,0,0,3,0,0,0,49.0,보통
37.49359324469997,126.93751651455169,0,0,3,0,0,0,49.0,보통
37.494491555874966,126.93751651455169,0,0,3,1,0,0,54.0,안전
37.49538986704996,126.93751651455169,0,0,3,2,0,0,59.0,안전
37.49628817822495,126.93751651455169,0,0,3,1,0,0,54.0,안전
37.497186489399944,126.93751651455169,0,0,3,0,0,0,49.0,보통
37.49808480057494,126.93751651455169,0,0,3,0,0,0,49.0,보통
37.49898311174993,126.93751651455169,0,0,3,0,0,0,49.0,보통
37.49988142292492,126.93751651455169,0,0,3,0,0,0,49.0,보통
37.500779734099915,126.93751651455169,0,0,3,1,0,0,54.0,안전
37.50167804527491,126.93751651455169,0,0,3,1,0,0,54.0,안전
37.5025763564499,126.93751651455169,0,0,3,0,0,1,59.0,안전
37.50347466762489,126.93751651455169,0,0,3,0,0,1,59.0,안전
37.504372978799886,126.93751651455169,0,0,3,2,2,1,63.0,안전
37.50527128997488,126.93751651455169,0,0,3,1,1,1,61.0,안전
37.50616960114987,126.93751651455169,0,0,1,0,0,1,53.0,보통
37.507067912324864,126.93751651455169,0,0,0,0,0,1,50.0,보통
37.50796622349986,126.93751651455169,0,0,3,0,0,1,59.0,안전
37.50886453467485,126.93751651455169,0,0,3,1,0,0,54.0,안전
37.50976284584984,126.93751651455169,0,0,3,1,0,0,54.0,안전
37.510661157024835,126.93751651455169,0,0,3,0,0,0,49.0,보통
37.51155946819983,126.93751651455169,0,0,3,2,0,0,59.0,안전
37.51245777937482,126.93751651455169,0,0,3,2,3,0,50.0,보통
37.51335609054981,126.93751651455169,0,0,3,1,2,0,48.0,보통
37.514254401724806,126.93751651455169,0,0,0,1,0,0,45.0,보통
37.5151527128998,126.93751651455169,0,3,0,0,0,0,55.0,안전
37.51605102407479,126.93751651455169,0,3,0,0,0,0,55.0,안전
37.516949335249784,126.93751651455169,0,3,0,0,0,0,55.0,안전
37.51784764642478,126.93751651455169,0,3,0,2,0,0,65.0,안전
37.51874595759977,126.93751651455169,0,0,0,2,0,0,50.0,보통
37.51964426877476,126.93751651455169,0,0,0,2,0,0,50.0,보통
37.520542579949755,126.93751651455169,0,0,0,1,0,0,45.0,보통
37.52144089112475,126.93751651455169,0,0,0,0,0,0,40.0,위험
37.52233920229974,126.93751651455169,0,3,0,0,0,0,55.0,안전
37.52323751347473,126.93751651455169,0,3,0,0,0,0,55.0,안전
37.524135824649726,126.93751651455169,0,3,0,0,0,0,55.0,안전
37.52503413582472,126.93751651455169,0,0,0,0,0,0,40.0,위험
37.52593244699971,126.93751651455169,0,0,0,1,0,0,45.0,보통
37.526830758174704,126.93751651455169,0,0,0,0,0,0,40.0,위험
37.5277290693497,126.93751651455169,0,0,0,0,0,0,40.0,위험
37.52862738052469,126.93751651455169,0,0,0,0,0,0,40.0,위험
37.52952569169968,126.93751651455169,0,0,0,0,0,0,40.0,위험
37.530424002874675,126.93751651455169,0,0,0,0,0,0,40.0,위험
37.53132231404967,126.93751651455169,0,0,0,0,0,0,40.0,위험
37.53222062522466,126.93751651455169,0,0,0,0,0,0,40.0,위험
37.53311893639965,126.93751651455169,0,0,0,0,0,0,40.0,위험
37.534017247574646,126.93751651455169,0,3,0,0,0,0,55.0,안전
37.53491555874964,126.93751651455169,0,3,0,0,0,0,55.0,안전
37.53581386992463,126.93751651455169,0,0,0,0,0,0,40.0,위험
37.49,126.93864896268599,3,0,0,0,0,0,55.0,안전
37.490898311174995,126.93864896268599,0,0,0,0,0,0,40.0,위험
37.49179662234999,126.93864896268599,0,0,0,0,0,0,40.0,위험
37.49269493352498,126.93864896268599,0,0,0,0,0,0,40.0,위험
37.49359324469997,126.93864896268599,0,0,0,0,0,0,40.0,위험
37.494491555874966,126.93864896268599,0,0,3,0,0,0,49.0,보통
37.49538986704996,126.93864896268599,0,0,3,1,0,0,54.0,안전
37.49628817822495,126.93864896268599,0,0,3,1,0,0,54.0,안전
37.497186489399944,126.93864896268599,0,0,3,0,0,0,49.0,보통
37.49808480057494,126.93864896268599,0,0,3,1,0,0,54.0,안전
37.49898311174993,126.93864896268599,0,0,3,0,0,0,49.0,보통
37.49988142292492,126.93864896268599,0,0,3,0,0,0,49.0,보통
37.500779734099915,126.93864896268599,0,0,3,0,0,0,49.0,보통
37.50167804527491,126.93864896268599,0,0,3,0,0,1,59.0,안전
37.5025763564499,126.93864896268599,0,0,0,0,0,1,50.0,보통
37.50347466762489,126.93864896268599,0,0,3,1,0,1,64.0,안전
37.504372978799886,126.93864896268599,0,0,3,2,2,1,63.0,안전
37.50527128997488,126.93864896268599,0,0,3,2,2,1,63.0,안전
37.50616960114987,126.93864896268599,0,0,0,1,0,1,55.0,안전
37.507067912324864,126.93864896268599,0,0,0,0,0,1,50.0,보통
37.50796622349986,126.93864896268599,0,0,3,0,0,0,49.0,보통
37.50886453467485,126.93864896268599,0,0,3,0,0,0,49.0,보통
37.50976284584984,126.93864896268599,0,0,3,0,0,0,49.0,보통
37.510661157024835,126.93864896268599,0,0,3,0,0,0,49.0,보통
37.51155946819983,126.93864896268599,0,0,3,2,0,0,59.0,안전
37.51245777937482,126.93864896268599,0,0,3,2,1,0,56.0,안전
37.51335609054981,126.93864896268599,0,0,3,2,0,0,59.0,안전
37.514254401724806,126.93864896268599,0,0,1,1,1,0,45.0,보통
37.5151527128998,126.93864896268599,0,2,0,0,0,0,50.0,보통
37.51605102407479,126.93864896268599,0,3,0,0,0,0,55.0,안전
37.516949335249784,126.93864896268599,0,3,0,0,0,0,55.0,안전
37.51784764642478,126.93864896268599,0,3,0,0,0,0,55.0,안전
37.51874595759977,126.93864896268599,0,0,0,2,0,0,50.0,보통
37.51964426877476,126.93864896268599,0,0,0,1,0,0,45.0,보통
37.520542579949755,126.93864896268599,0,0,0,0,0,0,40.0,위험
37.52144089112475,126.93864896268599,0,0,0,0,0,0,40.0,위험
37.52233920229974,126.93864896268599,0,3,0,0,0,0,55.0,안전
37.52323751347473,126.93864896268599,0,3,0,0,0,0,55.0,안전
37.524135824649726,126.93864896268599,0,3,0,1,0,0,60.0,안전
37.52503413582472,126.93864896268599,0,0,0,2,0,0,50.0,보통
37.52593244699971,126.93864896268599,0,0,0,1,0,0,45.0,보통
37.526830758174704,126.93864896268599,0,0,0,0,0,0,40.0,위험
37.5277290693497,126.93864896268599,0,0,0,0,0,0,40.0,위험
37.52862738052469,126.93864896268599,0,0,0,0,0,0,40.0,위험
37.52952569169968,126.93864896268599,0,0,0,0,0,0,40.0,위험
37.530424002874675,126.93864896268599,0,0,0,0,0,0,40.0,위험
37.53132231404967,126.93864896268599,0,0,0,0,0,0,40.0,위험
37.53222062522466,126.93864896268599,0,0,0,0,0,0,40.0,위험
37.53311893639965,126.93864896268599,0,0,0,0,0,0,40.0,위험
37.534017247574646,126.93864896268599,0,0,0,0,0,0,40.0,위험
37.53491555874964,126.93864896268599,0,3,0,0,0,0,55.0,안전
37.53581386992463,126.93864896268599,0,3,0,0,0,0,55.0,안전
37.49,126.93978141082029,4,0,0,0,0,0,60.0,안전
37.490898311174995,126.93978141082029,4,0,0,0,0,0,60.0,안전
37.49179662234999,126.93978141082029,3,0,0,0,0,0,55.0,안전
37.49269493352498,126.93978141082029,1,0,0,0,0,0,45.0,보통
37.49359324469997,126.93978141082029,0,0,0,0,0,0,40.0,위험
37.494491555874966,126.93978141082029,0,0,2,0,0,0,46.0,보통
37.49538986704996,126.93978141082029,0,0,3,0,0,0,49.0,보통
37.49628817822495,126.93978141082029,0,0,3,0,0,0,49.0,보통
37.497186489399944,126.93978141082029,0,0,3,0,0,0,49.0,보통
37.49808480057494,126.93978141082029,0,0,3,2,0,0,59.0,안전
37.49898311174993,126.93978141082029,0,0,3,2,0,0,59.0,안전
37.49988142292492,126.93978141082029,0,0,3,1,0,0,54.0,안전
37.500779734099915,126.93978141082029,0,0,3,0,0,0,49.0,보통
37.50167804527491,126.93978141082029,0,0,3,1,0,1,64.0,안전
37.5025763564499,126.93978141082029,0,0,3,0,0,1,59.0,안전
37.50347466762489,126.93978141082029,0,0,3,1,0,1,64.0,안전
37.504372978799886,126.93978141082029,0,0,3,2,0,1,69.0,안전
37.50527128997488,126.93978141082029,0,0,3,2,0,1,69.0,안전
37.50616960114987,126.93978141082029,0,0,3,2,0,1,69.0,안전
37.507067912324864,126.93978141082029,0,0,3,0,0,0,49.0,보통
37.50796622349986,126.93978141082029,0,0,3,1,0,0,54.0,안전
37.50886453467485,126.93978141082029,0,0,3,2,0,0,59.0,안전
37.50976284584984,126.93978141082029,0,0,3,1,0,0,54.0,안전
37.510661157024835,126.93978141082029,0,0,3,0,0,0,49.0,보통
37.51155946819983,126.93978141082029,0,0,3,1,0,0,54.0,안전
37.51245777937482,126.93978141082029,0,0,3,2,0,1,69.0,안전
37.51335609054981,126.93978141082029,0,0,3,2,1,1,66.0,안전
37.514254401724806,126.93978141082029,0,0,1,0,2,1,47.0,보통
37.5151527128998,126.93978141082029,0,1,0,0,1,0,42.0,보통
37.51605102407479,126.93978141082029,0,3,0,0,0,0,55.0,안전
37.516949335249784,126.93978141082029,0,3,0,0,0,0,55.0,안전
37.51784764642478,126.93978141082029,0,3,0,1,0,0,60.0,안전
37.51874595759977,126.93978141082029,0,2,0,1,0,0,55.0,안전
37.51964426877476,126.93978141082029,0,0,0,0,0,0,40.0,위험
37.520542579949755,126.93978141082029,0,0,0,0,0,0,40.0,위험
37.52144089112475,126.93978141082029,0,0,0,0,0,0,40.0,위험
37.52233920229974,126.93978141082029,0,1,0,1,0,0,50.0,보통
37.52323751347473,126.93978141082029,0,3,0,1,0,0,60.0,안전
37.524135824649726,126.93978141082029,0,3,0,0,0,0,55.0,안전
37.52503413582472,126.93978141082029,0,0,0,1,0,0,45.0,보통
37.52593244699971,126.93978141082029,0,0,0,0,0,0,40.0,위험
37.526830758174704,126.93978141082029,0,0,0,0,0,0,40.0,위험
37.5277290693497,126.93978141082029,0,0,0,0,0,0,40.0,위험
37.52862738052469,126.93978141082029,0,0,0,0,0,0,40.0,위험
37.52952569169968,126.93978141082029,0,0,0,0,0,0,40.0,위험
37.530424002874675,126.93978141082029,0,0,0,0,0,0,40.0,위험
37.53132231404967,126.93978141082029,0,0,0,0,0,0,40.0,위험
37.53222062522466,126.93978141082029,0,0,0,0,0,0,40.0,위험
37.53311893639965,126.93978141082029,0,0,0,0,0,0,40.0,위험
37.534017247574646,126.93978141082029,0,0,0,0,0,0,40.0,위험
37.53491555874964,126.93978141082029,0,3,0,0,0,0,55.0,안전
37.53581386992463,126.93978141082029,0,3,0,0,0,0,55.0,안전
37.49,126.94091385895459,4,0,0,0,0,0,60.0,안전
37.490898311174995,126.94091385895459,4,0,0,0,0,0,60.0,안전
37.49179662234999,126.94091385895459,4,0,0,0,0,0,60.0,안전
37.49269493352498,126.94091385895459,2,0,0,0,0,0,50.0,보통
37.49359324469997,126.94091385895459,0,0,0,0,0,0,40.0,위험
37.494491555874966,126.94091385895459,0,0,0,0,0,0,40.0,위험
37.49538986704996,126.94091385895459,0,0,3,0,0,0,49.0,보통
37.49628817822495,126.94091385895459,0,0,3,0,0,0,49.0,보통
37.497186489399944,126.94091385895459,0,0,3,1,0,0,54.0,안전
37.49808480057494,126.94091385895459,0,0,3,0,0,0,49.0,보통
37.49898311174993,126.94091385895459,0,0,3,2,0,0,59.0,안전
37.49988142292492,126.94091385895459,0,0,3,1,0,0,54.0,안전
37.500779734099915,126.94091385895459,0,0,3,1,0,0,54.0,안전
37.50167804527491,126.94091385895459,0,0,3,1,0,0,54.0,안전
37.5025763564499,126.94091385895459,0,0,3,0,0,1,59.0,안전
37.50347466762489,126.94091385895459,0,0,3,0,0,1,59.0,안전
37.504372978799886,126.94091385895459,0,0,3,2,1,1,66.0,안전
37.50527128997488,126.94091385895459,0,0,3,2,1,1,66.0,안전
37.50616960114987,126.94091385895459,0,0,3,1,0,1,64.0,안전
37.507067912324864,126.94091385895459,0,0,3,0,0,0,49.0,보통
37.50796622349986,126.94091385895459,0,0,3,1,0,0,54.0,안전
37.50886453467485,126.94091385895459,0,0,3,1,0,0,54.0,안전
37.50976284584984,126.94091385895459,0,0,3,1,0,0,54.0,안전
37.510661157024835,126.94091385895459,0,0,3,0,0,0,49.0,보통
37.51155946819983,126.94091385895459,0,0,3,0,0,1,59.0,안전
37.51245777937482,126.94091385895459,0,0,3,2,0,1,69.0,안전
37.51335609054981,126.94091385895459,0,0,3,2,1,1,66.0,안전
37.514254401724806,126.94091385895459,0,0,0,1,1,1,52.0,보통
37.5151527128998,126.94091385895459,0,0,0,0,0,1,50.0,보통
37.51605102407479,126.94091385895459,0,3,0,0,0,0,55.0,안전
37.516949335249784,126.94091385895459,0,3,0,0,0,0,55.0,안전
37.51784764642478,126.94091385895459,0,3,0,0,0,0,55.0,안전
37.51874595759977,126.94091385895459,0,3,0,0,0,0,55.0,안전
37.51964426877476,126.94091385895459,0,3,0,0,0,0,55.0,안전
37.520542579949755,126.94091385895459,0,0,0,0,0,0,40.0,위험
37.52144089112475,126.94091385895459,0,0,0,0,0,0,40.0,위험
37.52233920229974,126.94091385895459,0,0,0,1,0,0,45.0,보통
37.52323751347473,126.94091385895459,0,0,0,2,0,0,50.0,보통
37.524135824649726,126.94091385895459,0,3,0,0,0,0,55.0,안전
37.52503413582472,126.94091385895459,0,3,0,0,0,0,55.0,안전
37.52593244699971,126.94091385895459,0,0,0,0,0,0,40.0,위험
37.526830758174704,126.94091385895459,0,0,0,0,0,0,40.0,위험
37.5277290693497,126.94091385895459,0,0,0,0,0,0,40.0,위험
37.52862738052469,126.94091385895459,0,0,0,0,0,0,40.0,위험
37.52952569169968,126.94091385895459,0,0,0,0,0,0,40.0,위험
37.530424002874675,126.94091385895459,0,0,0,0,0,0,40.0,위험
37.53132231404967,126.94091385895459,0,0,0,0,0,0,40.0,위험
37.53222062522466,126.94091385895459,0,0,0,0,0,0,40.0,위험
37.53311893639965,126.94091385895459,0,0,0,0,0,0,40.0,위험
37.534017247574646,126.94091385895459,0,0,0,0,0,0,40.0,위험
37.53491555874964,126.94091385895459,0,0,0,0,0,0,40.0,위험
37.53581386992463,126.94091385895459,0,3,0,0,0,0,55.0,안전
37.49,126.94204630708889,4,0,0,1,0,0,65.0,안전
37.490898311174995,126.94204630708889,4,0,0,1,0,0,65.0,안전
37.49179662234999,126.94204630708889,4,0,0,0,0,0,60.0,안전
37.49269493352498,126.94204630708889,1,0,0,0,0,0,45.0,보통
37.49359324469997,126.94204630708889,0,0,0,0,0,0,40.0,위험
37.494491555874966,126.94204630708889,0,0,3,1,0,0,54.0,안전
37.49538986704996,126.94204630708889,0,0,3,1,0,0,54.0,안전
37.49628817822495,126.94204630708889,0,0,3,0,0,0,49.0,보통
37.497186489399944,126.94204630708889,0,0,3,2,0,0,59.0,안전
37.49808480057494,126.94204630708889,0,0,3,2,0,0,59.0,안전
37.49898311174993,126.94204630708889,0,0,3,1,0,0,54.0,안전
37.49988142292492,126.94204630708889,0,0,3,2,0,0,59.0,안전
37.500779734099915,126.94204630708889,0,0,3,1,0,0,54.0,안전
37.50167804527491,126.94204630708889,0,0,2,0,0,0,46.0,보통
37.5025763564499,126.94204630708889,0,0,0,0,0,0,40.0,위험
37.50347466762489,126.94204630708889,0,0,3,0,0,1,59.0,안전
37.504372978799886,126.94204630708889,0,0,3,2,2,1,63.0,안전
37.50527128997488,126.94204630708889,0,0,3,1,2,1,58.0,안전
37.50616960114987,126.94204630708889,0,0,3,0,0,0,49.0,보통
37.507067912324864,126.94204630708889,0,0,3,0,0,0,49.0,보통
37.50796622349986,126.94204630708889,0,0,2,0,0,0,46.0,보통
37.50886453467485,126.94204630708889,0,0,3,0,0,0,49.0,보통
37.50976284584984,126.94204630708889,0,0,3,0,0,0,49.0,보통
37.510661157024835,126.94204630708889,0,0,3,0,0,1,59.0,안전
37.51155946819983,126.94204630708889,0,0,3,0,0,1,59.0,안전
37.51245777937482,126.94204630708889,0,0,3,2,0,1,69.0,안전
37.51335609054981,126.94204630708889,0,0,3,2,1,1,66.0,안전
37.514254401724806,126.94204630708889,0,0,0,1,1,1,52.0,보통
37.5151527128998,126.94204630708889,0,0,0,0,0,1,50.0,보통
37.51605102407479,126.94204630708889,0,0,0,0,0,0,40.0,위험
37.516949335249784,126.94204630708889,0,3,0,0,0,0,55.0,안전
37.51784764642478,126.94204630708889,0,3,0,0,0,0,55.0,안전
37.51874595759977,126.94204630708889,0,3,0,0,0,0,55.0,안전
37.51964426877476,126.94204630708889,0,0,0,0,0,0,40.0,위험
37.520542579949755,126.94204630708889,0,0,0,0,0,0,40.0,위험
37.52144089112475,126.94204630708889,0,0,0,0,0,0,40.0,위험
37.52233920229974,126.94204630708889,0,0,0,1,0,0,45.0,보통
37.52323751347473,126.94204630708889,0,0,0,1,0,0,45.0,보통
37.524135824649726,126.94204630708889,0,0,0,0,0,0,40.0,위험
37.52503413582472,126.94204630708889,0,3,0,0,0,0,55.0,안전
37.52593244699971,126.94204630708889,0,1,0,0,0,0,45.0,보통
37.526830758174704,126.94204630708889,0,0,0,0,0,0,40.0,위험
37.5277290693497,126.94204630708889,0,0,0,0,0,0,40.0,위험
37.52862738052469,126.94204630708889,0,0,0,0,0,0,40.0,위험
37.52952569169968,126.94204630708889,0,0,0,0,0,0,40.0,위험
37.530424002874675,126.94204630708889,0,0,0,0,0,0,40.0,위험
37.53132231404967,126.94204630708889,0,0,0,0,0,0,40.0,위험
37.53222062522466,126.94204630708889,0,0,0,0,0,0,40.0,위험
37.53311893639965,126.94204630708889,0,0,0,0,0,0,40.0,위험
37.534017247574646,126.94204630708889,0,0,0,0,0,0,40.0,위험
37.53491555874964,126.94204630708889,0,3,0,0,0,0,55.0,안전
37.53581386992463,126.94204630708889,0,3,0,0,0,0,55.0,안전
37.49,126.94317875522319,4,0,0,1,0,0,65.0,안전
37.490898311174995,126.94317875522319,4,0,0,1,0,0,65.0,안전
37.49179662234999,126.94317875522319,4,0,1,0,0,0,63.0,안전
37.49269493352498,126.94317875522319,1,0,2,0,0,0,51.0,보통
37.49359324469997,126.94317875522319,0,0,0,0,0,0,40.0,위험
37.494491555874966,126.94317875522319,0,0,3,0,0,0,49.0,보통
37.49538986704996,126.94317875522319,0,0,3,1,0,0,54.0,안전
37.49628817822495,126.94317875522319,0,0,3,1,0,0,54.0,안전
37.497186489399944,126.94317875522319,0,0,3,0,0,0,49.0,보통
37.49808480057494,126.94317875522319,0,0,3,1,0,0,54.0,안전
37.49898311174993,126.94317875522319,0,0,3,0,0,0,49.0,보통
37.49988142292492,126.94317875522319,0,0,3,1,0,0,54.0,안전
37.500779734099915,126.94317875522319,0,0,0,1,0,0,45.0,보통
37.50167804527491,126.94317875522319,0,0,0,0,0,0,40.0,위험
37.5025763564499,126.94317875522319,0,0,2,0,0,0,46.0,보통
37.50347466762489,126.94317875522319,0,0,3,1,0,0,54.0,안전
37.504372978799886,126.94317875522319,0,0,3,1,0,0,54.0,안전
37.50527128997488,126.94317875522319,0,0,2,0,1,0,43.0,보통
37.50616960114987,126.94317875522319,0,0,2,0,0,0,46.0,보통
37.507067912324864,126.94317875522319,0,0,3,1,0,0,54.0,안전
37.50796622349986,126.94317875522319,0,0,3,0,0,0,49.0,보통
37.50886453467485,126.94317875522319,0,0,3,0,0,0,49.0,보통
37.50976284584984,126.94317875522319,0,0,3,0,0,0,49.0,보통
37.510661157024835,126.94317875522319,0,0,3,0,0,1,59.0,안전
37.51155946819983,126.94317875522319,0,0,3,0,0,1,59.0,안전
37.51245777937482,126.94317875522319,0,0,3,2,0,1,69.0,안전
37.51335609054981,126.94317875522319,0,0,3,2,1,1,66.0,안전
37.514254401724806,126.94317875522319,0,0,0,1,0,1,55.0,안전
37.5151527128998,126.94317875522319,0,0,0,0,0,1,50.0,보통
37.51605102407479,126.94317875522319,0,0,0,0,0,0,40.0,위험
37.516949335249784,126.94317875522319,0,3,0,0,0,0,55.0,안전
37.51784764642478,126.94317875522319,0,3,0,0,0,0,55.0,안전
37.51874595759977,126.94317875522319,0,0,0,0,0,0,40.0,위험
37.51964426877476,126.94317875522319,0,0,0,0,0,0,40.0,위험
37.520542579949755,126.94317875522319,0,0,0,0,0,0,40.0,위험
37.52144089112475,126.94317875522319,0,0,0,0,0,0,40.0,위험
37.52233920229974,126.94317875522319,0,0,0,0,0,0,40.0,위험
37.52323751347473,126.94317875522319,0,0,0,0,0,0,40.0,위험
37.524135824649726,126.94317875522319,0,0,0,0,0,0,40.0,위험
37.52503413582472,126.94317875522319,0,3,0,0,0,0,55.0,안전
37.52593244699971,126.94317875522319,0,3,0,0,0,0,55.0,안전
37.526830758174704,126.94317875522319,0,0,0,0,0,0,40.0,위험
37.5277290693497,126.94317875522319,0,0,0,0,0,0,40.0,위험
37.52862738052469,126.94317875522319,0,0,0,0,0,0,40.0,위험
37.52952569169968,126.94317875522319,0,0,0,0,0,0,40.0,위험
37.530424002874675,126.94317875522319,0,0,0,0,0,0,40.0,위험
37.53132231404967,126.94317875522319,0,0,0,0,0,0,40.0,위험
37.53222062522466,126.94317875522319,0,0,0,0,0,0,40.0,위험
37.53311893639965,126.94317875522319,0,0,0,0,0,0,40.0,위험
37.534017247574646,126.94317875522319,0,3,0,0,0,0,55.0,안전
37.53491555874964,126.94317875522319,0,3,0,0,0,0,55.0,안전
37.53581386992463,126.94317875522319,0,3,0,0,0,0,55.0,안전
37.49,126.94431120335749,4,0,0,0,0,0,60.0,안전
37.490898311174995,126.94431120335749,0,0,0,0,0,0,40.0,위험
37.49179662234999,126.94431120335749,4,0,0,0,0,0,60.0,안전
37.49269493352498,126.94431120335749,4,0,1,0,0,0,63.0,안전
37.49359324469997,126.94431120335749,1,0,2,0,0,0,51.0,보통
37.494491555874966,126.94431120335749,0,0,3,0,0,0,49.0,보통
37.49538986704996,126.94431120335749,0,0,3,1,0,0,54.0,안전
37.49628817822495,126.94431120335749,0,0,3,2,0,0,59.0,안전
37.497186489399944,126.94431120335749,0,0,3,0,0,0,49.0,보통
37.49808480057494,126.94431120335749,0,0,3,1,0,0,54.0,안전
37.49898311174993,126.94431120335749,0,0,3,1,0,0,54.0,안전
37.49988142292492,126.94431120335749,0,0,3,1,0,0,54.0,안전
37.500779734099915,126.94431120335749,0,0,0,0,0,0,40.0,위험
37.50167804527491,126.94431120335749,0,0,3,1,0,0,54.0,안전
37.5025763564499,126.94431120335749,0,0,3,1,0,0,54.0,안전
37.50347466762489,126.94431120335749,0,0,3,1,0,0,54.0,안전
37.504372978799886,126.94431120335749,0,0,3,1,0,0,54.0,안전
37.50527128997488,126.94431120335749,0,0,3,0,0,0,49.0,보통
37.50616960114987,126.94431120335749,0,0,2,0,0,0,46.0,보통
37.507067912324864,126.94431120335749,0,0,0,1,0,0,45.0,보통
37.50796622349986,126.94431120335749,0,0,2,0,0,0,46.0,보통
37.50886453467485,126.94431120335749,0,0,3,0,0,0,49.0,보통
37.50976284584984,126.94431120335749,0,0,3,1,0,0,54.0,안전
37.510661157024835,126.94431120335749,0,0,3,2,0,0,59.0,안전
37.51155946819983,126.94431120335749,0,0,3,2,0,1,69.0,안전
37.51245777937482,126.94431120335749,0,0,3,2,0,1,69.0,안전
37.51335609054981,126.94431120335749,0,0,3,2,0,1,69.0,안전
37.514254401724806,126.94431120335749,0,0,0,1,0,1,55.0,안전
37.5151527128998,126.94431120335749,0,0,0,0,0,1,50.0,보통
37.51605102407479,126.94431120335749,0,0,0,0,0,0,40.0,위험
37.516949335249784,126.94431120335749,0,3,0,0,0,0,55.0,안전
37.51784764642478,126.94431120335749,0,3,0,0,0,0,55.0,안전
37.51874595759977,126.94431120335749,0,0,0,0,0,0,40.0,위험
37.51964426877476,126.94431120335749,0,0,0,0,0,0,40.0,위험
37.520542579949755,126.94431120335749,0,0,0,0,0,0,40.0,위험
37.52144089112475,126.94431120335749,0,0,0,0,0,0,40.0,위험
37.52233920229974,126.94431120335749,0,0,0,0,0,0,40.0,위험
37.52323751347473,126.94431120335749,0,0,0,0,0,0,40.0,위험
37.524135824649726,126.94431120335749,0,0,0,0,0,0,40.0,위험
37.52503413582472,126.94431120335749,0,0,0,0,0,0,40.0,위험
37.52593244699971,126.94431120335749,0,3,0,0,0,0,55.0,안전
37.526830758174704,126.94431120335749,0,3,0,0,0,0,55.0,안전
37.5277290693497,126.94431120335749,0,0,0,0,0,0,40.0,위험
37.52862738052469,126.94431120335749,0,0,0,0,0,0,40.0,위험
37.52952569169968,126.94431120335749,0,0,0,0,0,0,40.0,위험
37.530424002874675,126.94431120335749,0,0,0,0,0,0,40.0,위험
37.53132231404967,126.94431120335749,0,0,0,0,0,0,40.0,위험
37.53222062522466,126.94431120335749,0,0,0,0,0,0,40.0,위험
37.53311893639965,126.94431120335749,0,1,0,0,0,0,45.0,보통
37.534017247574646,126.94431120335749,0,3,0,0,0,0,55.0,안전
37.53491555874964,126.94431120335749,0,3,0,0,0,0,55.0,안전
37.53581386992463,126.94431120335749,0,3,0,0,0,0,55.0,안전
37.49,126.94544365149179,0,0,0,0,0,0,40.0,위험
37.490898311174995,126.94544365149179,0,0,0,0,0,0,40.0,위험
37.49179662234999,126.94544365149179,1,0,0,0,0,0,45.0,보통
37.49269493352498,126.94544365149179,4,0,0,0,0,0,60.0,안전
37.49359324469997,126.94544365149179,3,0,0,0,0,0,55.0,안전
37.494491555874966,126.94544365149179,0,0,3,0,0,0,49.0,보통
37.49538986704996,126.94544365149179,0,0,3,1,0,0,54.0,안전
37.49628817822495,126.94544365149179,0,0,3,1,0,0,54.0,안전
37.497186489399944,126.94544365149179,0,0,3,0,0,0,49.0,보통
37.49808480057494,126.94544365149179,0,0,3,1,0,0,54.0,안전
37.49898311174993,126.94544365149179,0,0,3,2,0,0,59.0,안전
37.49988142292492,126.94544365149179,0,0,3,0,0,0,49.0,보통
37.500779734099915,126.94544365149179,0,0,0,1,0,0,45.0,보통
37.50167804527491,126.94544365149179,0,0,3,2,0,0,59.0,안전
37.5025763564499,126.94544365149179,0,0,3,1,0,0,54.0,안전
37.50347466762489,126.94544365149179,0,0,3,1,0,0,54.0,안전
37.504372978799886,126.94544365149179,0,0,3,1,0,0,54.0,안전
37.50527128997488,126.94544365149179,0,0,3,0,0,0,49.0,보통
37.50616960114987,126.94544365149179,0,0,3,0,0,0,49.0,보통
37.507067912324864,126.94544365149179,0,0,3,0,0,0,49.0,보통
37.50796622349986,126.94544365149179,0,0,3,1,0,0,54.0,안전
37.50886453467485,126.94544365149179,0,0,3,2,0,0,59.0,안전
37.50976284584984,126.94544365149179,0,0,3,2,0,0,59.0,안전
37.510661157024835,126.94544365149179,0,0,3,2,0,0,59.0,안전
37.51155946819983,126.94544365149179,0,0,3,1,0,1,64.0,안전
37.51245777937482,126.94544365149179,0,0,3,1,0,1,64.0,안전
37.51335609054981,126.94544365149179,0,0,3,0,0,1,59.0,안전
37.514254401724806,126.94544365149179,0,0,3,0,0,1,59.0,안전
37.5151527128998,126.94544365149179,0,0,0,0,0,0,40.0,위험
37.51605102407479,126.94544365149179,0,0,0,0,0,0,40.0,위험
37.516949335249784,126.94544365149179,0,3,0,0,0,0,55.0,안전
37.51784764642478,126.94544365149179,0,3,0,0,0,0,55.0,안전
37.51874595759977,126.94544365149179,0,0,0,0,0,0,40.0,위험
37.51964426877476,126.94544365149179,0,0,0,0,0,0,40.0,위험
37.520542579949755,126.94544365149179,0,0,0,0,0,0,40.0,위험
37.52144089112475,126.94544365149179,0,0,0,0,0,0,40.0,위험
37.52233920229974,126.94544365149179,0,0,0,0,0,0,40.0,위험
37.52323751347473,126.94544365149179,0,0,0,0,0,0,40.0,위험
37.524135824649726,126.94544365149179,0,0,0,0,0,0,40.0,위험
37.52503413582472,126.94544365149179,0,0,0,0,0,0,40.0,위험
37.52593244699971,126.94544365149179,0,0,0,0,0,0,40.0,위험
37.526830758174704,126.94544365149179,0,3,0,0,0,0,55.0,안전
37.5277290693497,126.94544365149179,0,1,0,0,0,0,45.0,보통
37.52862738052469,126.94544365149179,0,0,0,0,0,0,40.0,위험
37.52952569169968,126.94544365149179,0,0,0,0,0,0,40.0,위험
37.530424002874675,126.94544365149179,0,0,0,0,0,0,40.0,위험
37.53132231404967,126.94544365149179,0,0,0,0,0,0,40.0,위험
37.53222062522466,126.94544365149179,0,0,0,0,0,0,40.0,위험
37.53311893639965,126.94544365149179,0,3,0,0,0,0,55.0,안전
37.534017247574646,126.94544365149179,0,3,0,0,0,0,55.0,안전
37.53491555874964,126.94544365149179,0,3,0,0,0,0,55.0,안전
37.53581386992463,126.94544365149179,0,0,0,0,0,0,40.0,위험
37.49,126.94657609962609,1,0,0,0,0,0,45.0,보통
37.490898311174995,126.94657609962609,4,0,0,0,0,0,60.0,안전
37.49179662234999,126.94657609962609,4,0,0,1,0,0,65.0,안전
37.49269493352498,126.94657609962609,4,0,0,0,0,0,60.0,안전
37.49359324469997,126.94657609962609,0,0,0,0,0,0,40.0,위험
37.494491555874966,126.94657609962609,0,0,3,0,0,0,49.0,보통
37.49538986704996,126.94657609962609,0,0,3,0,0,0,49.0,보통
37.49628817822495,126.94657609962609,0,0,3,0,0,0,49.0,보통
37.497186489399944,126.94657609962609,0,0,3,0,0,0,49.0,보통
37.49808480057494,126.94657609962609,0,0,3,0,0,0,49.0,보통
37.49898311174993,126.94657609962609,0,0,3,0,0,0,49.0,보통
37.49988142292492,126.94657609962609,0,0,0,0,0,0,40.0,위험
37.500779734099915,126.94657609962609,0,0,0,1,0,0,45.0,보통
37.50167804527491,126.94657609962609,0,0,3,1,0,0,54.0,안전
37.5025763564499,126.94657609962609,0,0,3,1,0,0,54.0,안전
37.50347466762489,126.94657609962609,0,0,3,1,0,0,54.0,안전
37.504372978799886,126.94657609962609,0,0,3,1,0,0,54.0,안전
37.50527128997488,126.94657609962609,0,0,3,1,0,0,54.0,안전
37.50616960114987,126.94657609962609,0,0,3,1,0,0,54.0,안전
37.507067912324864,126.94657609962609,0,0,3,0,0,0,49.0,보통
37.50796622349986,126.94657609962609,0,0,3,2,0,0,59.0,안전
37.50886453467485,126.94657609962609,0,0,3,2,0,0,59.0,안전
37.50976284584984,126.94657609962609,0,0,3,1,0,0,54.0,안전
37.510661157024835,126.94657609962609,0,0,3,1,0,0,54.0,안전
37.51155946819983,126.94657609962609,0,0,3,1,0,0,54.0,안전
37.51245777937482,126.94657609962609,0,0,3,2,0,0,59.0,안전
37.51335609054981,126.94657609962609,0,0,3,1,0,0,54.0,안전
37.514254401724806,126.94657609962609,0,0,3,0,0,0,49.0,보통
37.5151527128998,126.94657609962609,0,0,0,0,0,0,40.0,위험
37.51605102407479,126.94657609962609,0,0,0,0,0,0,40.0,위험
37.516949335249784,126.94657609962609,0,3,0,0,0,0,55.0,안전
37.51784764642478,126.94657609962609,0,3,0,0,0,0,55.0,안전
37.51874595759977,126.94657609962609,0,0,0,0,0,0,40.0,위험
37.51964426877476,126.94657609962609,0,0,0,0,0,0,40.0,위험
37.520542579949755,126.94657609962609,0,0,0,0,0,0,40.0,위험
37.52144089112475,126.94657609962609,0,0,0,0,0,0,40.0,위험
37.52233920229974,126.94657609962609,0,0,0,0,0,0,40.0,위험
37.52323751347473,126.94657609962609,0,0,0,0,0,0,40.0,위험
37.524135824649726,126.94657609962609,0,0,0,0,0,0,40.0,위험
37.52503413582472,126.94657609962609,0,0,0,0,0,0,40.0,위험
37.52593244699971,126.94657609962609,0,0,0,0,0,0,40.0,위험
37.526830758174704,126.94657609962609,0,3,0,0,0,0,55.0,안전
37.5277290693497,126.94657609962609,0,3,0,0,0,0,55.0,안전
37.52862738052469,126.94657609962609,0,0,0,0,0,0,40.0,위험
37.52952569169968,126.94657609962609,0,0,0,0,0,0,40.0,위험
37.530424002874675,126.94657609962609,0,0,0,0,0,0,40.0,위험
37.53132231404967,126.94657609962609,0,0,0,0,0,0,40.0,위험
37.53222062522466,126.94657609962609,0,0,0,0,0,0,40.0,위험
37.53311893639965,126.94657609962609,0,3,0,0,0,0,55.0,안전
37.534017247574646,126.94657609962609,0,3,0,0,0,0,55.0,안전
37.53491555874964,126.94657609962609,0,3,0,0,0,0,55.0,안전
37.53581386992463,126.94657609962609,0,0,0,0,0,0,40.0,위험
37.49,126.94770854776039,4,0,0,0,0,0,60.0,안전
37.490898311174995,126.94770854776039,4,0,0,0,0,0,60.0,안전
37.49179662234999,126.94770854776039,4,0,0,1,0,0,65.0,안전
37.49269493352498,126.94770854776039,4,0,0,0,0,0,60.0,안전
37.49359324469997,126.94770854776039,1,0,0,0,0,0,45.0,보통
37.494491555874966,126.94770854776039,0,0,0,0,0,0,40.0,위험
37.49538986704996,126.94770854776039,0,0,0,0,0,0,40.0,위험
37.49628817822495,126.94770854776039,0,0,3,0,0,0,49.0,보통
37.497186489399944,126.94770854776039,0,0,3,0,0,0,49.0,보통
37.49808480057494,126.94770854776039,0,0,3,0,0,0,49.0,보통
37.49898311174993,126.94770854776039,0,0,3,0,0,0,49.0,보통
37.49988142292492,126.94770854776039,0,0,3,0,0,0,49.0,보통
37.500779734099915,126.94770854776039,0,0,3,0,0,0,49.0,보통
37.50167804527491,126.94770854776039,0,0,3,1,0,0,54.0,안전
37.5025763564499,126.94770854776039,0,0,3,2,1,0,56.0,안전
37.50347466762489,126.94770854776039,0,0,3,2,1,0,56.0,안전
37.504372978799886,126.94770854776039,0,0,3,1,0,0,54.0,안전
37.50527128997488,126.94770854776039,0,0,0,1,0,0,45.0,보통
37.50616960114987,126.94770854776039,0,0,3,1,0,0,54.0,안전
37.507067912324864,126.94770854776039,0,0,2,1,0,0,51.0,보통
37.50796622349986,126.94770854776039,0,0,3,1,0,0,54.0,안전
37.50886453467485,126.94770854776039,0,0,3,1,0,0,54.0,안전
37.50976284584984,126.94770854776039,0,0,3,0,0,0,49.0,보통
37.510661157024835,126.94770854776039,0,0,3,0,0,0,49.0,보통
37.51155946819983,126.94770854776039,0,0,3,0,0,0,49.0,보통
37.51245777937482,126.94770854776039,0,0,3,2,0,0,59.0,안전
37.51335609054981,126.94770854776039,0,0,3,2,0,0,59.0,안전
37.514254401724806,126.94770854776039,0,0,0,0,0,0,40.0,위험
37.5151527128998,126.94770854776039,0,0,0,0,0,0,40.0,위험
37.51605102407479,126.94770854776039,0,0,0,0,0,0,40.0,위험
37.516949335249784,126.94770854776039,0,3,0,0,0,0,55.0,안전
37.51784764642478,126.94770854776039,0,3,0,0,0,0,55.0,안전
37.51874595759977,126.94770854776039,0,0,0,0,0,0,40.0,위험
37.51964426877476,126.94770854776039,0,0,0,0,0,0,40.0,위험
37.520542579949755,126.94770854776039,0,0,0,0,0,0,40.0,위험
37.52144089112475,126.94770854776039,0,0,0,0,0,0,40.0,위험
37.52233920229974,126.94770854776039,0,0,0,0,0,0,40.0,위험
37.52323751347473,126.94770854776039,0,0,0,0,0,0,40.0,위험
37.524135824649726,126.94770854776039,0,0,0,0,0,0,40.0,위험
37.52503413582472,126.94770854776039,0,0,0,0,0,0,40.0,위험
37.52593244699971,126.94770854776039,0,0,0,0,0,0,40.0,위험
37.526830758174704,126.94770854776039,0,0,0,0,0,0,40.0,위험
37.5277290693497,126.94770854776039,0,3,0,0,0,0,55.0,안전
37.52862738052469,126.94770854776039,0,3,0,0,0,0,55.0,안전
37.52952569169968,126.94770854776039,0,0,0,0,0,0,40.0,위험
37.530424002874675,126.94770854776039,0,0,0,0,0,0,40.0,위험
37.53132231404967,126.94770854776039,0,0,0,0,0,0,40.0,위험
37.53222062522466,126.94770854776039,0,3,0,0,0,0,55.0,안전
37.53311893639965,126.94770854776039,0,3,0,0,0,0,55.0,안전
37.534017247574646,126.94770854776039,0,3,0,0,0,0,55.0,안전
37.53491555874964,126.94770854776039,0,2,0,0,0,0,50.0,보통
37.53581386992463,126.94770854776039,0,0,0,0,0,0,40.0,위험
37.49,126.94884099589468,4,0,0,0,0,0,60.0,안전
37.490898311174995,126.94884099589468,3,0,0,0,0,0,55.0,안전
37.49179662234999,126.94884099589468,4,0,0,0,0,0,60.0,안전
37.49269493352498,126.94884099589468,4,0,0,0,0,0,60.0,안전
37.49359324469997,126.94884099589468,1,0,2,0,0,0,51.0,보통
37.494491555874966,126.94884099589468,0,0,0,1,0,0,45.0,보통
37.49538986704996,126.94884099589468,0,0,0,1,0,0,45.0,보통
37.49628817822495,126.94884099589468,0,0,0,0,0,0,40.0,위험
37.497186489399944,126.94884099589468,0,0,0,1,0,0,45.0,보통
37.49808480057494,126.94884099589468,0,0,0,0,0,0,40.0,위험
37.49898311174993,126.94884099589468,0,0,1,0,0,0,43.0,보통
37.49988142292492,126.94884099589468,0,0,3,0,0,0,49.0,보통
37.500779734099915,126.94884099589468,0,0,3,1,0,0,54.0,안전
37.50167804527491,126.94884099589468,0,0,3,2,0,0,59.0,안전
37.5025763564499,126.94884099589468,0,0,3,1,1,0,51.0,보통
37.50347466762489,126.94884099589468,0,0,3,1,1,0,51.0,보통
37.504372978799886,126.94884099589468,0,0,3,1,0,0,54.0,안전
37.50527128997488,126.94884099589468,0,0,0,1,0,0,45.0,보통
37.50616960114987,126.94884099589468,0,0,3,0,0,0,49.0,보통
37.507067912324864,126.94884099589468,0,0,3,1,0,0,54.0,안전
37.50796622349986,126.94884099589468,0,0,3,1,0,0,54.0,안전
37.50886453467485,126.94884099589468,0,0,3,0,0,0,49.0,보통
37.50976284584984,126.94884099589468,0,0,3,0,0,0,49.0,보통
37.510661157024835,126.94884099589468,0,0,3,0,0,0,49.0,보통
37.51155946819983,126.94884099589468,0,0,3,0,0,0,49.0,보통
37.51245777937482,126.94884099589468,0,0,3,1,0,0,54.0,안전
37.51335609054981,126.94884099589468,0,0,0,1,0,0,45.0,보통
37.514254401724806,126.94884099589468,0,0,0,0,0,1,50.0,보통
37.5151527128998,126.94884099589468,0,0,0,0,0,0,40.0,위험
37.51605102407479,126.94884099589468,0,3,0,0,0,0,55.0,안전
37.516949335249784,126.94884099589468,0,3,0,0,0,0,55.0,안전
37.51784764642478,126.94884099589468,0,0,0,0,0,0,40.0,위험
37.51874595759977,126.94884099589468,0,0,0,0,0,0,40.0,위험
37.51964426877476,126.94884099589468,0,0,0,0,0,0,40.0,위험
37.520542579949755,126.94884099589468,0,0,0,0,0,0,40.0,위험
37.52144089112475,126.94884099589468,0,0,0,0,0,0,40.0,위험
37.52233920229974,126.94884099589468,0,0,0,0,0,0,40.0,위험
37.52323751347473,126.94884099589468,0,0,0,0,0,0,40.0,위험
37.524135824649726,126.94884099589468,0,0,0,0,0,0,40.0,위험
37.52503413582472,126.94884099589468,0,0,0,0,0,0,40.0,위험
37.52593244699971,126.94884099589468,0,0,0,0,0,0,40.0,위험
37.526830758174704,126.94884099589468,0,0,0,0,0,0,40.0,위험
37.5277290693497,126.94884099589468,0,0,0,0,0,0,40.0,위험
37.52862738052469,126.94884099589468,0,3,0,0,0,0,55.0,안전
37.52952569169968,126.94884099589468,0,2,0,0,0,0,50.0,보통
37.530424002874675,126.94884099589468,0,0,0,0,0,0,40.0,위험
37.53132231404967,126.94884099589468,0,3,0,0,0,0,55.0,안전
37.53222062522466,126.94884099589468,0,3,0,0,0,0,55.0,안전
37.53311893639965,126.94884099589468,0,3,0,0,0,0,55.0,안전
37.534017247574646,126.94884099589468,0,2,0,0,0,0,50.0,보통
37.53491555874964,126.94884099589468,0,0,0,0,0,0,40.0,위험
37.53581386992463,126.94884099589468,0,0,0,0,0,0,40.0,위험
37.49,126.94997344402898,0,0,0,0,0,0,40.0,위험
37.490898311174995,126.94997344402898,0,0,0,0,0,0,40.0,위험
37.49179662234999,126.94997344402898,1,0,0,0,0,0,45.0,보통
37.49269493352498,126.94997344402898,2,0,0,0,0,0,50.0,보통
37.49359324469997,126.94997344402898,0,0,2,0,0,0,46.0,보통
37.494491555874966,126.94997344402898,0,0,0,1,0,0,45.0,보통
37.49538986704996,126.94997344402898,0,0,0,1,0,0,45.0,보통
37.49628817822495,126.94997344402898,0,0,0,0,0,0,40.0,위험
37.497186489399944,126.94997344402898,0,0,3,1,0,0,54.0,안전
37.49808480057494,126.94997344402898,0,0,3,1,0,0,54.0,안전
37.49898311174993,126.94997344402898,0,0,3,0,0,0,49.0,보통
37.49988142292492,126.94997344402898,0,0,2,0,0,0,46.0,보통
37.500779734099915,126.94997344402898,0,0,3,0,0,0,49.0,보통
37.50167804527491,126.94997344402898,0,0,3,1,0,0,54.0,안전
37.5025763564499,126.94997344402898,0,0,3,0,0,0,49.0,보통
37.50347466762489,126.94997344402898,0,0,3,1,0,0,54.0,안전
37.504372978799886,126.94997344402898,0,0,3,2,0,0,59.0,안전
37.50527128997488,126.94997344402898,0,0,3,1,0,0,54.0,안전
37.50616960114987,126.94997344402898,0,0,3,0,0,0,49.0,보통
37.507067912324864,126.94997344402898,0,0,3,1,0,0,54.0,안전
37.50796622349986,126.94997344402898,0,0,0,0,0,0,40.0,위험
37.50886453467485,126.94997344402898,0,0,3,0,0,0,49.0,보통
37.50976284584984,126.94997344402898,0,0,3,0,0,0,49.0,보통
37.510661157024835,126.94997344402898,0,0,3,0,0,0,49.0,보통
37.51155946819983,126.94997344402898,0,0,3,0,0,0,49.0,보통
37.51245777937482,126.94997344402898,0,0,3,0,0,0,49.0,보통
37.51335609054981,126.94997344402898,0,0,0,0,0,1,50.0,보통
37.514254401724806,126.94997344402898,0,0,0,0,0,1,50.0,보통
37.5151527128998,126.94997344402898,0,1,0,0,0,1,55.0,안전
37.51605102407479,126.94997344402898,0,3,0,0,0,1,65.0,안전
37.516949335249784,126.94997344402898,0,3,0,0,0,0,55.0,안전
37.51784764642478,126.94997344402898,0,0,0,0,0,0,40.0,위험
37.51874595759977,126.94997344402898,0,0,0,0,0,0,40.0,위험
37.51964426877476,126.94997344402898,0,0,0,0,0,0,40.0,위험
37.520542579949755,126.94997344402898,0,0,0,0,0,0,40.0,위험
37.52144089112475,126.94997344402898,0,0,0,0,0,0,40.0,위험
37.52233920229974,126.94997344402898,0,0,0,0,0,0,40.0,위험
37.52323751347473,126.94997344402898,0,0,0,0,0,0,40.0,위험
37.524135824649726,126.94997344402898,0,0,0,0,0,0,40.0,위험
37.52503413582472,126.94997344402898,0,0,0,0,0,0,40.0,위험
37.52593244699971,126.94997344402898,0,0,0,0,0,0,40.0,위험
37.526830758174704,126.94997344402898,0,0,0,0,0,0,40.0,위험
37.5277290693497,126.94997344402898,0,0,0,0,0,0,40.0,위험
37.52862738052469,126.94997344402898,0,3,0,0,0,0,55.0,안전
37.52952569169968,126.94997344402898,0,3,0,0,0,0,55.0,안전
37.530424002874675,126.94997344402898,0,3,0,0,0,0,55.0,안전
37.53132231404967,126.94997344402898,0,3,0,0,0,0,55.0,안전
37.53222062522466,126.94997344402898,0,3,0,0,0,0,55.0,안전
37.53311893639965,126.94997344402898,0,2,0,0,0,0,50.0,보통
37.534017247574646,126.94997344402898,0,0,0,0,0,0,40.0,위험
37.53491555874964,126.94997344402898,0,0,0,0,0,0,40.0,위험
37.53581386992463,126.94997344402898,0,0,0,0,0,0,40.0,위험
37.49,126.95110589216328,0,0,0,0,0,0,40.0,위험
37.490898311174995,126.95110589216328,1,0,0,0,0,0,45.0,보통
37.49179662234999,126.95110589216328,1,0,0,0,0,0,45.0,보통
37.49269493352498,126.95110589216328,1,0,0,0,0,0,45.0,보통
37.49359324469997,126.95110589216328,0,0,0,0,0,0,40.0,위험
37.494491555874966,126.95110589216328,0,0,0,0,0,0,40.0,위험
37.49538986704996,126.95110589216328,0,0,2,0,0,0,46.0,보통
37.49628817822495,126.95110589216328,0,0,0,1,0,0,45.0,보통
37.497186489399944,126.95110589216328,0,0,3,1,0,0,54.0,안전
37.49808480057494,126.95110589216328,0,0,3,0,0,0,49.0,보통
37.49898311174993,126.95110589216328,0,0,3,2,0,0,59.0,안전
37.49988142292492,126.95110589216328,0,0,3,1,0,0,54.0,안전
37.500779734099915,126.95110589216328,0,0,3,0,0,0,49.0,보통
37.50167804527491,126.95110589216328,0,0,3,1,0,0,54.0,안전
37.5025763564499,126.95110589216328,0,0,3,2,0,0,59.0,안전
37.50347466762489,126.95110589216328,0,0,3,2,0,0,59.0,안전
37.504372978799886,126.95110589216328,0,0,3,2,0,0,59.0,안전
37.50527128997488,126.95110589216328,0,0,3,1,0,0,54.0,안전
37.50616960114987,126.95110589216328,0,0,3,1,0,0,54.0,안전
37.507067912324864,126.95110589216328,0,0,3,2,0,0,59.0,안전
37.50796622349986,126.95110589216328,0,0,3,2,0,0,59.0,안전
37.50886453467485,126.95110589216328,0,0,1,1,0,0,48.0,보통
37.50976284584984,126.95110589216328,0,0,1,1,0,0,48.0,보통
37.510661157024835,126.95110589216328,0,0,3,1,0,0,54.0,안전
37.51155946819983,126.95110589216328,0,0,3,1,0,0,54.0,안전
37.51245777937482,126.95110589216328,0,0,3,0,0,1,59.0,안전
37.51335609054981,126.95110589216328,0,0,0,1,0,1,55.0,안전
37.514254401724806,126.95110589216328,0,0,1,0,0,1,53.0,보통
37.5151527128998,126.95110589216328,0,3,0,0,0,1,65.0,안전
37.51605102407479,126.95110589216328,0,3,0,0,0,1,65.0,안전
37.516949335249784,126.95110589216328,0,0,0,0,0,1,50.0,보통
37.51784764642478,126.95110589216328,0,0,0,0,0,0,40.0,위험
37.51874595759977,126.95110589216328,0,0,0,0,0,0,40.0,위험
37.51964426877476,126.95110589216328,0,0,0,0,0,0,40.0,위험
37.520542579949755,126.95110589216328,0,0,0,0,0,0,40.0,위험
37.52144089112475,126.95110589216328,0,0,0,0,0,0,40.0,위험
37.52233920229974,126.95110589216328,0,0,0,0,0,0,40.0,위험
37.52323751347473,126.95110589216328,0,0,0,0,0,0,40.0,위험
37.524135824649726,126.95110589216328,0,0,0,0,0,0,40.0,위험
37.52503413582472,126.95110589216328,0,0,0,0,0,0,40.0,위험
37.52593244699971,126.95110589216328,0,0,0,0,0,0,40.0,위험
37.526830758174704,126.95110589216328,0,0,0,0,0,0,40.0,위험
37.5277290693497,126.95110589216328,0,0,0,0,0,0,40.0,위험
37.52862738052469,126.95110589216328,0,0,0,0,0,0,40.0,위험
37.52952569169968,126.95110589216328,0,3,0,0,0,0,55.0,안전
37.530424002874675,126.95110589216328,0,3,0,0,0,0,55.0,안전
37.53132231404967,126.95110589216328,0,3,0,0,0,0,55.0,안전
37.53222062522466,126.95110589216328,0,1,0,0,0,0,45.0,보통
37.53311893639965,126.95110589216328,0,0,0,1,0,0,45.0,보통
37.534017247574646,126.95110589216328,0,0,0,2,0,0,50.0,보통
37.53491555874964,126.95110589216328,0,0,0,2,0,0,50.0,보통
37.53581386992463,126.95110589216328,0,0,0,0,0,0,40.0,위험
37.49,126.95223834029758,0,0,0,0,0,0,40.0,위험
37.490898311174995,126.95223834029758,1,0,0,0,0,0,45.0,보통
37.49179662234999,126.95223834029758,2,0,0,0,0,0,50.0,보통
37.49269493352498,126.95223834029758,1,0,0,0,0,0,45.0,보통
37.49359324469997,126.95223834029758,0,0,0,0,0,0,40.0,위험
37.494491555874966,126.95223834029758,0,0,2,0,0,0,46.0,보통
37.49538986704996,126.95223834029758,0,0,3,1,0,0,54.0,안전
37.49628817822495,126.95223834029758,0,0,3,1,0,0,54.0,안전
37.497186489399944,126.95223834029758,0,0,3,1,0,0,54.0,안전
37.49808480057494,126.95223834029758,0,0,3,1,0,0,54.0,안전
37.49898311174993,126.95223834029758,0,0,3,1,0,0,54.0,안전
37.49988142292492,126.95223834029758,0,0,3,2,0,0,59.0,안전
37.500779734099915,126.95223834029758,0,0,3,1,0,0,54.0,안전
37.50167804527491,126.95223834029758,0,0,3,0,0,0,49.0,보통
37.5025763564499,126.95223834029758,0,0,3,2,0,0,59.0,안전
37.50347466762489,126.95223834029758,0,0,3,2,0,0,59.0,안전
37.504372978799886,126.95223834029758,0,0,3,2,0,0,59.0,안전
37.50527128997488,126.95223834029758,0,0,3,1,0,0,54.0,안전
37.50616960114987,126.95223834029758,0,0,3,1,0,0,54.0,안전
37.507067912324864,126.95223834029758,0,0,3,2,0,0,59.0,안전
37.50796622349986,126.95223834029758,0,0,3,1,0,0,54.0,안전
37.50886453467485,126.95223834029758,0,0,1,1,0,0,48.0,보통
37.50976284584984,126.95223834029758,0,0,0,0,0,0,40.0,위험
37.510661157024835,126.95223834029758,0,0,0,0,0,0,40.0,위험
37.51155946819983,126.95223834029758,0,0,3,1,0,0,54.0,안전
37.51245777937482,126.95223834029758,0,0,3,1,0,1,64.0,안전
37.51335609054981,126.95223834029758,0,0,0,1,0,1,55.0,안전
37.514254401724806,126.95223834029758,0,1,1,0,0,1,58.0,안전
37.5151527128998,126.95223834029758,0,3,0,0,0,1,65.0,안전
37.51605102407479,126.95223834029758,0,3,0,0,0,1,65.0,안전
37.516949335249784,126.95223834029758,0,0,0,0,0,1,50.0,보통
37.51784764642478,126.95223834029758,0,0,0,0,0,0,40.0,위험
37.51874595759977,126.95223834029758,0,0,0,0,0,0,40.0,위험
37.51964426877476,126.95223834029758,0,0,0,0,0,0,40.0,위험
37.520542579949755,126.95223834029758,0,0,0,0,0,0,40.0,위험
37.52144089112475,126.95223834029758,0,0,0,0,0,0,40.0,위험
37.52233920229974,126.95223834029758,0,0,0,0,0,0,40.0,위험
37.52323751347473,126.95223834029758,0,0,0,0,0,0,40.0,위험
37.524135824649726,126.95223834029758,0,0,0,0,0,0,40.0,위험
37.52503413582472,126.95223834029758,0,0,0,0,0,0,40.0,위험
37.52593244699971,126.95223834029758,0,0,0,0,0,0,40.0,위험
37.526830758174704,126.95223834029758,0,2,0,0,0,0,50.0,보통
37.5277290693497,126.95223834029758,0,3,0,0,0,0,55.0,안전
37.52862738052469,126.95223834029758,0,3,0,0,0,0,55.0,안전
37.52952569169968,126.95223834029758,0,3,0,0,0,0,55.0,안전
37.530424002874675,126.95223834029758,0,3,0,0,0,0,55.0,안전
37.53132231404967,126.95223834029758,0,3,0,0,0,0,55.0,안전
37.53222062522466,126.95223834029758,0,0,0,1,0,0,45.0,보통
37.53311893639965,126.95223834029758,0,0,0,1,0,0,45.0,보통
37.534017247574646,126.95223834029758,0,0,0,2,0,0,50.0,보통
37.53491555874964,126.95223834029758,0,0,0,2,0,0,50.0,보통
37.53581386992463,126.95223834029758,0,0,0,0,0,0,40.0,위험
37.49,126.95337078843188,4,0,0,0,0,0,60.0,안전
37.490898311174995,126.95337078843188,1,0,2,0,0,0,51.0,보통
37.49179662234999,126.95337078843188,1,0,3,0,0,0,54.0,안전
37.49269493352498,126.95337078843188,0,0,3,0,0,0,49.0,보통
37.49359324469997,126.95337078843188,0,0,3,1,0,0,54.0,안전
37.494491555874966,126.95337078843188,0,0,3,1,0,0,54.0,안전
37.49538986704996,126.95337078843188,0,0,3,2,2,0,53.0,보통
37.49628817822495,126.95337078843188,0,0,3,2,2,0,53.0,보통
37.497186489399944,126.95337078843188,0,0,3,1,0,0,54.0,안전
37.49808480057494,126.95337078843188,0,0,3,0,0,0,49.0,보통
37.49898311174993,126.95337078843188,0,0,3,0,0,0,49.0,보통
37.49988142292492,126.95337078843188,0,0,3,0,0,0,49.0,보통
37.500779734099915,126.95337078843188,0,0,3,1,0,0,54.0,안전
37.50167804527491,126.95337078843188,0,0,3,1,0,0,54.0,안전
37.5025763564499,126.95337078843188,0,0,3,0,0,0,49.0,보통
37.50347466762489,126.95337078843188,0,0,3,0,0,0,49.0,보통
37.504372978799886,126.95337078843188,0,0,3,2,0,0,59.0,안전
37.50527128997488,126.95337078843188,0,0,3,2,0,0,59.0,안전
37.50616960114987,126.95337078843188,0,0,1,0,0,0,43.0,보통
37.507067912324864,126.95337078843188,0,0,3,0,0,0,49.0,보통
37.50796622349986,126.95337078843188,0,0,3,0,0,0,49.0,보통
37.50886453467485,126.95337078843188,0,0,3,0,0,0,49.0,보통
37.50976284584984,126.95337078843188,0,0,3,0,0,0,49.0,보통
37.510661157024835,126.95337078843188,0,0,3,0,0,0,49.0,보통
37.51155946819983,126.95337078843188,0,0,3,0,0,0,49.0,보통
37.51245777937482,126.95337078843188,0,0,0,1,0,1,55.0,안전
37.51335609054981,126.95337078843188,0,0,0,1,0,1,55.0,안전
37.514254401724806,126.95337078843188,0,3,0,0,0,1,65.0,안전
37.5151527128998,126.95337078843188,0,3,0,0,0,1,65.0,안전
37.51605102407479,126.95337078843188,0,0,0,0,0,1,50.0,보통
37.516949335249784,126.95337078843188,0,0,0,0,0,1,50.0,보통
37.51784764642478,126.95337078843188,0,0,0,0,0,0,40.0,위험
37.51874595759977,126.95337078843188,0,0,0,0,0,0,40.0,위험
37.51964426877476,126.95337078843188,0,0,0,0,0,0,40.0,위험
37.520542579949755,126.95337078843188,0,0,0,0,0,0,40.0,위험
37.52144089112475,126.95337078843188,0,0,0,0,0,0,40.0,위험
37.52233920229974,126.95337078843188,0,0,0,0,0,0,40.0,위험
37.52323751347473,126.95337078843188,0,0,0,0,0,0,40.0,위험
37.524135824649726,126.95337078843188,0,0,0,0,0,0,40.0,위험
37.52503413582472,126.95337078843188,0,3,0,0,0,0,55.0,안전
37.52593244699971,126.95337078843188,0,3,0,0,0,0,55.0,안전
37.526830758174704,126.95337078843188,0,3,0,0,0,0,55.0,안전
37.5277290693497,126.95337078843188,0,3,0,0,0,0,55.0,안전
37.52862738052469,126.95337078843188,0,3,0,1,0,0,60.0,안전
37.52952569169968,126.95337078843188,0,3,0,0,0,0,55.0,안전
37.530424002874675,126.95337078843188,0,3,0,0,0,0,55.0,안전
37.53132231404967,126.95337078843188,0,3,0,0,0,0,55.0,안전
37.53222062522466,126.95337078843188,0,0,0,0,0,0,40.0,위험
37.53311893639965,126.95337078843188,0,0,0,0,0,0,40.0,위험
37.534017247574646,126.95337078843188,0,0,0,0,0,0,40.0,위험
37.53491555874964,126.95337078843188,0,0,0,0,0,0,40.0,위험
37.53581386992463,126.95337078843188,0,0,0,0,0,0,40.0,위험
37.49,126.95450323656618,4,0,0,0,0,0,60.0,안전
37.490898311174995,126.95450323656618,4,0,1,0,0,0,63.0,안전
37.49179662234999,126.95450323656618,0,0,3,0,0,0,49.0,보통
37.49269493352498,126.95450323656618,0,0,3,1,0,0,54.0,안전
37.49359324469997,126.95450323656618,0,0,3,2,0,0,59.0,안전
37.494491555874966,126.95450323656618,0,0,3,2,0,0,59.0,안전
37.49538986704996,126.95450323656618,0,0,3,2,1,0,56.0,안전
37.49628817822495,126.95450323656618,0,0,0,2,1,0,47.0,보통
37.497186489399944,126.95450323656618,0,0,3,1,0,0,54.0,안전
37.49808480057494,126.95450323656618,0,0,3,0,0,0,49.0,보통
37.49898311174993,126.95450323656618,0,0,0,0,0,0,40.0,위험
37.49988142292492,126.95450323656618,0,0,0,0,0,0,40.0,위험
37.500779734099915,126.95450323656618,0,0,0,0,0,0,40.0,위험
37.50167804527491,126.95450323656618,0,0,0,0,0,0,40.0,위험
37.5025763564499,126.95450323656618,0,0,0,0,0,0,40.0,위험
37.50347466762489,126.95450323656618,0,0,3,0,0,0,49.0,보통
37.504372978799886,126.95450323656618,0,0,0,0,0,0,40.0,위험
37.50527128997488,126.95450323656618,0,0,3,0,0,0,49.0,보통
37.50616960114987,126.95450323656618,0,0,3,0,0,0,49.0,보통
37.507067912324864,126.95450323656618,0,0,3,0,0,0,49.0,보통
37.50796622349986,126.95450323656618,0,0,1,0,0,0,43.0,보통
37.50886453467485,126.95450323656618,0,0,3,0,0,0,49.0,보통
37.50976284584984,126.95450323656618,0,0,3,0,0,0,49.0,보통
37.510661157024835,126.95450323656618,0,0,3,1,0,0,54.0,안전
37.51155946819983,126.95450323656618,0,0,3,2,0,0,59.0,안전
37.51245777937482,126.95450323656618,0,0,3,2,0,0,59.0,안전
37.51335609054981,126.95450323656618,0,0,0,1,0,1,55.0,안전
37.514254401724806,126.95450323656618,0,3,0,0,0,1,65.0,안전
37.5151527128998,126.95450323656618,0,3,0,0,0,1,65.0,안전
37.51605102407479,126.95450323656618,0,0,0,0,0,1,50.0,보통
37.516949335249784,126.95450323656618,0,0,0,0,0,0,40.0,위험
37.51784764642478,126.95450323656618,0,0,0,0,0,0,40.0,위험
37.51874595759977,126.95450323656618,0,0,0,0,0,0,40.0,위험
37.51964426877476,126.95450323656618,0,0,0,0,0,0,40.0,위험
37.520542579949755,126.95450323656618,0,0,0,0,0,0,40.0,위험
37.52144089112475,126.95450323656618,0,0,0,0,0,0,40.0,위험
37.52233920229974,126.95450323656618,0,0,0,0,0,0,40.0,위험
37.52323751347473,126.95450323656618,0,0,0,0,0,0,40.0,위험
37.524135824649726,126.95450323656618,0,3,0,0,0,0,55.0,안전
37.52503413582472,126.95450323656618,0,3,0,0,0,0,55.0,안전
37.52593244699971,126.95450323656618,0,3,0,1,0,0,60.0,안전
37.526830758174704,126.95450323656618,0,0,0,2,0,0,50.0,보통
37.5277290693497,126.95450323656618,0,0,0,1,0,0,45.0,보통
37.52862738052469,126.95450323656618,0,0,0,1,0,0,45.0,보통
37.52952569169968,126.95450323656618,0,0,0,0,0,0,40.0,위험
37.530424002874675,126.95450323656618,0,0,0,0,0,0,40.0,위험
37.53132231404967,126.95450323656618,0,3,0,1,0,0,60.0,안전
37.53222062522466,126.95450323656618,0,3,0,0,0,0,55.0,안전
37.53311893639965,126.95450323656618,0,0,0,1,0,0,45.0,보통
37.534017247574646,126.95450323656618,0,0,0,1,0,0,45.0,보통
37.53491555874964,126.95450323656618,0,0,0,0,0,0,40.0,위험
37.53581386992463,126.95450323656618,0,0,0,0,0,0,40.0,위험
37.49,126.95563568470048,4,0,0,0,0,0,60.0,안전
37.490898311174995,126.95563568470048,4,0,0,1,0,0,65.0,안전
37.49179662234999,126.95563568470048,3,0,3,0,0,0,64.0,안전
37.49269493352498,126.95563568470048,0,0,3,0,0,0,49.0,보통
37.49359324469997,126.95563568470048,0,0,3,1,0,0,54.0,안전
37.494491555874966,126.95563568470048,0,0,3,2,0,0,59.0,안전
37.49538986704996,126.95563568470048,0,0,3,2,0,0,59.0,안전
37.49628817822495,126.95563568470048,0,0,0,2,0,0,50.0,보통
37.497186489399944,126.95563568470048,0,0,3,1,0,0,54.0,안전
37.49808480057494,126.95563568470048,0,0,3,0,0,0,49.0,보통
37.49898311174993,126.95563568470048,0,0,0,0,0,0,40.0,위험
37.49988142292492,126.95563568470048,0,0,0,0,0,0,40.0,위험
37.500779734099915,126.95563568470048,0,0,0,0,0,0,40.0,위험
37.50167804527491,126.95563568470048,0,0,0,0,0,0,40.0,위험
37.5025763564499,126.95563568470048,0,0,0,1,0,0,45.0,보통
37.50347466762489,126.95563568470048,0,0,0,1,0,0,45.0,보통
37.504372978799886,126.95563568470048,0,0,0,2,0,0,50.0,보통
37.50527128997488,126.95563568470048,0,0,3,2,0,0,59.0,안전
37.50616960114987,126.95563568470048,0,0,3,1,0,0,54.0,안전
37.507067912324864,126.95563568470048,0,0,3,0,0,0,49.0,보통
37.50796622349986,126.95563568470048,0,0,3,0,0,0,49.0,보통
37.50886453467485,126.95563568470048,0,0,3,0,0,0,49.0,보통
37.50976284584984,126.95563568470048,0,0,3,0,0,0,49.0,보통
37.510661157024835,126.95563568470048,0,0,3,0,0,0,49.0,보통
37.51155946819983,126.95563568470048,0,0,3,1,0,0,54.0,안전
37.51245777937482,126.95563568470048,0,0,3,1,0,0,54.0,안전
37.51335609054981,126.95563568470048,0,3,3,0,0,0,64.0,안전
37.514254401724806,126.95563568470048,0,3,0,0,0,0,55.0,안전
37.5151527128998,126.95563568470048,0,3,0,0,0,0,55.0,안전
37.51605102407479,126.95563568470048,0,0,0,0,0,0,40.0,위험
37.516949335249784,126.95563568470048,0,0,0,0,0,0,40.0,위험
37.51784764642478,126.95563568470048,0,0,0,0,0,0,40.0,위험
37.51874595759977,126.95563568470048,0,0,0,0,0,0,40.0,위험
37.51964426877476,126.95563568470048,0,0,0,0,0,0,40.0,위험
37.520542579949755,126.95563568470048,0,0,0,0,0,0,40.0,위험
37.52144089112475,126.95563568470048,0,0,0,0,0,0,40.0,위험
37.52233920229974,126.95563568470048,0,0,0,0,0,0,40.0,위험
37.52323751347473,126.95563568470048,0,3,0,0,0,0,55.0,안전
37.524135824649726,126.95563568470048,0,3,0,0,0,0,55.0,안전
37.52503413582472,126.95563568470048,0,3,0,1,0,0,60.0,안전
37.52593244699971,126.95563568470048,0,0,0,2,0,0,50.0,보통
37.526830758174704,126.95563568470048,0,0,0,2,0,0,50.0,보통
37.5277290693497,126.95563568470048,0,0,0,1,0,0,45.0,보통
37.52862738052469,126.95563568470048,0,0,0,0,0,0,40.0,위험
37.52952569169968,126.95563568470048,0,0,0,0,0,0,40.0,위험
37.530424002874675,126.95563568470048,0,0,0,0,0,0,40.0,위험
37.53132231404967,126.95563568470048,0,0,0,2,0,0,50.0,보통
37.53222062522466,126.95563568470048,0,3,0,2,0,0,65.0,안전
37.53311893639965,126.95563568470048,0,3,0,1,0,0,60.0,안전
37.534017247574646,126.95563568470048,0,0,0,1,0,0,45.0,보통
37.53491555874964,126.95563568470048,0,0,0,0,0,0,40.0,위험
37.53581386992463,126.95563568470048,0,0,0,0,0,0,40.0,위험
37.49,126.95676813283478,2,0,0,0,0,0,50.0,보통
37.490898311174995,126.95676813283478,4,0,0,1,0,0,65.0,안전
37.49179662234999,126.95676813283478,3,0,0,1,0,0,60.0,안전
37.49269493352498,126.95676813283478,0,0,2,1,0,0,51.0,보통
37.49359324469997,126.95676813283478,0,0,3,1,0,0,54.0,안전
37.494491555874966,126.95676813283478,0,0,3,2,0,0,59.0,안전
37.49538986704996,126.95676813283478,0,0,3,2,0,0,59.0,안전
37.49628817822495,126.95676813283478,0,0,0,2,0,0,50.0,보통
37.497186489399944,126.95676813283478,0,0,0,1,0,0,45.0,보통
37.49808480057494,126.95676813283478,0,0,3,0,0,0,49.0,보통
37.49898311174993,126.95676813283478,0,0,0,0,0,0,40.0,위험
37.49988142292492,126.95676813283478,0,0,0,0,0,0,40.0,위험
37.500779734099915,126.95676813283478,0,0,0,0,0,0,40.0,위험
37.50167804527491,126.95676813283478,0,0,0,1,0,0,45.0,보통
37.5025763564499,126.95676813283478,0,0,0,2,0,0,50.0,보통
37.50347466762489,126.95676813283478,0,0,0,2,0,0,50.0,보통
37.504372978799886,126.95676813283478,0,0,0,2,0,0,50.0,보통
37.50527128997488,126.95676813283478,0,0,3,1,0,0,54.0,안전
37.50616960114987,126.95676813283478,0,0,3,1,0,0,54.0,안전
37.507067912324864,126.95676813283478,0,0,3,0,0,0,49.0,보통
37.50796622349986,126.95676813283478,0,0,3,1,0,0,54.0,안전
37.50886453467485,126.95676813283478,0,0,3,1,0,0,54.0,안전
37.50976284584984,126.95676813283478,0,0,3,0,0,0,49.0,보통
37.510661157024835,126.95676813283478,0,0,3,0,0,0,49.0,보통
37.51155946819983,126.95676813283478,0,0,3,0,0,0,49.0,보통
37.51245777937482,126.95676813283478,0,3,3,0,0,0,64.0,안전
37.51335609054981,126.95676813283478,0,3,3,0,0,0,64.0,안전
37.514254401724806,126.95676813283478,0,3,1,0,0,0,58.0,안전
37.5151527128998,126.95676813283478,0,3,0,0,0,0,55.0,안전
37.51605102407479,126.95676813283478,0,3,0,0,0,0,55.0,안전
37.516949335249784,126.95676813283478,0,0,0,0,0,0,40.0,위험
37.51784764642478,126.95676813283478,0,0,0,0,0,0,40.0,위험
37.51874595759977,126.95676813283478,0,0,0,0,0,0,40.0,위험
37.51964426877476,126.95676813283478,0,0,0,0,0,0,40.0,위험
37.520542579949755,126.95676813283478,0,0,0,0,0,0,40.0,위험
37.52144089112475,126.95676813283478,0,0,0,0,0,0,40.0,위험
37.52233920229974,126.95676813283478,0,3,0,0,0,0,55.0,안전
37.52323751347473,126.95676813283478,0,3,0,0,0,0,55.0,안전
37.524135824649726,126.95676813283478,0,2,0,0,0,0,50.0,보통
37.52503413582472,126.95676813283478,0,0,0,1,0,0,45.0,보통
37.52593244699971,126.95676813283478,0,0,0,0,0,0,40.0,위험
37.526830758174704,126.95676813283478,0,0,0,0,0,0,40.0,위험
37.5277290693497,126.95676813283478,0,0,0,0,0,0,40.0,위험
37.52862738052469,126.95676813283478,0,0,0,0,0,0,40.0,위험
37.52952569169968,126.95676813283478,0,0,0,0,0,0,40.0,위험
37.530424002874675,126.95676813283478,0,0,0,0,0,0,40.0,위험
37.53132231404967,126.95676813283478,0,0,0,2,0,0,50.0,보통
37.53222062522466,126.95676813283478,0,1,0,2,0,0,55.0,안전
37.53311893639965,126.95676813283478,0,3,0,1,0,0,60.0,안전
37.534017247574646,126.95676813283478,0,0,0,1,0,1,55.0,안전
37.53491555874964,126.95676813283478,0,0,0,0,0,1,50.0,보통
37.53581386992463,126.95676813283478,0,0,0,0,0,1,50.0,보통
37.49,126.95790058096908,4,0,0,0,0,0,60.0,안전
37.490898311174995,126.95790058096908,4,0,0,0,0,0,60.0,안전
37.49179662234999,126.95790058096908,2,0,0,0,0,0,50.0,보통
37.49269493352498,126.95790058096908,0,0,0,0,0,0,40.0,위험
37.49359324469997,126.95790058096908,0,0,0,1,0,0,45.0,보통
37.494491555874966,126.95790058096908,0,0,3,2,0,0,59.0,안전
37.49538986704996,126.95790058096908,0,0,0,1,0,0,45.0,보통
37.49628817822495,126.95790058096908,0,0,0,2,0,0,50.0,보통
37.497186489399944,126.95790058096908,0,0,3,2,0,0,59.0,안전
37.49808480057494,126.95790058096908,0,0,3,0,0,0,49.0,보통
37.49898311174993,126.95790058096908,0,0,0,0,0,0,40.0,위험
37.49988142292492,126.95790058096908,0,0,0,0,0,0,40.0,위험
37.500779734099915,126.95790058096908,0,0,0,0,0,0,40.0,위험
37.50167804527491,126.95790058096908,0,0,0,0,0,0,40.0,위험
37.5025763564499,126.95790058096908,0,0,0,1,0,0,45.0,보통
37.50347466762489,126.95790058096908,0,0,0,0,0,0,40.0,위험
37.504372978799886,126.95790058096908,0,0,0,0,0,0,40.0,위험
37.50527128997488,126.95790058096908,0,0,0,0,0,0,40.0,위험
37.50616960114987,126.95790058096908,0,0,0,0,0,0,40.0,위험
37.507067912324864,126.95790058096908,0,0,3,1,0,0,54.0,안전
37.50796622349986,126.95790058096908,0,0,3,0,0,1,59.0,안전
37.50886453467485,126.95790058096908,0,0,3,0,0,1,59.0,안전
37.50976284584984,126.95790058096908,0,0,3,0,0,1,59.0,안전
37.510661157024835,126.95790058096908,0,0,3,0,0,1,59.0,안전
37.51155946819983,126.95790058096908,0,0,3,0,0,0,49.0,보통
37.51245777937482,126.95790058096908,0,2,0,0,0,0,50.0,보통
37.51335609054981,126.95790058096908,0,3,0,0,0,0,55.0,안전
37.514254401724806,126.95790058096908,0,3,0,0,0,0,55.0,안전
37.5151527128998,126.95790058096908,0,3,0,0,0,0,55.0,안전
37.51605102407479,126.95790058096908,0,3,0,0,0,0,55.0,안전
37.516949335249784,126.95790058096908,0,3,0,0,0,0,55.0,안전
37.51784764642478,126.95790058096908,0,3,0,0,0,0,55.0,안전
37.51874595759977,126.95790058096908,0,0,0,0,0,0,40.0,위험
37.51964426877476,126.95790058096908,0,0,0,0,0,0,40.0,위험
37.520542579949755,126.95790058096908,0,0,0,0,0,0,40.0,위험
37.52144089112475,126.95790058096908,0,0,0,0,0,0,40.0,위험
37.52233920229974,126.95790058096908,0,3,0,0,0,0,55.0,안전
37.52323751347473,126.95790058096908,0,3,0,1,0,0,60.0,안전
37.524135824649726,126.95790058096908,0,0,0,0,0,0,40.0,위험
37.52503413582472,126.95790058096908,0,0,0,0,0,0,40.0,위험
37.52593244699971,126.95790058096908,0,0,0,0,0,0,40.0,위험
37.526830758174704,126.95790058096908,0,0,0,0,0,0,40.0,위험
37.5277290693497,126.95790058096908,0,0,0,0,0,0,40.0,위험
37.52862738052469,126.95790058096908,0,0,0,0,0,0,40.0,위험
37.52952569169968,126.95790058096908,0,0,0,0,0,0,40.0,위험
37.530424002874675,126.95790058096908,0,0,0,0,0,0,40.0,위험
37.53132231404967,126.95790058096908,0,0,0,0,0,0,40.0,위험
37.53222062522466,126.95790058096908,0,0,0,0,0,0,40.0,위험
37.53311893639965,126.95790058096908,0,0,0,1,0,1,55.0,안전
37.534017247574646,126.95790058096908,0,0,0,1,1,1,52.0,보통
37.53491555874964,126.95790058096908,0,0,0,1,1,1,52.0,보통
37.53581386992463,126.95790058096908,0,0,0,0,0,1,50.0,보통
37.49,126.95903302910338,4,0,0,0,0,0,60.0,안전
37.490898311174995,126.95903302910338,4,0,0,0,0,0,60.0,안전
37.49179662234999,126.95903302910338,4,0,0,1,0,0,65.0,안전
37.49269493352498,126.95903302910338,4,0,0,0,0,0,60.0,안전
37.49359324469997,126.95903302910338,0,0,0,0,0,0,40.0,위험
37.494491555874966,126.95903302910338,0,0,3,1,0,0,54.0,안전
37.49538986704996,126.95903302910338,0,0,0,2,0,0,50.0,보통
37.49628817822495,126.95903302910338,0,0,3,2,0,0,59.0,안전
37.497186489399944,126.95903302910338,0,0,3,2,0,0,59.0,안전
37.49808480057494,126.95903302910338,0,0,3,0,0,0,49.0,보통
37.49898311174993,126.95903302910338,0,0,2,0,0,0,46.0,보통
37.49988142292492,126.95903302910338,0,0,2,0,0,0,46.0,보통
37.500779734099915,126.95903302910338,0,0,3,0,0,0,49.0,보통
37.50167804527491,126.95903302910338,0,0,3,0,0,0,49.0,보통
37.5025763564499,126.95903302910338,0,0,0,0,0,0,40.0,위험
37.50347466762489,126.95903302910338,0,0,0,0,0,0,40.0,위험
37.504372978799886,126.95903302910338,0,0,0,0,0,0,40.0,위험
37.50527128997488,126.95903302910338,0,0,0,0,0,0,40.0,위험
37.50616960114987,126.95903302910338,0,0,3,0,0,0,49.0,보통
37.507067912324864,126.95903302910338,0,0,3,2,0,1,69.0,안전
37.50796622349986,126.95903302910338,0,0,3,2,0,1,69.0,안전
37.50886453467485,126.95903302910338,0,0,3,0,0,1,59.0,안전
37.50976284584984,126.95903302910338,0,0,3,0,0,1,59.0,안전
37.510661157024835,126.95903302910338,0,0,2,0,0,1,56.0,안전
37.51155946819983,126.95903302910338,0,0,0,0,0,1,50.0,보통
37.51245777937482,126.95903302910338,0,3,0,0,0,0,55.0,안전
37.51335609054981,126.95903302910338,0,3,0,0,0,0,55.0,안전
37.514254401724806,126.95903302910338,0,0,0,0,0,0,40.0,위험
37.5151527128998,126.95903302910338,0,0,0,0,0,0,40.0,위험
37.51605102407479,126.95903302910338,0,2,0,0,0,0,50.0,보통
37.516949335249784,126.95903302910338,0,3,0,0,0,0,55.0,안전
37.51784764642478,126.95903302910338,0,3,0,0,0,0,55.0,안전
37.51874595759977,126.95903302910338,0,3,0,0,0,0,55.0,안전
37.51964426877476,126.95903302910338,0,2,0,0,0,0,50.0,보통
37.520542579949755,126.95903302910338,0,0,0,0,0,0,40.0,위험
37.52144089112475,126.95903302910338,0,1,0,0,0,0,45.0,보통
37.52233920229974,126.95903302910338,0,3,0,0,0,0,55.0,안전
37.52323751347473,126.95903302910338,0,1,0,2,0,0,55.0,안전
37.524135824649726,126.95903302910338,0,0,0,2,0,0,50.0,보통
37.52503413582472,126.95903302910338,0,0,0,0,0,0,40.0,위험
37.52593244699971,126.95903302910338,0,0,0,0,0,0,40.0,위험
37.526830758174704,126.95903302910338,0,0,0,0,0,0,40.0,위험
37.5277290693497,126.95903302910338,0,0,0,0,0,0,40.0,위험
37.52862738052469,126.95903302910338,0,0,0,0,0,0,40.0,위험
37.52952569169968,126.95903302910338,0,0,0,0,0,0,40.0,위험
37.530424002874675,126.95903302910338,0,0,0,0,0,0,40.0,위험
37.53132231404967,126.95903302910338,0,0,0,0,0,0,40.0,위험
37.53222062522466,126.95903302910338,0,0,0,1,0,1,55.0,안전
37.53311893639965,126.95903302910338,0,0,0,1,0,1,55.0,안전
37.534017247574646,126.95903302910338,0,0,0,1,1,1,52.0,보통
37.53491555874964,126.95903302910338,0,0,0,1,1,1,52.0,보통
37.53581386992463,126.95903302910338,0,0,0,0,0,1,50.0,보통
37.49,126.96016547723768,4,0,0,0,0,0,60.0,안전
37.490898311174995,126.96016547723768,4,0,0,0,0,0,60.0,안전
37.49179662234999,126.96016547723768,4,0,0,1,0,0,65.0,안전
37.49269493352498,126.96016547723768,2,0,0,0,0,0,50.0,보통
37.49359324469997,126.96016547723768,0,0,3,0,0,0,49.0,보통
37.494491555874966,126.96016547723768,0,0,3,2,0,0,59.0,안전
37.49538986704996,126.96016547723768,0,0,3,2,0,0,59.0,안전
37.49628817822495,126.96016547723768,0,0,3,0,0,0,49.0,보통
37.497186489399944,126.96016547723768,0,0,0,0,0,0,40.0,위험
37.49808480057494,126.96016547723768,0,0,0,0,0,0,40.0,위험
37.49898311174993,126.96016547723768,0,0,3,0,0,0,49.0,보통
37.49988142292492,126.96016547723768,0,0,3,0,0,0,49.0,보통
37.500779734099915,126.96016547723768,0,0,3,0,0,0,49.0,보통
37.50167804527491,126.96016547723768,0,0,3,1,0,0,54.0,안전
37.5025763564499,126.96016547723768,0,0,0,1,0,0,45.0,보통
37.50347466762489,126.96016547723768,0,0,1,1,0,0,48.0,보통
37.504372978799886,126.96016547723768,0,0,0,1,0,0,45.0,보통
37.50527128997488,126.96016547723768,0,0,0,0,0,0,40.0,위험
37.50616960114987,126.96016547723768,0,0,3,0,0,0,49.0,보통
37.507067912324864,126.96016547723768,0,0,3,2,0,1,69.0,안전
37.50796622349986,126.96016547723768,0,0,3,2,0,1,69.0,안전
37.50886453467485,126.96016547723768,0,0,3,0,0,1,59.0,안전
37.50976284584984,126.96016547723768,0,0,3,1,0,1,64.0,안전
37.510661157024835,126.96016547723768,0,0,2,1,0,1,61.0,안전
37.51155946819983,126.96016547723768,0,0,3,0,0,1,59.0,안전
37.51245777937482,126.96016547723768,0,3,0,0,0,0,55.0,안전
37.51335609054981,126.96016547723768,0,3,0,0,0,0,55.0,안전
37.514254401724806,126.96016547723768,0,0,0,0,0,0,40.0,위험
37.5151527128998,126.96016547723768,0,0,0,0,0,0,40.0,위험
37.51605102407479,126.96016547723768,0,0,0,0,0,0,40.0,위험
37.516949335249784,126.96016547723768,0,0,0,0,0,0,40.0,위험
37.51784764642478,126.96016547723768,0,3,0,0,0,0,55.0,안전
37.51874595759977,126.96016547723768,0,3,0,0,0,1,65.0,안전
37.51964426877476,126.96016547723768,0,3,0,0,0,1,65.0,안전
37.520542579949755,126.96016547723768,0,3,0,0,0,1,65.0,안전
37.52144089112475,126.96016547723768,0,3,0,0,0,1,65.0,안전
37.52233920229974,126.96016547723768,0,3,0,0,0,0,55.0,안전
37.52323751347473,126.96016547723768,0,0,0,0,0,0,40.0,위험
37.524135824649726,126.96016547723768,0,0,0,0,0,0,40.0,위험
37.52503413582472,126.96016547723768,0,0,0,1,0,0,45.0,보통
37.52593244699971,126.96016547723768,0,0,0,0,0,0,40.0,위험
37.526830758174704,126.96016547723768,0,0,0,0,0,0,40.0,위험
37.5277290693497,126.96016547723768,0,0,0,0,0,0,40.0,위험
37.52862738052469,126.96016547723768,0,0,0,0,0,0,40.0,위험
37.52952569169968,126.96016547723768,0,0,0,0,0,0,40.0,위험
37.530424002874675,126.96016547723768,0,0,0,0,0,0,40.0,위험
37.53132231404967,126.96016547723768,0,0,0,0,0,0,40.0,위험
37.53222062522466,126.96016547723768,0,0,0,1,0,0,45.0,보통
37.53311893639965,126.96016547723768,0,0,0,1,0,1,55.0,안전
37.534017247574646,126.96016547723768,0,0,0,1,0,1,55.0,안전
37.53491555874964,126.96016547723768,0,0,0,1,0,1,55.0,안전
37.53581386992463,126.96016547723768,0,0,0,0,0,1,50.0,보통
37.49,126.96129792537198,3,0,3,0,0,0,64.0,안전
37.490898311174995,126.96129792537198,0,0,0,0,0,0,40.0,위험
37.49179662234999,126.96129792537198,0,0,0,0,0,0,40.0,위험
37.49269493352498,126.96129792537198,0,0,3,0,0,0,49.0,보통
37.49359324469997,126.96129792537198,0,0,3,0,0,0,49.0,보통
37.494491555874966,126.96129792537198,0,0,3,1,0,0,54.0,안전
37.49538986704996,126.96129792537198,0,0,3,0,0,0,49.0,보통
37.49628817822495,126.96129792537198,0,0,1,0,0,0,43.0,보통
37.497186489399944,126.96129792537198,0,0,0,0,0,0,40.0,위험
37.49808480057494,126.96129792537198,0,0,0,0,0,0,40.0,위험
37.49898311174993,126.96129792537198,0,0,0,0,0,0,40.0,위험
37.49988142292492,126.96129792537198,0,0,0,0,0,0,40.0,위험
37.500779734099915,126.96129792537198,0,0,0,0,0,0,40.0,위험
37.50167804527491,126.96129792537198,0,0,0,0,0,0,40.0,위험
37.5025763564499,126.96129792537198,0,0,0,1,0,0,45.0,보통
37.50347466762489,126.96129792537198,0,0,2,1,0,0,51.0,보통
37.504372978799886,126.96129792537198,0,0,0,1,0,0,45.0,보통
37.50527128997488,126.96129792537198,0,0,1,0,0,0,43.0,보통
37.50616960114987,126.96129792537198,0,0,1,1,0,0,48.0,보통
37.507067912324864,126.96129792537198,0,0,2,2,0,1,66.0,안전
37.50796622349986,126.96129792537198,0,0,3,1,0,1,64.0,안전
37.50886453467485,126.96129792537198,0,0,3,1,0,1,64.0,안전
37.50976284584984,126.96129792537198,0,0,0,0,0,1,50.0,보통
37.510661157024835,126.96129792537198,0,0,0,0,0,1,50.0,보통
37.51155946819983,126.96129792537198,0,3,2,0,0,1,71.0,안전
37.51245777937482,126.96129792537198,0,3,0,0,0,0,55.0,안전
37.51335609054981,126.96129792537198,0,0,0,0,0,0,40.0,위험
37.514254401724806,126.96129792537198,0,0,0,0,0,0,40.0,위험
37.5151527128998,126.96129792537198,0,0,0,0,0,0,40.0,위험
37.51605102407479,126.96129792537198,0,0,0,0,0,0,40.0,위험
37.516949335249784,126.96129792537198,0,0,0,0,0,0,40.0,위험
37.51784764642478,126.96129792537198,0,0,0,0,0,0,40.0,위험
37.51874595759977,126.96129792537198,0,0,0,0,0,1,50.0,보통
37.51964426877476,126.96129792537198,0,1,0,0,0,1,55.0,안전
37.520542579949755,126.96129792537198,0,3,0,0,0,1,65.0,안전
37.52144089112475,126.96129792537198,0,3,0,0,0,1,65.0,안전
37.52233920229974,126.96129792537198,0,3,0,0,0,1,65.0,안전
37.52323751347473,126.96129792537198,0,0,0,0,0,0,40.0,위험
37.524135824649726,126.96129792537198,0,0,0,0,0,0,40.0,위험
37.52503413582472,126.96129792537198,0,0,0,1,0,0,45.0,보통
37.52593244699971,126.96129792537198,0,0,0,1,0,0,45.0,보통
37.526830758174704,126.96129792537198,0,0,0,0,0,0,40.0,위험
37.5277290693497,126.96129792537198,0,0,0,0,0,0,40.0,위험
37.52862738052469,126.96129792537198,0,0,0,0,0,0,40.0,위험
37.52952569169968,126.96129792537198,0,0,0,0,0,0,40.0,위험
37.530424002874675,126.96129792537198,0,0,0,0,0,0,40.0,위험
37.53132231404967,126.96129792537198,0,0,0,0,0,0,40.0,위험
37.53222062522466,126.96129792537198,0,0,0,0,0,0,40.0,위험
37.53311893639965,126.96129792537198,0,0,0,0,0,1,50.0,보통
37.534017247574646,126.96129792537198,0,0,0,1,0,1,55.0,안전
37.53491555874964,126.96129792537198,0,0,0,2,0,1,60.0,안전
37.53581386992463,126.96129792537198,0,0,0,0,0,1,50.0,보통
37.49,126.96243037350628,0,0,3,0,0,0,49.0,보통
37.490898311174995,126.96243037350628,0,0,0,0,0,0,40.0,위험
37.49179662234999,126.96243037350628,0,0,2,1,0,0,51.0,보통
37.49269493352498,126.96243037350628,0,0,0,1,0,0,45.0,보통
37.49359324469997,126.96243037350628,0,0,3,0,0,0,49.0,보통
37.494491555874966,126.96243037350628,0,0,3,0,0,0,49.0,보통
37.49538986704996,126.96243037350628,0,0,1,0,0,0,43.0,보통
37.49628817822495,126.96243037350628,0,0,0,0,0,0,40.0,위험
37.497186489399944,126.96243037350628,0,0,0,0,0,0,40.0,위험
37.49808480057494,126.96243037350628,0,0,0,0,0,0,40.0,위험
37.49898311174993,126.96243037350628,0,0,0,0,0,0,40.0,위험
37.49988142292492,126.96243037350628,0,0,1,0,0,0,43.0,보통
37.500779734099915,126.96243037350628,0,0,3,0,0,0,49.0,보통
37.50167804527491,126.96243037350628,0,0,0,0,0,0,40.0,위험
37.5025763564499,126.96243037350628,0,0,0,1,0,0,45.0,보통
37.50347466762489,126.96243037350628,0,0,0,0,0,0,40.0,위험
37.504372978799886,126.96243037350628,0,0,0,0,0,0,40.0,위험
37.50527128997488,126.96243037350628,0,0,0,0,0,0,40.0,위험
37.50616960114987,126.96243037350628,0,0,3,1,0,0,54.0,안전
37.507067912324864,126.96243037350628,0,0,3,1,0,0,54.0,안전
37.50796622349986,126.96243037350628,0,0,3,1,0,1,64.0,안전
37.50886453467485,126.96243037350628,0,0,3,1,0,1,64.0,안전
37.50976284584984,126.96243037350628,0,0,2,0,0,1,56.0,안전
37.510661157024835,126.96243037350628,0,3,0,0,0,1,65.0,안전
37.51155946819983,126.96243037350628,0,3,0,0,0,0,55.0,안전
37.51245777937482,126.96243037350628,0,1,0,0,0,0,45.0,보통
37.51335609054981,126.96243037350628,0,0,0,0,0,0,40.0,위험
37.514254401724806,126.96243037350628,0,0,0,0,0,0,40.0,위험
37.5151527128998,126.96243037350628,0,0,0,0,0,0,40.0,위험
37.51605102407479,126.96243037350628,0,0,0,0,0,0,40.0,위험
37.516949335249784,126.96243037350628,0,0,0,0,0,0,40.0,위험
37.51784764642478,126.96243037350628,0,0,0,0,0,1,50.0,보통
37.51874595759977,126.96243037350628,0,0,0,0,0,1,50.0,보통
37.51964426877476,126.96243037350628,0,0,0,0,0,1,50.0,보통
37.520542579949755,126.96243037350628,0,3,0,0,0,1,65.0,안전
37.52144089112475,126.96243037350628,0,3,0,0,0,1,65.0,안전
37.52233920229974,126.96243037350628,0,3,0,0,0,1,65.0,안전
37.52323751347473,126.96243037350628,0,0,0,1,0,0,45.0,보통
37.524135824649726,126.96243037350628,0,0,0,2,0,0,50.0,보통
37.52503413582472,126.96243037350628,0,0,0,0,1,0,37.0,위험
37.52593244699971,126.96243037350628,0,0,0,0,0,0,40.0,위험
37.526830758174704,126.96243037350628,0,0,0,1,0,0,45.0,보통
37.5277290693497,126.96243037350628,0,0,0,0,0,0,40.0,위험
37.52862738052469,126.96243037350628,0,0,0,0,0,0,40.0,위험
37.52952569169968,126.96243037350628,0,0,0,0,0,0,40.0,위험
37.530424002874675,126.96243037350628,0,0,0,0,0,0,40.0,위험
37.53132231404967,126.96243037350628,0,0,0,1,0,0,45.0,보통
37.53222062522466,126.96243037350628,0,0,0,1,0,0,45.0,보통
37.53311893639965,126.96243037350628,0,0,0,0,0,0,40.0,위험
37.534017247574646,126.96243037350628,0,0,0,1,1,1,52.0,보통
37.53491555874964,126.96243037350628,0,0,0,2,1,1,57.0,안전
37.53581386992463,126.96243037350628,0,0,0,0,0,1,50.0,보통
37.49,126.96356282164058,0,0,3,1,0,0,54.0,안전
37.490898311174995,126.96356282164058,0,0,3,1,0,0,54.0,안전
37.49179662234999,126.96356282164058,0,0,3,0,0,0,49.0,보통
37.49269493352498,126.96356282164058,0,0,1,1,0,0,48.0,보통
37.49359324469997,126.96356282164058,0,0,0,0,0,0,40.0,위험
37.494491555874966,126.96356282164058,0,0,0,0,0,0,40.0,위험
37.49538986704996,126.96356282164058,0,0,0,0,0,0,40.0,위험
37.49628817822495,126.96356282164058,0,0,0,0,0,0,40.0,위험
37.497186489399944,126.96356282164058,0,0,0,0,0,0,40.0,위험
37.49808480057494,126.96356282164058,0,0,0,0,0,0,40.0,위험
37.49898311174993,126.96356282164058,0,0,0,0,0,0,40.0,위험
37.49988142292492,126.96356282164058,0,0,0,0,0,0,40.0,위험
37.500779734099915,126.96356282164058,0,0,3,0,0,0,49.0,보통
37.50167804527491,126.96356282164058,0,0,3,0,0,0,49.0,보통
37.5025763564499,126.96356282164058,0,0,0,0,0,0,40.0,위험
37.50347466762489,126.96356282164058,0,0,0,0,0,0,40.0,위험
37.504372978799886,126.96356282164058,0,0,0,0,0,0,40.0,위험
37.50527128997488,126.96356282164058,0,0,0,0,0,0,40.0,위험
37.50616960114987,126.96356282164058,0,0,3,0,0,0,49.0,보통
37.507067912324864,126.96356282164058,0,0,3,0,0,0,49.0,보통
37.50796622349986,126.96356282164058,0,0,3,1,0,0,54.0,안전
37.50886453467485,126.96356282164058,0,0,3,1,0,0,54.0,안전
37.50976284584984,126.96356282164058,0,1,1,1,0,0,53.0,보통
37.510661157024835,126.96356282164058,0,3,0,0,0,0,55.0,안전
37.51155946819983,126.96356282164058,0,3,0,0,0,0,55.0,안전
37.51245777937482,126.96356282164058,0,0,0,0,0,0,40.0,위험
37.51335609054981,126.96356282164058,0,0,0,0,0,0,40.0,위험
37.514254401724806,126.96356282164058,0,0,0,0,0,0,40.0,위험
37.5151527128998,126.96356282164058,0,0,0,0,0,0,40.0,위험
37.51605102407479,126.96356282164058,0,0,0,0,0,0,40.0,위험
37.516949335249784,126.96356282164058,0,0,0,0,0,0,40.0,위험
37.51784764642478,126.96356282164058,0,0,0,0,0,0,40.0,위험
37.51874595759977,126.96356282164058,0,0,0,0,0,1,50.0,보통
37.51964426877476,126.96356282164058,0,0,0,0,0,1,50.0,보통
37.520542579949755,126.96356282164058,0,3,0,0,0,1,65.0,안전
37.52144089112475,126.96356282164058,0,3,0,0,0,1,65.0,안전
37.52233920229974,126.96356282164058,0,0,0,0,0,1,50.0,보통
37.52323751347473,126.96356282164058,0,0,0,2,0,0,50.0,보통
37.524135824649726,126.96356282164058,0,0,0,2,0,0,50.0,보통
37.52503413582472,126.96356282164058,0,0,0,2,1,0,47.0,보통
37.52593244699971,126.96356282164058,0,0,0,2,2,0,44.0,보통
37.526830758174704,126.96356282164058,0,0,0,2,0,0,50.0,보통
37.5277290693497,126.96356282164058,0,0,0,1,0,0,45.0,보통
37.52862738052469,126.96356282164058,0,0,0,0,0,0,40.0,위험
37.52952569169968,126.96356282164058,0,0,0,1,0,0,45.0,보통
37.530424002874675,126.96356282164058,0,0,0,1,0,0,45.0,보통
37.53132231404967,126.96356282164058,0,0,0,1,0,0,45.0,보통
37.53222062522466,126.96356282164058,0,0,0,1,0,0,45.0,보통
37.53311893639965,126.96356282164058,0,0,0,0,0,0,40.0,위험
37.534017247574646,126.96356282164058,0,0,0,1,1,0,42.0,보통
37.53491555874964,126.96356282164058,0,0,0,2,2,0,44.0,보통
37.53581386992463,126.96356282164058,0,0,0,1,1,0,42.0,보통
37.49,126.96469526977488,0,0,3,1,0,0,54.0,안전
37.490898311174995,126.96469526977488,0,0,3,1,0,0,54.0,안전
37.49179662234999,126.96469526977488,0,0,2,0,0,0,46.0,보통
37.49269493352498,126.96469526977488,0,0,0,0,0,0,40.0,위험
37.49359324469997,126.96469526977488,0,0,0,0,0,0,40.0,위험
37.494491555874966,126.96469526977488,0,0,0,0,0,0,40.0,위험
37.49538986704996,126.96469526977488,0,0,0,0,0,0,40.0,위험
37.49628817822495,126.96469526977488,0,0,0,0,0,0,40.0,위험
37.497186489399944,126.96469526977488,0,0,0,0,0,0,40.0,위험
37.49808480057494,126.96469526977488,0,0,0,0,0,0,40.0,위험
37.49898311174993,126.96469526977488,0,0,0,0,0,0,40.0,위험
37.49988142292492,126.96469526977488,0,0,0,0,0,0,40.0,위험
37.500779734099915,126.96469526977488,0,0,3,0,0,0,49.0,보통
37.50167804527491,126.96469526977488,0,0,2,0,0,0,46.0,보통
37.5025763564499,126.96469526977488,0,0,0,1,0,0,45.0,보통
37.50347466762489,126.96469526977488,0,0,0,1,0,0,45.0,보통
37.504372978799886,126.96469526977488,0,0,0,0,0,0,40.0,위험
37.50527128997488,126.96469526977488,0,0,0,0,0,0,40.0,위험
37.50616960114987,126.96469526977488,0,0,3,0,0,0,49.0,보통
37.507067912324864,126.96469526977488,0,0,3,0,1,0,46.0,보통
37.50796622349986,126.96469526977488,0,0,3,0,1,0,46.0,보통
37.50886453467485,126.96469526977488,0,0,3,0,0,0,49.0,보통
37.50976284584984,126.96469526977488,0,3,3,0,0,0,64.0,안전
37.510661157024835,126.96469526977488,0,3,0,0,0,0,55.0,안전
37.51155946819983,126.96469526977488,0,0,0,0,0,0,40.0,위험
37.51245777937482,126.96469526977488,0,0,0,0,0,0,40.0,위험
37.51335609054981,126.96469526977488,0,0,0,0,0,0,40.0,위험
37.514254401724806,126.96469526977488,0,0,0,0,0,0,40.0,위험
37.5151527128998,126.96469526977488,0,0,0,0,0,0,40.0,위험
37.51605102407479,126.96469526977488,0,0,0,0,0,0,40.0,위험
37.516949335249784,126.96469526977488,0,0,0,0,0,0,40.0,위험
37.51784764642478,126.96469526977488,0,0,0,0,0,0,40.0,위험
37.51874595759977,126.96469526977488,0,0,0,0,0,1,50.0,보통
37.51964426877476,126.96469526977488,0,2,0,0,0,1,60.0,안전
37.520542579949755,126.96469526977488,0,3,0,0,0,1,65.0,안전
37.52144089112475,126.96469526977488,0,1,0,0,0,1,55.0,안전
37.52233920229974,126.96469526977488,0,0,0,0,0,1,50.0,보통
37.52323751347473,126.96469526977488,0,0,0,1,0,0,45.0,보통
37.524135824649726,126.96469526977488,0,0,0,1,0,0,45.0,보통
37.52503413582472,126.96469526977488,0,0,0,2,0,0,50.0,보통
37.52593244699971,126.96469526977488,0,0,0,2,1,0,47.0,보통
37.526830758174704,126.96469526977488,0,0,0,2,1,0,47.0,보통
37.5277290693497,126.96469526977488,0,0,0,2,0,0,50.0,보통
37.52862738052469,126.96469526977488,0,0,0,0,0,0,40.0,위험
37.52952569169968,126.96469526977488,0,0,0,2,0,0,50.0,보통
37.530424002874675,126.96469526977488,0,0,0,2,0,0,50.0,보통
37.53132231404967,126.96469526977488,0,0,0,0,0,0,40.0,위험
37.53222062522466,126.96469526977488,0,0,0,1,0,0,45.0,보통
37.53311893639965,126.96469526977488,0,0,0,1,0,0,45.0,보통
37.534017247574646,126.96469526977488,0,0,0,0,0,0,40.0,위험
37.53491555874964,126.96469526977488,0,0,0,0,1,0,37.0,위험
37.53581386992463,126.96469526977488,0,0,0,0,0,0,40.0,위험
37.49,126.96582771790918,0,0,3,0,0,0,49.0,보통
37.490898311174995,126.96582771790918,0,0,0,0,0,0,40.0,위험
37.49179662234999,126.96582771790918,0,0,0,0,0,0,40.0,위험
37.49269493352498,126.96582771790918,0,0,0,0,0,0,40.0,위험
37.49359324469997,126.96582771790918,0,0,0,0,0,0,40.0,위험
37.494491555874966,126.96582771790918,0,0,0,0,0,0,40.0,위험
37.49538986704996,126.96582771790918,0,0,0,0,0,0,40.0,위험
37.49628817822495,126.96582771790918,0,0,0,0,0,0,40.0,위험
37.497186489399944,126.96582771790918,0,0,0,0,0,0,40.0,위험
37.49808480057494,126.96582771790918,0,0,0,0,0,0,40.0,위험
37.49898311174993,126.96582771790918,0,0,0,0,0,0,40.0,위험
37.49988142292492,126.96582771790918,0,0,0,0,0,0,40.0,위험
37.500779734099915,126.96582771790918,0,0,0,0,0,0,40.0,위험
37.50167804527491,126.96582771790918,0,0,0,0,0,0,40.0,위험
37.5025763564499,126.96582771790918,0,0,0,0,0,0,40.0,위험
37.50347466762489,126.96582771790918,0,0,0,1,0,0,45.0,보통
37.504372978799886,126.96582771790918,0,0,1,1,0,0,48.0,보통
37.50527128997488,126.96582771790918,0,0,0,1,0,0,45.0,보통
37.50616960114987,126.96582771790918,0,0,3,1,0,0,54.0,안전
37.507067912324864,126.96582771790918,0,0,3,2,0,0,59.0,안전
37.50796622349986,126.96582771790918,0,0,0,1,0,0,45.0,보통
37.50886453467485,126.96582771790918,0,3,3,0,0,0,64.0,안전
37.50976284584984,126.96582771790918,0,3,2,0,0,0,61.0,안전
37.510661157024835,126.96582771790918,0,0,0,0,0,0,40.0,위험
37.51155946819983,126.96582771790918,0,0,0,0,0,0,40.0,위험
37.51245777937482,126.96582771790918,0,0,0,0,0,0,40.0,위험
37.51335609054981,126.96582771790918,0,0,0,0,0,0,40.0,위험
37.514254401724806,126.96582771790918,0,0,0,0,0,0,40.0,위험
37.5151527128998,126.96582771790918,0,0,0,0,0,0,40.0,위험
37.51605102407479,126.96582771790918,0,0,0,0,0,0,40.0,위험
37.516949335249784,126.96582771790918,0,0,0,0,0,0,40.0,위험
37.51784764642478,126.96582771790918,0,0,0,0,0,0,40.0,위험
37.51874595759977,126.96582771790918,0,0,0,0,0,0,40.0,위험
37.51964426877476,126.96582771790918,0,3,0,0,0,1,65.0,안전
37.520542579949755,126.96582771790918,0,3,0,0,0,1,65.0,안전
37.52144089112475,126.96582771790918,0,0,0,0,0,1,50.0,보통
37.52233920229974,126.96582771790918,0,0,0,0,0,0,40.0,위험
37.52323751347473,126.96582771790918,0,0,0,0,0,0,40.0,위험
37.524135824649726,126.96582771790918,0,0,0,0,0,0,40.0,위험
37.52503413582472,126.96582771790918,0,0,0,0,0,0,40.0,위험
37.52593244699971,126.96582771790918,0,0,0,0,0,0,40.0,위험
37.526830758174704,126.96582771790918,0,0,0,2,0,0,50.0,보통
37.5277290693497,126.96582771790918,0,0,0,2,0,0,50.0,보통
37.52862738052469,126.96582771790918,0,0,0,1,0,0,45.0,보통
37.52952569169968,126.96582771790918,0,0,0,2,0,0,50.0,보통
37.530424002874675,126.96582771790918,0,0,0,0,0,0,40.0,위험
37.53132231404967,126.96582771790918,0,0,0,0,0,0,40.0,위험
37.53222062522466,126.96582771790918,0,0,0,0,0,0,40.0,위험
37.53311893639965,126.96582771790918,0,0,0,1,0,0,45.0,보통
37.534017247574646,126.96582771790918,0,0,0,1,0,0,45.0,보통
37.53491555874964,126.96582771790918,0,0,0,1,0,0,45.0,보통
37.53581386992463,126.96582771790918,0,0,0,0,0,0,40.0,위험
37.49,126.96696016604348,0,0,0,0,0,0,40.0,위험
37.490898311174995,126.96696016604348,0,0,0,0,0,0,40.0,위험
37.49179662234999,126.96696016604348,0,0,0,0,0,0,40.0,위험
37.49269493352498,126.96696016604348,0,0,3,0,0,0,49.0,보통
37.49359324469997,126.96696016604348,0,0,1,0,0,0,43.0,보통
37.494491555874966,126.96696016604348,0,0,0,0,0,0,40.0,위험
37.49538986704996,126.96696016604348,0,0,0,0,0,0,40.0,위험
37.49628817822495,126.96696016604348,0,0,0,0,0,0,40.0,위험
37.497186489399944,126.96696016604348,0,0,0,0,0,0,40.0,위험
37.49808480057494,126.96696016604348,0,0,0,0,0,0,40.0,위험
37.49898311174993,126.96696016604348,0,0,0,0,0,0,40.0,위험
37.49988142292492,126.96696016604348,0,0,0,0,0,0,40.0,위험
37.500779734099915,126.96696016604348,0,0,0,0,0,0,40.0,위험
37.50167804527491,126.96696016604348,0,0,0,0,0,0,40.0,위험
37.5025763564499,126.96696016604348,0,0,0,0,0,0,40.0,위험
37.50347466762489,126.96696016604348,0,0,1,0,0,0,43.0,보통
37.504372978799886,126.96696016604348,0,0,1,0,0,0,43.0,보통
37.50527128997488,126.96696016604348,0,0,0,0,0,0,40.0,위험
37.50616960114987,126.96696016604348,0,0,1,0,0,0,43.0,보통
37.507067912324864,126.96696016604348,0,0,2,1,0,0,51.0,보통
37.50796622349986,126.96696016604348,0,0,0,1,0,0,45.0,보통
37.50886453467485,126.96696016604348,0,3,0,0,0,0,55.0,안전
37.50976284584984,126.96696016604348,0,3,0,0,0,0,55.0,안전
37.510661157024835,126.96696016604348,0,0,0,0,0,0,40.0,위험
37.51155946819983,126.96696016604348,0,0,0,0,0,0,40.0,위험
37.51245777937482,126.96696016604348,0,0,0,0,0,0,40.0,위험
37.51335609054981,126.96696016604348,0,0,0,0,0,0,40.0,위험
37.514254401724806,126.96696016604348,0,0,0,0,0,0,40.0,위험
37.5151527128998,126.96696016604348,0,0,0,0,0,0,40.0,위험
37.51605102407479,126.96696016604348,0,0,0,0,0,0,40.0,위험
37.516949335249784,126.96696016604348,0,0,0,0,0,0,40.0,위험
37.51784764642478,126.96696016604348,0,0,0,0,0,0,40.0,위험
37.51874595759977,126.96696016604348,0,3,0,0,0,0,55.0,안전
37.51964426877476,126.96696016604348,0,3,0,0,0,0,55.0,안전
37.520542579949755,126.96696016604348,0,3,0,1,1,0,57.0,안전
37.52144089112475,126.96696016604348,0,0,0,1,1,0,42.0,보통
37.52233920229974,126.96696016604348,0,0,0,0,0,0,40.0,위험
37.52323751347473,126.96696016604348,0,0,0,0,0,1,50.0,보통
37.524135824649726,126.96696016604348,0,0,0,0,0,1,50.0,보통
37.52503413582472,126.96696016604348,0,0,0,0,0,0,40.0,위험
37.52593244699971,126.96696016604348,0,0,0,2,0,0,50.0,보통
37.526830758174704,126.96696016604348,0,0,0,0,0,0,40.0,위험
37.5277290693497,126.96696016604348,0,0,0,0,0,0,40.0,위험
37.52862738052469,126.96696016604348,0,0,0,1,0,0,45.0,보통
37.52952569169968,126.96696016604348,0,0,0,2,0,0,50.0,보통
37.530424002874675,126.96696016604348,0,0,0,1,0,0,45.0,보통
37.53132231404967,126.96696016604348,0,0,0,0,0,0,40.0,위험
37.53222062522466,126.96696016604348,0,0,0,0,0,0,40.0,위험
37.53311893639965,126.96696016604348,0,1,0,0,0,0,45.0,보통
37.534017247574646,126.96696016604348,0,3,0,1,0,0,60.0,안전
37.53491555874964,126.96696016604348,0,0,0,1,0,0,45.0,보통
37.53581386992463,126.96696016604348,0,0,0,0,0,0,40.0,위험
37.49,126.96809261417778,0,0,0,0,0,0,40.0,위험
37.490898311174995,126.96809261417778,0,0,3,0,0,0,49.0,보통
37.49179662234999,126.96809261417778,0,0,3,0,0,0,49.0,보통
37.49269493352498,126.96809261417778,0,0,3,0,0,0,49.0,보통
37.49359324469997,126.96809261417778,0,0,2,0,0,0,46.0,보통
37.494491555874966,126.96809261417778,0,0,0,0,0,0,40.0,위험
37.49538986704996,126.96809261417778,0,0,0,0,0,0,40.0,위험
37.49628817822495,126.96809261417778,0,0,0,0,0,0,40.0,위험
37.497186489399944,126.96809261417778,0,0,0,0,0,0,40.0,위험
37.49808480057494,126.96809261417778,0,0,0,0,0,0,40.0,위험
37.49898311174993,126.96809261417778,0,0,0,0,0,0,40.0,위험
37.49988142292492,126.96809261417778,0,0,0,0,0,0,40.0,위험
37.500779734099915,126.96809261417778,0,0,0,0,0,0,40.0,위험
37.50167804527491,126.96809261417778,0,0,0,0,0,0,40.0,위험
37.5025763564499,126.96809261417778,0,0,0,0,0,0,40.0,위험
37.50347466762489,126.96809261417778,0,0,0,0,0,0,40.0,위험
37.504372978799886,126.96809261417778,0,0,0,0,0,0,40.0,위험
37.50527128997488,126.96809261417778,0,0,0,0,0,0,40.0,위험
37.50616960114987,126.96809261417778,0,0,0,0,0,0,40.0,위험
37.507067912324864,126.96809261417778,0,0,0,0,0,0,40.0,위험
37.50796622349986,126.96809261417778,0,3,0,0,0,0,55.0,안전
37.50886453467485,126.96809261417778,0,3,0,0,0,0,55.0,안전
37.50976284584984,126.96809261417778,0,0,0,0,0,0,40.0,위험
37.510661157024835,126.96809261417778,0,0,0,0,0,0,40.0,위험
37.51155946819983,126.96809261417778,0,0,0,0,0,0,40.0,위험
37.51245777937482,126.96809261417778,0,0,0,0,0,0,40.0,위험
37.51335609054981,126.96809261417778,0,0,0,0,0,0,40.0,위험
37.514254401724806,126.96809261417778,0,0,0,0,0,0,40.0,위험
37.5151527128998,126.96809261417778,0,0,0,0,0,0,40.0,위험
37.51605102407479,126.96809261417778,0,0,0,0,0,0,40.0,위험
37.516949335249784,126.96809261417778,0,0,0,0,0,0,40.0,위험
37.51784764642478,126.96809261417778,0,0,0,0,0,0,40.0,위험
37.51874595759977,126.96809261417778,0,3,0,0,0,0,55.0,안전
37.51964426877476,126.96809261417778,0,3,0,0,0,0,55.0,안전
37.520542579949755,126.96809261417778,0,0,0,2,1,0,47.0,보통
37.52144089112475,126.96809261417778,0,0,0,2,1,0,47.0,보통
37.52233920229974,126.96809261417778,0,0,0,0,0,1,50.0,보통
37.52323751347473,126.96809261417778,0,0,0,0,0,1,50.0,보통
37.524135824649726,126.96809261417778,0,0,0,0,0,1,50.0,보통
37.52503413582472,126.96809261417778,0,0,0,0,0,1,50.0,보통
37.52593244699971,126.96809261417778,0,0,0,2,0,1,60.0,안전
37.526830758174704,126.96809261417778,0,0,0,2,0,0,50.0,보통
37.5277290693497,126.96809261417778,0,0,0,2,0,0,50.0,보통
37.52862738052469,126.96809261417778,0,0,0,2,0,0,50.0,보통
37.52952569169968,126.96809261417778,0,0,0,2,0,0,50.0,보통
37.530424002874675,126.96809261417778,0,0,0,2,0,0,50.0,보통
37.53132231404967,126.96809261417778,0,0,0,0,0,0,40.0,위험
37.53222062522466,126.96809261417778,0,0,0,0,0,0,40.0,위험
37.53311893639965,126.96809261417778,0,1,0,0,0,0,45.0,보통
37.534017247574646,126.96809261417778,0,3,0,0,0,0,55.0,안전
37.53491555874964,126.96809261417778,0,0,0,0,0,0,40.0,위험
37.53581386992463,126.96809261417778,0,0,0,0,0,0,40.0,위험
37.49,126.96922506231208,0,0,3,0,0,0,49.0,보통
37.490898311174995,126.96922506231208,0,0,3,0,0,0,49.0,보통
37.49179662234999,126.96922506231208,0,0,3,0,0,0,49.0,보통
37.49269493352498,126.96922506231208,0,0,3,0,0,0,49.0,보통
37.49359324469997,126.96922506231208,0,0,0,0,0,0,40.0,위험
37.494491555874966,126.96922506231208,0,0,0,0,0,0,40.0,위험
37.49538986704996,126.96922506231208,0,0,0,0,0,0,40.0,위험
37.49628817822495,126.96922506231208,0,0,0,0,0,0,40.0,위험
37.497186489399944,126.96922506231208,0,0,0,0,0,0,40.0,위험
37.49808480057494,126.96922506231208,0,0,0,0,0,0,40.0,위험
37.49898311174993,126.96922506231208,0,0,0,0,0,0,40.0,위험
37.49988142292492,126.96922506231208,0,0,0,0,0,0,40.0,위험
37.500779734099915,126.96922506231208,0,0,0,0,0,0,40.0,위험
37.50167804527491,126.96922506231208,0,0,0,0,0,0,40.0,위험
37.5025763564499,126.96922506231208,0,0,0,0,0,0,40.0,위험
37.50347466762489,126.96922506231208,0,0,0,0,0,0,40.0,위험
37.504372978799886,126.96922506231208,0,0,0,0,0,0,40.0,위험
37.50527128997488,126.96922506231208,0,0,0,0,0,0,40.0,위험
37.50616960114987,126.96922506231208,0,0,0,0,0,0,40.0,위험
37.507067912324864,126.96922506231208,0,0,0,0,0,0,40.0,위험
37.50796622349986,126.96922506231208,0,3,0,0,0,0,55.0,안전
37.50886453467485,126.96922506231208,0,3,0,0,0,0,55.0,안전
37.50976284584984,126.96922506231208,0,0,0,0,0,0,40.0,위험
37.510661157024835,126.96922506231208,0,0,0,0,0,0,40.0,위험
37.51155946819983,126.96922506231208,0,0,0,0,0,0,40.0,위험
37.51245777937482,126.96922506231208,0,0,0,0,0,0,40.0,위험
37.51335609054981,126.96922506231208,0,0,0,0,0,0,40.0,위험
37.514254401724806,126.96922506231208,0,0,0,0,0,0,40.0,위험
37.5151527128998,126.96922506231208,0,0,0,0,0,0,40.0,위험
37.51605102407479,126.96922506231208,0,0,0,0,0,0,40.0,위험
37.516949335249784,126.96922506231208,0,0,0,1,0,0,45.0,보통
37.51784764642478,126.96922506231208,0,3,0,1,0,0,60.0,안전
37.51874595759977,126.96922506231208,0,3,0,0,0,0,55.0,안전
37.51964426877476,126.96922506231208,0,3,0,0,0,0,55.0,안전
37.520542579949755,126.96922506231208,0,0,0,1,0,0,45.0,보통
37.52144089112475,126.96922506231208,0,0,0,1,0,1,55.0,안전
37.52233920229974,126.96922506231208,0,0,0,0,0,1,50.0,보통
37.52323751347473,126.96922506231208,0,0,0,0,0,1,50.0,보통
37.524135824649726,126.96922506231208,0,0,0,0,0,1,50.0,보통
37.52503413582472,126.96922506231208,0,0,0,0,0,1,50.0,보통
37.52593244699971,126.96922506231208,0,0,0,0,0,1,50.0,보통
37.526830758174704,126.96922506231208,0,0,0,1,0,0,45.0,보통
37.5277290693497,126.96922506231208,0,0,0,1,0,0,45.0,보통
37.52862738052469,126.96922506231208,0,0,0,1,0,0,45.0,보통
37.52952569169968,126.96922506231208,0,0,0,1,0,0,45.0,보통
37.530424002874675,126.96922506231208,0,0,0,2,1,0,47.0,보통
37.53132231404967,126.96922506231208,0,0,0,1,1,0,42.0,보통
37.53222062522466,126.96922506231208,0,0,0,2,0,0,50.0,보통
37.53311893639965,126.96922506231208,0,0,0,1,0,0,45.0,보통
37.534017247574646,126.96922506231208,0,3,0,0,0,0,55.0,안전
37.53491555874964,126.96922506231208,0,3,0,0,0,0,55.0,안전
37.53581386992463,126.96922506231208,0,0,0,0,0,0,40.0,위험
37.49,126.97035751044638,0,0,3,1,0,0,54.0,안전
37.490898311174995,126.97035751044638,0,0,3,1,0,0,54.0,안전
37.49179662234999,126.97035751044638,0,0,3,0,0,0,49.0,보통
37.49269493352498,126.97035751044638,0,0,1,0,0,0,43.0,보통
37.49359324469997,126.97035751044638,0,0,0,0,0,0,40.0,위험
37.494491555874966,126.97035751044638,0,0,0,0,0,0,40.0,위험
37.49538986704996,126.97035751044638,0,0,0,0,0,0,40.0,위험
37.49628817822495,126.97035751044638,0,0,0,0,0,0,40.0,위험
37.497186489399944,126.97035751044638,0,0,0,0,0,0,40.0,위험
37.49808480057494,126.97035751044638,0,0,0,0,0,0,40.0,위험
37.49898311174993,126.97035751044638,0,0,0,0,0,0,40.0,위험
37.49988142292492,126.97035751044638,0,0,0,0,0,0,40.0,위험
37.500779734099915,126.97035751044638,0,0,0,0,0,0,40.0,위험
37.50167804527491,126.97035751044638,0,0,0,0,0,0,40.0,위험
37.5025763564499,126.97035751044638,0,0,0,0,0,0,40.0,위험
37.50347466762489,126.97035751044638,0,0,0,0,0,0,40.0,위험
37.504372978799886,126.97035751044638,0,0,0,0,0,0,40.0,위험
37.50527128997488,126.97035751044638,0,0,0,1,0,0,45.0,보통
37.50616960114987,126.97035751044638,0,0,0,1,0,0,45.0,보통
37.507067912324864,126.97035751044638,0,3,0,0,0,0,55.0,안전
37.50796622349986,126.97035751044638,0,3,0,0,0,0,55.0,안전
37.50886453467485,126.97035751044638,0,0,0,0,0,0,40.0,위험
37.50976284584984,126.97035751044638,0,0,0,0,0,0,40.0,위험
37.510661157024835,126.97035751044638,0,0,0,0,0,0,40.0,위험
37.51155946819983,126.97035751044638,0,0,0,0,0,0,40.0,위험
37.51245777937482,126.97035751044638,0,0,0,0,0,0,40.0,위험
37.51335609054981,126.97035751044638,0,0,0,0,0,0,40.0,위험
37.514254401724806,126.97035751044638,0,0,0,0,0,0,40.0,위험
37.5151527128998,126.97035751044638,0,0,0,0,0,0,40.0,위험
37.51605102407479,126.97035751044638,0,0,0,0,0,0,40.0,위험
37.516949335249784,126.97035751044638,0,0,0,1,0,0,45.0,보통
37.51784764642478,126.97035751044638,0,3,0,1,0,0,60.0,안전
37.51874595759977,126.97035751044638,0,3,0,0,0,0,55.0,안전
37.51964426877476,126.97035751044638,0,0,0,0,0,0,40.0,위험
37.520542579949755,126.97035751044638,0,0,0,0,0,1,50.0,보통
37.52144089112475,126.97035751044638,0,0,0,0,0,1,50.0,보통
37.52233920229974,126.97035751044638,0,0,0,0,0,1,50.0,보통
37.52323751347473,126.97035751044638,0,0,0,0,0,1,50.0,보통
37.524135824649726,126.97035751044638,0,0,0,0,0,1,50.0,보통
37.52503413582472,126.97035751044638,0,0,0,0,0,1,50.0,보통
37.52593244699971,126.97035751044638,0,0,0,0,0,1,50.0,보통
37.526830758174704,126.97035751044638,0,0,0,0,0,0,40.0,위험
37.5277290693497,126.97035751044638,0,0,0,0,0,0,40.0,위험
37.52862738052469,126.97035751044638,0,0,0,0,0,0,40.0,위험
37.52952569169968,126.97035751044638,0,0,0,0,0,0,40.0,위험
37.530424002874675,126.97035751044638,0,0,0,2,1,0,47.0,보통
37.53132231404967,126.97035751044638,0,0,0,2,2,0,44.0,보통
37.53222062522466,126.97035751044638,0,0,0,2,1,0,47.0,보통
37.53311893639965,126.97035751044638,0,0,0,1,0,0,45.0,보통
37.534017247574646,126.97035751044638,0,0,0,0,0,0,40.0,위험
37.53491555874964,126.97035751044638,0,3,0,0,0,0,55.0,안전
37.53581386992463,126.97035751044638,0,3,0,0,0,0,55.0,안전
37.49,126.97148995858068,0,0,3,1,0,0,54.0,안전
37.490898311174995,126.97148995858068,0,0,3,1,0,0,54.0,안전
37.49179662234999,126.97148995858068,0,0,1,1,0,0,48.0,보통
37.49269493352498,126.97148995858068,0,0,0,0,0,0,40.0,위험
37.49359324469997,126.97148995858068,0,0,0,0,0,0,40.0,위험
37.494491555874966,126.97148995858068,0,0,0,0,0,0,40.0,위험
37.49538986704996,126.97148995858068,0,0,0,0,0,0,40.0,위험
37.49628817822495,126.97148995858068,0,0,0,0,0,0,40.0,위험
37.497186489399944,126.97148995858068,0,0,0,0,0,0,40.0,위험
37.49808480057494,126.97148995858068,0,0,0,0,0,0,40.0,위험
37.49898311174993,126.97148995858068,0,0,0,0,0,0,40.0,위험
37.49988142292492,126.97148995858068,0,0,0,0,0,0,40.0,위험
37.500779734099915,126.97148995858068,0,0,0,0,0,0,40.0,위험
37.50167804527491,126.97148995858068,0,0,0,0,0,0,40.0,위험
37.5025763564499,126.97148995858068,0,0,0,0,0,0,40.0,위험
37.50347466762489,126.97148995858068,0,0,0,0,0,0,40.0,위험
37.504372978799886,126.97148995858068,0,0,0,0,0,0,40.0,위험
37.50527128997488,126.97148995858068,0,0,0,0,0,0,40.0,위험
37.50616960114987,126.97148995858068,0,0,0,1,0,0,45.0,보통
37.507067912324864,126.97148995858068,0,3,0,0,0,0,55.0,안전
37.50796622349986,126.97148995858068,0,3,0,0,0,0,55.0,안전
37.50886453467485,126.97148995858068,0,0,0,0,0,0,40.0,위험
37.50976284584984,126.97148995858068,0,0,0,0,0,0,40.0,위험
37.510661157024835,126.97148995858068,0,0,0,0,0,0,40.0,위험
37.51155946819983,126.97148995858068,0,0,0,0,0,0,40.0,위험
37.51245777937482,126.97148995858068,0,0,0,0,0,0,40.0,위험
37.51335609054981,126.97148995858068,0,0,0,0,0,0,40.0,위험
37.514254401724806,126.97148995858068,0,0,0,0,0,0,40.0,위험
37.5151527128998,126.97148995858068,0,0,0,0,0,0,40.0,위험
37.51605102407479,126.97148995858068,0,0,0,0,0,0,40.0,위험
37.516949335249784,126.97148995858068,0,1,0,0,0,0,45.0,보통
37.51784764642478,126.97148995858068,0,3,0,0,0,0,55.0,안전
37.51874595759977,126.97148995858068,0,2,0,0,0,0,50.0,보통
37.51964426877476,126.97148995858068,0,0,0,0,0,1,50.0,보통
37.520542579949755,126.97148995858068,0,0,0,0,0,1,50.0,보통
37.52144089112475,126.97148995858068,0,0,0,0,0,1,50.0,보통
37.52233920229974,126.97148995858068,0,0,0,0,0,1,50.0,보통
37.52323751347473,126.97148995858068,0,0,0,1,0,1,55.0,안전
37.524135824649726,126.97148995858068,0,0,0,1,0,1,55.0,안전
37.52503413582472,126.97148995858068,0,0,0,0,0,1,50.0,보통
37.52593244699971,126.97148995858068,0,0,0,0,0,1,50.0,보통
37.526830758174704,126.97148995858068,0,0,0,0,0,0,40.0,위험
37.5277290693497,126.97148995858068,0,0,0,0,0,0,40.0,위험
37.52862738052469,126.97148995858068,0,0,0,0,0,0,40.0,위험
37.52952569169968,126.97148995858068,0,0,0,0,0,0,40.0,위험
37.530424002874675,126.97148995858068,0,0,0,1,0,0,45.0,보통
37.53132231404967,126.97148995858068,0,0,0,2,1,0,47.0,보통
37.53222062522466,126.97148995858068,0,0,0,2,1,0,47.0,보통
37.53311893639965,126.97148995858068,0,0,0,1,0,0,45.0,보통
37.534017247574646,126.97148995858068,0,0,0,0,0,0,40.0,위험
37.53491555874964,126.97148995858068,0,0,0,0,0,0,40.0,위험
37.53581386992463,126.97148995858068,0,3,0,0,0,0,55.0,안전
37.49,126.97262240671498,0,0,3,0,0,0,49.0,보통
37.490898311174995,126.97262240671498,0,0,1,1,0,0,48.0,보통
37.49179662234999,126.97262240671498,0,0,0,0,0,0,40.0,위험
37.49269493352498,126.97262240671498,0,0,0,0,0,0,40.0,위험
37.49359324469997,126.97262240671498,0,0,0,0,0,0,40.0,위험
37.494491555874966,126.97262240671498,0,0,0,0,0,0,40.0,위험
37.49538986704996,126.97262240671498,0,0,0,0,0,0,40.0,위험
37.49628817822495,126.97262240671498,0,0,0,0,0,0,40.0,위험
37.497186489399944,126.97262240671498,0,0,0,0,0,0,40.0,위험
37.49808480057494,126.97262240671498,0,0,0,0,0,0,40.0,위험
37.49898311174993,126.97262240671498,0,0,0,0,0,0,40.0,위험
37.49988142292492,126.97262240671498,0,0,0,0,0,0,40.0,위험
37.500779734099915,126.97262240671498,0,0,0,0,0,0,40.0,위험
37.50167804527491,126.97262240671498,0,0,0,0,0,0,40.0,위험
37.5025763564499,126.97262240671498,0,0,0,0,0,0,40.0,위험
37.50347466762489,126.97262240671498,0,0,0,0,0,0,40.0,위험
37.504372978799886,126.97262240671498,0,0,0,0,0,0,40.0,위험
37.50527128997488,126.97262240671498,0,0,0,0,0,0,40.0,위험
37.50616960114987,126.97262240671498,0,3,0,0,0,0,55.0,안전
37.507067912324864,126.97262240671498,0,3,0,0,0,0,55.0,안전
37.50796622349986,126.97262240671498,0,0,0,0,0,0,40.0,위험
37.50886453467485,126.97262240671498,0,0,0,0,0,0,40.0,위험
37.50976284584984,126.97262240671498,0,0,0,0,0,0,40.0,위험
37.510661157024835,126.97262240671498,0,0,0,0,0,0,40.0,위험
37.51155946819983,126.97262240671498,0,0,0,0,0,0,40.0,위험
37.51245777937482,126.97262240671498,0,0,0,0,0,0,40.0,위험
37.51335609054981,126.97262240671498,0,0,0,0,0,0,40.0,위험
37.514254401724806,126.97262240671498,0,0,0,0,0,0,40.0,위험
37.5151527128998,126.97262240671498,0,0,0,0,0,0,40.0,위험
37.51605102407479,126.97262240671498,0,0,0,0,0,0,40.0,위험
37.516949335249784,126.97262240671498,0,3,0,0,0,0,55.0,안전
37.51784764642478,126.97262240671498,0,3,0,0,0,0,55.0,안전
37.51874595759977,126.97262240671498,0,0,0,0,0,1,50.0,보통
37.51964426877476,126.97262240671498,0,0,0,1,0,1,55.0,안전
37.520542579949755,126.97262240671498,0,0,0,1,0,1,55.0,안전
37.52144089112475,126.97262240671498,0,0,0,0,0,1,50.0,보통
37.52233920229974,126.97262240671498,0,0,0,0,0,1,50.0,보통
37.52323751347473,126.97262240671498,0,0,0,1,0,1,55.0,안전
37.524135824649726,126.97262240671498,0,0,0,1,0,1,55.0,안전
37.52503413582472,126.97262240671498,0,0,0,0,0,1,50.0,보통
37.52593244699971,126.97262240671498,0,0,0,0,0,0,40.0,위험
37.526830758174704,126.97262240671498,0,0,0,0,0,0,40.0,위험
37.5277290693497,126.97262240671498,0,0,0,0,0,0,40.0,위험
37.52862738052469,126.97262240671498,0,0,0,0,0,0,40.0,위험
37.52952569169968,126.97262240671498,0,0,0,0,0,0,40.0,위험
37.530424002874675,126.97262240671498,0,0,0,0,0,0,40.0,위험
37.53132231404967,126.97262240671498,0,0,0,2,0,0,50.0,보통
37.53222062522466,126.97262240671498,0,0,0,2,0,0,50.0,보통
37.53311893639965,126.97262240671498,0,0,0,2,2,0,44.0,보통
37.534017247574646,126.97262240671498,0,0,0,0,3,0,31.0,위험
37.53491555874964,126.97262240671498,0,0,0,0,0,0,40.0,위험
37.53581386992463,126.97262240671498,0,3,0,0,0,0,55.0,안전
37.49,126.97375485484928,0,0,0,0,0,0,40.0,위험
37.490898311174995,126.97375485484928,0,0,0,0,0,0,40.0,위험
37.49179662234999,126.97375485484928,0,0,0,1,0,0,45.0,보통
37.49269493352498,126.97375485484928,0,0,0,1,0,0,45.0,보통
37.49359324469997,126.97375485484928,0,0,0,0,0,0,40.0,위험
37.494491555874966,126.97375485484928,0,0,0,0,0,0,40.0,위험
37.49538986704996,126.97375485484928,0,0,0,0,0,0,40.0,위험
37.49628817822495,126.97375485484928,0,0,0,0,0,0,40.0,위험
37.497186489399944,126.97375485484928,0,0,0,0,0,0,40.0,위험
37.49808480057494,126.97375485484928,0,0,0,0,0,0,40.0,위험
37.49898311174993,126.97375485484928,0,0,0,0,0,0,40.0,위험
37.49988142292492,126.97375485484928,0,0,0,0,0,0,40.0,위험
37.500779734099915,126.97375485484928,0,0,0,0,0,0,40.0,위험
37.50167804527491,126.97375485484928,0,0,0,0,0,0,40.0,위험
37.5025763564499,126.97375485484928,0,0,0,0,0,0,40.0,위험
37.50347466762489,126.97375485484928,0,0,0,0,0,0,40.0,위험
37.504372978799886,126.97375485484928,0,0,0,0,0,0,40.0,위험
37.50527128997488,126.97375485484928,0,3,0,0,0,0,55.0,안전
37.50616960114987,126.97375485484928,0,3,0,0,0,0,55.0,안전
37.507067912324864,126.97375485484928,0,2,0,0,0,0,50.0,보통
37.50796622349986,126.97375485484928,0,0,0,0,0,0,40.0,위험
37.50886453467485,126.97375485484928,0,0,0,0,0,0,40.0,위험
37.50976284584984,126.97375485484928,0,0,0,0,0,0,40.0,위험
37.510661157024835,126.97375485484928,0,0,0,0,0,0,40.0,위험
37.51155946819983,126.97375485484928,0,0,0,0,0,0,40.0,위험
37.51245777937482,126.97375485484928,0,0,0,0,0,0,40.0,위험
37.51335609054981,126.97375485484928,0,0,0,0,0,0,40.0,위험
37.514254401724806,126.97375485484928,0,0,0,0,0,0,40.0,위험
37.5151527128998,126.97375485484928,0,0,0,0,0,0,40.0,위험
37.51605102407479,126.97375485484928,0,0,0,0,0,0,40.0,위험
37.516949335249784,126.97375485484928,0,3,0,0,0,0,55.0,안전
37.51784764642478,126.97375485484928,0,3,0,0,0,0,55.0,안전
37.51874595759977,126.97375485484928,0,0,0,0,0,1,50.0,보통
37.51964426877476,126.97375485484928,0,0,0,1,0,1,55.0,안전
37.520542579949755,126.97375485484928,0,0,0,2,0,1,60.0,안전
37.52144089112475,126.97375485484928,0,0,0,1,0,1,55.0,안전
37.52233920229974,126.97375485484928,0,0,0,0,0,1,50.0,보통
37.52323751347473,126.97375485484928,0,0,0,1,0,1,55.0,안전
37.524135824649726,126.97375485484928,0,0,0,0,0,0,40.0,위험
37.52503413582472,126.97375485484928,0,0,0,0,0,0,40.0,위험
37.52593244699971,126.97375485484928,0,0,0,0,0,0,40.0,위험
37.526830758174704,126.97375485484928,0,0,0,0,0,0,40.0,위험
37.5277290693497,126.97375485484928,0,0,0,0,0,0,40.0,위험
37.52862738052469,126.97375485484928,0,0,0,0,0,0,40.0,위험
37.52952569169968,126.97375485484928,0,0,0,0,0,0,40.0,위험
37.530424002874675,126.97375485484928,0,0,0,0,0,0,40.0,위험
37.53132231404967,126.97375485484928,0,0,0,0,0,0,40.0,위험
37.53222062522466,126.97375485484928,0,0,0,1,0,0,45.0,보통
37.53311893639965,126.97375485484928,0,0,0,1,0,0,45.0,보통
37.534017247574646,126.97375485484928,0,0,0,1,1,0,42.0,보통
37.53491555874964,126.97375485484928,0,0,0,1,1,0,42.0,보통
37.53581386992463,126.97375485484928,0,0,0,0,0,0,40.0,위험
37.49,126.97488730298357,0,0,0,0,0,0,40.0,위험
37.490898311174995,126.97488730298357,0,0,0,0,0,0,40.0,위험
37.49179662234999,126.97488730298357,0,0,0,1,0,0,45.0,보통
37.49269493352498,126.97488730298357,0,0,0,0,0,0,40.0,위험
37.49359324469997,126.97488730298357,0,0,0,0,0,0,40.0,위험
37.494491555874966,126.97488730298357,0,0,0,0,0,0,40.0,위험
37.49538986704996,126.97488730298357,0,0,0,0,0,0,40.0,위험
37.49628817822495,126.97488730298357,0,0,0,0,0,0,40.0,위험
37.497186489399944,126.97488730298357,0,0,0,0,0,0,40.0,위험
37.49808480057494,126.97488730298357,0,0,0,0,0,0,40.0,보통
37.49898311174993,126.97488730298357,0,0,0,0,0,0,40.0,보통
37.49988142292492,126.97488730298357,0,0,0,0,0,0,40.0,보통
37.500779734099915,126.97488730298357,0,0,0,0,0,0,40.0,보통
37.50167804527491,126.97488730298357,0,0,0,0,0,0,40.0,보통
37.5025763564499,126.97488730298357,0,0,0,0,0,0,40.0,보통
37.50347466762489,126.97488730298357,0,0,0,0,0,0,40.0,보통
37.504372978799886,126.97488730298357,0,0,0,0,0,0,40.0,보통
37.50527128997488,126.97488730298357,0,3,0,0,0,0,55.0,안전
37.50616960114987,126.97488730298357,0,3,0,0,0,0,55.0,안전
37.507067912324864,126.97488730298357,0,0,0,0,0,0,40.0,보통
37.50796622349986,126.97488730298357,0,0,0,0,0,0,40.0,보통
37.50886453467485,126.97488730298357,0,0,0,0,0,0,40.0,보통
37.50976284584984,126.97488730298357,0,0,0,0,0,0,40.0,보통
37.510661157024835,126.97488730298357,0,0,0,0,0,0,40.0,보통
37.51155946819983,126.97488730298357,0,0,0,0,0,0,40.0,보통
37.51245777937482,126.97488730298357,0,0,0,0,0,0,40.0,보통
37.51335609054981,126.97488730298357,0,0,0,0,0,0,40.0,보통
37.514254401724806,126.97488730298357,0,0,0,0,0,0,40.0,보통
37.5151527128998,126.97488730298357,0,0,0,0,0,0,40.0,보통
37.51605102407479,126.97488730298357,0,3,0,0,0,0,55.0,안전
37.516949335249784,126.97488730298357,0,3,0,0,0,0,55.0,안전
37.51784764642478,126.97488730298357,0,0,0,0,0,0,40.0,보통
37.51874595759977,126.97488730298357,0,0,0,0,0,0,40.0,보통
37.51964426877476,126.97488730298357,0,0,0,1,0,1,55.0,안전
37.520542579949755,126.97488730298357,0,0,0,2,0,1,60.0,안전
37.52144089112475,126.97488730298357,0,0,0,1,0,1,55.0,안전
37.52233920229974,126.97488730298357,0,0,0,0,0,1,50.0,보통
37.52323751347473,126.97488730298357,0,0,0,0,0,1,50.0,보통
37.524135824649726,126.97488730298357,0,0,0,0,0,0,40.0,보통
37.52503413582472,126.97488730298357,0,0,0,0,0,0,40.0,보통
37.52593244699971,126.97488730298357,0,0,0,0,0,0,40.0,보통
37.526830758174704,126.97488730298357,0,0,0,0,0,0,40.0,보통
37.5277290693497,126.97488730298357,0,0,0,0,0,0,40.0,보통
37.52862738052469,126.97488730298357,0,0,0,0,0,0,40.0,보통
37.52952569169968,126.97488730298357,0,0,0,0,0,0,40.0,보통
37.530424002874675,126.97488730298357,0,0,0,0,0,0,40.0,보통
37.53132231404967,126.97488730298357,0,0,0,0,0,0,40.0,보통
37.53222062522466,126.97488730298357,0,0,0,0,0,0,40.0,보통
37.53311893639965,126.97488730298357,0,0,0,1,0,0,45.0,보통
37.534017247574646,126.97488730298357,0,0,0,2,0,0,50.0,보통
37.53491555874964,126.97488730298357,0,0,0,0,0,0,40.0,보통
37.53581386992463,126.97488730298357,0,0,0,0,0,0,40.0,보통
37.49,126.97601975111787,0,0,3,1,0,0,54.0,안전
37.490898311174995,126.97601975111787,0,0,3,1,0,0,54.0,안전
37.49179662234999,126.97601975111787,0,0,3,0,0,0,49.0,보통
37.49269493352498,126.97601975111787,0,0,3,0,0,0,49.0,보통
37.49359324469997,126.97601975111787,0,0,3,0,0,0,49.0,보통
37.494491555874966,126.97601975111787,0,0,0,0,0,0,40.0,보통
37.49538986704996,126.97601975111787,0,0,0,0,0,0,40.0,보통
37.49628817822495,126.97601975111787,0,0,0,0,0,0,40.0,보통
37.497186489399944,126.97601975111787,0,0,0,0,0,0,40.0,보통
37.49808480057494,126.97601975111787,0,0,0,0,0,0,40.0,보통
37.49898311174993,126.97601975111787,0,0,0,0,0,0,40.0,보통
37.49988142292492,126.97601975111787,0,0,0,0,0,0,40.0,보통
37.500779734099915,126.97601975111787,0,0,0,0,0,0,40.0,보통
37.50167804527491,126.97601975111787,0,0,0,0,0,0,40.0,보통
37.5025763564499,126.97601975111787,0,0,0,0,0,0,40.0,보통
37.50347466762489,126.97601975111787,0,0,0,0,0,0,40.0,보통
37.504372978799886,126.97601975111787,0,3,0,0,0,0,55.0,안전
37.50527128997488,126.97601975111787,0,3,0,0,0,0,55.0,안전
37.50616960114987,126.97601975111787,0,0,0,0,0,0,40.0,보통
37.507067912324864,126.97601975111787,0,0,0,0,0,0,40.0,보통
37.50796622349986,126.97601975111787,0,0,0,0,0,0,40.0,보통
37.50886453467485,126.97601975111787,0,0,0,0,0,0,40.0,보통
37.50976284584984,126.97601975111787,0,0,0,0,0,0,40.0,보통
37.510661157024835,126.97601975111787,0,0,0,0,0,0,40.0,보통
37.51155946819983,126.97601975111787,0,0,0,0,0,0,40.0,보통
37.51245777937482,126.97601975111787,0,0,0,0,0,0,40.0,보통
37.51335609054981,126.97601975111787,0,0,0,0,0,0,40.0,보통
37.514254401724806,126.97601975111787,0,0,0,0,0,0,40.0,보통
37.5151527128998,126.97601975111787,0,0,0,0,0,0,40.0,보통
37.51605102407479,126.97601975111787,0,3,0,0,0,0,55.0,안전
37.516949335249784,126.97601975111787,0,3,0,0,0,0,55.0,안전
37.51784764642478,126.97601975111787,0,0,0,0,0,0,40.0,보통
37.51874595759977,126.97601975111787,0,0,0,1,0,0,45.0,보통
37.51964426877476,126.97601975111787,0,0,0,0,0,0,40.0,보통
37.520542579949755,126.97601975111787,0,0,0,0,0,1,50.0,보통
37.52144089112475,126.97601975111787,0,0,0,0,0,1,50.0,보통
37.52233920229974,126.97601975111787,0,0,0,0,0,1,50.0,보통
37.52323751347473,126.97601975111787,0,0,0,0,0,0,40.0,보통
37.524135824649726,126.97601975111787,0,0,0,0,0,0,40.0,보통
37.52503413582472,126.97601975111787,0,0,0,0,0,0,40.0,보통
37.52593244699971,126.97601975111787,0,0,0,0,0,0,40.0,보통
37.526830758174704,126.97601975111787,0,0,0,0,0,0,40.0,보통
37.5277290693497,126.97601975111787,0,0,0,0,0,0,40.0,보통
37.52862738052469,126.97601975111787,0,0,0,0,0,0,40.0,보통
37.52952569169968,126.97601975111787,0,0,0,0,0,0,40.0,보통
37.530424002874675,126.97601975111787,0,0,0,0,0,0,40.0,보통
37.53132231404967,126.97601975111787,0,0,0,0,0,0,40.0,보통
37.53222062522466,126.97601975111787,0,0,0,0,0,0,40.0,보통
37.53311893639965,126.97601975111787,0,0,0,1,0,0,45.0,보통
37.534017247574646,126.97601975111787,0,0,0,0,0,0,40.0,보통
37.53491555874964,126.97601975111787,0,0,0,0,0,0,40.0,보통
37.53581386992463,126.97601975111787,0,0,0,0,0,0,40.0,보통
37.49,126.97715219925217,0,0,3,0,0,0,49.0,보통
37.490898311174995,126.97715219925217,0,0,3,1,0,0,54.0,안전
37.49179662234999,126.97715219925217,0,0,3,0,0,0,49.0,보통
37.49269493352498,126.97715219925217,0,0,3,0,0,0,49.0,보통
37.49359324469997,126.97715219925217,0,0,3,0,0,0,49.0,보통
37.494491555874966,126.97715219925217,0,0,3,0,0,0,49.0,보통
37.49538986704996,126.97715219925217,0,0,1,0,0,0,43.0,보통
37.49628817822495,126.97715219925217,0,0,0,0,0,0,40.0,보통
37.497186489399944,126.97715219925217,0,0,0,0,0,0,40.0,보통
37.49808480057494,126.97715219925217,0,0,0,0,0,0,40.0,보통
37.49898311174993,126.97715219925217,0,0,0,0,0,0,40.0,보통
37.49988142292492,126.97715219925217,0,0,0,0,0,0,40.0,보통
37.500779734099915,126.97715219925217,0,0,0,0,0,0,40.0,보통
37.50167804527491,126.97715219925217,0,0,0,0,0,0,40.0,보통
37.5025763564499,126.97715219925217,0,1,0,1,0,0,50.0,보통
37.50347466762489,126.97715219925217,0,0,0,1,0,0,45.0,보통
37.504372978799886,126.97715219925217,0,3,0,0,0,0,55.0,안전
37.50527128997488,126.97715219925217,0,3,0,0,0,0,55.0,안전
37.50616960114987,126.97715219925217,0,0,0,0,0,0,40.0,보통
37.507067912324864,126.97715219925217,0,0,0,0,0,0,40.0,보통
37.50796622349986,126.97715219925217,0,0,0,0,0,0,40.0,보통
37.50886453467485,126.97715219925217,0,0,0,0,0,0,40.0,보통
37.50976284584984,126.97715219925217,0,0,0,0,0,0,40.0,보통
37.510661157024835,126.97715219925217,0,0,0,0,0,0,40.0,보통
37.51155946819983,126.97715219925217,0,0,0,0,0,0,40.0,보통
37.51245777937482,126.97715219925217,0,0,0,0,0,0,40.0,보통
37.51335609054981,126.97715219925217,0,0,0,0,0,0,40.0,보통
37.514254401724806,126.97715219925217,0,0,0,0,0,0,40.0,보통
37.5151527128998,126.97715219925217,0,0,0,0,0,0,40.0,보통
37.51605102407479,126.97715219925217,0,3,0,0,0,0,55.0,안전
37.516949335249784,126.97715219925217,0,3,0,0,0,0,55.0,안전
37.51784764642478,126.97715219925217,0,0,0,1,0,0,45.0,보통
37.51874595759977,126.97715219925217,0,0,0,1,0,0,45.0,보통
37.51964426877476,126.97715219925217,0,0,0,0,0,0,40.0,보통
37.520542579949755,126.97715219925217,0,0,0,0,0,0,40.0,보통
37.52144089112475,126.97715219925217,0,0,0,0,0,0,40.0,보통
37.52233920229974,126.97715219925217,0,0,0,1,0,0,45.0,보통
37.52323751347473,126.97715219925217,0,0,0,1,0,0,45.0,보통
37.524135824649726,126.97715219925217,0,0,0,0,0,0,40.0,보통
37.52503413582472,126.97715219925217,0,0,0,0,0,0,40.0,보통
37.52593244699971,126.97715219925217,0,0,0,0,0,0,40.0,보통
37.526830758174704,126.97715219925217,0,0,0,0,0,0,40.0,보통
37.5277290693497,126.97715219925217,0,0,0,0,0,0,40.0,보통
37.52862738052469,126.97715219925217,0,0,0,0,0,0,40.0,보통
37.52952569169968,126.97715219925217,0,0,0,0,0,0,40.0,보통
37.530424002874675,126.97715219925217,0,0,0,0,0,0,40.0,보통
37.53132231404967,126.97715219925217,0,0,0,0,0,0,40.0,보통
37.53222062522466,126.97715219925217,0,0,0,0,0,0,40.0,보통
37.53311893639965,126.97715219925217,0,0,0,1,0,0,45.0,보통
37.534017247574646,126.97715219925217,0,0,0,1,0,0,45.0,보통
37.53491555874964,126.97715219925217,0,0,0,0,0,0,40.0,보통
37.53581386992463,126.97715219925217,0,0,0,0,0,0,40.0,보통
37.49,126.97828464738647,0,0,1,0,0,0,43.0,보통
37.490898311174995,126.97828464738647,0,0,3,0,0,0,49.0,보통
37.49179662234999,126.97828464738647,0,0,3,1,0,0,54.0,안전
37.49269493352498,126.97828464738647,0,0,3,1,0,0,54.0,안전
37.49359324469997,126.97828464738647,0,0,3,0,0,0,49.0,보통
37.494491555874966,126.97828464738647,0,0,3,0,0,0,49.0,보통
37.49538986704996,126.97828464738647,0,0,0,0,0,0,40.0,보통
37.49628817822495,126.97828464738647,0,0,0,0,0,1,50.0,보통
37.497186489399944,126.97828464738647,0,0,0,0,0,1,50.0,보통
37.49808480057494,126.97828464738647,0,0,0,0,0,1,50.0,보통
37.49898311174993,126.97828464738647,0,0,0,0,0,0,40.0,보통
37.49988142292492,126.97828464738647,0,0,0,0,0,0,40.0,보통
37.500779734099915,126.97828464738647,0,0,0,0,0,0,40.0,보통
37.50167804527491,126.97828464738647,0,3,0,0,0,0,55.0,안전
37.5025763564499,126.97828464738647,0,3,0,1,0,0,60.0,안전
37.50347466762489,126.97828464738647,0,3,0,1,0,0,60.0,안전
37.504372978799886,126.97828464738647,0,3,0,0,0,0,55.0,안전
37.50527128997488,126.97828464738647,0,3,0,0,0,0,55.0,안전
37.50616960114987,126.97828464738647,0,0,0,0,0,0,40.0,보통
37.507067912324864,126.97828464738647,0,0,0,0,0,0,40.0,보통
37.50796622349986,126.97828464738647,0,0,0,0,0,0,40.0,보통
37.50886453467485,126.97828464738647,0,0,0,0,0,0,40.0,보통
37.50976284584984,126.97828464738647,0,0,0,0,0,0,40.0,보통
37.510661157024835,126.97828464738647,0,0,0,0,0,0,40.0,보통
37.51155946819983,126.97828464738647,0,0,0,0,0,0,40.0,보통
37.51245777937482,126.97828464738647,0,0,0,0,0,0,40.0,보통
37.51335609054981,126.97828464738647,0,0,0,0,0,0,40.0,보통
37.514254401724806,126.97828464738647,0,0,0,0,0,0,40.0,보통
37.5151527128998,126.97828464738647,0,0,0,0,0,0,40.0,보통
37.51605102407479,126.97828464738647,0,3,0,0,0,0,55.0,안전
37.516949335249784,126.97828464738647,0,3,0,0,0,0,55.0,안전
37.51784764642478,126.97828464738647,0,0,0,0,0,0,40.0,보통
37.51874595759977,126.97828464738647,0,0,0,0,0,0,40.0,보통
37.51964426877476,126.97828464738647,0,0,0,0,0,0,40.0,보통
37.520542579949755,126.97828464738647,0,0,0,0,0,0,40.0,보통
37.52144089112475,126.97828464738647,0,0,0,0,0,0,40.0,보통
37.52233920229974,126.97828464738647,0,0,0,1,0,0,45.0,보통
37.52323751347473,126.97828464738647,0,0,0,1,0,0,45.0,보통
37.524135824649726,126.97828464738647,0,0,0,0,0,0,40.0,보통
37.52503413582472,126.97828464738647,0,0,0,0,0,0,40.0,보통
37.52593244699971,126.97828464738647,0,0,0,0,0,0,40.0,보통
37.526830758174704,126.97828464738647,0,0,0,0,0,0,40.0,보통
37.5277290693497,126.97828464738647,0,0,0,0,0,0,40.0,보통
37.52862738052469,126.97828464738647,0,0,0,0,0,0,40.0,보통
37.52952569169968,126.97828464738647,0,0,0,0,0,0,40.0,보통
37.530424002874675,126.97828464738647,0,0,0,0,0,0,40.0,보통
37.53132231404967,126.97828464738647,0,0,0,0,0,0,40.0,보통
37.53222062522466,126.97828464738647,0,0,0,0,0,0,40.0,보통
37.53311893639965,126.97828464738647,0,0,0,1,0,0,45.0,보통
37.534017247574646,126.97828464738647,0,0,0,1,0,0,45.0,보통
37.53491555874964,126.97828464738647,0,0,0,0,0,0,40.0,보통
37.53581386992463,126.97828464738647,0,0,0,0,0,0,40.0,보통
37.49,126.97941709552077,0,0,3,0,0,0,49.0,보통
37.490898311174995,126.97941709552077,0,0,3,0,0,0,49.0,보통
37.49179662234999,126.97941709552077,0,0,3,1,0,0,54.0,안전
37.49269493352498,126.97941709552077,0,0,3,2,0,0,59.0,안전
37.49359324469997,126.97941709552077,0,0,3,0,0,0,49.0,보통
37.494491555874966,126.97941709552077,0,0,2,0,0,0,46.0,보통
37.49538986704996,126.97941709552077,0,0,0,0,0,1,50.0,보통
37.49628817822495,126.97941709552077,0,0,2,0,0,1,56.0,안전
37.497186489399944,126.97941709552077,0,0,3,0,0,1,59.0,안전
37.49808480057494,126.97941709552077,0,0,0,0,0,1,50.0,보통
37.49898311174993,126.97941709552077,0,0,0,0,0,1,50.0,보통
37.49988142292492,126.97941709552077,0,0,0,0,0,0,40.0,보통
37.500779734099915,126.97941709552077,0,0,0,0,0,0,40.0,보통
37.50167804527491,126.97941709552077,0,3,0,0,0,0,55.0,안전
37.5025763564499,126.97941709552077,0,3,0,1,0,0,60.0,안전
37.50347466762489,126.97941709552077,0,3,0,0,0,0,55.0,안전
37.504372978799886,126.97941709552077,0,3,0,0,0,0,55.0,안전
37.50527128997488,126.97941709552077,0,3,0,0,0,0,55.0,안전
37.50616960114987,126.97941709552077,0,3,0,0,0,0,55.0,안전
37.507067912324864,126.97941709552077,0,0,0,0,0,0,40.0,보통
37.50796622349986,126.97941709552077,0,0,0,0,0,0,40.0,보통
37.50886453467485,126.97941709552077,0,0,0,0,0,0,40.0,보통
37.50976284584984,126.97941709552077,0,0,0,0,0,0,40.0,보통
37.510661157024835,126.97941709552077,0,0,0,0,0,0,40.0,보통
37.51155946819983,126.97941709552077,0,0,0,0,0,0,40.0,보통
37.51245777937482,126.97941709552077,0,0,0,0,0,0,40.0,보통
37.51335609054981,126.97941709552077,0,0,0,0,0,0,40.0,보통
37.514254401724806,126.97941709552077,0,0,0,0,0,0,40.0,보통
37.5151527128998,126.97941709552077,0,0,0,0,0,0,40.0,보통
37.51605102407479,126.97941709552077,0,3,0,0,0,0,55.0,안전
37.516949335249784,126.97941709552077,0,2,0,0,0,0,50.0,보통
37.51784764642478,126.97941709552077,0,0,0,1,0,0,45.0,보통
37.51874595759977,126.97941709552077,0,0,0,1,0,0,45.0,보통
37.51964426877476,126.97941709552077,0,0,0,0,0,0,40.0,보통
37.520542579949755,126.97941709552077,0,0,0,0,0,0,40.0,보통
37.52144089112475,126.97941709552077,0,0,0,0,0,0,40.0,보통
37.52233920229974,126.97941709552077,0,0,0,0,0,0,40.0,보통
37.52323751347473,126.97941709552077,0,0,0,0,0,0,40.0,보통
37.524135824649726,126.97941709552077,0,0,0,0,0,0,40.0,보통
37.52503413582472,126.97941709552077,0,0,0,0,0,0,40.0,보통
37.52593244699971,126.97941709552077,0,0,0,0,0,0,40.0,보통
37.526830758174704,126.97941709552077,0,0,0,0,0,0,40.0,보통
37.5277290693497,126.97941709552077,0,0,0,0,0,0,40.0,보통
37.52862738052469,126.97941709552077,0,0,0,0,0,0,40.0,보통
37.52952569169968,126.97941709552077,0,0,0,0,0,0,40.0,보통
37.530424002874675,126.97941709552077,0,0,0,0,0,0,40.0,보통
37.53132231404967,126.97941709552077,0,0,0,0,0,0,40.0,보통
37.53222062522466,126.97941709552077,0,0,0,0,0,0,40.0,보통
37.53311893639965,126.97941709552077,0,0,0,0,0,0,40.0,보통
37.534017247574646,126.97941709552077,0,0,0,0,0,0,40.0,보통
37.53491555874964,126.97941709552077,0,0,0,0,0,0,40.0,보통
37.53581386992463,126.97941709552077,0,0,0,0,0,0,40.0,보통
37.49,126.98054954365507,0,0,3,0,0,0,49.0,보통
37.490898311174995,126.98054954365507,0,0,3,1,0,0,54.0,안전
37.49179662234999,126.98054954365507,0,0,3,0,0,0,49.0,보통
37.49269493352498,126.98054954365507,0,0,0,0,0,0,40.0,보통
37.49359324469997,126.98054954365507,0,0,1,0,0,1,53.0,보통
37.494491555874966,126.98054954365507,0,0,1,0,0,1,53.0,보통
37.49538986704996,126.98054954365507,0,0,0,0,0,1,50.0,보통
37.49628817822495,126.98054954365507,0,0,3,0,0,1,59.0,안전
37.497186489399944,126.98054954365507,0,0,3,0,0,1,59.0,안전
37.49808480057494,126.98054954365507,0,0,0,0,0,1,50.0,보통
37.49898311174993,126.98054954365507,0,0,0,0,0,1,50.0,보통
37.49988142292492,126.98054954365507,0,0,0,0,0,0,40.0,보통
37.500779734099915,126.98054954365507,0,0,0,0,0,0,40.0,보통
37.50167804527491,126.98054954365507,0,3,0,0,0,0,55.0,안전
37.5025763564499,126.98054954365507,0,3,0,1,0,0,60.0,안전
37.50347466762489,126.98054954365507,0,3,0,1,0,0,60.0,안전
37.504372978799886,126.98054954365507,0,3,0,0,0,0,55.0,안전
37.50527128997488,126.98054954365507,0,3,0,0,0,0,55.0,안전
37.50616960114987,126.98054954365507,0,3,0,0,0,0,55.0,안전
37.507067912324864,126.98054954365507,0,3,0,0,0,0,55.0,안전
37.50796622349986,126.98054954365507,0,3,0,0,0,0,55.0,안전
37.50886453467485,126.98054954365507,0,3,0,0,0,0,55.0,안전
37.50976284584984,126.98054954365507,0,3,0,0,0,0,55.0,안전
37.510661157024835,126.98054954365507,0,0,0,0,0,0,40.0,보통
37.51155946819983,126.98054954365507,0,0,0,0,0,0,40.0,보통
37.51245777937482,126.98054954365507,0,0,0,0,0,0,40.0,보통
37.51335609054981,126.98054954365507,0,0,0,0,0,0,40.0,보통
37.514254401724806,126.98054954365507,0,0,0,0,0,0,40.0,보통
37.5151527128998,126.98054954365507,0,0,0,0,0,0,40.0,보통
37.51605102407479,126.98054954365507,0,3,0,0,0,0,55.0,안전
37.516949335249784,126.98054954365507,0,3,0,0,0,0,55.0,안전
37.51784764642478,126.98054954365507,0,0,0,1,0,0,45.0,보통
37.51874595759977,126.98054954365507,0,0,0,0,0,0,40.0,보통
37.51964426877476,126.98054954365507,0,2,0,0,0,0,50.0,보통
37.520542579949755,126.98054954365507,0,2,0,0,0,0,50.0,보통
37.52144089112475,126.98054954365507,0,0,0,0,0,0,40.0,보통
37.52233920229974,126.98054954365507,0,0,0,0,0,0,40.0,보통
37.52323751347473,126.98054954365507,0,0,0,0,0,0,40.0,보통
37.524135824649726,126.98054954365507,0,0,0,0,0,0,40.0,보통
37.52503413582472,126.98054954365507,0,0,0,0,0,0,40.0,보통
37.52593244699971,126.98054954365507,0,0,0,0,0,0,40.0,보통
37.526830758174704,126.98054954365507,0,0,0,0,0,0,40.0,보통
37.5277290693497,126.98054954365507,0,0,0,0,0,0,40.0,보통
37.52862738052469,126.98054954365507,0,0,0,0,0,0,40.0,보통
37.52952569169968,126.98054954365507,0,0,0,0,0,0,40.0,보통
37.530424002874675,126.98054954365507,0,0,0,0,0,0,40.0,보통
37.53132231404967,126.98054954365507,0,0,0,0,0,0,40.0,보통
37.53222062522466,126.98054954365507,0,0,0,0,0,0,40.0,보통
37.53311893639965,126.98054954365507,0,0,0,0,0,0,40.0,보통
37.534017247574646,126.98054954365507,0,0,0,0,0,0,40.0,보통
37.53491555874964,126.98054954365507,0,0,0,0,0,0,40.0,보통
37.53581386992463,126.98054954365507,0,0,0,0,0,0,40.0,보통
37.49,126.98168199178937,0,0,3,0,0,0,49.0,보통
37.490898311174995,126.98168199178937,0,0,3,1,0,0,54.0,안전
37.49179662234999,126.98168199178937,0,0,3,1,0,0,54.0,안전
37.49269493352498,126.98168199178937,0,0,0,0,0,1,50.0,보통
37.49359324469997,126.98168199178937,0,0,1,1,0,1,58.0,안전
37.494491555874966,126.98168199178937,0,0,3,0,0,1,59.0,안전
37.49538986704996,126.98168199178937,0,0,3,0,0,1,59.0,안전
37.49628817822495,126.98168199178937,0,0,3,1,0,1,64.0,안전
37.497186489399944,126.98168199178937,0,0,3,0,0,1,59.0,안전
37.49808480057494,126.98168199178937,0,0,0,0,0,1,50.0,보통
37.49898311174993,126.98168199178937,0,0,0,0,0,1,50.0,보통
37.49988142292492,126.98168199178937,0,0,0,0,0,0,40.0,보통
37.500779734099915,126.98168199178937,0,0,0,0,0,0,40.0,보통
37.50167804527491,126.98168199178937,0,3,0,0,0,0,55.0,안전
37.5025763564499,126.98168199178937,0,3,0,0,0,0,55.0,안전
37.50347466762489,126.98168199178937,0,0,0,0,0,0,40.0,보통
37.504372978799886,126.98168199178937,0,3,0,0,0,0,55.0,안전
37.50527128997488,126.98168199178937,0,3,0,0,0,0,55.0,안전
37.50616960114987,126.98168199178937,0,3,0,0,0,0,55.0,안전
37.507067912324864,126.98168199178937,0,3,0,0,0,0,55.0,안전
37.50796622349986,126.98168199178937,0,3,0,0,0,0,55.0,안전
37.50886453467485,126.98168199178937,0,3,0,0,0,0,55.0,안전
37.50976284584984,126.98168199178937,0,3,0,0,0,0,55.0,안전
37.510661157024835,126.98168199178937,0,3,0,0,0,0,55.0,안전
37.51155946819983,126.98168199178937,0,3,0,0,0,0,55.0,안전
37.51245777937482,126.98168199178937,0,3,0,0,0,0,55.0,안전
37.51335609054981,126.98168199178937,0,3,0,0,0,0,55.0,안전
37.514254401724806,126.98168199178937,0,2,0,0,0,0,50.0,보통
37.5151527128998,126.98168199178937,0,0,0,1,0,0,45.0,보통
37.51605102407479,126.98168199178937,0,3,0,1,0,0,60.0,안전
37.516949335249784,126.98168199178937,0,3,0,0,0,0,55.0,안전
37.51784764642478,126.98168199178937,0,0,0,0,0,0,40.0,보통
37.51874595759977,126.98168199178937,0,0,0,0,0,0,40.0,보통
37.51964426877476,126.98168199178937,0,3,0,0,0,0,55.0,안전
37.520542579949755,126.98168199178937,0,3,0,0,0,0,55.0,안전
37.52144089112475,126.98168199178937,0,0,0,0,0,0,40.0,보통
37.52233920229974,126.98168199178937,0,0,0,0,0,0,40.0,보통
37.52323751347473,126.98168199178937,0,0,0,0,0,0,40.0,보통
37.524135824649726,126.98168199178937,0,0,0,0,0,0,40.0,보통
37.52503413582472,126.98168199178937,0,0,0,0,0,0,40.0,보통
37.52593244699971,126.98168199178937,0,0,0,0,0,0,40.0,보통
37.526830758174704,126.98168199178937,0,0,0,0,0,0,40.0,보통
37.5277290693497,126.98168199178937,0,0,0,0,0,0,40.0,보통
37.52862738052469,126.98168199178937,0,0,0,0,0,0,40.0,보통
37.52952569169968,126.98168199178937,0,0,0,0,0,0,40.0,보통
37.530424002874675,126.98168199178937,0,0,0,0,0,0,40.0,보통
37.53132231404967,126.98168199178937,0,0,0,0,0,0,40.0,보통
37.53222062522466,126.98168199178937,0,0,0,0,0,0,40.0,보통
37.53311893639965,126.98168199178937,0,0,0,0,0,0,40.0,보통
37.534017247574646,126.98168199178937,0,0,0,0,0,0,40.0,보통
37.53491555874964,126.98168199178937,0,0,0,0,0,0,40.0,보통
37.53581386992463,126.98168199178937,0,0,0,0,0,0,40.0,보통
37.49,126.98281443992367,0,0,3,0,0,0,49.0,보통
37.490898311174995,126.98281443992367,0,0,3,0,0,0,49.0,보통
37.49179662234999,126.98281443992367,0,0,3,0,0,0,49.0,보통
37.49269493352498,126.98281443992367,0,0,0,0,0,1,50.0,보통
37.49359324469997,126.98281443992367,0,0,0,2,0,1,60.0,안전
37.494491555874966,126.98281443992367,0,0,2,2,0,1,66.0,안전
37.49538986704996,126.98281443992367,0,0,3,0,0,1,59.0,안전
37.49628817822495,126.98281443992367,0,0,3,1,0,1,64.0,안전
37.497186489399944,126.98281443992367,0,3,0,2,0,1,75.0,안전
37.49808480057494,126.98281443992367,0,0,1,0,0,1,53.0,보통
37.49898311174993,126.98281443992367,0,0,0,0,0,1,50.0,보통
37.49988142292492,126.98281443992367,0,0,0,0,0,0,40.0,보통
37.500779734099915,126.98281443992367,0,3,0,0,0,0,55.0,안전
37.50167804527491,126.98281443992367,0,3,0,0,0,0,55.0,안전
37.5025763564499,126.98281443992367,0,0,0,0,0,0,40.0,보통
37.50347466762489,126.98281443992367,0,0,0,0,0,0,40.0,보통
37.504372978799886,126.98281443992367,0,3,0,0,0,0,55.0,안전
37.50527128997488,126.98281443992367,0,3,0,0,0,0,55.0,안전
37.50616960114987,126.98281443992367,0,0,0,0,0,0,40.0,보통
37.507067912324864,126.98281443992367,0,0,0,0,0,0,40.0,보통
37.50796622349986,126.98281443992367,0,0,0,0,0,0,40.0,보통
37.50886453467485,126.98281443992367,0,0,0,0,0,0,40.0,보통
37.50976284584984,126.98281443992367,0,0,0,0,0,0,40.0,보통
37.510661157024835,126.98281443992367,0,2,0,0,0,0,50.0,보통
37.51155946819983,126.98281443992367,0,3,0,0,0,0,55.0,안전
37.51245777937482,126.98281443992367,0,3,0,0,0,0,55.0,안전
37.51335609054981,126.98281443992367,0,3,0,0,0,0,55.0,안전
37.514254401724806,126.98281443992367,0,3,0,0,0,0,55.0,안전
37.5151527128998,126.98281443992367,0,3,0,1,0,0,60.0,안전
37.51605102407479,126.98281443992367,0,3,0,1,0,0,60.0,안전
37.516949335249784,126.98281443992367,0,3,0,0,0,0,55.0,안전
37.51784764642478,126.98281443992367,0,3,0,0,0,0,55.0,안전
37.51874595759977,126.98281443992367,0,3,0,0,0,0,55.0,안전
37.51964426877476,126.98281443992367,0,3,0,0,0,0,55.0,안전
37.520542579949755,126.98281443992367,0,0,0,0,0,0,40.0,보통
37.52144089112475,126.98281443992367,0,0,0,0,0,0,40.0,보통
37.52233920229974,126.98281443992367,0,0,0,0,0,0,40.0,보통
37.52323751347473,126.98281443992367,0,0,0,0,0,0,40.0,보통
37.524135824649726,126.98281443992367,0,0,0,0,0,0,40.0,보통
37.52503413582472,126.98281443992367,0,0,0,0,0,0,40.0,보통
37.52593244699971,126.98281443992367,0,0,0,0,0,0,40.0,보통
37.526830758174704,126.98281443992367,0,0,0,0,0,0,40.0,보통
37.5277290693497,126.98281443992367,0,0,0,0,0,0,40.0,보통
37.52862738052469,126.98281443992367,0,0,0,0,0,0,40.0,보통
37.52952569169968,126.98281443992367,0,0,0,0,0,0,40.0,보통
37.530424002874675,126.98281443992367,0,0,0,0,0,0,40.0,보통
37.53132231404967,126.98281443992367,0,0,0,0,0,0,40.0,보통
37.53222062522466,126.98281443992367,0,0,0,0,0,0,40.0,보통
37.53311893639965,126.98281443992367,0,0,0,0,0,0,40.0,보통
37.534017247574646,126.98281443992367,0,0,0,0,0,0,40.0,보통
37.53491555874964,126.98281443992367,0,0,0,0,0,0,40.0,보통
37.53581386992463,126.98281443992367,0,0,0,0,0,0,40.0,보통
37.49,126.98394688805797,0,0,0,0,0,1,50.0,보통
37.490898311174995,126.98394688805797,0,0,0,1,0,1,55.0,안전
37.49179662234999,126.98394688805797,0,0,0,2,0,1,60.0,안전
37.49269493352498,126.98394688805797,0,0,0,1,0,1,55.0,안전
37.49359324469997,126.98394688805797,0,0,0,1,0,1,55.0,안전
37.494491555874966,126.98394688805797,0,0,0,2,0,1,60.0,안전
37.49538986704996,126.98394688805797,0,0,0,1,0,1,55.0,안전
37.49628817822495,126.98394688805797,0,0,0,2,0,1,60.0,안전
37.497186489399944,126.98394688805797,0,3,0,2,0,1,75.0,안전
37.49808480057494,126.98394688805797,0,3,1,0,0,1,68.0,안전
37.49898311174993,126.98394688805797,0,3,0,0,0,0,55.0,안전
37.49988142292492,126.98394688805797,0,3,0,0,0,0,55.0,안전
37.500779734099915,126.98394688805797,0,3,0,0,0,0,55.0,안전
37.50167804527491,126.98394688805797,0,3,0,0,0,0,55.0,안전
37.5025763564499,126.98394688805797,0,0,0,0,0,0,40.0,보통
37.50347466762489,126.98394688805797,0,0,0,0,0,0,40.0,보통
37.504372978799886,126.98394688805797,0,3,0,0,0,0,55.0,안전
37.50527128997488,126.98394688805797,0,3,0,0,0,0,55.0,안전
37.50616960114987,126.98394688805797,0,0,0,0,0,0,40.0,보통
37.507067912324864,126.98394688805797,0,0,0,0,0,0,40.0,보통
37.50796622349986,126.98394688805797,0,0,0,0,0,0,40.0,보통
37.50886453467485,126.98394688805797,0,0,0,0,0,0,40.0,보통
37.50976284584984,126.98394688805797,0,0,0,0,0,0,40.0,보통
37.510661157024835,126.98394688805797,0,0,0,0,0,0,40.0,보통
37.51155946819983,126.98394688805797,0,0,0,0,0,0,40.0,보통
37.51245777937482,126.98394688805797,0,0,0,0,0,0,40.0,보통
37.51335609054981,126.98394688805797,0,0,0,0,0,0,40.0,보통
37.514254401724806,126.98394688805797,0,0,0,0,0,0,40.0,보통
37.5151527128998,126.98394688805797,0,3,0,0,0,0,55.0,안전
37.51605102407479,126.98394688805797,0,3,0,0,0,0,55.0,안전
37.516949335249784,126.98394688805797,0,3,0,0,0,0,55.0,안전
37.51784764642478,126.98394688805797,0,3,0,0,0,0,55.0,안전
37.51874595759977,126.98394688805797,0,3,0,0,0,0,55.0,안전
37.51964426877476,126.98394688805797,0,3,0,0,0,0,55.0,안전
37.520542579949755,126.98394688805797,0,1,0,0,0,0,45.0,보통
37.52144089112475,126.98394688805797,0,0,0,0,0,0,40.0,보통
37.52233920229974,126.98394688805797,0,0,0,0,0,0,40.0,보통
37.52323751347473,126.98394688805797,0,0,0,0,0,0,40.0,보통
37.524135824649726,126.98394688805797,0,0,0,0,0,0,40.0,보통
37.52503413582472,126.98394688805797,0,0,0,0,0,0,40.0,보통
37.52593244699971,126.98394688805797,0,0,0,0,0,0,40.0,보통
37.526830758174704,126.98394688805797,0,0,0,0,0,0,40.0,보통
37.5277290693497,126.98394688805797,0,0,0,0,0,0,40.0,보통
37.52862738052469,126.98394688805797,0,0,0,0,0,0,40.0,보통
37.52952569169968,126.98394688805797,0,0,0,0,0,0,40.0,보통
37.530424002874675,126.98394688805797,0,0,0,0,0,0,40.0,보통
37.53132231404967,126.98394688805797,0,0,0,0,0,0,40.0,보통
37.53222062522466,126.98394688805797,0,0,0,0,0,0,40.0,보통
37.53311893639965,126.98394688805797,0,0,0,0,0,0,40.0,보통
37.534017247574646,126.98394688805797,0,0,0,0,0,0,40.0,보통
37.53491555874964,126.98394688805797,0,0,0,0,0,0,40.0,보통
37.53581386992463,126.98394688805797,0,0,0,0,0,0,40.0,보통
37.49,126.98507933619227,0,0,0,0,0,1,50.0,보통
37.490898311174995,126.98507933619227,0,0,0,2,0,1,60.0,안전
37.49179662234999,126.98507933619227,0,0,0,2,0,1,60.0,안전
37.49269493352498,126.98507933619227,0,0,0,1,0,1,55.0,안전
37.49359324469997,126.98507933619227,0,0,0,0,0,1,50.0,보통
37.494491555874966,126.98507933619227,0,0,0,1,2,1,49.0,보통
37.49538986704996,126.98507933619227,0,0,0,1,3,1,46.0,보통
37.49628817822495,126.98507933619227,0,0,0,1,1,1,52.0,보통
37.497186489399944,126.98507933619227,0,0,0,0,0,0,40.0,보통
37.49808480057494,126.98507933619227,0,3,0,1,0,0,60.0,안전
37.49898311174993,126.98507933619227,0,3,0,0,0,0,55.0,안전
37.49988142292492,126.98507933619227,0,3,0,0,0,0,55.0,안전
37.500779734099915,126.98507933619227,0,3,0,0,0,0,55.0,안전
37.50167804527491,126.98507933619227,0,0,0,0,0,0,40.0,보통
37.5025763564499,126.98507933619227,0,0,0,0,0,0,40.0,보통
37.50347466762489,126.98507933619227,0,0,0,0,0,0,40.0,보통
37.504372978799886,126.98507933619227,0,3,0,0,0,0,55.0,안전
37.50527128997488,126.98507933619227,0,3,0,0,0,0,55.0,안전
37.50616960114987,126.98507933619227,0,0,0,0,0,0,40.0,보통
37.507067912324864,126.98507933619227,0,0,0,0,0,0,40.0,보통
37.50796622349986,126.98507933619227,0,0,0,0,0,0,40.0,보통
37.50886453467485,126.98507933619227,0,0,0,0,0,0,40.0,보통
37.50976284584984,126.98507933619227,0,0,0,0,0,0,40.0,보통
37.510661157024835,126.98507933619227,0,0,0,0,0,0,40.0,보통
37.51155946819983,126.98507933619227,0,0,0,0,0,0,40.0,보통
37.51245777937482,126.98507933619227,0,0,0,0,0,0,40.0,보통
37.51335609054981,126.98507933619227,0,0,0,0,0,0,40.0,보통
37.514254401724806,126.98507933619227,0,0,0,0,0,0,40.0,보통
37.5151527128998,126.98507933619227,0,0,0,0,0,0,40.0,보통
37.51605102407479,126.98507933619227,0,3,0,0,0,0,55.0,안전
37.516949335249784,126.98507933619227,0,3,0,0,0,0,55.0,안전
37.51784764642478,126.98507933619227,0,0,0,0,0,0,40.0,보통
37.51874595759977,126.98507933619227,0,0,0,0,0,0,40.0,보통
37.51964426877476,126.98507933619227,0,3,0,0,0,0,55.0,안전
37.520542579949755,126.98507933619227,0,2,0,0,0,0,50.0,보통
37.52144089112475,126.98507933619227,0,0,0,0,0,0,40.0,보통
37.52233920229974,126.98507933619227,0,0,0,0,0,0,40.0,보통
37.52323751347473,126.98507933619227,0,0,0,0,0,0,40.0,보통
37.524135824649726,126.98507933619227,0,0,0,0,0,0,40.0,보통
37.52503413582472,126.98507933619227,0,0,0,0,0,0,40.0,보통
37.52593244699971,126.98507933619227,0,0,0,0,0,0,40.0,보통
37.526830758174704,126.98507933619227,0,0,0,0,0,0,40.0,보통
37.5277290693497,126.98507933619227,0,0,0,0,0,0,40.0,보통
37.52862738052469,126.98507933619227,0,0,0,0,0,0,40.0,보통
37.52952569169968,126.98507933619227,0,0,0,0,0,0,40.0,보통
37.530424002874675,126.98507933619227,0,0,0,0,0,0,40.0,보통
37.53132231404967,126.98507933619227,0,0,0,0,0,0,40.0,보통
37.53222062522466,126.98507933619227,0,0,0,0,0,0,40.0,보통
37.53311893639965,126.98507933619227,0,0,0,0,0,0,40.0,보통
37.534017247574646,126.98507933619227,0,0,0,0,0,0,40.0,보통
37.53491555874964,126.98507933619227,0,0,0,0,0,0,40.0,보통
37.53581386992463,126.98507933619227,0,0,0,0,0,0,40.0,보통
37.49,126.98621178432657,0,0,0,1,0,1,55.0,안전
37.490898311174995,126.98621178432657,0,0,0,2,0,1,60.0,안전
37.49179662234999,126.98621178432657,0,0,0,1,1,1,52.0,보통
37.49269493352498,126.98621178432657,0,0,0,1,0,1,55.0,안전
37.49359324469997,126.98621178432657,0,0,0,1,1,1,52.0,보통
37.494491555874966,126.98621178432657,0,0,0,2,2,1,54.0,안전
37.49538986704996,126.98621178432657,0,0,0,1,3,1,46.0,보통
37.49628817822495,126.98621178432657,0,0,0,0,1,0,37.0,위험
37.497186489399944,126.98621178432657,0,0,0,1,0,0,45.0,보통
37.49808480057494,126.98621178432657,0,3,0,1,0,0,60.0,안전
37.49898311174993,126.98621178432657,0,3,0,0,0,0,55.0,안전
37.49988142292492,126.98621178432657,0,3,0,0,0,0,55.0,안전
37.500779734099915,126.98621178432657,0,0,0,0,0,0,40.0,보통
37.50167804527491,126.98621178432657,0,0,0,0,0,0,40.0,보통
37.5025763564499,126.98621178432657,0,0,0,0,0,0,40.0,보통
37.50347466762489,126.98621178432657,0,0,0,0,0,0,40.0,보통
37.504372978799886,126.98621178432657,0,3,0,0,0,0,55.0,안전
37.50527128997488,126.98621178432657,0,3,0,0,0,0,55.0,안전
37.50616960114987,126.98621178432657,0,3,0,0,0,0,55.0,안전
37.507067912324864,126.98621178432657,0,0,0,0,0,0,40.0,보통
37.50796622349986,126.98621178432657,0,0,0,0,0,0,40.0,보통
37.50886453467485,126.98621178432657,0,0,0,0,0,0,40.0,보통
37.50976284584984,126.98621178432657,0,0,0,0,0,0,40.0,보통
37.510661157024835,126.98621178432657,0,0,0,0,0,0,40.0,보통
37.51155946819983,126.98621178432657,0,0,0,0,0,0,40.0,보통
37.51245777937482,126.98621178432657,0,0,0,0,0,0,40.0,보통
37.51335609054981,126.98621178432657,0,0,0,0,0,0,40.0,보통
37.514254401724806,126.98621178432657,0,0,0,0,0,0,40.0,보통
37.5151527128998,126.98621178432657,0,0,0,0,0,0,40.0,보통
37.51605102407479,126.98621178432657,0,3,0,0,0,0,55.0,안전
37.516949335249784,126.98621178432657,0,3,0,0,0,0,55.0,안전
37.51784764642478,126.98621178432657,0,0,0,0,0,0,40.0,보통
37.51874595759977,126.98621178432657,0,0,0,0,0,0,40.0,보통
37.51964426877476,126.98621178432657,0,2,0,0,0,0,50.0,보통
37.520542579949755,126.98621178432657,0,0,0,0,0,0,40.0,보통
37.52144089112475,126.98621178432657,0,0,0,0,0,0,40.0,보통
37.52233920229974,126.98621178432657,0,0,0,0,0,0,40.0,보통
37.52323751347473,126.98621178432657,0,0,0,0,0,0,40.0,보통
37.524135824649726,126.98621178432657,0,0,0,0,0,0,40.0,보통
37.52503413582472,126.98621178432657,0,0,0,0,0,0,40.0,보통
37.52593244699971,126.98621178432657,0,0,0,0,0,0,40.0,보통
37.526830758174704,126.98621178432657,0,0,0,0,0,0,40.0,보통
37.5277290693497,126.98621178432657,0,0,0,0,0,0,40.0,보통
37.52862738052469,126.98621178432657,0,0,0,0,0,0,40.0,보통
37.52952569169968,126.98621178432657,0,0,0,0,0,0,40.0,보통
37.530424002874675,126.98621178432657,0,0,0,0,0,0,40.0,보통
37.53132231404967,126.98621178432657,0,0,0,0,0,0,40.0,보통
37.53222062522466,126.98621178432657,0,0,0,0,0,0,40.0,보통
37.53311893639965,126.98621178432657,0,0,0,0,0,0,40.0,보통
37.534017247574646,126.98621178432657,0,0,0,0,0,0,40.0,보통
37.53491555874964,126.98621178432657,0,3,0,1,0,0,60.0,안전
37.53581386992463,126.98621178432657,0,2,0,0,0,0,50.0,보통
37.49,126.98734423246087,0,0,0,1,0,1,55.0,안전
37.490898311174995,126.98734423246087,0,0,0,0,1,1,47.0,보통
37.49179662234999,126.98734423246087,0,0,0,0,1,1,47.0,보통
37.49269493352498,126.98734423246087,0,0,0,0,0,1,50.0,보통
37.49359324469997,126.98734423246087,0,0,0,1,1,0,42.0,보통
37.494491555874966,126.98734423246087,0,0,0,0,0,0,40.0,보통
37.49538986704996,126.98734423246087,0,0,0,1,0,0,45.0,보통
37.49628817822495,126.98734423246087,0,0,0,0,0,0,40.0,보통
37.497186489399944,126.98734423246087,0,0,0,0,0,0,40.0,보통
37.49808480057494,126.98734423246087,0,3,0,0,0,0,55.0,안전
37.49898311174993,126.98734423246087,0,3,0,0,0,0,55.0,안전
37.49988142292492,126.98734423246087,0,0,0,0,0,0,40.0,보통
37.500779734099915,126.98734423246087,0,0,0,1,0,0,45.0,보통
37.50167804527491,126.98734423246087,0,0,0,1,0,0,45.0,보통
37.5025763564499,126.98734423246087,0,0,0,0,0,0,40.0,보통
37.50347466762489,126.98734423246087,0,0,0,0,0,0,40.0,보통
37.504372978799886,126.98734423246087,0,0,0,0,0,0,40.0,보통
37.50527128997488,126.98734423246087,0,3,0,0,0,0,55.0,안전
37.50616960114987,126.98734423246087,0,3,0,0,0,0,55.0,안전
37.507067912324864,126.98734423246087,0,0,0,0,0,0,40.0,보통
37.50796622349986,126.98734423246087,0,0,0,0,0,0,40.0,보통
37.50886453467485,126.98734423246087,0,0,0,0,0,0,40.0,보통
37.50976284584984,126.98734423246087,0,0,0,0,0,0,40.0,보통
37.510661157024835,126.98734423246087,0,0,0,0,0,0,40.0,보통
37.51155946819983,126.98734423246087,0,0,0,0,0,0,40.0,보통
37.51245777937482,126.98734423246087,0,0,0,0,0,0,40.0,보통
37.51335609054981,126.98734423246087,0,0,0,0,0,0,40.0,보통
37.514254401724806,126.98734423246087,0,0,0,0,0,0,40.0,보통
37.5151527128998,126.98734423246087,0,0,0,0,0,0,40.0,보통
37.51605102407479,126.98734423246087,0,3,0,0,0,0,55.0,안전
37.516949335249784,126.98734423246087,0,3,0,0,0,0,55.0,안전
37.51784764642478,126.98734423246087,0,0,0,0,0,0,40.0,보통
37.51874595759977,126.98734423246087,0,0,0,0,0,0,40.0,보통
37.51964426877476,126.98734423246087,0,0,0,0,0,0,40.0,보통
37.520542579949755,126.98734423246087,0,0,0,0,0,0,40.0,보통
37.52144089112475,126.98734423246087,0,0,0,0,0,0,40.0,보통
37.52233920229974,126.98734423246087,0,0,0,0,0,0,40.0,보통
37.52323751347473,126.98734423246087,0,0,0,0,0,0,40.0,보통
37.524135824649726,126.98734423246087,0,0,0,0,0,0,40.0,보통
37.52503413582472,126.98734423246087,0,0,0,0,0,0,40.0,보통
37.52593244699971,126.98734423246087,0,0,0,0,0,0,40.0,보통
37.526830758174704,126.98734423246087,0,0,0,0,0,0,40.0,보통
37.5277290693497,126.98734423246087,0,0,0,0,0,0,40.0,보통
37.52862738052469,126.98734423246087,0,0,0,0,0,0,40.0,보통
37.52952569169968,126.98734423246087,0,0,0,0,0,0,40.0,보통
37.530424002874675,126.98734423246087,0,0,0,0,0,0,40.0,보통
37.53132231404967,126.98734423246087,0,0,0,0,0,0,40.0,보통
37.53222062522466,126.98734423246087,0,0,0,0,0,0,40.0,보통
37.53311893639965,126.98734423246087,0,0,0,0,0,0,40.0,보통
37.534017247574646,126.98734423246087,0,1,0,1,0,0,50.0,보통
37.53491555874964,126.98734423246087,0,3,0,1,0,0,60.0,안전
37.53581386992463,126.98734423246087,0,3,0,0,0,0,55.0,안전
37.49,126.98847668059517,0,0,0,0,0,1,50.0,보통
37.490898311174995,126.98847668059517,0,0,0,0,0,1,50.0,보통
37.49179662234999,126.98847668059517,0,0,0,0,0,1,50.0,보통
37.49269493352498,126.98847668059517,0,0,0,0,0,1,50.0,보통
37.49359324469997,126.98847668059517,0,0,0,0,0,0,40.0,보통
37.494491555874966,126.98847668059517,0,0,0,0,0,0,40.0,보통
37.49538986704996,126.98847668059517,0,0,0,0,0,0,40.0,보통
37.49628817822495,126.98847668059517,0,0,0,0,0,0,40.0,보통
37.497186489399944,126.98847668059517,0,0,0,0,0,0,40.0,보통
37.49808480057494,126.98847668059517,0,3,0,0,0,0,55.0,안전
37.49898311174993,126.98847668059517,0,0,0,0,0,0,40.0,보통
37.49988142292492,126.98847668059517,0,0,0,0,0,0,40.0,보통
37.500779734099915,126.98847668059517,0,0,0,0,0,0,40.0,보통
37.50167804527491,126.98847668059517,0,0,0,1,0,0,45.0,보통
37.5025763564499,126.98847668059517,0,0,0,0,0,0,40.0,보통
37.50347466762489,126.98847668059517,0,0,0,0,0,0,40.0,보통
37.504372978799886,126.98847668059517,0,0,0,0,0,0,40.0,보통
37.50527128997488,126.98847668059517,0,3,0,0,0,0,55.0,안전
37.50616960114987,126.98847668059517,0,3,0,0,0,0,55.0,안전
37.507067912324864,126.98847668059517,0,0,0,0,0,0,40.0,보통
37.50796622349986,126.98847668059517,0,0,0,0,0,0,40.0,보통
37.50886453467485,126.98847668059517,0,0,0,0,0,0,40.0,보통
37.50976284584984,126.98847668059517,0,0,0,0,0,0,40.0,보통
37.510661157024835,126.98847668059517,0,0,0,0,0,0,40.0,보통
37.51155946819983,126.98847668059517,0,0,0,0,0,0,40.0,보통
37.51245777937482,126.98847668059517,0,0,0,0,0,0,40.0,보통
37.51335609054981,126.98847668059517,0,0,0,0,0,0,40.0,보통
37.514254401724806,126.98847668059517,0,0,0,0,0,0,40.0,보통
37.5151527128998,126.98847668059517,0,0,0,0,0,0,40.0,보통
37.51605102407479,126.98847668059517,0,3,0,0,0,0,55.0,안전
37.516949335249784,126.98847668059517,0,3,0,0,0,0,55.0,안전
37.51784764642478,126.98847668059517,0,0,0,0,0,0,40.0,보통
37.51874595759977,126.98847668059517,0,0,0,0,0,0,40.0,보통
37.51964426877476,126.98847668059517,0,0,0,0,0,0,40.0,보통
37.520542579949755,126.98847668059517,0,0,0,0,0,0,40.0,보통
37.52144089112475,126.98847668059517,0,0,0,0,0,0,40.0,보통
37.52233920229974,126.98847668059517,0,0,0,0,0,0,40.0,보통
37.52323751347473,126.98847668059517,0,0,0,0,0,0,40.0,보통
37.524135824649726,126.98847668059517,0,0,0,0,0,0,40.0,보통
37.52503413582472,126.98847668059517,0,0,0,0,0,0,40.0,보통
37.52593244699971,126.98847668059517,0,0,0,0,0,0,40.0,보통
37.526830758174704,126.98847668059517,0,0,0,0,0,0,40.0,보통
37.5277290693497,126.98847668059517,0,0,0,0,0,0,40.0,보통
37.52862738052469,126.98847668059517,0,0,0,0,0,0,40.0,보통
37.52952569169968,126.98847668059517,0,0,0,0,0,0,40.0,보통
37.530424002874675,126.98847668059517,0,0,0,0,0,0,40.0,보통
37.53132231404967,126.98847668059517,0,0,0,0,0,0,40.0,보통
37.53222062522466,126.98847668059517,0,0,0,0,0,0,40.0,보통
37.53311893639965,126.98847668059517,0,3,0,0,0,0,55.0,안전
37.534017247574646,126.98847668059517,0,3,0,0,0,0,55.0,안전
37.53491555874964,126.98847668059517,0,0,0,0,0,0,40.0,보통
37.53581386992463,126.98847668059517,0,0,0,0,0,0,40.0,보통
