lat,lng
37.50863809,126.9405646
37.50872374,126.9406748
37.50887927,126.9408839
37.50918118,126.941025
37.50923964,126.9408101
37.5094379,126.9408948
37.50956638,126.9410643
37.50952558,126.9405695
37.50967878,126.9406146
37.50975317,126.9407305
37.50963158,126.9408296
37.50937279,126.9413274
37.50947876,126.9415253
37.50961839,126.9414828
37.50973998,126.9413752
37.51085652,126.9552185
37.50988393,126.9409707
37.51030776,126.9416773
37.50996045,126.9408293
37.51359614,126.9567269
37.51029143,126.9405576
37.51212664,126.954443
37.51138547,126.9541861
37.51075995,126.9405544
37.510938,126.9407578
37.51090208,126.9409982
37.51085489,126.9412245
37.51069492,126.9411341
37.51065447,126.9413179
37.51056661,126.9413095
37.51053725,126.9411371
37.51032998,126.9410581
37.51019935,126.9410921
37.5102133,126.9419743
37.51035066,126.9418865
37.51032467,126.9421671
37.51027654,126.9423164
37.51009406,126.94226
37.51021361,126.9426049
37.50992971,126.9424382
37.50978098,126.9423111
37.50966602,126.94215
37.5098706,126.9422534
37.51050604,126.9418044
37.51175067,126.9549635
37.51107176,126.9425024
37.51165077,126.9427282
37.51154928,126.9424681
37.51198872,126.9428806
37.51186404,126.9431069
37.51119072,126.9416427
37.51103318,126.941903
37.510738,126.9417024
37.51081899,126.9415016
37.51208225,126.9406919
37.51215837,126.9406636
37.51274678,126.9407875
37.51274239,126.9410053
37.51321317,126.9410275
37.51331226,126.9409765
37.51324223,126.940575
37.51157081,126.9451204
37.51132737,126.9447587
37.51268795,126.9448849
37.51225384,126.9462312
37.51146259,126.9449085
37.5123173,126.9471163
37.51250207,126.9472434
37.51144154,126.948149
37.51176009,126.9452645
37.51209339,126.9451059
37.51119349,126.9426861
37.5112202,126.9420244
37.50852575,126.9458494
37.51210489,126.9409209
37.51310116,126.942269
37.51318679,126.9423424
37.51123117,126.9571835
37.51307468,126.9434057
37.51299216,126.9432463
37.5121154,126.9440031
37.51224821,126.9438192
37.5123135,126.9437654
37.51224137,126.9436439
37.512194,126.9435167
37.51246872,126.9433383
37.51050579,126.9460176
37.51186057,126.9433897
37.51175255,126.9435905
37.5114417,126.9435851
37.51171634,126.9432456
37.51161279,126.9433701
37.51128164,126.9433223
37.51102252,126.9431387
37.51077917,126.9429918
37.51061491,126.9433341
37.5107861,126.9433424
37.51102982,126.9442839
37.51116031,126.9439501
37.51099374,126.9442047
37.51098909,126.9438993
37.51089212,126.943659
37.51152753,126.9440884
37.50952179,126.9420088
37.5116113,126.9449988
37.51187034,126.9449958
37.51214962,126.9449277
37.51222615,126.9448117
37.51245583,126.9446504
37.51262025,126.9446135
37.51249871,126.9448144
37.51284839,126.9447823
37.51320249,126.9457576
37.51310742,126.945979
37.51300881,126.9458369
37.51278956,126.9454221
37.5124747,126.9452689
37.51213461,126.9453427
37.51248603,126.9454132
37.51243429,126.9455659
37.51231449,126.9458777
37.51233489,126.9461492
37.51088173,126.9455225
37.51057547,126.9457037
37.51141751,126.9448293
37.51072427,126.9459976
37.51115436,126.9456778
37.51126265,126.9460538
37.51143596,126.9457624
37.51154172,126.9455305
37.51161157,126.94557
37.51206232,126.9461154
37.51202109,126.9446422
37.51084828,126.9462549
37.51124778,126.9480643
37.51096136,126.9472699
37.51291196,126.9470989
37.51236694,126.9472859
37.51283994,126.9472431
37.5124543,126.9462226
37.51247236,126.9463074
37.5125844,126.9501106
37.51248084,126.9502238
37.50987694,126.9451415
37.5122579,126.950371
37.51127865,126.9504494
37.51072422,126.9510506
37.51094677,126.9499703
37.51153047,126.950674
37.51184119,126.9503826
37.51150356,126.9509794
37.51164549,126.9510359
37.5116163,126.9512565
37.51155778,126.9513611
37.51117248,126.9510786
37.51182355,126.9512846
37.51196148,126.9514723
37.51224424,126.9449588
37.51216786,126.9505266
37.51146705,126.9448038
37.51042187,126.9498293
37.51110263,126.9510051
37.51106204,126.9509119
37.51048284,126.9558493
37.51221769,126.9511713
37.51225777,126.9557012
37.51205727,126.9556363
37.51233262,126.9513041
37.51245429,126.9513775
37.51206463,126.9514372
37.51223146,126.951799
37.51037396,126.9484155
37.51015997,126.9484128
37.50995726,126.9484469
37.50968023,126.948515
37.50960373,126.9486988
37.50939202,126.948764
37.50913751,126.9488151
37.5089776,126.9488689
37.50875464,126.948951
37.51099422,126.9503322
37.51072613,126.9502334
37.51060897,126.95016
37.51040844,126.9500244
37.51123288,126.9557131
37.51050283,126.9495097
37.51038109,126.9492723
37.51014678,126.949148
37.50991698,126.9490634
37.50972098,126.9489815
37.5095836,126.949024
37.50953863,126.9492276
37.50946442,126.9495019
37.50939246,126.9497989
37.50932501,126.950093
37.50929584,126.9503588
37.50925768,126.9506755
37.50807861,126.948321
37.50829012,126.9477921
37.50820232,126.9479024
37.50806494,126.9479562
37.50797938,126.9480411
37.50845908,126.9478428
37.50864823,126.9477098
37.50888692,126.9475372
37.50925396,126.9472796
37.50935528,126.9471862
37.5094386,126.9471183
37.50961651,126.9470305
37.50976289,126.9469682
37.50976935,126.9463009
37.50948964,126.9454274
37.50884844,126.9471272
37.50910723,126.9465671
37.50936403,126.9465896
37.50952617,126.946499
37.5096183,126.9460211
37.51120051,126.948135
37.51006861,126.9455881
37.51034773,126.9451949
37.51056591,126.9445189
37.5102595,126.9443777
37.50997356,126.9446353
37.50962594,126.9430917
37.50884207,126.9430979
37.50868663,126.9430726
37.50849742,126.9430755
37.50837805,126.9431039
37.50808972,126.9430815
37.50989457,126.944313
37.50961304,126.9443895
37.5093315,126.9444435
37.50930456,126.9446414
37.50913786,126.9446133
37.50897797,126.9446784
37.50882253,126.9446559
37.50884448,126.944376
37.50860851,126.9445854
37.50863348,126.9449954
37.50880918,126.9450122
37.50907269,126.9449357
37.50941052,126.944828
37.50968755,126.9447655
37.50968772,126.9451416
37.50935902,126.945501
37.50919017,126.9456849
37.50883195,126.9455268
37.50876239,126.9461093
37.50874882,126.9460019
37.5087667,126.9456824
37.50837478,126.9457166
37.50831835,126.9454734
37.5084084,126.9453546
37.50855263,126.94551
37.50826473,126.9464377
37.50823787,126.9468194
37.50845188,126.946856
37.51062953,126.950833
37.51179987,126.954036
37.51142471,126.9566942
37.51195766,126.9543413
37.51170536,126.9542707
37.51176405,126.95461
37.51137905,126.955074
37.51114216,126.9540844
37.51081544,126.953816
37.51075229,126.9536096
37.51071858,126.9538217
37.5112819,126.9543106
37.51112421,126.9542739
37.5110071,126.9543192
37.51087415,126.9541949
37.51062406,126.9540367
37.511568,126.9543952
37.51142842,126.9546017
37.51128875,126.9545396
37.5115547,126.9549636
37.51126182,126.9548139
37.51089241,126.9548226
37.51073022,126.9547916
37.51058609,126.9548624
37.51042394,126.9549445
37.51017395,126.9550634
37.50975966,126.9554991
37.51005472,126.9554706
37.5100841,126.9557166
37.51029123,126.955462
37.51037675,126.9552612
37.51044436,126.955346
37.51066518,126.9555297
37.51091452,126.953734
37.51075962,126.9551111
37.51034546,126.9559059
37.51086559,126.9553712
37.51089266,126.9554673
37.51123734,126.9555972
37.51126687,126.9562532
37.51097393,126.955948
37.51094459,126.9558038
37.5108387,126.9557529
37.51075091,126.9558944
37.5106113,126.9560076
37.51047387,126.955937
37.51022188,126.9567345
37.51100355,126.9568726
37.51066098,126.9563638
37.51109791,126.9562109
37.51108201,126.9558433
37.51087245,126.9556342
37.51114305,126.9564484
37.51104628,126.9566803
37.51093588,126.956621
37.5116317,126.9560437
37.51205498,126.9555288
37.51225763,126.9553449
37.51261798,126.9552061
37.51195118,126.955051
37.51202092,126.9548191
37.51198929,126.9545873
37.51212446,126.9546155
37.51141056,126.9549976
37.51119888,126.955142
37.51151423,126.9551531
37.51137464,126.9553257
37.51167418,126.9552039
37.51159317,126.9554188
37.51182506,126.9551048
37.5108122,126.9571696
37.51087524,126.9571017
37.51299219,126.955992
37.51281188,126.9556952
37.51170187,126.9569853
37.5110712,126.9570762
37.51142698,126.9567649
37.51157562,126.9566913
37.51180304,126.9564678
37.51190438,126.9563942
37.51203951,126.9563263
37.51203284,126.9565864
37.51205524,126.9562273
37.51222414,126.9561339
37.51252823,126.9561478
37.51267468,126.9562297
37.51295849,126.9562126
37.51271758,126.9565153
37.51274692,126.9566652
37.51267937,126.9567472
37.51251037,126.9565607
37.51241131,126.9566993
37.51227845,126.9568068
37.51229183,126.9564534
37.51217476,126.9565976
37.51160277,126.9569995
37.51134612,126.9573899
37.51124454,126.9567876
37.51133232,126.9566123
37.51137729,126.9563973
37.51157775,126.9563435
37.51179171,126.9562698
37.51189753,126.9561312
37.51199433,126.9559898
37.51215188,126.9556475
37.51278492,126.9558762
37.51229795,126.9547596
37.51439374,126.9514894
37.51389327,126.9453846
37.51401499,126.9455541
37.51419981,126.9457972
37.50927552,126.9405075
37.51433953,126.9459498
37.51049309,126.9532111
37.51062156,126.9534005
37.51240155,126.9547001
37.51231169,126.9446901
37.50975142,126.9417428
37.50964793,126.942003
37.50968603,126.9416099
37.51059116,126.9408458
37.5106339,126.9407326
37.51215321,126.9430021
37.51218044,126.9434064
37.51126156,126.9437153
37.51145757,126.9438
37.51186793,126.9446593
37.51171697,126.9445746
37.51147375,126.9446794
37.51152562,126.9448207
37.51222156,126.9496726
37.51196702,126.9496501
37.51247166,126.9498223
37.51177109,126.9446877
37.5118261,126.941973
37.51179511,126.9421795
37.51163232,126.9418431
37.51162338,126.9419902
37.51367555,126.9470757
37.51191584,126.9569315
37.50972621,126.9408719
37.51066711,126.9441738
37.51129784,126.9442271
37.51188364,126.9445321
37.5117013,126.9447754
37.5085589,126.9444695
37.50860027,126.946248
37.50997678,126.946756
37.50989124,126.9468748
37.50902427,126.9474268
37.50791203,126.9485558
37.51081033,126.9470155
37.51075845,126.94686
37.50987004,126.9555301
37.51056819,126.9551847
37.51080216,126.9544211
37.51037143,126.9531461
37.51022957,126.9532678
37.51003358,126.9532199
37.50991197,126.9532878
37.50979039,126.9534321
37.50965981,126.9535792
37.50951794,126.9536867
37.50936257,126.9538169
37.50924323,126.9539216
37.50926134,126.9541676
37.50928845,126.954374
37.50932231,126.9545606
37.51081888,126.9569745
37.51233,126.9504303
37.51253052,126.9505235
37.51147161,126.9556225
37.51117255,126.9570252
37.51107513,126.9555068
37.5090593,126.9451901
37.51231519,126.9425863
37.51196445,126.9439438
37.51321404,126.9463882
37.51080303,126.9567342
37.51310106,126.9420541
37.51264166,126.9423004
37.51242332,126.9426032
37.51210575,126.9426798
37.51194581,126.9426573
37.51180845,126.9427394
37.5114616,126.942816
37.51111021,126.9428106
37.51104737,126.9432998
37.51118664,126.9424995
37.51131482,126.9420639
37.51135303,126.9418999
37.51139574,126.9417189
37.51139783,126.9413965
37.51157124,126.9413257
37.51174241,126.9412747
37.51191369,126.9414555
37.51189362,126.9418684
37.51186653,126.941744
37.51196117,126.9418089
37.51190003,126.9411643
37.51191343,126.9409324
37.51192233,126.9407203
37.51193572,126.9404715
37.51162521,126.9411475
37.5123507,126.9415061
37.51233024,126.94113
37.51225356,126.9409463
37.51249678,126.9408273
37.51246514,126.9406266
37.512432,126.9419386
37.51238257,126.9421903
37.51240296,126.9424194
37.51248196,126.9427615
37.51256322,126.9431149
37.51266464,126.9432392
37.51269407,126.9435418
37.5127302,126.943734
37.5130298,126.9437649
37.51312663,126.9436998
37.51327979,126.943677
37.51243074,126.9439774
37.51075959,126.9444452
37.51083149,126.944055
37.51077952,126.9437044
37.51070057,126.9434782
37.51053595,126.943091
37.51036239,126.9428451
37.51023848,126.9427943
37.51091407,126.9424601
37.51086437,126.9421717
37.51078769,126.9419852
37.51064341,126.9417393
37.51056231,126.9417167
37.51017488,126.9417142
37.51006899,126.9416719
37.50990435,126.9412563
37.50994708,126.941129
37.51015644,126.9408716
37.51003041,126.9410922
37.51028932,126.9408432
37.51037258,126.940665
37.51048965,126.9405461
37.51064048,126.940382
37.5131862,126.9446407
37.51313003,126.9449461
37.51305589,126.9453647
37.51300196,126.9456333
37.51324461,126.9455151
37.51302854,126.9446662
37.51281024,126.9450821
37.51247234,126.9450286
37.51229894,126.9451333
37.51157594,126.9452357
37.51134565,126.9453129
37.51108665,126.9453923
37.5107196,126.9456216
37.51101251,126.9458193
37.51136156,126.9456154
37.51045382,126.9456557
37.5103502,126.9456558
37.50999674,126.9460632
37.50983447,126.9458682
37.50976949,126.9466261
37.50964563,126.9466884
37.50938213,126.9467734
37.50910287,126.9468838
37.50897439,126.9467058
37.5085287,126.9473876
37.5083238,126.9475602
37.51175624,126.9454589
37.5119337,126.9456292
37.51202385,126.9457394
37.5121005,126.9458694
37.51217267,126.9460758
37.51175802,126.9456491
37.51228098,126.9464801
37.51234412,126.9466355
37.51189117,126.9462145
37.51194755,126.9463615
37.51201984,126.9468252
37.51183253,126.9460534
37.51167935,126.9460139
37.51167269,126.9462401
37.51165024,126.9464098
37.51140016,126.9462884
37.51115692,126.9463678
37.51122458,126.9465458
37.51138691,126.9468681
37.51156264,126.9469443
37.51184191,126.9468593
37.51223153,126.9467063
37.51107379,126.9468231
37.51093857,126.9466705
37.51083708,126.9463849
37.51070203,126.9466141
37.51048121,126.9464615
37.51030089,126.9462015
37.51245463,126.9469493
37.51256299,126.9474724
37.51267122,126.9477296
37.51286284,126.9480688
37.51213714,126.9471871
37.5119299,126.9471731
37.5118894,126.9472693
37.51158087,126.9474137
37.5115359,126.9475947
37.51145713,126.9477474
37.51140317,126.947985
37.51199988,126.9475067
37.51215999,126.9479307
37.51192581,126.9481091
37.51182674,126.9481968
37.51175683,126.9480102
37.51187611,126.9477839
37.51161274,126.9481856
37.51149783,126.9481094
37.51118004,126.9476911
37.5110382,126.9478467
37.51127916,126.9477136
37.51127452,126.9473998
37.51131945,126.9471283
37.51111686,126.9474479
37.51083069,126.9472106
37.51079703,126.9475019
37.51076563,126.9477932
37.51071847,126.9481184
37.51061722,126.9483758
37.51074786,126.9483615
37.51095056,126.9483077
37.51113077,126.9483386
37.51129303,126.9485223
37.5113922,126.9486467
37.51169179,126.9486578
37.5115071,126.9486947
37.51183145,126.9486803
37.51195531,126.9486011
37.5120724,126.9485161
37.51216922,126.9484341
37.51212861,126.9482814
37.51195967,126.9482815
37.51075126,126.9568586
37.510544,126.9567569
37.51036833,126.9568475
37.51032992,126.9565111
37.51043565,126.9561462
37.51024636,126.9559258
37.5099535,126.9558496
37.51232963,126.9551385
37.51213822,126.9552743
37.51189054,126.9555346
37.51178698,126.9556732
37.51160011,126.9558939
37.51139742,126.9559958
37.51122176,126.9561118
37.51091098,126.9562788
37.51071511,126.9565363
37.51061153,126.9566325
37.5129141,126.9420514
37.51211542,126.9440512
37.51234517,126.9440369
37.51146277,126.9452817
37.51182556,126.9455868
37.51007855,126.9428085
37.51067191,126.9448016
37.5105325,126.9453191
37.51107492,126.9549695
37.51115598,126.954896
37.5110929,126.9548734
37.51005013,126.9552246
37.51019657,126.9553179
37.51210264,126.9507585
37.51201718,126.9510809
37.51176932,126.9508916
37.5116882,126.950821
37.51150128,126.9509003
37.51102402,126.950212
37.51329235,126.9452429
37.51283086,126.9470848
37.50983637,126.9404533
37.50909438,126.9431656
37.50900202,126.9431459
37.50794336,126.9431862
37.50983406,126.9449719
37.50928214,126.9448676
37.50894654,126.9449103
37.5083568,126.9458156
37.50901234,126.9459508
37.50887726,126.9461036
37.50824633,126.9455951
37.50897164,126.9456144
37.51013404,126.9458284
37.51170859,126.9568778
37.51188198,126.9567448
37.51241576,126.9565664
37.51287745,126.956354
37.51304636,126.9562861
37.5125438,126.9556077
37.51241542,126.9556502
37.51211365,126.9558229
37.50969217,126.9557282
37.5118997,126.9451655
37.50857535,126.9459455
37.51235805,126.9475715
37.51301716,126.9409457
37.51132647,126.9428557
37.51055096,126.9415386
37.5095144,126.9407194
37.51073514,126.9404837
37.51083883,126.9406279
37.51240132,126.943689
37.51349602,126.9436599
37.51308376,126.9435415
37.51169418,126.9440034
37.51130547,126.9413796
37.51113765,126.9436645
37.51251406,126.9439406
37.51225956,126.9440058
37.51135655,126.9445409
37.5104375,126.9444766
37.51092457,126.9507536
37.51240169,126.9550819
37.51190448,126.9509113
37.50997431,126.9415192
37.51086238,126.942709
37.51197249,126.9519717
37.51170208,126.9516891
37.51096568,126.9420614
37.50835277,126.9468504
37.50824007,126.9466922
37.51291339,126.9406347
37.50930613,126.9431937
37.50867686,126.9415118
37.50881867,126.9413279
37.50898077,126.9411468
37.50920393,126.9414774
37.50936623,126.9417318
37.50953769,126.9422661
37.50967076,126.9426222
37.50684056,126.940501
37.50689217,126.940122
37.50751392,126.940229
37.50747582,126.9406192
37.50787691,126.9408988
37.50797149,126.9408422
37.5081111,126.9407601
37.50818536,126.9406158
37.50840403,126.9409691
37.50834075,126.9405507
37.50842404,126.940429
37.50876211,126.9408189
37.50869469,126.9411442
37.5084381,126.9415346
37.50830738,126.9413848
37.50819463,126.9411219
37.50672546,126.9400713
37.50661738,126.9401562
37.50648014,126.9404843
37.50637192,126.9402723
37.50628416,126.940459
37.5061715,126.9403771
37.50618485,126.9400632
37.50599777,126.9398202
37.5060184,126.9405186
37.50636307,126.940589
37.50779692,126.9431298
37.50673772,126.9420703
37.50682337,126.9421777
37.50696985,126.9423105
37.50708253,126.9424348
37.50722676,126.9425789
37.50733495,126.9427202
37.50746341,126.9428473
37.50756707,126.9429518
37.50764369,126.9430225
37.50792338,126.9392645
37.5081174,126.9398468
37.5081262,126.9394311
37.50812386,126.9392756
37.50833781,126.939185
37.50851577,126.9392074
37.50822058,126.9390069
37.50834219,126.9389418
37.50849984,126.9389105
37.50661321,126.9364861
37.50874986,126.9388905
37.51362391,126.9381457
37.51369442,126.9394634
37.51364212,126.9385161
37.50826018,126.9371916
37.50823769,126.9372595
37.50652285,126.9359942
37.5130097,126.9353015
37.51198969,126.9359895
37.50928437,126.9358872
37.50902089,126.9360005
37.50830207,126.9397731
37.50900162,126.9378922
37.50916076,126.9364019
37.51255561,126.9370014
37.51101424,126.9357726
37.51002591,126.936749
37.50994693,126.9364804
37.50951219,126.9364723
37.50972633,126.9367493
37.50960019,126.9367578
37.50947848,126.9366166
37.509296,126.9365658
37.50908634,126.936238
37.50982818,126.9368334
37.51000808,126.937111
37.51008924,126.9372296
37.5101389,126.9374417
37.51002392,126.9372354
37.50980309,126.9370913
37.50951015,126.9368795
37.50922847,126.9366479
37.50907762,126.9367753
37.50892873,126.9363625
37.50871469,126.9362751
37.51300281,126.935064
37.50876593,126.9394617
37.50841919,126.9397561
37.50877818,126.9370441
37.50863177,126.9370556
37.50846058,126.9370585
37.50833902,126.9372028
37.50941404,126.9374355
37.50930952,126.937422
37.50912072,126.9373407
37.5082964,126.9375393
37.50870874,126.937785
37.50884592,126.9373692
37.50904425,126.937567
37.50922905,126.9377393
37.50913225,126.9378582
37.50934857,126.9379965
37.50945907,126.9382538
37.50959866,126.9381264
37.50933747,126.9383161
37.509164,126.9382597
37.5090716,126.9381834
37.50889357,126.9380195
37.50919315,126.9380023
37.50870208,126.9379745
37.50861199,126.9379858
37.50860743,126.9378784
37.50847451,126.9378417
37.50834385,126.9378136
37.5082943,126.9378278
37.50818639,126.9382265
37.5085423,126.9382602
37.50841637,126.9386477
37.50851314,126.9384921
37.50858076,126.9385655
37.50873618,126.9385682
37.5086484,126.9386927
37.50876125,126.9391309
37.50889862,126.9390742
37.50886479,126.9389781
37.50908557,126.9390458
37.50920281,126.9392719
37.50938964,126.9390116
37.50897314,126.9394276
37.50943038,126.9393905
37.5095206,126.9396223
37.50965346,126.9395515
37.50975708,126.9395684
37.50983354,126.9393223
37.50963297,126.939133
37.50978375,126.9388643
37.50987615,126.9389518
37.50964852,126.9387004
37.50935123,126.9387883
37.50922063,126.9388789
37.50904264,126.9387998
37.50875909,126.939309
37.508766,126.9396059
37.5087774,126.9398745
37.50855209,126.9397531
37.50856774,126.939541
37.50843711,126.9395694
37.50833802,126.9396119
37.50824567,126.9396063
37.50823882,126.9394197
37.50832215,126.9394083
37.50837621,126.9394083
37.50867582,126.9394505
37.50845054,126.9393941
37.5085226,126.9393545
37.50921887,126.9398318
37.50902511,126.9397386
37.50936971,126.9396733
37.50919842,126.9394925
37.50954557,126.9400068
37.50975954,126.9399586
37.50968963,126.9397974
37.5098811,126.9398171
37.50999601,126.9398877
37.51012874,126.9395511
37.50997776,126.9394353
37.51114703,126.9398585
37.51099743,126.9397913
37.51093071,126.9397003
37.51068511,126.9395535
37.51063786,126.9396581
37.51038097,126.939448
37.51026158,126.9394464
37.5101759,126.9392711
37.51033574,126.9391042
37.51052938,126.9389626
37.51037374,126.9385386
37.51018235,126.9386745
37.51026579,126.9388723
37.51001362,126.9390818
37.5097967,126.9386431
37.50998768,126.9385661
37.51059936,126.9392482
37.51088538,126.9391603
37.51088979,126.9389793
37.51078157,126.9387701
37.51072741,126.9385892
37.5105539,126.9384621
37.51046156,126.9384791
37.5111264,126.9391601
37.51107672,126.9389113
37.51099777,126.9386936
37.51126387,126.9392957
37.51123013,126.9393749
37.5111807,126.9396238
37.51097568,126.9395448
37.51136779,126.9398809
37.51143752,126.9396914
37.51170574,126.9400249
37.51178332,126.9397654
37.51169207,126.9397167
37.51131106,126.9390581
37.51129964,126.9387612
37.51125675,126.9385831
37.51143011,126.938419
37.51136918,126.9382183
37.51134207,126.9380571
37.51153127,126.9380343
37.51142752,126.9377799
37.51063513,126.9387335
37.51080607,126.9382527
37.51073818,126.9376391
37.51051999,126.9382246
37.51052871,126.9376647
37.51050386,126.9375347
37.5102404,126.9376932
37.51023618,126.9382446
37.50997909,126.9376511
37.50999068,126.9382873
37.50983531,126.9383863
37.50952683,126.9385958
37.50946818,126.938446
37.50919569,126.9385594
37.50903345,126.9384492
37.50896143,126.9385652
37.50888919,126.9382627
37.50875633,126.9383335
37.50871343,126.9381413
37.50967544,126.9384854
37.51025108,126.9366046
37.51053036,126.9365365
37.51064753,126.9366184
37.51067018,126.9368389
37.51056892,126.9370454
37.51067042,126.937297
37.5108933,126.937065
37.51177491,126.9378905
37.51190512,126.9379068
37.51200877,126.9379802
37.51205266,126.9383336
37.51186256,126.9383677
37.51194833,126.938707
37.51209042,126.9390575
37.51216694,126.938933
37.51221608,126.9381214
37.51252253,126.9383304
37.5124912,126.9387235
37.51278161,126.9384207
37.51278619,126.9385621
37.51273002,126.9388251
37.51316338,126.9396629
37.51313073,126.938378
37.51310583,126.9381405
37.51281503,126.9377166
37.51282417,126.9379682
37.51275639,126.9375639
37.51287698,126.9356296
37.51272382,126.9356439
37.51296713,126.9357116
37.51305676,126.935686
37.51293989,126.9353355
37.51284069,126.9351631
37.51275069,126.9353555
37.51267417,126.9354715
37.51241091,126.9359835
37.51223749,126.9360346
37.5123796,126.9364162
37.5124834,126.9367469
37.51225143,126.9368235
37.51217933,126.9367769
37.51208701,126.9368491
37.51199696,126.9369509
37.51184161,126.9370755
37.51167945,126.9371152
37.51148125,126.9371521
37.51128531,126.9372032
37.51111863,126.9372146
37.5108777,126.9373902
37.51109183,126.9376614
37.51131243,126.9373813
37.51146332,126.9373359
37.51179004,126.937528
37.51202857,126.9370866
37.51217282,126.937259
37.51235319,126.9375642
37.5124386,126.9372248
37.51225081,126.9356669
37.51224166,126.9354153
37.51251836,126.934759
37.51279088,126.9347051
37.5120596,126.9361478
37.51197857,126.936244
37.5119327,126.9364064
37.51204864,126.9367077
37.51183659,126.9361254
37.51182549,126.9364251
37.51169689,126.9360435
37.5116114,126.9362302
37.51151468,126.9364961
37.5113278,126.9366263
37.5114721,126.9369033
37.51170408,126.9368381
37.51129642,126.9369317
37.50847388,126.9366627
37.50849853,126.9364166
37.5105079,126.9366553
37.50957142,126.9377193
37.51006207,126.9369724
37.51020837,126.936763
37.50932582,126.9375781
37.50917392,126.9400212
37.50752529,126.9404354
37.50923458,126.9397243
37.51027845,126.937238
37.50907938,126.9358733
37.50822519,126.9392077
37.51117555,126.9383711
37.50876393,126.9399707
37.50856345,126.9399623
37.50982221,126.9391809
37.50870739,126.9395296
37.51053859,126.9393387
37.51105549,126.9370846
37.51275171,126.9372331
37.50803438,126.9404802
37.50664741,126.9416349
37.50673285,126.9413238
37.50675521,126.9410043
37.50660422,126.9408631
37.50650057,126.940784
37.50638113,126.9406794
37.50618281,126.9404732
37.51020679,126.9371724
37.51042271,126.9374245
37.51045865,126.9372406
37.51030983,126.936941
37.51019492,126.9368902
37.51211829,126.9363655
37.50983754,126.9428229
37.50748506,126.9410631
37.51304964,126.9383781
37.50677758,126.9406961
37.5081748,126.9376073
37.50817937,126.9377261
37.50779499,126.9392674
37.50983032,126.9374561
37.50830805,126.9382745
37.50917573,126.9391617
37.51181159,126.9357154
37.51105306,126.9367566
37.51086589,126.9363581
37.51071946,126.9363271
37.51132758,126.9362304
37.51104606,126.936307
37.51151847,126.9394142
37.51050496,126.9396498
37.51105829,126.9381309
37.51178687,126.9358087
37.5065295,126.940094
37.51197111,126.9391961
37.50876606,126.9397332
37.51155017,126.9397451
37.51142154,126.9392758
37.51085268,126.9369264
37.51180654,126.9389192
37.51172088,126.9388033
37.51170727,126.9386167
37.51169819,126.9384894
37.51162829,126.9383538
37.51144377,126.9386961
37.51152942,126.9388091
37.51157916,126.9391654
37.51091784,126.9366238
37.50832094,126.9370841
37.50649585,126.9403655
37.5118904,126.9399427
37.51188806,126.9397674
37.51189926,126.9396373
37.51190358,126.9392782
37.51196427,126.9390293
37.51221177,126.9384947
37.51240073,126.938011
37.51217972,126.9375248
37.51193415,126.9374232
37.51155352,126.9375055
37.51156035,126.9376469
37.51103344,126.937998
37.51079243,126.9380123
37.51055593,126.9380238
37.51026534,126.9380014
37.50997252,126.9380215
37.50969315,126.9379058
37.51245679,126.9375359
37.51282329,126.9362999
37.51252197,126.9372785
37.51270421,126.936874
37.51277385,126.9365289
37.51284566,126.9360171
37.5126609,126.9359183
37.51246042,126.9359099
37.51249408,126.9356667
37.51199186,126.9358312
37.51157512,126.9357919
37.51134312,126.9358091
37.51107285,126.9358687
37.51127721,126.9347262
37.51154974,126.9346892
37.51182679,126.9346833
37.51212863,126.9346802
37.5123361,126.9351126
37.51238355,126.9353756
37.51085432,126.9357982
37.51037012,126.9359655
37.51007958,126.9360251
37.50994894,126.9360365
37.5096336,126.9360509
37.50960646,126.9358615
37.51050083,126.9360728
37.5103793,126.9362737
37.51020142,126.9364095
37.5097983,126.9365597
37.50975573,126.9369839
37.50958701,126.9373828
37.50926615,126.9372004
37.509044,126.9371005
37.50887051,126.9370158
37.5087038,126.9369707
37.50839746,126.9369709
37.50939342,126.9376317
37.50875365,126.9375135
37.50855544,126.9375335
37.51118669,126.9381421
37.51221939,126.9358847
37.51313265,126.9377333
37.51299204,126.9359576
37.51307313,126.9359547
37.50874753,126.9387379
37.5095868,126.9369982
37.50874169,126.9362128
37.5081867,126.938826
37.50818201,126.9384725
37.5081705,126.9379862
37.50819336,126.9386394
37.51051182,126.939859
37.50959452,126.9388163
37.51203229,126.9356332
37.50953788,126.9382028
37.50322618,126.9471425
37.50304125,126.9466506
37.50325741,126.946461
37.50292393,126.946221
37.50271904,126.9464275
37.50265594,126.9463653
37.50276171,126.9461561
37.50260858,126.946241
37.50268733,126.9460402
37.5028269,126.9458478
37.50223931,126.9465409
37.50220784,126.9466908
37.50205469,126.9467418
37.50191734,126.9468578
37.5018272,126.9467646
37.50201206,126.9471037
37.50200314,126.9473214
37.50183426,126.9474545
37.50175984,126.9472453
37.50169459,126.9474121
37.50164957,126.9474772
37.50164517,126.9477232
37.50131864,126.9479157
37.50123081,126.9479638
37.50124892,126.9481673
37.50142911,126.9481305
37.50162952,126.9479805
37.50115441,126.9483653
37.50104863,126.9485887
37.50100806,126.9485209
37.50093366,126.9483683
37.50068591,126.9484194
37.50069259,126.9482469
37.50048763,126.9482923
37.50024442,126.9484366
37.50011388,126.948677
37.49997203,126.94881
37.49974876,126.948191
37.49983419,126.9478036
37.49958643,126.9478631
37.49922153,126.9478691
37.50568276,126.9502425
37.5005418,126.948541
37.50043155,126.948821
37.50050813,126.9488068
37.50041138,126.9490642
37.49897157,126.9480304
37.50062075,126.9488039
37.50077178,126.9490611
37.50044532,126.9494317
37.50051966,126.9494486
37.5006638,126.9493976
37.50071102,126.9492025
37.50090456,126.9487839
37.50097448,126.9490044
37.50113885,126.948846
37.5011095,126.9486933
37.50138427,126.9486055
37.50154865,126.948481
37.50175815,126.9485176
37.50193593,126.9481471
37.50218362,126.9479377
37.50221963,126.9478726
37.50212946,126.9477087
37.50205957,126.9475759
37.50222395,126.9474542
37.50238376,126.9471996
37.50259772,126.9471344
37.50251419,126.9467076
37.50277359,126.9475188
37.50253036,126.9476066
37.50242458,126.9478216
37.50381662,126.9477867
37.50369045,126.9477189
37.50391808,126.9480015
37.50406687,126.9482757
37.50413901,126.9484226
37.50420889,126.9485357
37.50422924,126.9487053
37.50437342,126.9487618
37.50447263,126.9489992
37.50465975,126.9493581
37.50463055,126.9495589
37.50598015,126.9503808
37.50581794,126.9503046
37.50614687,126.9504514
37.50629108,126.9505616
37.50671685,126.9506885
37.50693091,126.9508382
37.50678435,126.9505019
37.50669195,126.9503803
37.50665128,126.9500863
37.49934732,126.9523812
37.50025438,126.9506504
37.50041145,126.9492225
37.49430705,126.954564
37.50683826,126.9501512
37.50697344,126.9502105
37.50731138,126.9503686
37.50738589,126.9507927
37.50727342,126.9511547
37.50714491,126.9508748
37.50753474,126.9512224
37.50759109,126.951327
37.50774434,126.9515022
37.50732991,126.9515873
37.50605029,126.9511272
37.50622598,126.951113
37.50630035,126.9511977
37.506377,126.9513588
37.50638618,126.9517603
37.50652148,126.9521363
37.50665213,126.9521334
37.50682549,126.951941
37.50694487,126.9519296
37.50702149,126.9520257
37.50722869,126.9519379
37.50730537,126.9521697
37.50747207,126.9521951
37.50765002,126.9522063
37.50783927,126.9523193
37.50785265,126.9519771
37.50785936,126.9518499
37.50807139,126.9525934
37.50824026,126.9524038
37.50814809,126.9528591
37.50826524,126.9529269
37.50835543,126.9531474
37.50807611,126.9531165
37.50799509,126.953289
37.50786671,126.9533343
37.50770688,126.9535889
37.50762361,126.9537756
37.50741636,126.9537276
37.50707173,126.9537194
37.50682171,126.9537619
37.50681287,126.9541804
37.50774954,126.9532411
37.50772456,126.9527322
37.50692932,126.9524584
37.5072717,126.9524582
37.50728982,126.9527042
37.50737324,126.9529133
37.50737785,126.9531763
37.50724498,126.9532499
37.50702875,126.9532698
37.50687784,126.9532784
37.50624665,126.9520715
37.50610029,126.9522016
37.50581613,126.951362
37.50531644,126.9522558
37.50530529,126.9525386
37.50526453,126.9520268
37.50526897,126.9518487
37.50523058,126.9516084
37.50519893,126.9513342
37.50510418,126.9509921
37.50516715,126.9507432
37.50505008,126.9508904
37.50462894,126.9510885
37.50565638,126.9517919
37.50560663,126.9513311
37.50558399,126.9510597
37.50554562,126.9508589
37.50536553,126.9511361
37.50539721,126.9514782
37.5054311,126.951727
37.50541318,126.9519645
37.50571514,126.9522697
37.50600119,126.9522243
37.50444422,126.9510547
37.50427521,126.9508767
37.5041603,126.9508061
37.50412868,126.9506026
37.50412188,126.9505093
37.50434482,126.9503621
37.50418027,126.9500908
37.50409466,126.9500399
37.50389426,126.9502295
37.5039641,126.9502436
37.50406776,126.9503623
37.50381092,126.9502409
37.50373663,126.9503257
37.50386034,126.9499129
37.50399762,126.9496215
37.50381063,126.9495397
37.50371382,126.94965
37.50365534,126.9498536
37.50360812,126.9500487
37.50359691,126.9501845
37.50346406,126.9503005
37.50340325,126.950309
37.50306536,126.9502894
37.50290986,126.9500973
37.50286468,126.9497948
37.50272053,126.949826
37.50261242,126.9498487
37.50304486,126.9497381
37.50318212,126.94941
37.50340956,126.9492657
37.50335767,126.9490593
37.50314133,126.9488418
37.50287112,126.9490512
37.50278107,126.9491615
37.50267974,126.9492549
37.50251312,126.9493964
37.50236676,126.9495322
37.50230369,126.949535
37.50226084,126.9493937
37.50217538,126.9497246
37.50252684,126.949877
37.50254498,126.9501625
37.50277028,126.9502811
37.50249553,126.9504142
37.50261952,126.9506544
37.50277953,126.9508551
37.50299574,126.9507729
37.50278861,126.9510106
37.50290357,126.9512169
37.50302525,126.9513243
37.50301854,126.9514317
37.50312446,126.9515617
37.50321009,126.9516578
37.50323271,126.9518839
37.50347822,126.9518555
37.50358404,126.9517226
37.50355467,126.9515105
37.5036064,126.9513352
37.50386564,126.9518157
37.50408638,126.9518042
37.5041945,126.9518042
37.50445806,126.9518351
37.50462703,126.9519198
37.50495371,126.9520751
37.50442888,126.9520981
37.50445826,126.9523327
37.50380044,126.9521154
37.50378701,126.9523247
37.50371953,126.9525679
37.50364978,126.9527743
37.50375119,126.9528704
37.50377365,126.9527318
37.50356425,126.9529186
37.50404844,126.9526694
37.50416784,126.9527146
37.50431646,126.9526127
37.50444485,126.952607
37.50440221,126.9529972
37.50442259,126.9532573
37.50436624,126.953181
37.50457353,126.9533081
37.50479875,126.9532458
37.50493845,126.9533588
37.50523134,126.9535198
37.50416585,126.9533734
37.50382335,126.9530937
37.50385045,126.9532464
37.50377176,126.9536394
37.50387988,126.9536252
37.50366821,126.9538091
37.50344966,126.9536537
37.50333239,126.9532976
37.50317927,126.9534419
37.50310956,126.9537303
37.50314568,126.953948
37.50279415,126.953575
37.50306217,126.9535211
37.50330971,126.9529187
37.50336372,126.9527858
37.50329833,126.952619
37.50329145,126.9523137
37.50332962,126.9520139
37.50287007,126.9519322
37.50289252,126.9517343
37.50290178,126.9523422
37.50299193,126.9524637
37.50301007,126.9527804
37.50294256,126.9529331
37.50300348,126.953196
37.50309802,126.9530291
37.50267227,126.9529615
37.50259802,126.9531764
37.50235243,126.953007
37.50210244,126.9530976
37.50221517,126.9533774
37.5020191,126.9531146
37.50195838,126.9533521
37.50177581,126.9530724
37.50165655,126.9533749
37.50162493,126.9531771
37.50149654,126.9531828
37.50139969,126.9531885
37.50124649,126.9531264
37.50112476,126.9528777
37.50088381,126.9530503
37.50100104,126.9533132
37.50076446,126.9531408
37.50062935,126.9532371
37.50041931,126.9532527
37.50040592,126.9535807
37.50032288,126.9529178
37.50012001,126.9525617
37.4999059,126.9522678
37.49972517,126.9523456
37.49971236,126.9527033
37.49967421,126.9530624
37.49965634,126.9534299
37.50007296,126.9531922
37.50016079,126.953161
37.50029381,126.9534719
37.5004625,126.9528442
37.50037455,126.95257
37.50032205,126.9522491
37.50034727,126.9519734
37.50004304,126.9516259
37.49963517,126.9512105
37.49972758,126.9513547
37.50004507,126.9510887
37.50029731,126.9509755
37.50040759,126.9507492
37.50061475,126.9505879
37.5008219,126.9503927
37.50106058,126.9501861
37.50136232,126.9499428
37.50160328,126.9498182
37.50164377,126.949674
37.50172257,126.9495863
37.50199504,126.9494024
37.50211663,126.9492892
37.50219547,126.9492948
37.50231928,126.9491109
37.50237336,126.949159
37.50248365,126.9489694
37.50258502,126.9489863
37.5026953,126.9487686
37.50293852,126.9486553
37.5030871,126.9484403
37.501993,126.9499
37.50209,126.9502335
37.50231976,126.9502447
37.50244157,126.9506489
37.50239644,126.9504736
37.50255885,126.9510136
37.50279784,126.9515449
37.50259748,126.9518335
37.50255474,126.9519862
37.50249376,126.9515791
37.50244178,126.9511607
37.50229984,126.9510759
37.50230875,126.9508413
37.50211044,126.9506209
37.5021374,126.9504512
37.50195252,126.9500385
37.50193038,126.9509574
37.50169372,126.9506268
37.50152257,126.9507174
37.50137168,126.9507853
37.5014326,126.9510369
37.50130189,126.9508702
37.50117579,126.9509834
37.50113086,126.9512746
37.50120754,126.9515007
37.50101816,126.9510739
37.50168084,126.9521705
37.50183388,126.9518311
37.50152948,126.9510877
37.50200742,126.9520826
37.50225742,126.9520061
37.50228007,126.9523087
37.50218519,126.9516358
37.50205215,126.9512938
37.50262239,126.9521586
37.50257071,126.952464
37.50264736,126.9526336
37.50207978,126.9527781
37.50198508,126.9525463
37.50190393,126.9523852
37.50146011,126.9522102
37.50136552,126.9522386
37.50158859,126.9524081
37.50150076,126.9524675
37.50171481,126.9526144
37.50174191,126.9527981
37.50159776,126.9528265
37.5014874,126.9528548
37.50139274,126.952705
37.50128229,126.9525242
37.5011427,126.9526854
37.50103904,126.9525837
37.50114246,126.9520889
37.50109745,126.9521822
37.5010027,126.9518458
37.50092387,126.9518572
37.50109718,126.9515319
37.50086744,126.9515745
37.50093717,126.9513398
37.50060152,126.9512778
37.50061273,126.9511336
37.50076138,126.9511137
37.50087397,126.9510231
37.50127024,126.950596
37.50142113,126.950545
37.50160123,126.9502989
37.50177011,126.9501602
37.50175672,126.9504515
37.50034703,126.9513741
37.50023675,126.9516116
37.49987422,126.9519144
37.49975261,126.951971
37.49991711,126.9521236
37.50009044,126.9518436
37.50054092,126.951798
37.50067152,126.9516877
37.50053654,126.9521147
37.50061544,126.9522645
37.50079112,126.952222
37.50092632,126.9523321
37.49945737,126.9515867
37.49940563,126.9517564
37.4991669,126.9518244
37.49904756,126.9519375
37.49901393,126.9523249
37.49891487,126.9524578
37.49884287,126.9526529
37.49884069,126.9528282
37.49920535,126.9522315
37.49950044,126.9522539
37.499388,126.9527035
37.49935655,126.9529297
37.49922592,126.9529722
37.49952778,126.9530257
37.49877962,126.9522035
37.49869856,126.9522855
37.49860409,126.9526333
37.49828198,126.9526194
37.49802078,126.9528542
37.49754791,126.9532588
37.49777776,126.9534876
37.49768994,126.9535499
37.49755476,126.9534934
37.49759989,126.9536941
37.49755267,126.9539062
37.49753022,126.9540843
37.49750326,126.9542766
37.49745828,126.9544434
37.49739074,126.9545593
37.49722406,126.9545651
37.49709339,126.9545115
37.49718806,126.9546584
37.49711599,126.9546896
37.49708871,126.9540365
37.49721471,126.9536887
37.49768925,126.9518281
37.49799327,126.9516611
37.49788047,126.9512287
37.49808991,126.9511352
37.4977137,126.9510365
37.49760329,126.9509376
37.4975268,126.9511893
37.49747937,126.9508642
37.49736446,126.9507993
37.49719997,126.9506665
37.49735973,126.9502565
37.49761434,126.9504429
37.49770897,126.9505022
37.49778104,126.9504654
37.49783743,126.9506689
37.4979771,126.9506801
37.49821371,126.950909
37.49838032,126.9507279
37.49850885,126.9510756
37.49886451,126.9504986
37.49897709,126.9503798
37.4990987,126.9503232
37.49918208,126.9504249
37.50160916,126.9477854
37.49927725,126.9517649
37.49880446,126.9523646
37.49724216,126.9547658
37.49737283,126.9548279
37.49750353,126.9549833
37.49760045,126.9551275
37.4976298,126.9553112
37.4977559,126.955215
37.4978708,126.9552545
37.49796769,126.9553534
37.49802405,126.9554806
37.4979994,126.9558029
37.49798596,126.9560065
37.49798603,126.9561931
37.49798385,126.9563938
37.49813716,126.9567641
37.49806741,126.9570016
37.49794114,126.9566341
37.49791645,126.9568886
37.49788498,126.9570498
37.49790979,126.9571402
37.4977905,126.9574117
37.49772975,126.957604
37.49763526,126.9579235
37.49758352,126.958096
37.49749352,126.9583957
37.49747109,126.9586728
37.49750051,126.9590657
37.49782938,126.9590599
37.50482115,126.9529234
37.49704093,126.958854
37.49685848,126.9588823
37.49689012,126.9591792
37.49670085,126.9590096
37.49661987,126.9593207
37.49642395,126.9594593
37.49625054,126.9595725
37.49606364,126.9597479
37.49596464,126.9600787
37.49581614,126.9605763
37.49566754,126.9607715
37.49568566,126.9610513
37.49562479,126.9609072
37.49539277,126.9608847
37.49532074,126.9610176
37.49479839,126.9617331
37.4946092,126.9617954
37.4947219,126.9620413
37.49487064,126.9622646
37.49457959,126.9608031
37.49455249,126.9606024
37.49458187,126.9608851
37.49452336,126.961052
37.49447838,126.9612697
37.49441088,126.9615072
37.49428031,126.961739
37.4941925,126.9618635
37.49410018,126.9619596
37.49400337,126.962101
37.49375555,126.9619881
37.49357979,126.9617818
37.49343785,126.9616773
37.49331844,126.9615897
37.49329362,126.9614569
37.49340166,126.9612278
37.49348269,126.9610299
37.49358622,126.9607924
37.49373031,126.9605548
37.49390592,126.9603088
37.49391486,126.9601109
37.49398019,126.9601335
37.50167703,126.9484696
37.49418974,126.9603058
37.4942281,126.9605065
37.49442412,126.960676
37.49436773,126.9604442
37.49436093,126.9603
37.49450469,126.9591268
37.49459695,126.9588723
37.49454056,126.9586461
37.49440539,126.9585953
37.49423421,126.958618
37.49460796,126.9581372
37.49469787,126.9576029
37.4945626,126.957275
37.49453796,126.9576736
37.49440729,126.9576002
37.49440967,126.9579649
37.49435345,126.9582052
37.49443439,126.9577868
37.49476308,126.957289
37.49476978,126.9571505
37.49488007,126.9569073
37.49493401,126.9565765
37.49526512,126.956565
37.4949789,126.9561609
37.49483246,126.9560818
37.49458915,126.9559689
37.49466345,126.9558784
37.49467259,126.9562346
37.49459385,126.9565145
37.49459393,126.9567152
37.49459853,126.956981
37.4943776,126.9564807
37.49410725,126.9563424
37.49408029,126.9565318
37.49408263,126.9567721
37.4940535,126.9571877
37.49423595,126.9571989
37.49428564,126.957555
37.49388198,126.9563057
37.4941274,126.9560172
37.49438414,126.9558984
37.49445178,126.9560595
37.49437752,126.9562517
37.49447189,126.9556354
37.49464981,126.9555646
37.49477386,126.955452
37.49487724,126.9553666
37.49503038,126.9552619
37.49511144,126.9551968
37.4952038,126.9552194
37.49526021,126.9554568
37.49506889,126.9558471
37.49512503,126.9553975
37.49502599,126.9555898
37.49486158,126.9556352
37.49534286,126.9536559
37.4951559,126.953673
37.49566719,126.9535907
37.49554775,126.9534466
37.49580455,126.9534662
37.49596897,126.953435
37.49597549,126.9532471
37.49608825,126.9531833
37.49641256,126.953039
37.49625479,126.9528185
37.4965724,126.9528155
37.49673907,126.9527702
37.49699576,126.9525297
37.49722763,126.9521931
37.49691225,126.9521227
37.49674781,126.9521199
37.49653163,126.9522558
37.49636727,126.9524396
37.49625917,126.9524849
37.49611957,126.952632
37.49602954,126.9528102
37.49595974,126.9528809
37.49593253,126.9524314
37.49611715,126.9522108
37.49573647,126.9522082
37.49563956,126.9520924
37.49546378,126.9518805
37.49538266,126.9517985
37.49530171,126.9521548
37.49518238,126.9522821
37.49528383,126.952494
37.4955407,126.9527087
37.49560159,126.9528727
37.49583816,126.9530167
37.49555896,126.9533165
37.49539002,126.9533025
37.49512423,126.9533225
37.49522108,126.9532913
37.49493961,126.9535487
37.4948022,126.9535206
37.49502731,126.9531586
37.49464454,126.9535574
37.49457474,126.9536366
37.49425239,126.9530375
37.49420518,126.9532552
37.49444626,126.953419
37.49391914,126.9533374
37.49383126,126.9532498
37.49371416,126.9533403
37.49376606,126.9535749
37.49363775,126.9537701
37.49355445,126.953903
37.49379767,126.9537473
37.49402069,126.9538009
37.4937325,126.9541403
37.49349373,126.9541461
37.49346679,126.9543751
37.49316938,126.9541887
37.49289009,126.9542285
37.4926378,126.954223
37.49226841,126.9542826
37.492237,126.9546077
37.49228208,126.9546699
37.49192836,126.9544807
37.49160175,126.9544978
37.49168274,126.9542321
37.49152374,126.9539871
37.49138521,126.9537177
37.4912252,126.9535115
37.494121,126.9569869
37.49892529,126.9504166
37.49181096,126.9537825
37.49195064,126.9538418
37.49206553,126.9538785
37.49222997,126.9538953
37.49245326,126.95465
37.49271231,126.9546781
37.49307271,126.9546694
37.49322587,126.9546269
37.49324176,126.9549492
37.49325982,126.9550537
37.49301204,126.9550426
37.49272597,126.9550428
37.4924444,126.9550458
37.49223939,126.9549554
37.49226878,126.9552466
37.49228237,126.9554275
37.49245586,126.9555603
37.49264281,126.9555375
37.492814,126.9555318
37.49308653,126.9554751
37.49326667,126.9553082
37.49353682,126.9549094
37.49361132,126.9553334
37.49345372,126.9555512
37.49339298,126.9557434
37.49298986,126.9559727
37.49270159,126.9561114
37.49388383,126.9552202
37.49379367,126.9550704
37.49397278,126.9549408
37.49378682,126.9548357
37.49377548,126.9546181
37.49368531,126.9544429
37.49410642,126.9541684
37.49404573,126.9544822
37.49410896,126.9548977
37.49432292,126.9548354
37.49430925,126.9544312
37.49427536,126.9541654
37.49443768,126.9545102
37.4944693,126.9547364
37.49477554,126.9544789
37.49460875,126.9542105
37.49482049,126.954216
37.49499159,126.9539699
37.4948045,126.9536478
37.4950458,126.9543629
37.50451079,126.9486768
37.50450749,126.9515467
37.50436327,126.9513884
37.50409526,126.9514904
37.5040749,126.9512699
37.50405673,126.9509023
37.50393504,126.950778
37.50372552,126.950699
37.50364675,126.9508579
37.50357006,126.9505973
37.50341017,126.9506907
37.50337411,126.9506455
37.50350481,126.9507839
37.50350042,126.9510667
37.50337427,126.9510385
37.50337981,126.9535944
37.49830852,126.9514037
37.49812834,126.9514603
37.50110364,126.9508138
37.4946621,126.9583662
37.50551917,126.9522896
37.49706155,126.9537227
37.50186276,126.9508529
37.50052019,126.9506898
37.49992573,126.9511934
37.49961054,126.9515809
37.49894612,126.9517482
37.49890349,126.9521723
37.49848908,126.9522885
37.49847342,126.9525542
37.49839682,126.9525147
37.49816264,126.9527297
37.49402726,126.9533401
37.50818642,126.9529524
37.50604835,126.9518878
37.49343316,126.9492413
37.49353674,126.949148
37.50124918,126.9487639
37.49732935,126.9591393
37.49748693,126.958882
37.4942225,126.9573742
37.49838266,126.9509513
37.50769313,126.952998
37.50664931,126.9507706
37.50670567,126.9508666
37.50668542,126.9509345
37.50440825,126.9512188
37.50529394,126.9523265
37.50381451,126.9535235
37.50541273,126.9508845
37.50109574,126.9535534
37.50023687,126.9518887
37.50572282,126.9352852
37.50554266,126.9353673
37.50536687,126.9351809
37.50523843,126.9351131
37.50514827,126.9349945
37.50504456,126.9348306
37.50485302,126.9346922
37.50460289,126.9345086
37.5044767,126.9344239
37.50440455,126.9342882
37.50436163,126.9340706
37.50576147,126.9359439
37.50427817,126.9338614
37.5039716,126.9334517
37.50385896,126.9334292
37.50373066,126.9335961
37.50402589,126.9338616
37.50369704,126.9338987
37.50386607,126.934054
37.50344483,126.9340233
37.5036319,126.9342154
37.5032333,126.9343939
37.50338875,126.9344362
37.50354877,126.9346028
37.50398497,126.9332001
37.5035827,126.9348714
37.50350175,126.9351118
37.50368667,126.9355046
37.50401523,126.9349417
37.50391851,126.9351934
37.50550923,126.9360233
37.5041481,126.9348992
37.50381232,126.9346139
37.50371991,126.9345094
37.50430339,126.9346559
37.50402845,126.9344186
37.5041843,126.9351876
37.50457161,126.934961
37.50486216,126.934924
37.50485344,126.9354584
37.50463915,126.9349016
37.50438032,126.9352835
37.50505837,126.9353649
37.50383322,126.9357646
37.50407411,126.9355185
37.50466207,126.935631
37.50410585,126.9359058
37.50392806,126.9361943
37.50420495,126.9358831
37.50381801,126.9367995
37.50401619,126.9367173
37.5041964,126.9367256
37.50433602,126.936669
37.50474746,126.9352408
37.5038556,126.9354875
37.50367753,126.9352756
37.50445937,126.935668
37.5044685,126.9358857
37.50436508,126.9362618
37.50427037,126.9360611
37.50428857,126.9363919
37.50446886,126.9365586
37.50461061,126.9362701
37.50488542,126.9362642
37.50475485,126.9364113
37.50518946,126.9361791
37.505151,126.935871
37.50511298,126.9363828
37.50528174,126.9360518
37.50544155,126.9358283
37.50526352,126.9356786
37.50552515,126.9363032
37.50451557,126.9354644
37.50503656,126.9366769
37.50495331,126.9368551
37.5047146,126.9369655
37.50455467,126.9369657
37.50444436,126.9370704
37.50440822,126.9368895
37.50079053,126.9409581
37.50084924,126.9412465
37.50054677,126.9399829
37.50585865,126.9365433
37.50487035,126.9375705
37.50402828,126.9382752
37.50366113,126.9382896
37.5036658,126.9386233
37.50365917,126.9388693
37.50383037,126.9388832
37.50358498,126.9391407
37.50402175,126.9387135
37.50537678,126.9368547
37.50469589,126.9399683
37.50481979,126.9399795
37.50478862,126.9406977
37.50491041,126.9410171
37.50489023,126.9412065
37.5048611,126.9415034
37.50480717,126.9417636
37.50471723,126.9420916
37.5046475,126.9423038
37.50459789,126.9421907
37.50458678,126.9424989
37.50452381,126.9426969
37.50446761,126.9429372
37.50438891,126.9432229
37.5043462,126.943418
37.50428548,126.9436216
37.50423152,126.9438309
37.5041798,126.944009
37.50421367,126.9441758
37.50461021,126.9443904
37.50380349,126.9391773
37.50209501,126.9462413
37.5049751,126.9443449
37.50511927,126.9443731
37.50399747,126.9442693
37.50437934,126.9420778
37.50415629,126.941962
37.50424175,126.9416877
37.50454804,126.9415885
37.50510654,126.9460582
37.50399611,126.9414532
37.50411753,126.941029
37.50381365,126.9414534
37.50103934,126.9385689
37.50220723,126.9406912
37.50243464,126.9404931
37.50282648,126.9403147
37.50308774,126.9402523
37.50129406,126.9389164
37.50112503,126.9387384
37.50097408,126.9386848
37.50326791,126.9401758
37.50353592,126.9401106
37.5010691,126.9394877
37.50098819,126.9398327
37.50471063,126.9379664
37.50504226,126.9389445
37.50138027,126.9401236
37.50165968,126.9403185
37.50104048,126.9408024
37.50118219,126.940398
37.50114157,126.9402425
37.50098835,126.9401635
37.50085089,126.9400477
37.5008556,126.9404492
37.50080166,126.9406895
37.5008558,126.9408393
37.50125896,126.9407655
37.50054298,126.9414135
37.50059019,126.9412184
37.50059459,126.9410035
37.50054265,126.9407406
37.50059661,126.9405398
37.50054235,126.9401497
37.50073365,126.9398301
37.50030375,126.9404722
37.5004948,126.9396663
37.5006861,126.9393467
37.50468566,126.937613
37.5002749,126.941343
37.50038319,126.9416879
37.50045983,126.9417896
37.50004336,126.9422903
37.49995138,126.9430707
37.50485281,126.9385007
37.50469025,126.9377601
37.50218674,126.9448842
37.50321102,126.9435998
37.50341152,126.9436421
37.50362334,126.9438228
37.50139406,126.9406664
37.50124537,126.9406072
37.50385772,126.9440715
37.50156962,126.9404005
37.50142548,126.9404261
37.50393493,126.9454116
37.5013103,126.9398324
37.50150408,126.9399567
37.50129913,126.9400134
37.50114808,126.9397619
37.5012786,126.9395102
37.50090007,126.9393069
37.50077381,126.9390723
37.50479263,126.9443139
37.50411911,126.944289
37.50387369,126.9444899
37.5039977,126.9447697
37.50406344,126.9456631
37.50397768,126.9452928
37.50384683,126.9448688
37.50377279,126.945505
37.50373887,126.9452167
37.50370952,126.9450697
37.50335363,126.9450727
37.50352489,126.9452253
37.50348416,126.9448351
37.50356511,126.9445354
37.50402242,126.9446312
37.50417335,126.9446622
37.50440769,126.9448345
37.50446405,126.9449249
37.50463304,126.9450407
37.50483579,126.945083
37.50430196,126.9451229
37.50443042,126.945267
37.50424128,126.9454227
37.50417152,126.9455669
37.50533397,126.945911
37.50457208,126.9447297
37.50199135,126.9461453
37.50369343,126.9443854
37.50374964,126.9441479
37.50332187,126.9446006
37.50321606,126.9447307
37.50319583,126.9448099
37.50642365,126.949798
37.50343893,126.9444507
37.50468321,126.9416251
37.50350192,126.9442781
37.50357167,126.9441113
37.50211483,126.9452659
37.50214202,126.9455995
37.50168293,126.9465357
37.50200475,126.9458852
37.50213768,126.9459586
37.50222328,126.9459727
37.50229542,126.946097
37.50169846,126.941291
37.50239228,126.9460998
37.50239916,126.9463768
37.50222969,126.9405527
37.50251841,126.9460884
37.50263758,126.9456161
37.50250909,126.945407
37.50242124,126.9454042
37.50268694,126.945192
37.50297516,126.9449854
37.50275454,126.9452485
37.50288531,126.9455113
37.50300689,126.9453953
37.50304079,126.9456413
37.50354979,126.9454826
37.50552167,126.9427046
37.50572895,126.9427977
37.50555283,126.9467082
37.50608252,126.9426476
37.50350262,126.9457795
37.50333149,126.945921
37.50312868,126.9457373
37.50610157,126.9448134
37.50324151,126.946184
37.50339486,126.9465627
37.50353237,126.9468058
37.5034691,126.9463761
37.5057664,126.945792
37.50589925,126.9456788
37.50361095,126.9462346
37.50368071,126.9460875
37.50393519,126.9459658
37.50411539,126.9459656
37.50564286,126.9465555
37.50550994,126.9465103
37.50563598,126.9462784
37.50579813,126.9462132
37.50411997,126.9461438
37.50405022,126.9463078
37.50410666,126.9465877
37.50644015,126.9463287
37.50639273,126.9460771
37.50621481,126.9461451
37.50600304,126.9460746
37.5044937,126.9457166
37.50605073,126.9469312
37.50465575,126.9454507
37.50439462,126.9457817
37.50472587,126.9460755
37.50648108,126.9471939
37.50559519,126.9457525
37.5060817,126.9456702
37.50641623,126.9482599
37.50639707,126.9457152
37.50673731,126.9459524
37.50685447,126.9460259
37.50631783,126.9499084
37.50623003,126.9500074
37.50658596,126.9501061
37.50606015,126.947836
37.50624728,126.9482204
37.50559687,126.9445056
37.50437948,126.9471812
37.50424438,126.9472916
37.50415445,126.9476847
37.50409823,126.9478798
37.50400354,126.9476989
37.50575788,126.9468749
37.50586589,126.9466204
37.50615192,126.9465438
37.50645828,126.9465662
37.5062265,126.9470753
37.50635965,126.9476435
37.50636878,126.9479206
37.50654036,126.9488112
37.50658777,126.9490684
37.50648646,126.9491929
37.50652273,126.9497273
37.50674801,126.9497978
37.50447843,126.9468164
37.50448513,126.9419052
37.50429634,126.9341328
37.5056196,126.9360176
37.50577773,126.9368572
37.50568536,126.9368318
37.50377504,126.9364744
37.50080817,126.9401947
37.50399038,126.939033
37.50152957,126.9413901
37.50199568,126.9410674
37.50210594,126.9408383
37.50256071,126.940363
37.50344876,126.9414791
37.50415779,126.9451004
37.50283544,126.9448441
37.50265981,126.9449856
37.5024233,126.9449914
37.50235342,126.9448869
37.50210786,126.9447966
37.50244562,126.9445532
37.50254017,126.9444315
37.50273605,126.9442391
37.50278099,126.9440016
37.50416054,126.9414503
37.50292361,126.9365034
37.50395397,126.9383205
37.50438488,126.9442238
37.50230865,126.9454863
37.50255176,126.9451327
37.50233555,126.9452007
37.50189631,126.9452095
37.50362642,126.9365537
37.5041494,126.9417019
37.50234432,126.9446777
37.5020314,126.9450624
37.50411543,126.9413287
37.50236929,126.9404508
37.50071973,126.9390413
37.50450962,126.9460643
37.50524967,126.9392977
37.50116148,126.939547
37.50286416,126.9348862
37.5030129,126.9350218
37.50291612,126.9351604
37.50299953,126.9352819
37.50308518,126.9353808
37.50317533,126.9354683
37.5032227,126.9356012
37.50331286,126.9357114
37.50335557,126.9355389
37.50345935,126.9358441
37.50354502,126.9359769
37.50356114,126.9366357
37.50349974,126.9355698
37.50345914,126.9354596
37.50337786,126.9351232
37.50313231,126.9350697
37.50329669,126.9349678
37.50323359,126.9349169
37.50356321,126.9363049
37.50314344,126.934835
37.50287751,126.9345893
37.5024831,126.934191
37.50239758,126.9343239
37.50210443,126.9337474
37.50185653,126.9335271
37.50170552,126.9333576
37.49297145,126.935511
37.50145756,126.9330327
37.50129077,126.9328604
37.50118372,126.932753
37.50131094,126.9326794
37.5021967,126.9335975
37.5022371,126.9333458
37.5020974,126.9332583
37.50216398,126.9330988
37.50217158,126.932984
37.50239476,126.9333118
37.50249386,126.933289
37.50257261,126.9331448
37.50269645,126.9330457
37.5025242,126.9327773
37.502444,126.9327547
37.5026016,126.9326245
37.50284506,126.9329523
37.50290149,126.9331671
37.50307278,126.9333338
37.50308868,126.9335684
37.50278457,126.9335376
37.50260425,126.9333172
37.50258873,126.9337696
37.50268567,126.9339024
37.50286802,126.9337298
37.50289539,126.9343405
37.50303718,126.9341198
37.50319695,126.9338426
37.50334096,126.9335625
37.50346923,126.9333447
37.50361102,126.9331354
37.50375278,126.9328751
37.50334033,126.932457
37.50359944,126.9325869
37.50346449,126.9329319
37.50325738,126.9331555
37.50307485,126.9330086
37.50319631,126.932706
37.50308811,126.9325732
37.50311947,126.9322537
37.50346868,126.9323749
37.50357222,126.9322533
37.50160856,126.9331909
37.50336256,126.9319481
37.50179771,126.9330691
37.50183831,126.9331737
37.50182467,126.9329532
37.50203636,126.9328738
37.50212631,126.9326136
37.50232451,126.9325626
37.50264191,126.9322089
37.50270956,126.9323473
37.5028357,126.9323359
37.50274544,126.9320646
37.50169833,126.9325999
37.50181983,126.9323595
37.50191204,126.9321134
37.5020991,126.932297
37.50221843,126.9321951
37.5021551,126.9317485
37.50234227,126.9321215
37.50238938,126.9317793
37.5025225,126.9321722
37.50261273,126.932387
37.50252231,126.9318358
37.50238246,126.9314966
37.50252203,126.9313579
37.50265725,126.9314681
37.50267093,126.9317593
37.50262558,126.9312363
37.50256688,126.9310017
37.50250139,126.9307162
37.50252159,126.9305917
37.50230996,126.9307729
37.50213203,126.9308098
37.50192034,126.9308835
37.50142711,126.931014
37.50115435,126.9306637
37.50128721,126.9305985
37.50159798,126.9304569
37.50169256,126.9304229
37.5019448,126.930352
37.50211603,126.9304112
37.50221279,126.9302556
37.50245386,126.9303317
37.50253711,126.9301733
37.50268574,126.9301166
37.50280287,126.9301193
37.50292236,126.930303
37.50305972,126.9302237
37.50317455,126.9301472
37.50274858,126.9297264
37.50300978,126.9295734
37.50312463,126.9295366
37.5033521,126.9294657
37.50214848,126.931986
37.50229591,126.9298766
37.502163,126.9298457
37.50202787,126.9298854
37.50174186,126.9299846
37.50166757,126.9300667
37.50131621,126.930115
37.50114734,126.9302255
37.50085903,126.930254
37.50079152,126.9303672
37.50108223,126.9305931
37.50071279,126.9305482
37.50056403,126.9303928
37.50066329,126.9306359
37.50067012,126.9307716
37.50101042,126.931054
37.50050804,126.9309329
37.5008955,126.9309862
37.50040209,126.9308001
37.50014071,126.9306392
37.50053973,126.9312071
37.50068392,126.9312579
37.50049253,126.9313824
37.50021493,126.9304469
37.50041298,126.9301696
37.50073944,126.9298951
37.50088128,126.9297931
37.50124162,126.9296797
37.50150058,126.9295551
37.5017078,126.9295323
37.50193529,126.9295038
37.50235868,126.9293677
37.50255684,126.92926
37.50261086,126.9291921
37.50273713,126.9294125
37.50286784,126.9295199
37.50294656,126.9293304
37.50304325,126.9290504
37.50317169,126.9291181
37.50329106,126.9291067
37.50253628,126.9287822
37.50235835,126.9288248
37.50256542,126.9285447
37.50206802,126.9292237
37.50202061,126.9290513
37.50179538,126.9290826
37.50164899,126.9291139
37.50134496,126.9292188
37.50099364,126.9293378
37.50068958,126.9293834
37.50139982,126.9305645
37.50330742,126.9300991
37.50342881,126.9296748
37.49924387,126.9300717
37.50333374,126.9289002
37.50071723,126.9304407
37.49921708,126.9304761
37.49944454,126.9304052
37.50135496,126.930901
37.50183921,126.9308214
37.49946052,126.9307586
37.5000583,126.9322536
37.4994382,126.9311092
37.49995012,126.9321519
37.49961175,126.9312899
37.499709,126.9319825
37.49963229,126.9317677
37.49949717,126.9318102
37.4996595,126.9320759
37.49955597,126.9322258
37.49935527,126.9318358
37.49925402,126.9320169
37.49914355,126.9318615
37.49902625,126.9315591
37.49944743,126.9314965
37.49934367,126.9312478
37.49881584,126.929976
37.49865365,126.9299705
37.49843965,126.9299481
37.49846681,126.9301742
37.49865989,126.9290997
37.49908212,126.9308041
37.49827739,126.9298097
37.50167836,126.9331428
37.49730441,126.9299916
37.49709506,126.9302151
37.4969507,126.9298816
37.49678416,126.9301362
37.49668271,126.9299837
37.49658592,126.9300968
37.49637418,126.9300886
37.4961106,126.9300407
37.49586041,126.9297724
37.49568466,126.9296708
37.4954031,126.929688
37.4947884,126.93009
37.4952298,126.9299172
37.49554969,126.9299762
37.49566232,126.929979
37.49583803,126.9300014
37.49497302,126.9299372
37.49486494,126.9299995
37.49477026,126.9298724
37.49450224,126.929932
37.49425228,126.930051
37.49412167,126.9301104
37.49433803,126.930311
37.49462632,126.9302513
37.49491241,126.9302878
37.49651415,126.9306341
37.49633387,126.9305013
37.49617387,126.9303743
37.49615372,126.9305835
37.49624394,126.9307813
37.4992106,126.930951
37.49592189,126.9308947
37.49589019,126.930612
37.49580891,126.9302841
37.49559496,126.9303465
37.49550718,126.930471
37.49554785,126.9306745
37.49562013,126.9310194
37.49581164,126.9311012
37.49900762,126.9305102
37.49565203,126.9316441
37.49549443,126.9317771
37.49541542,126.9314747
37.49532287,126.9311355
37.49528894,126.9308953
37.49522347,126.9306522
37.49526613,126.9304232
37.49493959,126.930545
37.49474818,126.9306413
37.49495098,126.9307627
37.49895117,126.9302841
37.49889914,126.9299166
37.49888776,126.9297074
37.5006155,126.9298132
37.49495407,126.9322017
37.49884023,126.9293257
37.4984842,126.9291084
37.49457704,126.9307178
37.49782489,126.9302399
37.49773482,126.930305
37.49775066,126.9304265
37.49792424,126.9306582
37.49798071,126.9309296
37.49816323,126.9310368
37.49837964,126.9313306
37.49870635,126.9314858
37.4989428,126.9313838
37.4990148,126.9312396
37.4986637,126.9317375
37.49881484,126.9321303
37.4987879,126.932283
37.49886904,126.9323649
37.49900408,126.9321782
37.49914597,126.9321442
37.49915071,126.9325485
37.49347144,126.9313804
37.49348479,126.9310948
37.49353023,126.9317676
37.49923853,126.932506
37.4988985,126.9326787
37.49791793,126.9314159
37.49784337,126.9310315
37.49780937,126.9306696
37.49327588,126.9320958
37.49364304,126.9320983
37.4937309,126.9321067
37.4934405,126.9324179
37.4932445,126.9323531
37.49307557,126.9323758
37.49763838,126.9310203
37.49742176,126.9303618
37.49729566,126.9304411
37.49735893,126.9307803
37.49737933,126.9309923
37.49740644,126.9311308
37.49708422,126.9309445
37.49693316,126.9307072
37.49667195,126.9308346
37.49724878,126.9311592
37.49681631,126.9311822
37.49693575,126.9312782
37.49322467,126.9331446
37.49318421,126.9332917
37.49708456,126.9315241
37.49682332,126.9316233
37.49657773,126.9315104
37.49667229,126.931417
37.49645592,126.9311995
37.49645581,126.9310101
37.49509946,126.9304488
37.49503009,126.9312263
37.49466281,126.9310259
37.49473057,126.9313312
37.49491305,126.9313819
37.49444232,126.931453
37.49358983,126.9335825
37.49439365,126.9329966
37.49421136,126.9332908
37.49403801,126.9334662
37.49388489,126.9335483
37.4937251,126.9337887
37.49439261,126.9311873
37.49433611,126.9308792
37.49399157,126.9310407
37.49392176,126.9310662
37.49386302,126.9307722
37.49374358,126.9306705
37.49391481,126.9307382
37.49403183,126.9305544
37.49416655,126.929822
37.49541198,126.9333349
37.49443674,126.9335252
37.49589861,126.9296169
37.49880854,126.9290713
37.49771106,126.9320522
37.49809616,126.931902
37.49821774,126.9318171
37.49832586,126.9318057
37.49836206,126.9320855
37.49816614,126.9321762
37.49790941,126.9322725
37.49825192,126.9324927
37.49826336,126.9328009
37.49850661,126.9327583
37.49318732,126.9358487
37.49315809,126.9359491
37.49311423,126.9360622
37.49306586,126.9361795
37.49300511,126.9363139
37.49844146,126.9330693
37.49846634,126.933253
37.49846191,126.9333916
37.49872513,126.9328203
37.49875464,126.9332047
37.49882451,126.9332951
37.49386073,126.9346622
37.49386992,126.934976
37.49405438,126.9345461
37.49415123,126.9345206
37.49416481,126.9346421
37.49908569,126.9330885
37.49792141,126.9335758
37.49781098,126.933477
37.49816483,126.9338385
37.49806812,126.9340959
37.49784274,126.9338643
37.49749796,126.9336016
37.49738967,126.9333077
37.49706777,126.9336812
37.49713993,126.933831
37.49737651,126.933941
37.49742825,126.9338194
37.4974914,126.9339579
37.49760861,126.934102
37.49704765,126.933947
37.49694861,126.9340743
37.49674371,126.9342186
37.4972235,126.9342239
37.49736544,126.9342803
37.49703668,126.9344728
37.49699154,126.9343145
37.49733852,126.9344923
37.49727326,126.9346055
37.49755926,126.9344695
37.49756832,126.9345685
37.49785203,126.9343675
37.49682958,126.9347218
37.49670805,126.9349141
37.49674168,126.9346173
37.49686097,126.9344588
37.49657953,126.9346852
37.49666274,126.9344477
37.49659289,126.9344082
37.49649147,126.9343065
37.49638341,126.9344112
37.49627741,126.9341738
37.49610617,126.9340835
37.49622091,126.9338431
37.49645738,126.9337609
37.49675703,126.9338822
37.49691001,126.9335343
37.49406692,126.9368784
37.49711487,126.9333193
37.49749091,126.9330899
37.49791217,126.9331574
37.49819843,126.9334908
37.4982366,126.9332844
37.49821848,126.9331034
37.49786245,126.9328776
37.4978601,126.9327079
37.49766402,126.9325074
37.49751969,126.9322163
37.49739136,126.932321
37.49720672,126.9324371
37.49481877,126.9359816
37.4968577,126.9326495
37.49670235,126.9327684
37.4969255,126.9330424
37.49678814,126.9331188
37.49654041,126.9332039
37.4971664,126.9328301
37.49748389,126.9326263
37.49755775,126.9318035
37.49733465,126.9316228
37.4971905,126.9316569
37.49707339,126.9316881
37.49700359,126.9317418
37.49686851,126.9318522
37.4965916,126.9321126
37.4964881,126.932319
37.49650853,126.9325961
37.49636896,126.9327489
37.49403272,126.9361179
37.49623845,126.9329893
37.49588028,126.93295
37.49574529,126.93323
37.49591832,126.9325005
37.49628311,126.9323051
37.49646999,126.9321579
37.49608431,126.9312988
37.4962308,126.9314287
37.49633236,126.9317679
37.4964743,126.9318271
37.49585024,126.9316298
37.49550131,126.931992
37.4954609,126.9322238
37.49506422,126.9358343
37.4956255,126.9325092
37.4953324,126.9320487
37.49523319,126.931865
37.49573067,126.9313076
37.49516545,126.9315795
37.49488182,126.9319049
37.4948457,126.9317636
37.49453263,126.9318289
37.49458457,126.9320494
37.49428505,126.9321599
37.49415895,126.932242
37.49426683,126.931815
37.49411575,126.9315296
37.49409312,126.9313628
37.4941201,126.9312639
37.49395361,126.9316033
37.4938365,126.9316514
37.49377127,126.9317985
37.49328918,126.9317198
37.4936899,126.9313321
37.49399218,126.9320895
37.49382564,126.9323412
37.4940059,126.9324428
37.49350371,126.9326553
37.49325594,126.932664
37.49324037,126.9330118
37.49305772,126.9326698
37.49295183,126.932636
37.49298348,126.9328367
37.49303772,126.9331618
37.49306484,126.9333144
37.49306064,126.9338515
37.49508488,126.9324871
37.49498597,126.932849
37.49529224,126.9327102
37.49544097,126.9328345
37.49554461,126.9328627
37.49525183,126.9329506
37.49505825,126.9331882
37.49523406,126.9334001
37.49513076,126.9339628
37.49502471,126.9336321
37.49548189,126.9334819
37.49561702,126.9334478
37.49546852,126.933742
37.49528162,126.9338609
37.49478362,126.9335023
37.49468662,126.9332536
37.49489149,126.9330612
37.4946932,126.9329511
37.49460975,126.9327617
37.49486196,126.9326258
37.49502176,126.932408
37.49520187,126.9322495
37.49490685,126.9323516
37.49473569,126.9323969
37.49437762,126.9325471
37.49407811,126.9326689
37.4938237,126.9328925
37.49638041,126.9330711
37.49356021,126.9329888
37.49414582,126.9329035
37.4944589,126.932875
37.49374503,126.9331894
37.49368206,126.9333704
37.49618864,126.9325342
37.49354686,126.9332744
37.49609163,126.9322742
37.49595414,126.9321188
37.4956478,126.9321162
37.49576498,126.9322066
37.49578759,126.9323536
37.49347277,126.9337183
37.49338278,126.9339134
37.4933401,126.9341198
37.49316004,126.9343744
37.49323,126.9346175
37.49335847,126.9347559
37.49597411,126.9316042
37.49610715,126.9318388
37.49620638,126.9320564
37.4932932,126.9348436
37.49314695,126.9351406
37.49300063,126.9353131
37.49282947,126.9353642
37.49622162,126.9311404
37.49352954,126.9345296
37.49385608,126.934388
37.49400244,126.9343002
37.49415779,126.9341672
37.49440784,126.9342122
37.49455886,126.9343789
37.49472325,126.9342996
37.49438746,126.9340058
37.49431303,126.9338335
37.49454967,126.9340679
37.4947027,126.933819
37.49771082,126.9316338
37.4976251,126.931419
37.49571172,126.933623
37.49584921,126.9337784
37.49614009,126.9343209
37.49586074,126.9342505
37.49605233,126.9344708
37.49594863,126.9343296
37.49558354,126.9339991
37.49796312,126.931659
37.49533126,126.9339965
37.49528404,126.9341436
37.49494615,126.9341213
37.49510174,126.9344208
37.49483385,126.9347179
37.49491277,126.9348591
37.49725373,126.931931
37.49504566,126.9348477
37.49816563,126.9312941
37.49477539,126.9349017
37.49466033,126.9345738
37.49436529,126.9346448
37.49465834,126.9350488
37.49788136,126.9305225
37.49808635,126.9305365
37.49834082,126.9304316
37.49824859,126.9306353
37.49453661,126.9348849
37.49796222,126.9301153
37.49459987,126.9352326
37.49430477,126.9351933
37.49850773,126.9308103
37.49856176,126.9307481
37.49844231,126.9306379
37.4987893,126.9308157
37.49894936,126.9310417
37.49431366,126.9349727
37.49402545,126.9351737
37.49864088,126.9312286
37.49857541,126.9309884
37.49415156,126.9351142
37.49416047,126.9349333
37.49430273,126.9355777
37.49852403,126.9317207
37.49853322,126.932026
37.49861673,126.9323313
37.49871152,126.9326393
37.49443335,126.9355352
37.49468106,126.9354134
37.49484099,126.9354218
37.49485442,126.9352522
37.49487684,126.9350571
37.49492674,126.9356903
37.49541294,126.9350764
37.49556159,126.9350452
37.49515637,126.9354611
37.4978687,126.931987
37.49579798,126.9348131
37.49598935,126.9346434
37.49520329,126.9347713
37.49539011,126.9345195
37.49538323,126.934299
37.49671407,126.9335826
37.49613808,126.9347535
37.49620354,126.9350022
37.49605946,126.9351635
37.49587712,126.935353
37.49594476,126.935483
37.49603953,126.9357741
37.4959067,126.9359071
37.4957311,126.9360882
37.49558683,126.9358763
37.4955079,126.9357209
37.4957398,126.9355087
37.49703328,126.9324514
37.49551221,126.935359
37.49544262,126.9357973
37.49521748,126.9359954
37.49504864,126.9361821
37.49489555,126.9363264
37.49492042,126.9365017
37.49724384,126.9343454
37.49712204,126.9340487
37.4976707,126.9323773
37.49806049,126.9325466
37.49485064,126.9365894
37.49479449,126.9368919
37.4946863,126.9367648
37.49438667,126.9366802
37.49371764,126.9366186
37.49421772,126.9366549
37.49419978,126.9368132
37.49414805,126.9369518
37.49442287,126.9369912
37.49467743,126.9370362
37.49464152,126.9372708
37.49440496,126.9371975
37.49370213,126.9371133
37.49384178,126.9370906
37.49405579,126.9371328
37.49395004,126.9373647
37.4941416,126.937537
37.49434877,126.9374209
37.49448393,126.9374378
37.49428811,126.9377291
37.49418011,126.9379525
37.49931864,126.9308181
37.49469128,126.9376553
37.4948736,126.9374092
37.49504475,126.9373384
37.49767145,126.9337004
37.4951933,126.9371064
37.49523828,126.9369848
37.49830907,126.9339713
37.49552201,126.9368121
37.49510303,126.936787
37.49525608,126.936572
37.49553299,126.9362919
37.49580557,126.9363341
37.49471316,126.9364425
37.49468827,126.9362446
37.49470157,126.9358375
37.49475779,126.9356791
37.49455101,126.9365133
37.49454412,126.9362588
37.494337,126.9364795
37.49411624,126.9364514
37.49414542,126.9362535
37.49398328,126.9363328
37.49413402,126.9360048
37.49823883,126.9293631
37.49437509,126.9361035
37.49443364,126.9360752
37.49440424,126.9358434
37.49370399,126.9363726
37.49375124,126.9362765
37.4939065,126.9359682
37.49396495,126.935759
37.49404593,126.9355553
37.49372386,126.9356376
37.49935815,126.9329158
37.49931753,126.9327943
37.49952694,126.9326556
37.49938258,126.9323136
37.49347407,126.9360703
37.49340888,126.9363107
37.50378642,126.932615
37.49818973,126.9301406
37.5026157,126.9297604
37.49320584,126.9357426
37.49310442,126.9356353
37.4958012,126.9365857
37.49612083,126.9361642
37.49626492,126.9360425
37.49676671,126.9350837
37.49650549,126.9352112
37.49649183,126.9349539
37.49637463,126.9348155
37.49295675,126.9364411
37.49288029,126.9366617
37.4927813,126.9369021
37.49266368,126.937028
37.49255778,126.9369758
37.49265029,126.9372725
37.4925087,126.9368118
37.49303205,126.9351096
37.49391389,126.9330422
37.50083004,126.9307488
37.50278025,126.9338656
37.50226157,126.9327916
37.50341224,126.9321601
37.49411674,126.93739
37.49329626,126.9363306
37.50275116,126.9326142
37.49318577,126.9320789
37.49344933,126.9321041
37.49351691,126.9321012
37.495479,126.9323624
37.49777332,126.9345937
37.49761707,126.9331266
37.49783775,126.9330133
37.49824301,126.9326652
37.49869531,126.9318788
37.49889297,126.9309117
37.49737047,126.9312439
37.49820401,126.9314382
37.49688894,126.9321264
37.49678302,126.9320445
37.49602111,126.9310755
37.49361809,126.9358045
37.495118,126.9313308
37.49688996,126.9300146
37.49749458,126.9316311
37.50148229,126.9291027
37.4982344,126.9294959
37.49946391,126.9327291
37.49739889,126.9336894
37.49817103,126.9328405
37.4966792,126.9316828
37.49789119,126.931922
37.49395656,126.9328217
37.49709076,126.9305742
37.50095816,126.9302794
37.50187247,126.9299279
37.50288117,126.9292173
37.50274166,126.9294634
37.49454584,126.935292
37.49852638,126.9318959
37.49350357,126.932415
37.4989074,126.9324978
37.49373784,126.9324318
37.50361472,126.9357563
37.50216272,126.9293763
37.49809107,126.9309012
37.50197873,126.9345335
37.50162957,126.9344971
37.50144484,126.9344492
37.50142918,126.9346471
37.50138423,126.9348253
37.50137757,126.935009
37.50173022,126.9373356
37.50124226,126.9347179
37.50108459,126.9347294
37.50113398,126.934441
37.50115187,126.9342035
37.50127583,126.9343221
37.50094226,126.9339746
37.50081389,126.9340087
37.50086591,126.9343903
37.50074636,126.9341049
37.50056141,126.9336555
37.50049375,126.9335198
37.50053007,126.9340033
37.50044449,126.9340429
37.50038809,126.933879
37.50012907,126.9339188
37.50041043,126.9335595
37.50046884,126.9332711
37.50056557,126.933042
37.50224262,126.935161
37.50213946,126.9359951
37.50172052,126.9360435
37.5002504,126.9333702
37.49911136,126.9434106
37.50016246,126.9332148
37.50172326,126.9369652
37.50019845,126.9416117
37.5003065,126.9329941
37.50007677,126.9330481
37.49966871,126.9408261
37.49768975,126.9428519
37.49998681,126.9332828
37.49987851,126.9329691
37.49996175,126.932788
37.49992558,126.9325676
37.50016196,126.9323355
37.50025213,126.932457
37.50031526,126.9325559
37.50186058,126.936804
37.50104785,126.9334741
37.50008184,126.9340545
37.50003235,126.9341677
37.49984992,126.9342131
37.49950999,126.9345639
37.49949186,126.9343717
37.49927557,126.934273
37.49919214,126.934126
37.49945124,126.9342304
37.49952549,126.9340833
37.49957733,126.9341342
37.49972819,126.9340322
37.49989937,126.9340208
37.49994648,126.9336786
37.49973029,126.9337665
37.49943749,126.933812
37.49937448,126.9339195
37.49920801,126.9343154
37.49896028,126.9343976
37.49884084,126.9342988
37.49878436,126.9339935
37.49879813,126.9344571
37.49874638,126.9345477
37.49858411,126.9343866
37.4984691,126.9341493
37.49844699,126.9349098
37.49828703,126.9348421
37.49819694,126.9348648
37.49797173,126.9349356
37.49782308,126.9349754
37.49677048,126.9471696
37.49776002,126.934998
37.49800979,126.9345285
37.49810671,126.934633
37.49821916,126.9343191
37.50086314,126.9334658
37.49843077,126.9340928
37.49879774,126.9337475
37.49933128,126.9332127
37.49944384,126.9330882
37.49937867,126.9333597
37.49960174,126.9334839
37.49974549,126.9327685
37.50055948,126.9342464
37.50072645,126.9347551
37.50087738,126.934772
37.50076483,126.9349163
37.50090915,126.9352073
37.5010082,126.9350913
37.50099256,126.9353147
37.50111206,126.9355295
37.5011482,126.9357161
37.50139605,126.9358431
37.50128803,126.9360467
37.50019432,126.9337887
37.50122058,126.936273
37.50137152,126.9363181
37.50140743,126.9360608
37.50156276,126.9359023
37.50168657,126.9357495
37.50164137,126.9354697
37.50150173,126.9355065
37.50139138,126.9355547
37.50154663,126.9352407
37.50127863,126.9353258
37.50168629,126.9352378
37.50187548,126.9352037
37.50171987,126.9348702
37.50166796,126.9346695
37.50087304,126.935066
37.50205816,126.9356078
37.50216629,126.9356275
37.50225646,126.9357519
37.50235776,126.9356472
37.50226531,126.9354719
37.49922322,126.9333117
37.50209628,126.9353053
37.50269584,126.9360172
37.50265081,126.936054
37.50240539,126.9362522
37.5025249,126.9364896
37.50259934,126.9366733
37.49818998,126.9344972
37.50272769,126.9366053
37.50272084,126.9364328
37.49787737,126.9353937
37.4980124,126.9351674
37.50239894,126.9368176
37.50229517,126.9365237
37.50222975,126.9363456
37.50213506,126.9361958
37.49854823,126.9346807
37.50203582,126.9359613
37.501912,126.9360801
37.50181725,126.9358088
37.5012005,126.9366264
37.50120518,126.9369572
37.50145733,126.9367138
37.50156335,126.9369993
37.50155418,126.9367024
37.50150673,126.9364254
37.50169836,126.9367221
37.50171175,126.9364931
37.50164629,126.9362358
37.50184226,126.9362442
37.50196397,126.9363769
37.50201358,126.9364759
37.50207679,126.9367387
37.50216022,126.9369083
37.50191259,126.9371884
37.50192825,126.936982
37.50075018,126.9369689
37.50173704,126.9374543
37.50170556,126.9375703
37.50159986,126.9378757
37.50152999,126.9377994
37.50133415,126.9380399
37.50112258,126.9383596
37.50077818,126.9388066
37.50056212,126.9391686
37.50046294,126.939033
37.50030293,126.9388833
37.5004785,126.9386372
37.4999858,126.935522
37.50060456,126.9384731
37.50081402,126.938422
37.50084995,126.9382128
37.50100977,126.9380119
37.50111558,126.9379072
37.50127541,126.9377148
37.50140371,126.9375451
37.50121661,126.9372625
37.50105232,126.9375369
37.50095329,126.937701
37.50083165,126.9376869
37.50062006,126.9379585
37.50035434,126.9381171
37.50030263,126.9382952
37.50007301,126.9385499
37.50023546,126.93907
37.50018599,126.9392396
37.50001693,126.9390051
37.49987721,126.9388752
37.49977823,126.9391353
37.50003082,126.9397458
37.49976263,126.9394661
37.49964101,126.939503
37.49986641,126.9397855
37.49994082,126.9399268
37.49991194,126.9363956
37.49990258,126.9400484
37.49988691,126.9402379
37.49971332,126.939944
37.49951269,126.9396445
37.49949253,126.9398678
37.49922221,126.9398313
37.49978123,126.9406112
37.4997225,126.9402832
37.49953323,126.9401675
37.49989373,126.9403594
37.5000582,126.9404357
37.50025649,126.9405627
37.50019358,126.9408823
37.50031265,126.9402686
37.50013242,126.9401953
37.50025844,126.939969
37.50038911,126.9400226
37.50043857,126.939836
37.50028308,126.9396976
37.5002559,126.9394035
37.50036179,126.9394544
37.50038868,126.9391744
37.50046314,126.9394203
37.49968115,126.9387142
37.49964053,126.9385559
37.49984319,126.9384455
37.5000819,126.9383237
37.49935889,126.9384261
37.49543309,126.9436
37.49910895,126.9385846
37.49920143,126.9388277
37.49922629,126.938986
37.49948072,126.9387907
37.49966553,126.9389941
37.49881166,126.938664
37.49890863,126.9388929
37.49899662,126.9391643
37.49728764,126.9361717
37.4990688,126.939348
37.49931671,126.9396163
37.4987305,126.9385453
37.49860663,126.9385765
37.50067669,126.9385692
37.49853458,126.9386359
37.50032048,126.9379729
37.50025506,126.937792
37.5006086,126.9375797
37.50001184,126.937894
37.49978892,126.9380384
37.49965602,126.9380413
37.4995209,126.9380951
37.49929797,126.9382169
37.50014193,126.9411961
37.49919599,126.9414428
37.49918905,126.9410696
37.49915966,126.9408576
37.49911674,126.9406173
37.49905414,126.9415532
37.4987866,126.942591
37.49854797,126.9428767
37.49894072,126.9399644
37.49773399,126.9412037
37.49763973,126.9419049
37.49881284,126.9409936
37.49864627,126.9412143
37.49831534,126.9416075
37.49793065,126.9426058
37.49854066,126.9417345
37.49697737,126.9416509
37.4968507,126.9405993
37.49677855,126.9404467
37.4966612,126.9400256
37.49941399,126.9450898
37.4975507,126.9441129
37.49737766,126.9449669
37.49712103,126.9453233
37.49530682,126.94334
37.49605809,126.9458584
37.49509877,126.9464019
37.49997202,126.9392766
37.49245499,126.9430255
37.4926095,126.9434777
37.49444069,126.9432587
37.49605952,126.9440886
37.49610676,126.9439529
37.50007358,126.9396695
37.49732323,126.9441979
37.49804235,126.9454074
37.49946524,126.9393533
37.4971373,126.9464174
37.49762157,126.9463718
37.49854058,126.9463202
37.4987726,126.9463568
37.49873212,126.9464954
37.49887277,126.9392294
37.49673879,126.9468163
37.49663753,126.9470482
37.49735614,126.9471692
37.49754985,126.9471747
37.49794854,126.9471631
37.49802748,126.9473751
37.4978788,126.9473554
37.49839003,126.9471544
37.49893316,126.9384151
37.49793493,126.9377148
37.50012871,126.941804
37.50005674,126.9420246
37.49991028,126.9419201
37.49983157,126.9421831
37.49975738,126.9424743
37.49964708,126.9426384
37.49953003,126.9427911
37.49932521,126.9431193
37.4991924,126.9433003
37.49902582,126.9435407
37.49887727,126.9437783
37.4987938,126.9435098
37.499003,126.9429273
37.49906598,126.9427378
37.49914019,126.9424833
37.49911557,126.9427971
37.49919198,126.9424521
37.49942637,126.9427121
37.49935196,126.9425566
37.49945547,126.9423247
37.49959952,126.9421013
37.49965122,126.9418835
37.49969159,126.9415329
37.49975911,126.9414085
37.49988961,126.9411172
37.50002045,126.9415044
37.49956309,126.9413153
37.49943941,126.9417367
37.49940343,126.9418554
37.49933596,126.942076
37.4991378,126.9422062
37.49915339,126.9418358
37.49919813,126.9412166
37.49936016,126.9409112
37.49946591,126.9406793
37.49948158,126.9404813
37.49922256,126.940507
37.49909677,126.9412111
37.4985216,126.9396707
37.49818832,126.9398491
37.49796988,126.9399623
37.49776725,126.9401412
37.49769071,126.9402368
37.49753318,126.9405259
37.49740713,126.9407007
37.49717502,126.9405058
37.49716617,126.9408196
37.49727215,126.94104
37.49709869,126.941026
37.49684638,126.9409584
37.49695893,126.9408056
37.49697907,126.9405427
37.49670506,126.9377186
37.49675595,126.9403082
37.49668593,126.9399266
37.49656907,126.940461
37.4966504,126.9409472
37.49687356,126.9412637
37.49729025,126.9412012
37.49740285,126.9411643
37.49755364,126.9408956
37.49763699,126.9409125
37.49772473,126.940692
37.49800617,126.9404514
37.49811419,126.9402478
37.49829432,126.9401063
37.49860048,126.939747
37.49877407,126.9400465
37.49861644,126.9401371
37.4984859,126.9403493
37.49824725,126.94057
37.49814595,126.9406888
37.49803339,126.9408302
37.49792765,126.9410904
37.49759442,126.9413706
37.49744359,126.941546
37.49806289,126.9412684
37.49823415,126.9414012
37.49818451,126.9412401
37.49834431,126.9409657
37.49861898,126.9407054
37.49882156,126.9404027
37.49893202,126.9405836
37.49894787,126.940739
37.49869575,126.9410615
37.49841437,126.9414321
37.49818248,126.9416868
37.49806542,126.9418339
37.49784032,126.9421365
37.4977525,126.942196
37.49770971,126.942213
37.4979734,126.942504
37.49809269,126.9423116
37.49825928,126.9421136
37.4984844,126.9418533
37.49844151,126.9416583
37.49880635,126.9415279
37.49892566,126.941378
37.49741375,126.9361235
37.49906734,126.9409255
37.49902274,126.9418218
37.49885835,126.9419237
37.49864437,126.9419437
37.49866698,126.9421105
37.49853642,126.9422745
37.4984126,126.9424188
37.49827978,126.9425857
37.498138,126.9428516
37.49830481,126.9431116
37.49840852,126.9433009
37.498546,126.9434591
37.49865181,126.9433318
37.49879358,126.9430433
37.49843318,126.9430606
37.49866275,126.9426731
37.49894418,126.9424014
37.49903868,126.9421752
37.4989018,126.9432666
37.50198689,126.9371149
37.50074133,126.933169
37.50044382,126.9328555
37.50103393,126.9368358
37.50104053,126.9365587
37.50107199,126.9364031
37.50083093,126.9363383
37.50109433,126.9360723
37.50101085,126.9358095
37.50086901,126.9359396
37.50090484,126.9355551
37.50086199,126.9354534
37.50069087,126.9355836
37.50071764,126.9351142
37.49451126,126.938006
37.49463528,126.938266
37.49485817,126.9380481
37.49498879,126.9379999
37.49506529,126.9378302
37.50057576,126.9351567
37.50064099,126.9350012
37.5004788,126.9349759
37.4956799,126.9372276
37.50044019,126.9344105
37.5004403,126.9345971
37.50034798,126.9346707
37.50028729,126.9349054
37.50019059,126.9351882
37.50033934,126.9353294
37.50040255,126.9355895
37.50045896,126.9357732
37.50053567,126.9359936
37.50056283,126.9362396
37.50038498,126.9364179
37.50051354,126.9367401
37.50065321,126.9367682
37.50080415,126.936802
37.50006065,126.9364747
37.49999765,126.9366189
37.49983074,126.9362035
37.49972265,126.9362629
37.49951323,126.9363677
37.49953136,126.9365826
37.49935797,126.9366732
37.49920258,126.9367497
37.49912593,126.936614
37.49611247,126.9373855
37.49597743,126.937592
37.49574101,126.9377647
37.49702668,126.9368052
37.49692975,126.9366724
37.49492153,126.9385965
37.49477732,126.9385033
37.49489905,126.9387011
37.49474819,126.9387974
37.49935788,126.9365092
37.49899527,126.9366028
37.49911229,126.9363963
37.49704227,126.9364631
37.49589205,126.9379935
37.49920907,126.9362436
37.4993441,126.9360286
37.49945213,126.9358617
37.49950392,126.9358249
37.49972245,126.9358869
37.49984869,126.9360762
37.50002659,126.9359828
37.50018885,126.9361212
37.50016399,126.9359685
37.50012766,126.9354483
37.49960287,126.9355336
37.49947883,126.9352425
37.49930528,126.9350589
37.49920178,126.939509
37.49949668,126.9349315
37.49971296,126.9350048
37.49993375,126.9350866
37.49913626,126.9349007
37.49903482,126.9347679
37.49915221,126.9352456
37.49904872,126.9354662
37.49881909,126.9357011
37.49876289,126.9359019
37.49854907,126.9362243
37.49833076,126.9365553
37.49801766,126.9365697
37.49797496,126.9367507
37.49811021,126.9369343
37.49642607,126.9383408
37.49813283,126.9371068
37.49822733,126.9369144
37.49846386,126.9369312
37.4985066,126.9368266
37.49639289,126.9395056
37.49875217,126.936914
37.49857407,126.9366286
37.49866633,126.9364617
37.49881494,126.9363542
37.49890267,126.9361279
37.49904449,126.9359751
37.49919075,126.9356979
37.49936184,126.9355084
37.49772863,126.935261
37.49775361,126.9356313
37.49768387,126.9357897
37.49781456,126.9358631
37.49788902,126.9361033
37.49810973,126.9360268
37.49696786,126.9363303
37.49811409,126.9357611
37.49828515,126.9355319
37.49841793,126.9353113
37.49857322,126.935068
37.49866775,126.9349209
37.49639556,126.9403311
37.49649005,126.9401105
37.4965645,126.9403423
37.49606018,126.940812
37.49602198,126.9410099
37.49581271,126.9414285
37.49568447,126.9417509
37.4956193,126.9420506
37.49554071,126.9425709
37.49551582,126.9423362
37.49617506,126.9408119
37.49644547,126.9410294
37.4967654,126.9411818
37.49703812,126.941518
37.4973108,126.9417609
37.49739645,126.9418711
37.49733345,126.9420154
37.49728624,126.9422105
37.49731109,126.9423518
37.49752292,126.9425524
37.49759057,126.9427078
37.4977394,126.9430413
37.49750239,126.9420294
37.49783602,126.942555
37.49872418,126.9351442
37.49823315,126.9439824
37.49810931,126.9440899
37.49806435,126.9442878
37.49797654,126.9443586
37.49791545,126.9437904
37.49769242,126.9437227
37.49743332,126.94359
37.49726902,126.9438644
37.49723078,126.9439746
37.49705506,126.9439409
37.49672615,126.9438535
37.49649187,126.9438027
37.49629814,126.943769
37.49614719,126.943721
37.49598498,126.943642
37.49586331,126.9435827
37.49557265,126.9434105
37.49562438,126.9432408
37.4954801,126.9430006
37.49548903,126.9428253
37.49490122,126.9430322
37.49502518,126.9431734
37.49518963,126.9432044
37.49456577,126.9433801
37.49881872,126.935031
37.4948857,126.9435467
37.49508172,126.9436568
37.49889438,126.9374765
37.49541969,126.9438431
37.49580272,126.9440577
37.49605506,126.9441904
37.49874678,126.9352855
37.49639302,126.9443569
37.49660027,126.9443964
37.49665426,126.9442465
37.49691778,126.9441926
37.49684362,126.9445545
37.49666136,126.9449872
37.49651266,126.9449025
37.49633692,126.9448121
37.49619492,126.9446115
37.49591109,126.9445806
37.4958885,126.9444478
37.49576689,126.9445129
37.49560467,126.9444169
37.49540414,126.9443039
37.4952712,126.9442221
37.4950121,126.9440922
37.49480707,126.9439878
37.4946471,126.9438918
37.49447586,126.9437901
37.49866351,126.9354128
37.49849028,126.935806
37.4945662,126.9442904
37.49482755,126.9444231
37.49499203,126.9445106
37.49517002,126.944601
37.49542687,126.9447421
37.49570851,126.9449031
37.49583015,126.944903
37.49612756,126.9450667
37.49625148,126.945143
37.49642046,126.9452361
37.4966007,126.9453236
37.49667509,126.9454452
37.49682151,126.9454592
37.49698598,126.9455382
37.49648651,126.9376114
37.49719078,126.9451366
37.49705106,126.945001
37.49684607,126.9449786
37.4968645,126.9458634
37.49671809,126.9458692
37.49650176,126.9456969
37.49612775,126.9454908
37.49591599,126.9454259
37.49569966,126.9452423
37.49568838,126.9451999
37.49543383,126.9451634
37.49530087,126.9450334
37.49513191,126.944994
37.49504176,126.9448894
37.49469479,126.9447059
37.49455284,126.9446297
37.4943253,126.9445507
37.49420815,126.9445169
37.49417903,126.944859
37.49444261,126.9449294
37.4954767,126.9453329
37.4953191,126.9455027
37.49514127,126.9457629
37.49498146,126.9460061
37.49481939,126.9462579
37.49518664,126.946464
37.49549482,126.9455478
37.49570436,126.9456692
37.49592744,126.9458443
37.49626991,126.9460307
37.49645914,126.9460758
37.4966552,126.9462735
37.49673405,126.9463102
37.49679251,126.9460755
37.49692782,126.946426
37.49738959,126.94642
37.49776125,126.9464141
37.49795944,126.9463574
37.49817343,126.9463459
37.49845949,126.9463259
37.49883342,126.9463539
37.49908118,126.9463227
37.49904533,126.9467298
37.49890793,126.9467412
37.49875927,126.9467583
37.4985588,126.9467669
37.49838308,126.9467105
37.49818039,126.9467898
37.49803623,126.9468012
37.49772763,126.9467958
37.49739876,126.9467932
37.49711495,126.9467934
37.4967703,126.9467569
37.49645709,126.9465224
37.49624308,126.9464689
37.49617996,126.9463587
37.49595014,126.9462231
37.49576763,126.9461102
37.49557163,126.9460425
37.49540939,126.9459125
37.49523365,126.9458194
37.49517752,126.9462124
37.49528792,126.9462773
37.4955831,126.9464835
37.49573181,126.9465936
37.4957071,126.9467463
37.49586024,126.9466784
37.49608554,126.94678
37.49612374,126.9465623
37.49628607,126.9468957
37.4964821,126.9470426
37.49848911,126.9470864
37.4974575,126.9471748
37.49775257,126.9471605
37.49842052,126.9359333
37.49819181,126.9471545
37.49819196,126.9474853
37.49713818,126.9347328
37.49850498,126.9473154
37.49861753,126.9471316
37.49876844,126.9471202
37.49900046,126.9471341
37.49810346,126.9460322
37.4978827,126.9460012
37.49763496,126.9460947
37.49746149,126.9460411
37.49755154,126.9459138
37.49781961,126.9459674
37.49724965,126.9458038
37.49708985,126.9460838
37.49719573,126.9461233
37.49760543,126.9455519
37.49740493,126.945487
37.49784649,126.9456281
37.49825409,126.9454044
37.4979049,126.9452944
37.49769088,126.9452324
37.49740476,126.945128
37.4967274,126.937368
37.49680755,126.9445008
37.4974136,126.9447576
37.49748553,126.9444353
37.497526,126.9442741
37.49801938,126.9444405
37.49790683,126.9446103
37.49787319,126.9449213
37.49813904,126.9450398
37.49814346,126.9448673
37.49824694,126.9445704
37.49842282,126.944952
37.49833731,126.9451386
37.49816641,126.9457749
37.49843454,126.9459613
37.49852015,126.9459923
37.49865506,126.9454692
37.49874731,126.9452288
37.49895009,126.9453474
37.4987876,126.9446859
37.49896325,126.9445953
37.49895862,126.9443154
37.49762702,126.9348087
37.49719693,126.9350664
37.49701004,126.9351796
37.49715899,126.9357053
37.49725555,126.9351624
37.49724661,126.9352925
37.49701478,126.9356093
37.4968187,126.9354173
37.49668353,126.9353835
37.49745974,126.9423347
37.49704194,126.9358609
37.49972696,126.9448209
37.4996099,126.9449709
37.49959649,126.9451942
37.49953115,126.9451547
37.49930809,126.9450361
37.49930357,126.9449937
37.49931474,126.9448071
37.49522365,126.943685
37.49920682,126.9452256
37.49915507,126.9453585
37.49931507,126.9455083
37.49945251,126.945593
37.49953815,126.9456749
37.49904021,126.9453954
37.49897726,126.9456527
37.49882424,126.9459836
37.4949809,126.9424441
37.49501234,126.9422433
37.49504601,126.9420143
37.49505714,126.9417316
37.49952473,126.9368257
37.49926012,126.9369305
37.49912955,126.9370777
37.4989449,126.9371796
37.49878952,126.9372589
37.49865889,126.9372844
37.49852598,126.9372733
37.49833117,126.9373356
37.49818025,126.9373301
37.49822425,126.9374714
37.49804629,126.9374405
37.49803057,126.9375479
37.49785938,126.9375339
37.49775812,126.9377404
37.49756974,126.9371864
37.4979257,126.9372935
37.49771394,126.9372485
37.49770141,126.9369969
37.49770487,126.9371411
37.49766559,126.937404
37.49762739,126.9375793
37.49749975,126.9368783
37.49754718,126.9371073
37.49746374,126.9369264
37.49734886,126.9369322
37.49757624,126.9366945
37.49767299,126.9364937
37.49776515,126.9361459
37.49740102,126.9375965
37.49742367,126.9378368
37.49725922,126.9377917
37.49738329,126.9381365
37.49713988,126.9378794
37.49895379,126.9436454
37.49624552,126.9468788
37.49848392,126.9408808
37.49706095,126.9377042
37.49715551,126.9376137
37.4968921,126.9378683
37.49702737,126.9381085
37.49710629,126.9382611
37.49697096,126.9471751
37.49725027,126.9471721
37.49711737,126.9471637
37.49662645,126.9381569
37.4967887,126.9382783
37.49688113,126.9384253
37.49696003,126.9385524
37.49652527,126.9385132
37.49662671,126.9386516
37.4962167,126.9385474
37.49565831,126.939003
37.49625948,126.9385162
37.49615367,126.9386294
37.49633394,126.9387537
37.49620801,126.9391693
37.49598032,126.938802
37.49580915,126.9388559
37.49500516,126.939159
37.49578457,126.9392347
37.49558181,126.9391699
37.4954805,126.9392717
37.49539494,126.9393425
37.49517205,126.9395603
37.49512448,126.9390374
37.49531131,126.9387828
37.49548697,126.9387119
37.4957391,126.938429
37.49600702,126.9381687
37.49695255,126.9371756
37.49712137,126.9369521
37.4972295,126.936969
37.49499582,126.9385258
37.49522996,126.9382881
37.49548436,126.9380306
37.49552011,126.9374765
37.49533983,126.9373353
37.49540979,126.9375897
37.4952477,126.9377453
37.49460348,126.9377486
37.49727464,126.9371442
37.49730852,126.937311
37.49724967,126.9367881
37.49738476,126.9366664
37.49741168,126.9364628
37.49734184,126.9364346
37.49748817,126.9362818
37.49757121,126.9357191
37.49633279,126.9365768
37.49621128,126.9368087
37.49601747,126.9366449
37.49601535,126.936888
37.49582403,126.9371653
37.4956301,126.9367696
37.49597231,126.9364414
37.49610963,126.9362914
37.49646981,126.9358671
37.49659576,126.9355305
37.49713182,126.9354566
37.49736577,126.9348768
37.49715855,126.9348968
37.49703239,126.9348743
37.4997043,126.935641
37.49983101,126.9367039
37.50085175,126.9373533
37.500989,126.9370789
37.50094836,126.9368839
37.49654108,126.9430846
37.49965754,126.9410099
37.49679154,126.9439919
37.49423274,126.9441098
37.49618906,126.9373826
37.49643222,126.9371761
37.49651774,126.9370375
37.49672486,126.9368337
37.49679223,126.9364492
37.49674925,126.9361071
37.49683934,126.9360929
37.49650516,126.9433278
37.49640163,126.943506
37.4963837,126.9436926
37.49599396,126.9390508
37.49606777,126.9380414
37.49618036,126.937982
37.49636047,126.9378037
37.4966554,126.9375123
37.49665021,126.9362316
37.49826771,126.9365921
37.4965399,126.9363589
37.49649042,126.9364975
37.49716811,126.9359174
37.49728728,126.9355158
37.49752142,126.9353007
37.49745869,126.9359228
37.49745812,126.9348682
37.49659655,126.936995
37.49794319,126.9363068
37.49654163,126.939661
37.49649447,126.9399296
37.49749103,126.9374183
37.49991319,126.9387649
37.50148693,126.9373047
37.50244141,126.9362097
37.49768021,126.9417606
37.49794584,126.9414353
37.50227738,126.9369591
37.49500123,126.9449205
37.49745532,126.94251
37.49855725,126.9389158
37.49866105,126.9392691
37.49900709,126.9335155
37.50042537,126.9320893
37.50120811,126.9382323
37.50010503,126.9394941
37.49908282,126.940346
37.49509855,126.9459128
37.49804335,126.9427527
37.50610856,126.9561007
37.50720546,126.9559078
37.5074718,126.9641668
37.50696244,126.9632227
37.50797861,126.9573861
37.50746091,126.9584354
37.50706189,126.9575252
37.50573649,126.9550321
37.50542353,126.9554027
37.50930605,126.959376
37.50927667,126.9591215
37.50817612,126.9618762
37.50726286,126.9644955
37.50721466,126.9630161
37.50709079,126.956462
37.50754231,126.9593345
37.50744075,126.9587578
37.50756684,126.9586163
37.50753022,126.9569877
37.50691379,126.9662509
37.50668404,126.9662906
37.50710268,126.9651623
37.50714768,126.9649898
37.50711405,126.9655157
37.50707353,126.965609
37.50689555,126.9654988
37.50699887,126.9645007
37.50742018,126.9648087
37.50773313,126.9642854
37.50795156,126.9640733
37.50780733,126.9638528
37.50769473,126.9639575
37.5087946,126.9590228
37.50809503,126.955452
37.50721713,126.9637174
37.50857039,126.9621276
37.50691758,126.9638419
37.50713588,126.9632
37.50697606,126.963545
37.50686799,126.9637119
37.50729581,126.9632197
37.50721921,126.9631575
37.50674611,126.9629259
37.50662213,126.9626347
37.50696225,126.9626091
37.5070411,126.962643
37.50742021,126.9579972
37.50758176,126.956244
37.50666739,126.9633218
37.50631838,126.957011
37.50753283,126.9648765
37.50793525,126.9558451
37.50887293,126.9643923
37.50934356,126.9571846
37.50762782,126.95908
37.50890834,126.9623593
37.50802311,126.9623909
37.50662348,126.9598977
37.50650173,126.9595443
37.50693867,126.959431
37.50835823,126.9608242
37.50795952,126.9607905
37.50777697,126.9605078
37.50817788,126.9603917
37.50922716,126.9592516
37.51060298,126.9579077
37.50949733,126.9588528
37.508066,126.9561222
37.50811101,126.9560119
37.50884161,126.9581858
37.50922188,126.9570405
37.50848959,126.9564471
37.50674853,126.9568044
37.5069602,126.9566204
37.50686781,126.9565074
37.50696464,126.9564508
37.50648716,126.9565783
37.50752804,126.9571856
37.50721505,126.9574968
37.50788166,126.9571204
37.50832763,126.9570466
37.50809127,126.9574709
37.51137211,126.9608792
37.51120982,126.9605527
37.51128289,126.9601681
37.51160044,126.9600067
37.50765661,126.9576775
37.5076545,126.9580847
37.50758926,126.9583223
37.5071816,126.9584271
37.50714984,126.9578079
37.50530199,126.9556459
37.50525945,126.9563302
37.50608362,126.9556738
37.50625516,126.9566011
37.50756396,126.9635306
37.50880485,126.9627467
37.50084005,126.9630249
37.50077916,126.9628044
37.50914981,126.9570773
37.50892861,126.9558361
37.50755137,126.9594646
37.50537667,126.9565903
37.50407797,126.9665717
37.50680231,126.9560409
37.50720981,126.9555006
37.50731112,126.955362
37.50662316,126.9660532
37.50737526,126.9652357
37.50588809,126.9568642
37.50546232,126.9567203
37.50532014,126.9559994
37.50530881,126.9558128
37.50530191,126.9554395
37.50534237,126.9552133
37.50532203,126.9550295
37.50531069,126.9548203
37.50549136,126.9560643
37.50604523,126.9554052
37.5061019,126.956375
37.50635211,126.9568555
37.50604995,126.9559876
37.50613758,126.9553938
37.50717445,126.9641274
37.50758226,126.964475
37.50781203,126.9645173
37.50810699,126.9641184
37.50738387,126.9639095
37.50732526,126.9637541
37.50098229,126.9640992
37.50081779,126.9638844
37.50069827,126.9634406
37.50071386,126.9628695
37.50065976,126.9627395
37.50542559,126.9612272
37.50845835,126.9572473
37.50935715,126.9573684
37.50972266,126.9590789
37.50093566,126.9592476
37.50108663,126.9593833
37.50121279,126.9594595
37.50126467,126.9596659
37.50126249,126.9598666
37.50126254,126.9600108
37.50832064,126.9630071
37.50841535,126.9633549
37.50858875,126.9632162
37.50870588,126.9632162
37.5087214,126.9624159
37.50875513,126.9622491
37.50865586,126.9617402
37.50821003,126.9622522
37.50817176,126.9623455
37.50781113,126.9616332
37.50673611,126.9599005
37.50843716,126.9611098
37.50838716,126.9597752
37.51018183,126.9581059
37.50997234,126.9581004
37.5098552,126.9580778
37.50808058,126.9590939
37.50802668,126.9595463
37.50789603,126.9595323
37.50653395,126.9552098
37.50674795,126.9552521
37.50681107,126.955368
37.50674137,126.9557073
37.50670768,126.9559844
37.50677533,126.9561653
37.50691499,126.9561935
37.50716481,126.9556222
37.5070073,126.9560804
37.50716035,126.9557466
37.50902334,126.9561866
37.50916066,126.9559632
37.50813448,126.9586358
37.50842069,126.95904
37.50870427,126.9583443
37.5088908,126.9571566
37.50889957,126.9565062
37.50807968,126.9565576
37.5079175,126.9565718
37.50785889,126.9564531
37.5077126,126.9567727
37.50649836,126.9564171
37.50805965,126.9572334
37.50883236,126.9643075
37.50878507,126.9643471
37.50887746,126.9644828
37.5088144,126.9645168
37.50893385,126.9647316
37.50886403,126.9647543
37.50894968,126.9649465
37.50888888,126.9650088
37.50896551,126.9651529
37.50890697,126.9652293
37.5090669,126.9652434
37.50904891,126.9653621
37.50920429,126.9651896
37.50921333,126.9652998
37.50932364,126.9650849
37.50935069,126.9651697
37.50573708,126.9566042
37.50779415,126.9580479
37.50769977,126.9587039
37.507328,126.9653855
37.50568053,126.9559624
37.50582456,126.9556202
37.50774894,126.9644438
37.50791098,126.9639602
37.50836992,126.9621447
37.50897427,126.95751
37.50818902,126.9600213
37.50878438,126.9621501
37.5080009,126.9619662
37.50667509,126.9593152
37.50866242,126.9611238
37.50856547,126.9608693
37.50830632,126.9605302
37.50824732,126.9592522
37.50784826,126.9581949
37.50737321,126.9588624
37.5087456,126.9580389
37.50821982,126.9578949
37.50845397,126.9575894
37.50869719,126.9574423
37.50782998,126.9574739
37.50750575,126.9578416
37.50738417,126.9579831
37.50751259,126.9580848
37.507756,126.9584635
37.50760562,126.9600188
37.50730745,126.9576268
37.50711848,126.9583056
37.50725147,126.9585713
37.50615162,126.9568075
37.50576864,126.9566805
37.50719293,126.9656429
37.50070721,126.9632201
37.5100582,126.9588581
37.50805492,126.963273
37.50799191,126.9634371
37.50805729,126.9636491
37.50727994,126.9628889
37.50741947,126.9559727
37.50746581,126.9595749
37.50751523,126.9591875
37.50731921,126.9590265
37.50713252,126.9598041
37.50653761,126.9662172
37.50694524,126.9659625
37.50680554,126.9657986
37.50670414,126.9656742
37.50682111,126.9651115
37.50701945,126.9655242
37.50698772,126.9648852
37.50716107,126.9645487
37.50601654,126.9570112
37.50590601,126.9565786
37.50562224,126.9567174
37.50564686,126.9562847
37.50589671,126.955787
37.50565554,126.9553941
37.50554953,126.9550238
37.50597077,126.9550857
37.50612213,126.9562647
37.50709797,126.9644639
37.50680066,126.9645319
37.50682549,126.9646902
37.50679834,126.9642915
37.50688612,126.9640992
37.50701232,126.9642773
37.50713621,126.9642999
37.50928237,126.9561469
37.50728037,126.9642941
37.50740652,126.9643082
37.50759586,126.964752
37.5079223,126.9641553
37.50749875,126.9638982
37.50715179,126.9636693
37.50671354,126.9597789
37.50697844,126.9639748
37.50722608,126.9635449
37.50684754,126.963152
37.5066358,126.9631437
37.50765637,126.9637115
37.50699842,126.9630219
37.50689253,126.9629513
37.50661545,126.9629033
37.50719433,126.9628267
37.50742634,126.9628464
37.50769445,126.9630555
37.50630222,126.9624765
37.50168493,126.9636522
37.50153404,126.9637427
37.50127512,126.9641104
37.50114226,126.9642433
37.50072086,126.9636611
37.50036235,126.9625078
37.50067762,126.9622362
37.5007903,126.9624058
37.50087368,126.9625273
37.50567331,126.9547325
37.50684033,126.9617157
37.50663536,126.9617525
37.50630583,126.9597537
37.50095626,126.9601891
37.50016779,126.9599407
37.49991774,126.9598787
37.50044036,126.9599773
37.50368657,126.9609822
37.50811562,126.9628856
37.50825075,126.9628007
37.50834078,126.9625943
37.50857055,126.9626366
37.50867417,126.9626648
37.50850736,126.9622521
37.50870095,126.9618618
37.50916738,126.9623733
37.50842169,126.9620287
37.50814021,126.9622975
37.50787658,126.9620233
37.50773456,126.9616841
37.50803195,126.9618564
37.50793048,126.9615342
37.50722049,126.9601773
37.50694342,126.9601266
37.50679924,126.9600955
37.50665731,126.9600164
37.5066324,126.9596432
37.506959,126.9595724
37.50702428,126.9594507
37.50699063,126.9598551
37.50936351,126.9628878
37.50941448,126.9602977
37.50923213,126.9606032
37.50913759,126.9607955
37.50898674,126.9610246
37.50889902,126.9614121
37.50873228,126.961251
37.50846177,126.9606093
37.50819151,126.9607423
37.50804944,126.9602447
37.50828811,126.959976
37.50856506,126.959645
37.50880384,126.9596901
37.50930159,126.9595315
37.50993209,126.9589204
37.50962093,126.9580468
37.50968637,126.9583833
37.50974951,126.9585671
37.50995221,126.9584878
37.51025179,126.9584961
37.50956724,126.9590818
37.50927203,126.9587172
37.50913012,126.9587257
37.50897927,126.9589124
37.50887352,126.9592462
37.5083059,126.9592945
37.50790949,126.9593768
37.50790067,126.9599281
37.5077114,126.9597614
37.50778107,126.9593118
37.50776294,126.958981
37.50783273,126.958882
37.50790246,126.9585964
37.50804199,126.9582513
37.50804417,126.9580449
37.507138,126.9562104
37.50727312,126.9561311
37.50752305,126.9558765
37.5076515,126.9560234
37.50780253,126.9563231
37.50790385,126.9562127
37.50805914,126.9558479
37.50826193,126.9560089
37.50809959,126.9556047
37.50860431,126.9560172
37.50685539,126.959595
37.5088949,126.9560595
37.50942194,126.9559234
37.50901894,126.9564553
37.50865188,126.9567495
37.50918345,126.9566701
37.50932771,126.9569471
37.509445,126.9573796
37.50950816,126.9576482
37.50951952,126.9578999
37.5081817,126.9583841
37.50832138,126.9584745
37.5085107,126.9587685
37.50858943,126.9584687
37.50831658,126.9576348
37.50861156,126.9573603
37.50856418,126.9571568
37.50908265,126.9582451
37.50903857,126.9577998
37.5090125,126.9573375
37.50859776,126.9565856
37.50837921,126.9564274
37.50803244,126.9567527
37.50793558,126.9567245
37.50745356,126.9567898
37.50728464,126.956838
37.50706618,126.9569258
37.50684774,126.9570616
37.50741772,126.9573412
37.50743354,126.9574797
37.50782089,126.9572505
37.50832551,126.9573972
37.50819037,126.9574341
37.50364162,126.9613017
37.50898343,126.9579398
37.50740618,126.963214
37.50933069,126.9589773
37.50820899,126.9591334
37.5077611,126.9601827
37.50066452,126.9635707
37.506718,126.959629
37.50738698,126.9630302
37.50747831,126.9633638
37.50793645,126.9591732
37.49932305,126.9598083
37.49948974,126.9598082
37.49969023,126.9598449
37.49904146,126.9597236
37.50791881,126.9603014
37.49962043,126.959941
37.49987722,126.9599579
37.50670583,126.9570758
37.50899531,126.9596985
37.50682394,126.9598467
37.50814019,126.9557291
37.50684065,126.9627138
37.50665836,126.9566037
37.50495888,126.9537489
37.50943004,126.9597011
37.50866862,126.9594923
37.50783375,126.9554861
37.50858848,126.9558448
37.50855464,126.9557119
37.50956153,126.9557565
37.50755259,126.9565607
37.48318161,126.9770366
37.48483123,126.9814768
37.48466679,126.9814656
37.4844911,126.9814628
37.48440776,126.9815307
37.48443257,126.9817087
37.48440319,126.9810869
37.48438065,126.9809738
37.48424772,126.9808184
37.48423643,126.980629
37.48464419,126.9809879
37.48483791,126.9809907
37.48423866,126.9804735
37.48416427,126.9801457
37.4842701,126.9799054
37.48393216,126.9795832
37.48412137,126.9795832
37.48355373,126.9795494
37.48355593,126.9792526
37.48373159,126.9790123
37.48381944,126.9790179
37.4835739,126.978936
37.48359637,126.9786449
37.48358056,126.9784272
37.48358279,126.9782944
37.48388264,126.9798009
37.48387368,126.9800722
37.48386021,126.9803351
37.48386251,126.9806263
37.4838558,126.9809231
37.48357198,126.9809203
37.48365078,126.9806913
37.48353137,126.9804878
37.48353129,126.9800158
37.48354026,126.9797727
37.4836371,126.9796624
37.48422052,126.9797838
37.48416665,126.9809484
37.48397521,126.9810841
37.48382878,126.9810107
37.48381983,126.9813471
37.48424328,126.9812028
37.48428611,126.981395
37.48352247,126.9812002
37.48329498,126.9812652
37.48333997,126.9809034
37.48313499,126.9809035
37.48299084,126.9809629
37.4827498,126.9808668
37.48293681,126.9811607
37.48281747,126.9814321
37.48275435,126.9811438
37.48175856,126.9800361
37.48176302,126.9798043
37.4827948,126.9805417
37.48293899,126.9806943
37.48285334,126.980406
37.48297047,126.9803947
37.48279924,126.9801347
37.48296366,126.9800555
37.48324078,126.9804173
37.48334443,126.9806377
37.4832273,126.9806179
37.48345031,126.9806772
37.48328351,126.9800017
37.48306948,126.9797644
37.48286226,126.9798436
37.4827969,126.9796174
37.48282164,126.9794083
37.48283061,126.9791652
37.48283957,126.9789221
37.48286205,126.9786309
37.4828575,126.9784048
37.48291162,126.9787525
37.48295658,126.9782606
37.48320662,126.9782747
37.48326749,126.9785771
37.48331935,126.9788909
37.48328562,126.9792075
37.48309867,126.9792414
37.48319558,126.9795552
37.48345237,126.9795607
37.48294076,126.9779723
37.48294298,126.977766
37.482988,126.9776444
37.48296095,126.9775314
37.48163408,126.976828
37.48319515,126.9771808
37.48333708,126.9772882
37.48366149,126.9775255
37.4835624,126.9776556
37.48335967,126.9776387
37.48297439,126.9771045
37.48317029,126.976754
37.4833302,126.9766691
37.48339899,126.9771454
37.48318826,126.9765307
37.48311616,126.9764374
37.48302379,126.9763244
37.48316118,126.9762706
37.48277824,126.9762142
37.48296292,126.9760615
37.48278721,126.9760333
37.48298541,126.9758863
37.4825822,126.9758723
37.48237496,126.9758299
37.48242449,126.9756999
37.48209787,126.9756972
37.48197856,126.9760223
37.48176681,126.9759743
37.48157078,126.9756861
37.48227368,126.9762455
37.48245163,126.9762567
37.48262734,126.9763217
37.48262731,126.9761719
37.48236149,126.9760646
37.48224435,126.9760222
37.48273325,126.9765054
37.48261167,126.9768022
37.48289099,126.9768106
37.4827295,126.9806746
37.47974475,126.9797426
37.48250574,126.97648
37.48216108,126.9763812
37.48178269,126.976517
37.48133447,126.9766952
37.48183229,126.9767572
37.482026,126.9767487
37.4824067,126.976856
37.48235718,126.9770482
37.48224237,126.977379
37.4820464,126.9773677
37.48237305,126.9775485
37.48233031,126.9778877
37.48221318,126.9778821
37.48210055,126.9778256
37.48190461,126.9780122
37.48191809,126.9777974
37.48192704,126.9775175
37.48210274,126.9775175
37.48214322,126.9771557
37.48194048,126.9771049
37.48202602,126.9768476
37.48251263,126.9771782
37.48267707,126.9771838
37.48235723,126.9772602
37.48258253,126.9775484
37.48269065,126.9775201
37.4827448,126.9779893
37.48284621,126.9782494
37.47762048,126.9789094
37.48238218,126.9782212
37.48224253,126.97821
37.48208259,126.9781987
37.48193618,126.9782016
37.48309187,126.9790266
37.48190466,126.9782694
37.48187773,126.9788121
37.48186878,126.9791654
37.48185531,126.9794311
37.4818733,126.9792672
37.48189126,126.978928
37.48187995,126.9786454
37.48188893,126.9784729
37.48172919,126.9795329
37.48197246,126.9795583
37.48227881,126.979578
37.48228112,126.9798889
37.48199733,126.980084
37.48191411,126.9808275
37.48172489,126.9807964
37.48215964,126.98085
37.48250653,126.9808612
37.48264165,126.9806661
37.48251776,126.9806407
37.482279,126.9806775
37.48208974,126.980426
37.48228794,126.9802705
37.48256951,126.9803242
37.48268214,126.9803298
37.48260102,126.98018
37.4823397,126.980002
37.48235091,126.9796769
37.48256488,126.9795751
37.48198846,126.9809151
37.48172491,126.9809038
37.48234891,126.9811863
37.48200652,126.9811581
37.48180155,126.981243
37.48128792,126.9808898
37.48131948,126.9810339
37.48100415,126.9812008
37.48082393,126.9810878
37.48057159,126.9807458
37.4806031,126.9805847
37.48062783,126.9802964
37.48042061,126.9803445
37.48024938,126.9801241
37.48013,126.9801269
37.47997909,126.9802089
37.4800039,126.9803842
37.4797156,126.9805171
37.47989584,126.9807319
37.48023822,126.9807403
37.48088019,126.9807684
37.48117302,126.9807852
37.48125409,126.9806326
37.48140049,126.9805534
37.48120226,126.9804715
37.48108062,126.9804517
37.480977,126.9804433
37.48071789,126.9800448
37.48110759,126.9801012
37.48121121,126.9801351
37.48140268,126.9801718
37.48129451,126.979892
37.48065252,126.9797424
37.47950165,126.9807772
37.47867047,126.9807463
37.4783281,126.9808566
37.47806228,126.9807352
37.47783928,126.9807239
37.47765232,126.9807268
37.477364,126.980724
37.47726939,126.9807071
37.47736619,126.9803792
37.47738416,126.9800598
37.48295641,126.9773307
37.48268628,126.9782353
37.4825331,126.9782297
37.4815555,126.9781734
37.48071295,126.9775829
37.48077371,126.9773087
37.4807714,126.9770148
37.48082319,126.9769215
37.48086596,126.9767519
37.48098086,126.9768847
37.48117232,126.9768451
37.4811723,126.9767716
37.48135016,126.9763023
37.48153035,126.9762457
37.48166325,126.9762372
37.4818457,126.9762117
37.48166547,126.9760846
37.48116539,126.9760141
37.48093787,126.9759406
37.48072839,126.9759322
37.48046935,126.9759408
37.48039504,126.9760539
37.4804379,126.976362
37.48027119,126.976232
37.48005491,126.9760455
37.47984087,126.9757997
37.47976879,126.9757969
37.47962684,126.9756047
37.47939931,126.9754804
37.47930692,126.9753307
37.47913795,126.9751837
37.47908388,126.9751074
37.47916044,126.9749944
37.47944881,126.9752515
37.47966283,126.975356
37.47985432,126.9754944
37.48010886,126.9755028
37.48013584,126.9752654
37.48000741,126.9751269
37.48007945,126.9748923
37.47930898,126.9744121
37.48174514,126.9806607
37.48175411,126.9804035
37.48175634,126.9802594
37.48147712,126.9808106
37.4813105,126.9812007
37.48058292,126.9811302
37.48127653,126.9801436
37.48113005,126.9797338
37.48100616,126.9797423
37.48133274,126.9795104
37.48102865,126.9794936
37.48071778,126.9793862
37.48064346,126.9794739
37.48060978,126.9800929
37.48044534,126.9800816
37.47998808,126.9800478
37.47985969,126.9801016
37.47974709,126.9802571
37.48033733,126.9807459
37.47932819,126.9806896
37.47931923,126.9809836
37.47903988,126.9807632
37.47903766,126.9809554
37.47902417,126.9811334
37.47883946,126.9811165
37.47864574,126.9810657
37.47900153,126.9803901
37.47830556,126.9807436
37.47777392,126.9805091
37.47765903,126.9804498
37.47737078,126.9808823
37.47728954,126.9799553
37.47714084,126.9797688
37.47701024,126.9800345
37.47756204,126.9796613
37.47731648,126.979438
37.47709122,126.979424
37.47746063,126.9793984
37.47754172,126.9794069
37.47762733,126.9794436
37.47771293,126.9795086
37.47721732,126.979178
37.47731866,126.9790226
37.47720597,126.9786976
37.47732082,126.9785364
37.47704822,126.9782991
37.47737486,126.9783923
37.47738159,126.9782594
37.47755286,126.9786607
37.47772413,126.9791129
37.4777174,126.979257
37.47755049,126.978053
37.47727112,126.9777309
37.47738597,126.9775726
37.47711343,126.9776914
37.47767662,126.9779795
37.47787031,126.9778297
37.47800097,126.9779314
37.47806407,126.9780755
37.47762473,126.9775273
37.47741746,126.9773324
37.47786801,126.9775979
37.47798284,126.9773576
37.47754352,126.9769423
37.47778909,126.9771372
37.47733176,126.9768095
37.47705697,126.9769283
37.47704126,126.9771827
37.47707721,126.9767333
37.47745333,126.976459
37.47730689,126.9763545
37.47721001,126.9762443
37.47763354,126.9765409
37.47780027,126.97675
37.47793317,126.9767697
37.47798952,126.9769139
37.47814046,126.9770551
37.47824183,126.9770692
37.47837475,126.9771794
37.47846937,126.9772586
37.47894466,126.9772725
37.47863374,126.976925
37.47850083,126.9768826
37.47873512,126.9770154
37.47830709,126.9767583
37.47828454,126.9766311
37.47815838,126.9765436
37.47708359,126.9749046
37.47709715,126.9750855
37.47716475,126.9752409
37.47731568,126.9752974
37.47743511,126.9754726
37.47767166,126.9756788
37.47778431,126.975789
37.47813126,126.9760687
37.47836104,126.9761958
37.47851425,126.9763908
37.47862237,126.9764049
37.47880035,126.9765575
37.4788612,126.9766931
37.47900987,126.9767185
37.4790595,126.9770944
37.47917659,126.9768966
37.47920358,126.9766959
37.4793252,126.9765856
37.47902105,126.9763172
37.47884081,126.9760939
37.47869889,126.9760488
37.47881372,126.9758113
37.47857046,126.9758594
37.47848259,126.975786
37.47832491,126.9757521
37.47820323,126.9755345
37.47798246,126.9754554
37.4781063,126.9752039
37.47785629,126.9752831
37.47778194,126.9752153
37.47761073,126.9751362
37.47755664,126.9750034
37.47723674,126.9748028
37.47707677,126.9746022
37.4769281,126.9746022
37.47730202,126.9746049
37.47751148,126.9744861
37.47753173,126.9743505
37.47765336,126.9743278
37.47774795,126.9742515
37.47772089,126.9741271
37.47751586,126.9738898
37.47747976,126.9736269
37.47738065,126.9736581
37.47777481,126.973494
37.47754281,126.9735647
37.47753603,126.9734291
37.47752471,126.9731973
37.47763056,126.9731125
37.47786477,126.9728637
37.47732188,126.9727282
37.47719575,126.9727848
37.47702914,126.9731042
37.47705171,126.9733105
37.47712612,126.9736468
37.47726359,126.9739775
37.4769528,126.9742291
37.476687,126.9742377
37.47659916,126.9742688
37.4768694,126.9739663
37.47675223,126.9738081
37.47662601,126.973452
37.47655163,126.9732287
37.4764885,126.9729659
37.47648389,126.9725109
37.47659654,126.9726295
37.47661674,126.9723102
37.47677221,126.9724995
37.47684878,126.972457
37.47701102,126.972669
37.4766077,126.9721801
37.47649053,126.9720134
37.4763959,126.9719004
37.47626071,126.9717478
37.47602871,126.9717932
37.47586867,126.9713184
37.47603534,126.9712505
37.47629435,126.971126
37.47650382,126.9710666
37.47653996,126.9714962
37.47680584,126.9718381
37.47689823,126.9719737
37.47702215,126.9721206
37.47721818,126.9723862
37.4773511,126.9724766
37.47742097,126.9726434
37.47754255,126.9724172
37.477493,126.9724455
37.47767991,126.9722165
37.47756277,126.9721628
37.47746137,126.9720413
37.47734871,126.9718746
37.47716845,126.9716542
37.4769251,126.971318
37.47667722,126.9708856
37.47685514,126.9707923
37.47686187,126.9706708
37.476774,126.9705719
37.47669739,126.9704984
37.47660501,126.9703826
37.47682351,126.9703995
37.47670634,126.9702667
37.47722231,126.9708261
37.47761439,126.9713884
37.47770025,126.9724935
37.47803586,126.9724255
37.47827693,126.9726572
37.47843916,126.9728776
37.47820715,126.9728749
37.47796842,126.9730219
37.47792117,126.9732707
37.47810589,126.973296
37.4783289,126.9733666
37.47813297,126.9735391
37.47812851,126.9737454
37.47812179,126.9739094
37.4779754,126.9740168
37.47787399,126.9737879
37.47788316,126.9745228
37.47798907,126.974746
37.47814904,126.9749014
37.47821889,126.9750286
37.47854557,126.9753224
37.47875733,126.9754269
37.47885422,126.9755824
37.47893302,126.9754127
37.47905471,126.9756784
37.47923496,126.9759214
37.47939267,126.9760457
37.47938822,126.9763199
37.47955712,126.9761616
37.4799266,126.9764752
37.48011359,126.9766277
37.48028252,126.9765909
37.48042446,126.9767266
37.4801337,126.9758307
37.47880903,126.974904
37.47852516,126.974661
37.47840573,126.9744745
37.47823672,126.9741213
37.47840342,126.9742089
37.47852513,126.9745254
37.47858368,126.9744519
37.47866698,126.9742625
37.47889909,126.9747316
37.479041,126.9747372
37.4792595,126.9747852
37.47935636,126.974788
37.47950507,126.9749631
37.47965827,126.9750988
37.47979785,126.9747398
37.47945314,126.9744233
37.47957026,126.9743356
37.47932019,126.9741803
37.4791243,126.9745308
37.47916477,126.9742086
37.47882918,126.9743557
37.47889217,126.9739769
37.47877277,126.9739346
37.4788921,126.973683
37.47888304,126.9734682
37.47873661,126.9733976
37.47872982,126.973211
37.47865995,126.9730669
37.47892806,126.9733212
37.47907674,126.9733579
37.47917136,126.9734257
37.4793043,126.9736291
37.47950259,126.9739089
37.47974138,126.9740247
37.47967159,126.9741971
37.4798427,126.9738466
37.48039466,126.9742619
37.48039696,126.9744569
37.4804015,126.9746435
37.48037453,126.9749007
37.48005687,126.9746351
37.4803836,126.9751805
37.48046239,126.974943
37.48076874,126.9749853
37.48114497,126.9752707
37.4813635,126.9754628
37.481118,126.9755873
37.48095582,126.9755675
37.48082067,126.9755619
37.48076206,126.9753726
37.48065398,126.9755705
37.48045803,126.975661
37.48059776,126.9760029
37.48137038,126.9760196
37.48192458,126.9764604
37.48161373,126.9764492
37.48108663,126.9763731
37.48091543,126.9763618
37.48094475,126.9765116
37.48072622,126.9763619
37.48073977,126.9764975
37.4804718,126.9769442
37.48037496,126.9770008
37.48022176,126.9768567
37.48016097,126.9770404
37.47990644,126.9770518
37.47988613,126.9768341
37.47981859,126.9770659
37.47962257,126.976806
37.47970586,126.9765233
37.47945583,126.9765036
37.47932077,126.9769954
37.47939514,126.9771565
37.47932081,126.9772018
37.4791947,126.977346
37.4789109,126.9774647
37.47871942,126.9773461
37.47844462,126.9774027
37.47818558,126.9773802
37.47853701,126.9775751
37.47863159,126.9774761
37.47841765,126.9777193
37.47868573,126.9779001
37.47913172,126.9778067
37.47959346,126.9776539
37.47958663,126.9772978
37.47944022,126.9773007
37.47967445,126.9771593
37.47992228,126.9774192
37.48004615,126.9773344
37.48035475,126.9773399
37.48057551,126.9774332
37.48086841,126.9777836
37.48109141,126.9778004
37.48128743,126.9780435
37.48136173,126.9778852
37.48144732,126.9778625
37.48158472,126.9778625
37.48167257,126.9778568
37.48165226,126.9776505
37.48160043,126.9775346
37.48155534,126.9773339
37.48163415,126.9771886
37.48139311,126.9770739
37.48136166,126.9775347
37.48119271,126.9774499
37.48100351,126.9775037
37.48173102,126.9772604
37.48318622,126.9776274
37.48128748,126.97836
37.48154205,126.9785409
37.48127402,126.978637
37.48127179,126.9787529
37.48150155,126.9787755
37.48126506,126.9789027
37.48125383,126.9791034
37.48151737,126.9790864
37.48129443,126.9794059
37.48106683,126.9788519
37.4809047,126.9791601
37.48072222,126.9790075
37.48087539,126.9790414
37.48055106,126.9791743
37.48083029,126.9787418
37.48092265,126.9787502
37.48074242,126.9786061
37.4807897,126.9784704
37.48098789,126.9782951
37.48108249,126.9782668
37.48111851,126.9781453
37.48084144,126.9781171
37.48070178,126.9781087
37.48065002,126.9783602
37.480409,126.9783631
37.4803729,126.9780211
37.4803796,126.9777272
37.4803166,126.9781059
37.48025346,126.97773
37.48013415,126.978123
37.48017249,126.9783632
37.4800937,126.9786374
37.47995179,126.9786459
37.47976035,126.9787986
37.47961841,126.978629
37.4795464,126.9789993
37.47959823,126.9791491
37.479427,126.9789004
37.47935037,126.9786941
37.47935709,126.9784482
37.47936152,126.9780525
37.47956875,126.9780581
37.47956653,126.9782362
37.47977369,126.9778065
37.47915203,126.9780384
37.47887497,126.9780216
37.47894484,126.9782561
37.47915658,126.9782589
37.4788818,126.9783947
37.47888183,126.9785755
37.47894039,126.9785529
37.47915888,126.9785274
37.4788706,126.9787621
37.4790846,126.9788157
37.47854612,126.9781404
37.47844023,126.9779934
37.47826003,126.9780189
37.47827808,126.9781857
37.4783727,126.9782393
37.4781137,126.9784712
37.47804609,126.9782677
37.47782985,126.9782819
37.47787043,126.978508
37.47793356,126.9788302
37.47791111,126.9792231
37.47783458,126.979534
37.47772874,126.9797093
37.47771302,126.9799919
37.47783467,126.9800993
37.47789091,126.9796612
37.47800128,126.9796131
37.47811387,126.9794491
37.4781477,126.9796639
37.47808916,126.9798307
37.47801711,126.9799833
37.47811849,126.9801077
37.47835043,126.9796724
37.47829183,126.9795056
37.47838198,126.9797826
37.47852613,126.9797147
37.47842933,126.9800652
37.47834604,126.980362
37.47862534,126.9803111
37.47882583,126.9804043
37.47881678,126.9801301
37.47867484,126.9799549
37.47895192,126.980082
37.47899016,126.9797824
37.4787536,126.979497
37.47873104,126.9793189
37.47881211,126.9791946
37.47842468,126.9792003
37.47892695,126.9789939
37.47916124,126.9791295
37.47937074,126.9792396
37.47954197,126.9794261
37.47938658,126.9796523
37.4794204,126.9798445
37.47920191,126.9798671
37.47942275,126.9804239
37.4795308,126.9799575
37.47965245,126.9800281
37.47967269,126.9798529
37.47991371,126.979833
37.47959609,126.9797512
37.47969963,126.9793498
37.47972442,126.9794289
37.48006459,126.9796125
37.48004885,126.9797736
37.48008479,126.9792112
37.48009602,126.9790331
37.48028523,126.9789991
37.48027838,126.9785243
37.48048341,126.9788069
37.48032873,126.9791826
37.48028079,126.9793609
37.48024029,126.9796718
37.48345026,126.9804087
37.48298159,126.9795496
37.4794948,126.9801893
37.48219799,126.9811835
37.48039117,126.9794457
37.47977114,126.976283
37.48304645,126.9770423
37.48255589,126.9796853
37.47753394,126.9741668
37.47745643,126.9740515
37.47735165,126.9749413
37.47670703,126.9731072
37.48093188,126.9800532
37.48224,126.9767712
37.47792408,126.9763232
37.4776965,126.9759671
37.4776222,126.9761424
37.47753207,126.9759954
37.47725048,126.9758514
37.47703419,126.9756451
37.4769328,126.9754982
37.47691022,126.9752495
37.47679978,126.9749386
37.47667812,126.9748171
37.47677284,126.9753767
37.48006681,126.979426
37.47689915,126.9761991
37.47698023,126.9761482
37.47857668,126.9733665
37.47789604,126.9717501
37.47782186,126.9723747
37.47757414,126.9726377
37.47747503,126.9726462
37.47860431,126.9761675
37.48062042,126.9767096
37.48058457,126.9777017
37.47985934,126.9780948
37.48112532,126.9784421
37.4808147,126.9797197
37.47866343,126.9791126
37.47800566,126.9789291
37.4840582,126.9789811
37.48193376,126.9773084
37.48009286,126.9744429
37.48078779,126.9804405
37.48132325,126.9768959
37.47634191,126.9722368
37.47687645,126.9753201
37.48376748,126.978218
37.48344312,126.9782124
37.47932589,126.9803815
37.48354953,126.9813754
37.48018357,126.9774191
37.47755225,126.9755234
37.47794651,126.9758568
37.47988885,126.9793582
37.47894194,126.9750001
37.48211464,126.9811751
37.47999905,126.9784169
37.47734137,126.9800853
37.48871154,126.9770095
37.48888274,126.977083
37.48907197,126.9771564
37.48927021,126.9772581
37.49021837,126.9764691
37.49035577,126.9764719
37.49053146,126.9764492
37.49069588,126.97637
37.49084452,126.9762117
37.49076568,126.9762145
37.49060578,126.9763587
37.49110359,126.9763642
37.49129057,126.9764914
37.4914122,126.9764631
37.48528161,126.980722
37.49287411,126.9765785
37.49153162,126.9766411
37.49163522,126.9765761
37.49192581,126.976641
37.49181997,126.9767626
37.49217811,126.9767144
37.49232677,126.9767003
37.49259931,126.9766465
37.49270965,126.9764599
37.49284022,126.9760838
37.49294152,126.9757813
37.49306321,126.9760244
37.49328171,126.9760498
37.49324572,126.9762957
37.49330208,126.9765219
37.49309034,126.9765389
37.49335619,126.9767734
37.49345533,126.976943
37.49326161,126.9769431
37.49320984,126.977124
37.49298914,126.9773503
37.49279987,126.9770563
37.49266692,126.9768076
37.49242823,126.977195
37.4923742,126.9773391
37.49226164,126.9776812
37.49219639,126.978077
37.49204999,126.9781704
37.49260641,126.9784444
37.49270329,126.9785518
37.49289244,126.9782238
37.4928248,126.9778507
37.49269187,126.9776839
37.49253874,126.9779243
37.49266941,126.9780656
37.49275053,126.9782013
37.49247339,126.9777914
37.49253282,126.9775653
37.49281345,126.977421
37.49288603,126.977642
37.49300045,126.9776273
37.49317391,126.9776951
37.4934532,126.9775622
37.49337437,126.9776357
37.49316496,126.9780146
37.49329335,126.9779976
37.49342622,126.977859
37.49357718,126.9780879
37.49371227,126.9777458
37.49365597,126.977808
37.49461565,126.9784099
37.49457739,126.9785965
37.49456166,126.9787972
37.49107515,126.9810795
37.49096701,126.9809721
37.49082059,126.9809326
37.4905976,126.9809666
37.49044893,126.9809412
37.49071467,126.9806019
37.49081154,126.9806414
37.49091065,126.9806782
37.49102329,126.980729
37.49119674,126.9807912
37.4912486,126.9811162
37.49128695,126.9814809
37.49120592,126.9818569
37.49118792,126.9820152
37.4911857,126.9821792
37.49123752,126.9822922
37.49118317,126.9804208
37.49107052,126.9803078
37.49100743,126.9801834
37.49135662,126.9804802
37.49131152,126.9801664
37.49118759,126.979929
37.49106593,126.9798244
37.49119203,126.9795728
37.49166515,126.9800815
37.49178676,126.9799118
37.491789,126.9798383
37.49177995,126.9796602
37.49174836,126.9793012
37.49167174,126.9791345
37.49159964,126.9790129
37.49136533,126.9787642
37.491309,126.9786229
37.4910005,126.9791629
37.4911536,126.9787925
37.49137877,126.9783345
37.49146208,126.9781705
37.49161745,126.977868
37.49182685,126.9774354
37.4920071,126.9776559
37.49193718,126.9771923
37.49200473,126.9770537
37.49210163,126.977277
37.49221427,126.9773533
37.49146424,126.9776476
37.49152055,126.9776136
37.49158355,126.9772885
37.49170289,126.9770284
37.49135839,126.9777465
37.49135166,126.9779077
37.49115349,126.978165
37.49100938,126.9784731
37.49087653,126.9787446
37.49069865,126.9791093
37.49060183,126.9793015
37.49052077,126.9794881
37.49044195,126.9796352
37.49031811,126.9798811
37.49014473,126.9802939
37.49002765,126.9806077
37.49147535,126.9768617
37.49138979,126.9770511
37.49130873,126.9772264
37.49125472,126.9774921
37.49117814,126.9775176
37.49102949,126.9775883
37.49107007,126.9777494
37.49095523,126.9779615
37.49082464,126.9782725
37.49077512,126.978476
37.49061298,126.9787192
37.49054093,126.9788832
37.49042159,126.9791348
37.49031803,126.9794288
37.49011536,126.9797342
37.49001178,126.9799745
37.4899171,126.9795505
37.49000719,126.9794515
37.48968957,126.9793809
37.4895724,126.9791774
37.48930392,126.9792714
37.48958825,126.9796637
37.48951169,126.9797965
37.48975948,126.9798502
37.4897325,126.98013
37.4897348,126.9804353
37.48972808,126.9806813
37.48934065,126.9806955
37.48949604,126.9804863
37.48946673,126.9802941
37.48947117,126.9799492
37.48938107,126.9799407
37.48942829,126.9794291
37.4891085,126.9798645
37.48916255,126.9797655
37.4891242,126.9794461
37.48913993,126.9792398
37.48908811,126.979155
37.48852486,126.9784795
37.48822073,126.9782959
37.48801352,126.9784288
37.4880068,126.9786153
37.4880136,126.9788415
37.48815108,126.9792626
37.48826141,126.9790054
37.48799561,126.9790111
37.4879506,126.9792514
37.48787855,126.9794182
37.48783578,126.9795991
37.48776149,126.9798083
37.48763311,126.9799129
37.49181371,126.9794708
37.48559252,126.9811035
37.48552275,126.9814597
37.48562186,126.9814258
37.48577729,126.9814512
37.48591464,126.9811119
37.48626602,126.9810581
37.48639668,126.9811768
37.48639674,126.9815386
37.48615347,126.9815302
37.48667373,126.9810919
37.48681112,126.9810099
37.48706567,126.9810947
37.48718957,126.9811738
37.48710175,126.9813462
37.48718962,126.9815074
37.48738548,126.9808119
37.48722556,126.9808233
37.48702058,126.9808346
37.48675703,126.9808403
37.48664885,126.9804786
37.48680202,126.9804305
37.48719846,126.980453
37.4870858,126.9802495
37.48691911,126.9802241
37.48641685,126.9805097
37.48642815,126.9807528
37.48618033,126.9804758
37.48603165,126.9804024
37.48584469,126.9803742
37.48554734,126.9803064
37.48570732,126.9805919
37.48587402,126.9806738
37.48555641,126.980623
37.48539648,126.9806513
37.48532209,126.980298
37.48525002,126.9803856
37.48506299,126.9799673
37.48524769,126.9799023
37.48527019,126.9797751
37.48535575,126.9795772
37.48534229,126.9798542
37.48545944,126.9800096
37.48563964,126.9799841
37.48579277,126.9797354
37.48590544,126.9799926
37.48605864,126.9801762
37.48628163,126.9801253
37.48646635,126.9801592
37.48607211,126.979919
37.48607433,126.9797268
37.48593464,126.9795035
37.48664204,126.980128
37.48614189,126.9796335
37.48631761,126.9797267
37.48650909,126.9798256
37.48667127,126.9798256
37.48682445,126.9798877
37.48693033,126.9799386
37.48699115,126.9799866
37.48711956,126.9800516
37.48718714,126.9800685
37.48730878,126.9801194
37.48721641,126.9799865
37.48702493,126.9799103
37.4867884,126.9798029
37.48646852,126.9796815
37.48626803,126.9795911
37.48606529,126.9795007
37.4860698,126.9795713
37.48573864,126.9793509
37.48558771,126.9792775
37.48535118,126.9791673
37.48516196,126.9791193
37.48519353,126.979303
37.48510123,126.9796112
37.48500664,126.979713
37.48489172,126.9794755
37.48478809,126.9794275
37.48484437,126.9792409
37.48490515,126.9790204
37.48502904,126.9790374
37.48816953,126.9818661
37.48804789,126.9818548
37.48794652,126.9818181
37.48813121,126.9817474
37.48808387,126.981476
37.48797573,126.9813432
37.48807032,126.9812753
37.48802073,126.9810351
37.48808379,126.9809757
37.48768057,126.9808288
37.48776384,126.9804104
37.4878044,126.9805065
37.487926,126.9802917
37.48808595,126.9804329
37.48811743,126.980105
37.487962,126.9800174
37.48821653,126.98004
37.48827956,126.9797997
37.48804076,126.9795934
37.48803623,126.9794181
37.48798883,126.9788754
37.48817807,126.9790337
37.48833795,126.9787877
37.48843704,126.9786859
37.48803376,126.9782394
37.48831073,126.9777333
37.48815983,126.977821
37.48822963,126.9776683
37.48831293,126.9774648
37.48838048,126.9773517
37.48842776,126.9772273
37.48849982,126.9770944
37.48861694,126.9770604
37.49086927,126.9760986
37.49024545,126.9767546
37.4904257,126.9769892
37.49060144,126.9771927
37.4907997,126.9774301
37.48861496,126.9785049
37.48863527,126.9787282
37.48855198,126.9790109
37.48875689,126.9786151
37.48862633,126.9791155
37.48848444,126.9791806
37.48840338,126.9793559
37.48845702,126.9795701
37.48848683,126.9799721
37.48865805,126.9801756
37.48861754,126.9804045
37.48861745,126.9798731
37.48865571,126.9796385
37.48859483,126.9793049
37.48865565,126.9793219
37.48881108,126.9793275
37.48889216,126.9792596
37.48890115,126.9791437
37.48896872,126.9791267
37.48885843,126.9795932
37.48884496,126.9799041
37.48882474,126.9801897
37.48882029,126.9805176
37.48914914,126.9804016
37.4891491,126.980198
37.48899601,126.9806758
37.48893293,126.980625
37.48866262,126.9805883
37.48862435,126.9806731
37.48839912,126.9808625
37.4886424,126.9808738
37.4888136,126.9809416
37.4889848,126.9809585
37.48888796,126.9810886
37.48880467,126.9814137
37.48870782,126.98149
37.48842174,126.9813968
37.488219,126.9813347
37.48883175,126.9817387
37.48870786,126.9817727
37.48857496,126.9817501
37.48848714,126.9818971
37.49311319,126.9782209
37.48893534,126.9815635
37.48905246,126.9815097
37.48903441,126.9813118
37.48927323,126.9816538
37.48947822,126.9817471
37.48950753,126.9819308
37.48954135,126.9821513
37.48968324,126.9820043
37.48966965,126.9815096
37.48945113,126.9813852
37.48930696,126.9813174
37.48921233,126.9811309
37.48946685,126.9810545
37.48965832,126.9810884
37.48980025,126.9812155
37.48985652,126.9809441
37.48992407,126.9808282
37.48947581,126.9807266
37.49022367,126.9808847
37.49031375,126.9807716
37.49034569,126.9805104
37.49039701,126.9802853
37.49065607,126.9803842
37.49059306,126.9807348
37.49071702,126.9812238
37.49034988,126.9813002
37.49044225,126.9814387
37.49022602,126.9814783
37.49017197,126.9815999
37.49004582,126.9815208
37.48994675,126.9817554
37.48982286,126.9817894
37.49001888,126.9820749
37.48988599,126.9821653
37.49015398,126.9817695
37.49016528,126.9820296
37.49027787,126.9817751
37.49059323,126.981809
37.49085229,126.9819616
37.49066312,126.9822471
37.49094682,126.9814386
37.49097833,126.9812859
37.49070333,126.9801326
37.49090153,126.9799686
37.49068299,126.9797029
37.49073474,126.9794061
37.49089018,126.979488
37.49103657,126.9793438
37.4911762,126.9792137
37.49119646,126.9791515
37.49153425,126.9786567
37.49184064,126.9789224
37.49185869,126.979075
37.4920164,126.9792842
37.49216511,126.9794877
37.49225741,126.9792021
37.49239027,126.9789929
37.4922168,126.9788488
37.49205683,126.9786255
37.49219871,126.9784643
37.49191712,126.9783202
37.49163782,126.9783712
37.49239012,126.9781646
37.49271659,126.9773843
37.49238087,126.9768897
37.49365142,126.9775593
37.4937122,126.9773557
37.49370992,126.9772087
37.4939623,126.9777458
37.49417183,126.9779662
37.49439485,126.9780962
37.49345787,126.9784894
37.49332053,126.9788174
37.49315839,126.9790436
37.49300075,126.9792359
37.49268539,126.9791935
37.49254572,126.9791568
37.49262,126.9788374
37.49299075,126.9787457
37.49285419,126.9784387
37.4929758,126.9782888
37.49300276,126.9779213
37.49239483,126.9793067
37.49232503,126.9794622
37.49194215,126.9797563
37.49143318,126.9803444
37.49129373,126.9816166
37.49123744,126.9817438
37.49131186,126.9823261
37.49151683,126.9822809
37.49174434,126.9823006
37.49478074,126.9823706
37.49481674,126.9821076
37.49489105,126.9819408
37.49498568,126.9820737
37.49506674,126.9818927
37.49495633,126.9816638
37.49483464,126.9812963
37.49490675,126.9814941
37.49566822,126.9822912
37.49573353,126.9821611
37.49584162,126.9819576
37.4960466,126.9819943
37.49624707,126.9819518
37.49635742,126.9818161
37.49642496,126.981556
37.49638213,126.9813835
37.49647895,126.9811347
37.49649243,126.980917
37.49656223,126.9807389
37.4965532,126.9805919
37.4964383,126.980493
37.49656214,126.9801904
37.49670629,126.9801084
37.49663879,126.9805806
37.49675364,126.9804279
37.49689101,126.9802299
37.49694733,126.9802356
37.49701039,126.9801677
37.49709603,126.9804532
37.49724472,126.9805804
37.49710734,126.9807416
37.49691364,126.9808689
37.49690918,126.9811403
37.49686419,126.981505
37.49676511,126.9817142
37.49672686,126.9819828
37.49661877,126.9821637
37.49642961,126.9825398
37.49812361,126.983249
37.48602482,126.9799897
37.48782697,126.9807864
37.4924781,126.9788883
37.4878404,126.9802775
37.49229305,126.9770452
37.49463363,126.9781498
37.4947597,126.9777766
37.49493085,126.9775645
37.49338581,126.9786053
37.49324846,126.9788711
37.4925502,126.9789702
37.49353628,126.9762561
37.49369175,126.9764737
37.49027084,126.9801129
37.49509833,126.9822715
37.49369424,126.9776695
37.48842829,126.9801332
37.49362662,126.9774716
37.48636721,126.9800179
37.49293746,126.9780174
37.49195094,126.9784955
37.49269667,126.9793349
37.49360168,126.9766349
37.49291518,126.9794112
37.49374887,126.9809319
37.4852434,126.9030419
37.48374169,126.9732658
37.48523449,126.903155
37.48521657,126.9032794
37.48425528,126.9733504
37.48534596,126.9728624
37.48516065,126.9726858
37.48482506,126.9728612
37.48579178,126.9721244
37.4858459,126.9723675
37.48655968,126.9716874
37.48615658,126.9716353
37.48772384,126.9696701
37.48721433,126.9701296
37.48693333,126.9701679
37.48652576,126.9706825
37.48622847,126.970889
37.48658154,126.9708168
37.48696244,126.9694951
37.48645494,126.9690021
37.48553671,126.9699254
37.48720026,126.9680152
37.48696822,126.9679136
37.4873985,126.9680943
37.48748413,126.9682299
37.48725895,126.9684788
37.48713737,126.9686937
37.48704512,126.9690979
37.48775206,126.9677945
37.48802452,126.967441
37.49064916,126.9691134
37.49041523,126.9704308
37.49114465,126.9689012
37.49245765,126.9680526
37.49096507,126.9713183
37.49073534,126.9714456
37.49057757,126.971081
37.49042885,126.9708634
37.49168748,126.9687964
37.49198714,126.9690507
37.49148276,126.9697604
37.49131166,126.9701365
37.48961137,126.9716015
37.48976912,126.9719067
37.48992234,126.9721272
37.49026698,126.9721327
37.49041557,126.9718188
37.49047191,126.9719206
37.49072639,126.971683
37.49070383,126.9715587
37.48781256,126.975896
37.48762566,126.9761618
37.487459,126.9763343
37.48717073,126.9765973
37.48694777,126.9767698
37.48679926,126.9775896
37.48647498,126.9780222
37.48655611,126.9782596
37.48663277,126.9786497
37.48674539,126.9786355
37.48672959,126.9784461
37.48681526,126.9788447
37.48624289,126.9775784
37.48617537,126.9779177
37.48608081,126.9781693
37.48609438,126.9784322
37.48672519,126.9790341
37.48619366,126.9794073
37.4855358,126.9786895
37.48565506,126.9780168
37.48579471,126.9779658
37.48579017,126.9777934
37.48621128,126.977211
37.48729675,126.9759556
37.487594,126.975588
37.48467064,126.9776609
37.48469554,126.9782969
37.48444554,126.9784637
37.48474727,126.9779096
37.48739792,126.9750397
37.48630355,126.9767954
37.4856552,126.978763
37.49121673,126.9688899
37.49093582,126.9714625
37.4906587,126.9712392
37.49050544,126.9708605
37.48621601,126.9783925
37.48657205,126.9792037
37.48737997,126.9753704
37.4886249,126.9721616
37.49109331,126.9707302
37.48719007,126.9699558
37.48692643,126.9695997
37.49109567,126.9711345
37.49129384,126.9709563
37.49181617,126.9699271
37.48483298,126.9785314
37.48677785,126.9699277
37.48633165,126.9713794
37.48497043,126.978783
37.48483059,126.9777852
37.4867979,126.9713057
37.4869195,126.9711672
37.48701859,126.9710682
37.48709966,126.9709918
37.48744471,126.9703741
37.48688115,126.9709326
37.48666499,126.9712379
37.48670726,126.9691518
37.48654535,126.9702175
37.48677577,126.9706118
37.48705053,126.9704279
37.48704136,126.969806
37.49101633,126.96915
37.48510093,126.9779717
37.48380534,126.9759821
37.48391527,126.9738819
37.48384094,126.9738734
37.48999223,126.9723759
37.48396249,126.9735116
37.48381823,126.9730537
37.48382729,126.9732657
37.48423272,126.973161
37.48432055,126.9731044
37.48438815,126.9732231
37.48444676,126.9733842
37.48456155,126.9730082
37.48441284,126.9728246
37.48475571,126.9725121
37.48503501,126.9724328
37.48549842,126.9722334
37.48572375,126.972581
37.48548777,126.9724355
37.48561173,126.9727407
37.48522661,126.9730179
37.48507287,126.9730024
37.48473277,126.9731184
37.48481385,126.9730901
37.48569941,126.9720227
37.48569945,126.9722234
37.48592028,126.9725852
37.48597415,126.9717739
37.48742878,126.9697324
37.48638843,126.9709935
37.48615625,126.9703209
37.48712406,126.9694993
37.48711047,126.9691912
37.48709475,126.9693778
37.48617594,126.9702205
37.48728847,126.9694088
37.48565392,126.9702532
37.48636331,126.9696452
37.48619873,126.9690573
37.4861509,126.969217
37.48560594,126.969808
37.48575741,126.9697274
37.4881174,126.9673096
37.49050055,126.9693453
37.49030244,126.9697666
37.49026667,126.9708634
37.49034093,126.9705694
37.49055482,126.9701622
37.49065388,126.9699728
37.49088127,126.9695063
37.49082482,126.968989
37.49110864,126.9690143
37.4913766,126.9686608
37.49167837,126.9684147
37.4918225,126.9682818
37.49198238,126.9681065
37.49216941,126.9683637
37.49230902,126.9682081
37.49252068,126.9679197
37.49264679,126.9677896
37.49290124,126.9674813
37.49285839,126.9673033
37.49280206,126.9672298
37.49298925,126.9680947
37.49270549,126.9682843
37.49255239,126.9685642
37.49235873,126.9687848
37.49233181,126.9691947
37.49265158,126.9688497
37.49275975,126.9690362
37.49228005,126.9693672
37.49170817,126.9704134
37.49046714,126.9708407
37.49070812,126.9706936
37.49075318,126.9707162
37.49090421,126.9711543
37.49094453,126.9702752
37.49080483,126.9700915
37.49107736,126.9699981
37.49116292,126.9698284
37.49127098,126.9696248
37.49132498,126.9693732
37.49134972,126.969246
37.49156816,126.9690084
37.49189468,126.9686776
37.49212228,126.9690337
37.49189258,126.9692514
37.49174621,126.9694126
37.49154805,126.9696304
37.49163814,126.9696247
37.49205708,126.9695001
37.49204127,126.9693136
37.49179367,126.9700317
37.49138596,126.9700149
37.49116531,126.9703825
37.49121494,126.9706991
37.49093109,126.9705635
37.4871932,126.9763033
37.48747246,126.9760347
37.48732163,126.9764615
37.48690494,126.9765974
37.48642094,126.9781635
37.48633088,126.9783501
37.4865404,126.9785479
37.48667305,126.977208
37.48599077,126.9784605
37.48585784,126.9783248
37.48558303,126.9782655
37.48617777,126.9787035
37.48638952,126.97876
37.48667336,126.9789069
37.48686719,126.9795513
37.48694607,126.9797859
37.48668473,126.9794835
37.48653827,126.979249
37.48629047,126.9790879
37.48650901,126.9793677
37.48583098,126.9792633
37.48612566,126.9770866
37.48539162,126.9785765
37.48511462,126.978913
37.48593212,126.9780308
37.48594783,126.9777086
37.4860942,126.9774909
37.48593424,126.9773128
37.4862068,126.977341
37.48601526,126.9769708
37.48641627,126.9772703
37.48636892,126.9770159
37.48652207,126.9769254
37.48664147,126.9769791
37.48653102,126.9766342
37.48670223,126.9766992
37.48677658,126.9767924
37.48688689,126.9764702
37.48695217,126.9762638
37.4871864,126.9761082
37.48492073,126.9779831
37.48744312,126.975769
37.49134103,126.9704814
37.48617965,126.9767107
37.48453345,126.9788142
37.48438467,126.9781924
37.48444099,126.9782376
37.48452883,126.9782065
37.48455356,126.9779492
37.48430122,126.9776214
37.48446565,126.9775875
37.49155496,126.970241
37.4920774,126.969681
37.49220124,126.9695057
37.48365186,126.9744954
37.49232259,126.9684173
37.48641893,126.9795062
37.48642962,126.9764364
37.48519906,126.9732059
37.49095818,126.9708038
37.48362022,126.9740007
37.48376215,126.9740996
37.48736584,126.9702497
37.4869739,126.9702499
37.48723896,126.969553
37.48645113,126.969518
37.48716379,126.9756984
37.48639775,126.9722967
37.48631443,126.97239
37.48666416,126.9778412
37.48683498,126.9759727
37.48723813,126.9756983
37.4864027,126.9769763
37.48499286,126.9782318
37.49194002,126.9697716
37.49316261,126.967795
37.49047365,126.9698457
37.49136564,126.9698283
37.48447913,126.9774376
37.49082725,126.96969
37.4858227,126.9718771
37.4914916,126.9691018
37.49239045,126.9694887
37.48519039,126.972266
37.48530243,126.9721713
37.48505019,126.9723381
37.48494939,126.9723141
37.48500645,126.9786445
37.48508068,126.978113
37.48472019,126.9776439
37.48455121,126.9774037
37.48519552,126.9778614
37.48537565,126.9774939
37.48558959,126.9772394
37.48585536,126.9771008
37.48606705,126.9768435
37.48632378,126.9765467
37.48659401,126.9761932
37.48553787,126.9776974
37.4867494,126.9760179
37.48683497,126.9759048
37.48708718,126.9755684
37.48736192,126.9752432
37.48651517,126.9761735
37.48653001,126.9719588
37.48674395,126.9717524
37.4867957,126.9715347
37.4835439,126.9752501
37.48714466,126.9707855
37.48739238,126.9705649
37.4877099,126.9702114
37.48680236,126.9711135
37.48654112,126.9713369
37.48637447,126.9714783
37.48621447,126.9711844
37.48612433,126.9710459
37.48600941,126.9708707
37.4859153,126.9706036
37.48547769,126.9703423
37.48590781,126.9699097
37.48618706,126.9696806
37.48653162,126.9693808
37.48678832,126.969033
37.4868919,126.9688888
37.48712157,126.9685778
37.48736251,126.9682752
37.48642215,126.9707222
37.48669463,126.9704394
37.48668057,126.9704804
37.48692217,126.9705552
37.48716932,126.9702964
37.48741534,126.9700377
37.48759324,126.9698595
37.48704751,126.9696152
37.48646871,126.9700027
37.48676372,126.9697341
37.48623455,126.9704042
37.49284063,126.9682475
37.49155,126.9684798
37.49204106,126.9685164
37.492404,126.9696187
37.49037897,126.9695574
37.48544563,126.9783221
37.48456187,126.9719723
37.48474605,126.9721319
37.48526924,126.9722801
37.48549894,126.9720737
37.48563858,126.9719888
37.48530984,126.9725486
37.48634967,126.9691703
37.48783354,126.9671316
37.48803853,126.9671824
37.48618533,126.9717695
37.48632335,126.9720253
37.48774195,126.9700234
37.48791706,126.9699287
37.48659221,126.9684932
37.48453564,126.9784778
37.48489823,126.9781131
37.4847879,126.9783548
37.485662,126.9790485
37.48575207,126.978845
37.48594806,126.9789382
37.48642337,126.9791472
37.4867838,126.9793026
37.48630383,126.9782484
37.48654488,126.9784009
37.48656956,126.9778893
37.4867745,126.9776744
37.486842,126.9772899
37.48691178,126.9770383
37.48700406,126.976685
37.48762109,126.9758452
37.48654469,126.9774229
37.48634428,126.9777395
37.48607849,126.9777707
37.48614386,126.9780421
37.48421682,126.9726239
37.49248955,126.9694434
37.4842179,126.9777176
37.48602247,126.9793848
37.487452,126.9751188
37.48789452,126.9698495
37.48612601,126.9789466
37.49294619,126.9671421
37.48688293,126.9794043
37.48461568,126.9733191
37.48490959,126.9786247
37.48570275,126.9695988
37.48675171,126.9763147
37.48582464,126.9706249
37.4864749,126.9776236
37.48694313,126.9760857
37.48724092,126.9684449
37.48700223,126.9687333
37.48720716,126.9685551
37.48519864,126.9033925
37.48528343,126.9782006
37.4902264,126.9719772
37.49008452,126.9720903
37.48519874,126.9035169
37.48653652,126.9709412
37.48518983,126.9036412
37.48518091,126.9037543
37.485172,126.9038674
37.48516308,126.9039805
37.48516317,126.9040935
37.48515424,126.9041953
37.48513631,126.9043084
37.48515554,126.9030279
37.4799527,126.972193
37.48130934,126.9749541
37.48142191,126.9747279
37.48097817,126.9747224
37.48083398,126.9746122
37.4806132,126.9744512
37.48051865,126.9747339
37.48045997,126.974194
37.48010402,126.9739567
37.47983816,126.9736742
37.47957456,126.9734086
37.47932446,126.973126
37.47884693,126.9731262
37.47901805,126.9728378
37.47918242,126.9725664
37.47943928,126.9728716
37.47962629,126.9730863
37.47980201,126.9731965
37.47988539,126.9733604
37.48016252,126.9736571
37.48050719,126.9738322
37.48061086,126.9740639
37.48072122,126.9739961
37.48076179,126.9741035
37.48098257,126.9742645
37.48119885,126.9744255
37.48134076,126.9744424
37.4814737,126.9746148
37.48156601,126.9744226
37.48162905,126.9742897
37.4817259,126.9742614
37.48158848,126.9741767
37.4813677,126.9740241
37.48115142,126.9738489
37.48097795,126.9737162
37.48082475,126.973606
37.4807279,126.9736314
37.4807166,126.9734647
37.48059946,126.9734308
37.48039219,126.9732528
37.4802638,126.9732783
37.48003622,126.9729562
37.47982443,126.9727386
37.47957659,126.972456
37.47935805,126.9722667
37.47943235,126.9721226
37.4795224,126.9719049
37.47957418,126.9717777
37.47969128,126.9716476
37.47993904,126.9715769
37.47982423,126.9718652
37.47967559,126.9719925
37.47984232,126.9721846
37.48004502,126.9720404
37.48008777,126.9718679
37.48015082,126.9717746
37.48020937,126.9716983
37.48040535,126.9717265
37.48055178,126.9718282
37.48071849,126.9719073
37.48060824,126.9724359
37.48047982,126.9723003
37.48057223,126.9725716
37.48043039,126.9728401
37.480329,126.9727243
37.4802321,126.972583
37.48016,126.9725039
37.48002707,126.9723654
37.480498,126.9730097
37.48069847,126.9729955
37.48087865,126.972888
37.48088987,126.9727015
37.48097768,126.9725347
37.48093259,126.9723877
37.48107228,126.9725035
37.48116687,126.97243
37.48129757,126.9726702
37.48112867,126.9728455
37.48098233,126.9731565
37.48107471,126.973278
37.48117832,126.9732667
37.48129541,126.9731055
37.4811896,126.9733543
37.48134279,126.9734447
37.48151613,126.9729528
37.48153197,126.9733033
37.48164241,126.9735576
37.481701,126.973682
37.48191052,126.9738345
37.48197815,126.9740804
37.48200745,126.9741624
37.48186783,126.9743405
37.4818206,126.9746599
37.4816765,126.9749652
37.48170807,126.975115
37.48175992,126.9753553
37.48197616,126.9753383
37.48197383,126.974951
37.48216759,126.9751403
37.48222399,126.97557
37.48226429,126.9744054
37.47936225,126.9709892
37.47918217,126.9715093
37.47914393,126.9717157
37.47879473,126.9714558
37.47885781,126.9714953
37.4790334,126.9710685
37.47912345,126.9708649
37.47872947,126.9717356
37.47852231,126.9720494
37.47835568,126.9722784
37.47819806,126.9724989
37.47818445,126.9721287
37.47814387,126.971945
37.47834651,126.9715916
37.47778772,126.9709304
37.47823385,126.9714418
37.47808966,126.971326
37.47796347,126.9711565
37.47797697,126.9710689
37.47789137,126.9710745
37.47779219,126.9707891
37.4776142,126.9706224
37.47744746,126.9703964
37.47749021,126.9701985
37.47764108,126.9700063
37.4778842,126.9694352
37.47763187,126.9692403
37.47788654,126.9697829
37.4779452,126.9701192
37.47859858,126.9707097
37.47839807,126.9706023
37.47830351,126.9707889
37.47849729,126.9710376
37.47840046,126.9711394
37.47894776,126.9709046
37.47918656,126.9710288
37.47926543,126.9711616
37.48258826,126.9726585
37.48281343,126.9723277
37.48313312,126.9715926
37.48296189,126.9714203
37.48267121,126.971002
37.4824099,126.97094
37.48258554,126.9707222
37.48223417,126.9708213
37.48191877,126.9705953
37.48260344,126.9702248
37.48184677,126.9709571
37.48179733,126.9714066
37.4817231,126.9718306
37.48167362,126.9721528
37.48155197,126.9721133
37.48139881,126.9721671
37.48160385,126.9723988
37.48142363,126.972314
37.48104515,126.9721107
37.48082884,126.971797
37.48090984,126.9714465
37.48090528,126.9711949
37.48077908,126.9709689
37.48079931,126.9707766
37.48068885,126.9704601
37.48051997,126.9706806
37.48060785,126.9708248
37.48068907,126.9713194
37.48043224,126.971164
37.4799276,126.9708618
37.48118268,126.9726279
37.47889829,126.9712296
37.48117065,126.9695074
37.48424794,126.9708855
37.48444849,126.9711936
37.48429988,126.9714169
37.4841264,126.9712474
37.48403182,126.9713718
37.48389883,126.9710044
37.48401144,126.9709309
37.48415574,126.9715103
37.48404315,126.9716658
37.4840477,126.9718269
37.4838608,126.9720927
37.48396204,126.9715669
37.48385163,126.9713945
37.48374347,126.9712362
37.48365777,126.9708292
37.4839573,126.9705945
37.4835923,126.9702215
37.48345268,126.9703827
37.48334685,126.9705297
37.48314182,126.9703433
37.48336473,126.9699785
37.48292115,126.9706373
37.48281746,126.9703377
37.48273866,126.9705158
37.4826417,126.9701117
37.4825449,126.9703265
37.48245922,126.9699817
37.48235107,126.9698998
37.4821866,126.9697557
37.48205143,126.969654
37.48205364,126.9695155
37.48157831,126.9693094
37.48177205,126.9693941
37.48133725,126.9691823
37.48140263,126.9693971
37.4814928,126.9696627
37.48156944,126.9698832
37.48131019,126.9690523
37.4810759,126.9689647
37.48117045,126.9687301
37.48099698,126.968651
37.48111182,126.9684842
37.48105994,126.9682383
37.48085502,126.968456
37.48091122,126.968032
37.48065448,126.9681876
37.4805373,126.9680124
37.48040887,126.9678796
37.48018134,126.967778
37.48000337,126.9677215
37.48000343,126.9679476
37.47996748,126.9682897
37.47999673,126.9681568
37.48003735,126.9684196
37.48011387,126.9681822
37.4802514,126.9686683
37.48034151,126.968688
37.48041813,126.9688095
37.48056008,126.9689876
37.48065022,126.9691373
37.48062774,126.9693069
37.48078984,126.9689818
37.48064785,126.9686709
37.48053969,126.9685212
37.4803842,126.9682753
37.48047425,126.9681142
37.48075386,126.9692334
37.48101289,126.9691909
37.4811548,126.9691739
37.48072466,126.9695189
37.48087108,126.9695556
37.48106702,126.9694537
37.48073371,126.9697082
37.48092974,126.9699371
37.48104464,126.9700049
37.48130143,126.970002
37.48136678,126.9701376
37.48157855,126.9702478
37.48180385,126.9704399
37.48195027,126.9704681
37.48197049,126.9702759
37.48201097,126.9700045
37.48215965,126.9700469
37.4817992,126.9698802
37.48234896,126.9704566
37.48166649,126.9706095
37.48154036,126.9706803
37.4812025,126.9707369
37.48111924,126.9710733
37.48138956,126.9711495
37.48156976,126.9711636
37.48163504,126.9709742
37.48170943,126.9712087
37.48188965,126.971285
37.48211717,126.9713217
37.48175905,126.9714801
37.48159019,126.9717967
37.48144374,126.9716583
37.48148198,126.9714378
37.48130406,126.9715481
37.48114858,126.9713249
37.4809841,126.9711412
37.48102677,126.9706183
37.4809997,126.9704374
37.48089377,126.9701887
37.48050843,126.9695924
37.48046568,126.9697592
37.48031926,126.9697621
37.48015479,126.9695982
37.47998579,126.9693863
37.47991366,126.9691913
37.48065948,126.970087
37.48046588,126.9705422
37.48040502,126.9704037
37.48030134,126.9701465
37.48019317,126.9699318
37.48002641,126.9696435
37.47990247,126.9694457
37.47979204,126.9692592
37.47971323,126.9693497
37.4795601,126.9695278
37.47958715,126.9696041
37.47967729,126.9697511
37.47979448,126.9699545
37.4799004,126.9701608
37.4800221,126.9704152
37.48007844,126.9705565
37.48020692,126.9708984
37.4802633,126.9711726
37.4801394,126.9711076
37.48085352,126.9714211
37.48077712,126.9721814
37.48044369,126.97193
37.48029506,126.972077
37.48015092,126.9721817
37.47996153,126.9714582
37.47957855,126.9712463
37.47949073,126.9713481
37.47881485,126.9708424
37.47865501,126.971193
37.47860547,126.9712891
37.47854918,126.9713824
37.47818855,126.9704498
37.47809397,126.9705318
37.47804897,126.9707325
37.47806465,126.9703848
37.47775602,126.9702662
37.47788885,126.9699892
37.47779195,126.9698423
37.47743374,126.9695993
37.47727166,126.9700092
37.47715906,126.9701026
37.47709379,126.9703117
37.47708032,126.9705039
37.47699023,126.9705435
37.47713891,126.9706
37.47726502,126.9704615
37.47745888,126.9710464
37.4777811,126.9714872
37.47826772,126.9717951
37.47936019,126.9717947
37.47936691,126.9716478
37.4805521,126.9731793
37.48105438,126.9730406
37.48129532,126.9727098
37.48138546,126.9728737
37.4817009,126.9732467
37.48171435,126.9729782
37.48163766,126.972492
37.4817841,126.9726079
37.48190119,126.9724326
37.48192815,126.9721556
37.4819957,126.972034
37.48203846,126.9718672
37.48204967,126.9716637
37.48191027,126.9727265
37.48208142,126.9725654
37.48214443,126.9723194
37.48219844,126.9720876
37.48230874,126.9717964
37.48240332,126.9716833
37.48224561,126.9715506
37.48208375,126.9728819
37.48217612,126.9729639
37.4823135,126.9728677
37.48241252,126.9724691
37.48259944,126.972291
37.4826985,126.9720705
37.4828111,126.9719715
37.48246653,126.9722402
37.48250928,126.9720621
37.48259704,126.9716861
37.48256768,126.971378
37.48243476,126.9712593
37.48318259,126.971228
37.48318931,126.971081
37.48320054,126.9709651
37.48302707,126.970838
37.48310392,126.9719657
37.48325253,126.9717169
37.48339436,126.9713664
37.48349127,126.9715953
37.48377734,126.9716009
37.48337645,126.9718215
37.48359049,126.9720334
37.4836716,126.9721408
37.48348017,126.9722681
37.48327964,126.9720477
37.48311298,126.9721523
37.48322117,126.9724604
37.48301394,126.9724633
37.48304776,126.9726102
37.48302302,126.97276
37.48322574,126.9727374
37.48335863,126.9727006
37.48349376,126.9725903
37.48326634,126.972955
37.48289467,126.9729297
37.4827664,126.9734894
37.48292407,126.9734611
37.48298019,126.9726329
37.48293539,126.9737098
37.48314272,126.9741903
37.48265834,126.9737919
37.4824827,126.9740181
37.48227327,126.9742584
37.48221466,126.9740606
37.48223489,126.9738966
37.48203437,126.9736621
37.48238575,126.9736337
37.48218074,126.9734896
37.48247581,126.9734528
37.48239015,126.973139
37.48249822,126.9729298
37.482737,126.9729721
37.48198472,126.9732353
37.48192169,126.9734501
37.48291778,126.9756319
37.48219005,126.9748435
37.4819242,126.9745892
37.48217648,126.9745807
37.48244228,126.974606
37.48225533,126.97464
37.48246491,126.9751063
37.48252572,126.9750385
37.48251905,126.9754738
37.4826272,126.9756235
37.48278938,126.9756065
37.48278031,126.9753295
37.4826767,126.975338
37.48278027,126.9751119
37.48278472,126.9748546
37.48276214,126.9745918
37.48313381,126.9746369
37.47736622,126.9698029
37.47997203,126.9684451
37.48325005,126.9707926
37.48146564,126.9691426
37.48028279,126.9680945
37.47751254,126.9694326
37.48297837,126.9745747
37.48108997,126.971144
37.48087142,126.9709095
37.48168222,126.9704626
37.4784504,126.9727561
37.47894795,126.9716507
37.4804567,126.9698921
37.48048378,126.9701012
37.47788449,126.9705573
37.48142778,126.9708386
37.48279564,126.9732859
37.4825502,126.973693
37.48030599,126.9707288
37.48340565,126.9715134
37.48514208,126.9030957
37.48513764,126.9031664
37.48513769,126.9032286
37.48513099,126.9032993
37.48512654,126.9033756
37.48512209,126.9034322
37.48511762,126.9034859
37.48511317,126.9035452
37.48511097,126.9036074
37.48475846,126.9677873
37.48511101,126.9036583
37.48373191,126.9700547
37.48386034,126.9702158
37.48396617,126.970032
37.48351566,126.9700152
37.48345028,126.9698117
37.48356064,126.9697438
37.48358536,126.9695234
37.48358985,126.969481
37.48374758,126.9696618
37.4837859,126.9697975
37.48355379,126.9694047
37.48349742,126.9691672
37.4833442,126.9689921
37.48322479,126.9688706
37.48308055,126.968588
37.48287553,126.9684495
37.48270882,126.9683648
37.48258489,126.9682009
37.48251952,126.9680059
37.48233699,126.9677573
37.48220629,126.9675397
37.48204189,126.9676782
37.48207111,126.9674351
37.48231208,126.9672457
37.48216111,126.9670705
37.48202816,126.9668896
37.48287286,126.966926
37.48277379,126.9670391
37.48259138,126.9672286
37.48272204,126.9672822
37.48282338,126.9671917
37.48283921,126.967415
37.48296764,126.9675365
37.4831275,126.9672707
37.48327385,126.9670446
37.48339787,126.9675392
37.48348804,126.9677907
37.48363,126.9679687
37.48380798,126.9680845
37.48394993,126.9682484
37.48418645,126.9682624
37.48409854,126.9680335
37.48387995,126.9676888
37.48392719,126.96744
37.48408717,126.9676406
37.48425616,126.9678299
37.48434179,126.9679458
37.48449275,126.9681097
37.48455584,126.9681803
37.48463914,126.9680276
37.48452661,126.9683499
37.48439826,126.9685478
37.48472937,126.9685081
37.48426087,126.9685677
37.48412355,126.9688815
37.48395688,126.9689522
37.4838533,126.9691106
37.48371363,126.9690597
37.48359199,126.9690259
37.48350409,126.9688478
37.48385116,126.9695261
37.48377927,126.9702752
37.48416004,126.9706651
37.48417798,126.9703372
37.48434694,126.9704134
37.48461278,126.9705914
37.48487619,126.9700373
37.48478604,126.9698706
37.48473422,126.9697943
37.4844413,126.9694608
37.48429937,126.9693535
37.48403581,126.9693225
37.48403813,126.9695825
37.48461023,126.9694127
37.48475205,126.9690706
37.48489399,126.9692091
37.48503594,126.9693362
37.48456729,126.9688841
37.4850268,126.9688529
37.48506954,126.9686493
37.48495013,126.968525
37.48524076,126.968751
37.48528799,126.9684825
37.48506268,126.9682423
37.48561449,126.9680555
37.48583759,126.96842
37.48592763,126.9681712
37.48587349,126.9678999
37.48570456,126.9679339
37.48550403,126.9677192
37.48585093,126.967784
37.48598388,126.9679394
37.48614613,126.9682079
37.48644567,126.9680466
37.48649968,126.9678431
37.48619108,126.9678489
37.48599055,126.9676285
37.48589591,126.9674957
37.48620224,126.9674531
37.48616836,126.9671281
37.48619761,126.9670235
37.48596102,126.966755
37.48594971,126.966577
37.48633494,126.9667549
37.48649262,126.9667718
37.48672904,126.9664183
37.48669981,126.966619
37.48680347,126.9667688
37.48672241,126.9668819
37.48698812,126.9665652
37.48711871,126.9663701
37.48720199,126.9661467
37.48699699,126.9660875
37.48703975,126.9659603
37.48688207,126.9659264
37.48662751,126.9658417
37.48675597,126.9660763
37.48652402,126.9662827
37.49207098,126.9629755
37.49215663,126.9631253
37.49155303,126.9633801
37.49162066,126.9635638
37.49171759,126.9637814
37.4907129,126.9635812
37.49043591,126.9638103
37.49023771,126.9638782
37.49017022,126.964144
37.49037069,126.9641495
37.49053061,126.9641014
37.49075358,126.9640165
37.49102161,126.96394
37.491159,126.9638919
37.49128285,126.9637788
37.49151709,126.9637165
37.4914744,126.9640501
37.49126045,126.9641943
37.49111406,126.9642566
37.49082577,126.9643811
37.49057803,126.9644887
37.49038434,126.9645707
37.49019517,126.9647235
37.49003076,126.9648112
37.48992045,126.9650148
37.48969298,126.9651393
37.4896097,126.96534
37.48420479,126.9694694
37.48894084,126.9658152
37.48880562,126.9655694
37.48872229,126.9656316
37.48857589,126.9656882
37.48794496,126.9649224
37.48804401,126.9647104
37.48826021,126.964552
37.48842918,126.9646621
37.48514407,126.9693955
37.48860038,126.9646847
37.48905986,126.9645827
37.48871524,126.9646281
37.48897422,126.9644216
37.48905317,126.9648145
37.48927156,126.9644554
37.4893977,126.9644751
37.48957344,126.9646022
37.48969965,126.9648227
37.48981453,126.9648452
37.48996093,126.9647801
37.48987519,126.9642968
37.48943817,126.9642122
37.48947192,126.9640821
37.48978048,126.9639774
37.48943131,126.9638673
37.48969933,126.9637654
37.48982315,126.9635505
37.48994942,126.9639773
37.49003285,126.9642713
37.49013426,126.9643984
37.48919921,126.9635791
37.48926675,126.9634518
37.48956407,126.9634376
37.48964276,126.9629598
37.48939503,126.9631012
37.48922611,126.9631663
37.48898514,126.9633332
37.49367455,126.9622623
37.48985199,126.962154
37.48980463,126.9619816
37.48970544,126.9617103
37.48956115,126.9613146
37.48961976,126.9614672
37.48914302,126.9639749
37.48859564,126.9639073
37.48880746,126.9642012
37.48851465,126.9642494
37.48831638,126.9640996
37.48629418,126.9659973
37.48692065,126.9669299
37.487076,126.9666867
37.48726292,126.9665283
37.48692527,126.9673511
37.48683961,126.9671221
37.48665053,126.9676197
37.48643422,126.9673485
37.48524494,126.967544
37.48540259,126.9674507
37.48555122,126.9673234
37.48569534,126.9671481
37.48581249,126.9672441
37.48557639,126.9687593
37.48529715,126.969028
37.48418237,126.9698765
37.48435812,126.970111
37.48386939,126.9703458
37.48520451,126.9679709
37.48463907,126.9677421
37.48403559,126.9684604
37.48392713,126.9672223
37.48364329,126.9671603
37.4824789,126.9677572
37.48262084,126.9678476
37.48275831,126.9680963
37.4830557,126.9683308
37.48214285,126.9662423
37.48168329,126.9660588
37.48181839,126.965875
37.48189044,126.9657986
37.48134987,126.9659063
37.4853984,126.968617
37.48773588,126.9663048
37.48894696,126.9636923
37.48950708,126.9612892
37.48991738,126.9623604
37.48501798,126.9695906
37.48774231,126.9651684
37.48766353,126.9653579
37.48766595,126.9659571
37.48779423,126.96555
37.48769518,126.965779
37.48755317,126.9654003
37.48743835,126.9656152
37.48737087,126.9659347
37.48692044,126.9661978
37.48790236,126.9655952
37.48783038,126.9659203
37.48803744,126.9653266
37.48728071,126.9657255
37.48676486,126.9656607
37.48747463,126.9664491
37.48659181,126.9670516
37.48268184,126.9685373
37.48245438,126.9687211
37.48233732,126.9689727
37.48222249,126.9691762
37.48214371,126.969377
37.48310509,126.9677032
37.48330788,126.9679236
37.48340476,126.9680197
37.48361431,126.9682485
37.48377203,126.9684237
37.48386443,126.9686074
37.48423617,126.9688588
37.48438938,126.9690255
37.48454485,126.9691838
37.48433101,126.9697972
37.48410582,126.9700093
37.48393919,126.970261
37.48864767,126.9646535
37.48935495,126.9646249
37.48949005,126.9644468
37.48780751,126.9647613
37.48864512,126.9636896
37.48674291,126.9677101
37.48446179,126.970323
37.48818816,126.9646707
37.48852802,126.9637858
37.48971039,126.9631237
37.48977578,126.96333
37.48982705,126.9616452
37.48975943,126.961518
37.48491889,126.9696613
37.48321799,126.9687349
37.48500185,126.9681971
37.48972654,126.9643647
37.48930282,126.9635564
37.48510655,126.903712
37.48510434,126.9037685
37.48509989,126.9038392
37.48509545,126.9039155
37.48508874,126.9039749
37.48508654,126.9040343
37.48508433,126.9040936
37.48508213,126.9041558
37.48507767,126.9042152
37.48507322,126.9042746
37.498463,126.9239912
37.49865898,126.924008
37.49891573,126.9239483
37.49890205,126.9236939
37.49906199,126.9237107
37.49887483,126.9234056
37.49890837,126.923021
37.49905484,126.9231142
37.49887437,126.9227016
37.49886753,126.9225715
37.49894635,126.9225432
37.4987796,126.9224501
37.49893051,126.9224386
37.49856784,126.9224107
37.49854304,126.9223853
37.49823899,126.9224365
37.49804977,126.922431
37.4982763,126.9209635
37.49839111,126.9208616
37.49830343,126.9211076
37.498218,126.921348
37.49827897,126.921577
37.49834194,126.9214299
37.49811665,126.9213821
37.49852045,126.9222807
37.49852034,126.9221082
37.49831091,126.9221989
37.49852466,126.921834
37.49827228,126.9216929
37.49847266,126.92154
37.4984703,126.9213817
37.49860988,126.9212713
37.49847228,126.9209774
37.49847654,126.9206071
37.49867037,126.9207708
37.4988101,126.9208838
37.49896552,126.9208864
37.49913679,126.9210022
37.4992561,126.9208918
37.49931014,126.9208578
37.49930578,126.9210755
37.49958279,126.9210102
37.49956009,126.920736
37.49958074,126.9213014
37.49954031,126.9214824
37.49969133,126.9216405
37.49971174,126.9218469
37.49957436,126.9218697
37.49953853,126.9221977
37.49968266,126.922141
37.49955679,126.9225595
37.49939906,126.922472
37.49935156,126.9221837
37.49934463,126.9219208
37.4992993,126.9214883
37.49912165,126.9219436
37.49915583,126.922543
37.49888982,126.9222096
37.49893252,126.9220654
37.49888281,126.9218308
37.49869361,126.9218564
37.49888935,126.9215113
37.49926249,126.9237529
37.49933234,126.9237924
37.49926674,126.9233627
37.49926883,126.9231139
37.49927764,126.9228143
37.49923562,126.9240074
37.49924471,126.9241318
37.49925163,126.9243777
37.49951555,126.924974
37.49922702,126.9246463
37.49922936,126.9247905
37.49903788,126.9247596
37.49923405,126.9250817
37.4992882,126.9252202
37.4995405,126.9252511
37.49908099,126.9252487
37.49899974,126.9250056
37.49888929,126.9248842
37.49884408,126.9246213
37.49883042,126.9243951
37.49869966,126.9242171
37.49940111,126.925664
37.49917135,126.9256614
37.49929993,126.9259524
37.49933385,126.9261673
37.49937677,126.9263623
37.49927327,126.926549
37.49946256,126.9266732
37.49943574,126.927021
37.4994135,126.927479
37.49929432,126.9278184
37.49908945,126.9279911
37.49920855,126.9275273
37.49926246,126.9272841
37.4992893,126.9269702
37.50044326,126.9210206
37.5081514,126.9319466
37.50042795,126.9216991
37.50041687,126.9219875
37.50041027,126.9222278
37.50041044,126.9224795
37.50011543,126.9225816
37.50038367,126.9228781
37.50040186,126.9231439
37.50038399,126.9233729
37.50037971,126.923715
37.5003754,126.9240204
37.50014115,126.9240347
37.50036219,126.9244954
37.50035785,126.9247555
37.50010093,126.9245409
37.50011233,126.9247585
37.50036028,126.9250269
37.50036272,126.925335
37.50035845,126.9256998
37.50843104,126.9325118
37.50027729,126.9255952
37.50027962,126.9257112
37.50026645,126.9262597
37.50026432,126.9264632
37.50008421,126.9266132
37.50024645,126.9267007
37.50026225,126.9267488
37.50053033,126.9268051
37.50043358,126.9269804
37.50023326,126.9272294
37.50022456,126.927727
37.50022239,126.9278627
37.50034844,126.9277184
37.49992975,126.9281797
37.50015045,126.9280947
37.50066424,126.9248287
37.50072731,126.9248343
37.50090974,126.9247945
37.50091448,126.925162
37.50088762,126.925425
37.50091181,126.9245033
37.50072935,126.9244893
37.50057614,126.9244358
37.50052408,126.9240457
37.50085071,126.9240623
37.50117289,126.9241722
37.50126969,126.9240788
37.50144996,126.9241861
37.50167296,126.9241859
37.50189596,126.9241941
37.50210545,126.9242052
37.50238927,126.9242106
37.50241864,126.9243491
37.50237601,126.9246036
37.50255395,126.9246006
37.50280398,126.9245919
37.50299544,126.9245832
37.50279249,126.9242469
37.50280592,126.9241027
37.50281245,126.923755
37.50282124,126.9234072
37.50282553,126.923082
37.5028365,126.9226353
37.50284298,126.9222084
37.50293501,126.9217163
37.50310203,126.9222307
37.50335213,126.9223351
37.50352787,126.9224056
37.50368108,126.9224704
37.50398299,126.9225776
37.50302128,126.922751
37.50337276,126.9228751
37.50367016,126.9229879
37.50384371,126.9231432
37.50401935,126.9230667
37.50401925,126.9229083
37.50401729,126.9233551
37.50401526,126.9237028
37.50379677,126.9237087
37.50367734,126.9236353
37.50362311,126.9233724
37.50331009,126.9234943
37.50333475,126.923319
37.5033527,126.9232059
37.50320868,126.9234322
37.50317054,126.9236641
37.50309189,126.9239469
37.50322706,126.9239807
37.5032945,126.9237771
37.50342296,126.9238787
37.50354683,126.9238532
37.50346141,126.9241218
37.50327447,126.9241531
37.50371147,126.9241725
37.50395475,126.9241779
37.50401772,126.9240336
37.50371809,126.9239604
37.50424533,126.9241974
37.50443229,126.9242
37.50469137,126.9242507
37.50480633,126.9243863
37.5049326,126.9245925
37.50494623,126.9247622
37.50504539,126.9248441
37.50533801,126.9245158
37.50561511,126.924589
37.50545303,126.9247362
37.50572119,126.9249112
37.5055208,126.9250528
37.50578681,126.9253834
37.50595883,126.9231721
37.50573127,126.923079
37.50549964,126.9236646
37.5056256,126.9233845
37.50556018,126.9232319
37.50543844,126.9230709
37.50545403,126.9227994
37.50542294,126.9234922
37.50530571,126.9233396
37.50512094,126.9232408
37.50502623,126.9230713
37.50489998,126.9229131
37.50498093,126.9226953
37.50506753,126.9242503
37.5049931,126.9240892
37.50490498,126.9236765
37.50458049,126.9234761
37.50450389,126.9234507
37.50437764,126.9232755
37.5045874,126.9237051
37.50431261,126.9237252
37.50413015,126.9237282
37.50439197,126.9245507
37.50438308,126.9247288
37.50435394,126.9249522
37.50433376,126.9251106
37.50470764,126.9250423
37.50457259,126.925198
37.50435196,126.9253876
37.50431823,126.9254866
37.50399833,126.9254191
37.50409279,126.9251787
37.50400483,126.9250034
37.50400694,126.9247773
37.50376559,126.9242573
37.50375017,126.9248114
37.50375946,126.9252412
37.50376859,126.9254334
37.50362666,126.9254081
37.50362423,126.9251254
37.50359694,126.9247155
37.5036351,126.9245034
37.50320932,126.9244218
37.50325229,126.9246932
37.50320518,126.9249986
37.50322562,126.925253
37.50323247,126.9254057
37.50294414,126.9253919
37.50277936,126.9248407
37.5027773,126.9251489
37.50277294,126.9253694
37.50096617,126.9249697
37.49954792,126.9227687
37.49955706,126.9229751
37.50116202,126.9247886
37.50116857,126.9244578
37.50143459,126.9248053
37.5014389,126.9245028
37.50165534,126.9248164
37.50163271,126.9246524
37.50162359,126.9244884
37.50186707,126.9248162
37.50186913,126.9245051
37.5022275,126.9248582
37.50210332,126.9243918
37.50218262,126.9251127
37.50218276,126.9253361
37.50250493,126.9254375
37.50249573,126.925135
37.5025046,126.924923
37.50267383,126.9253695
37.50189674,126.925424
37.50173902,126.9253506
37.50147322,126.9253453
37.50128153,126.9249807
37.501275,126.9253398
37.50112634,126.9253597
37.50129993,126.9255857
37.5013743,126.9256394
37.50125506,126.9258685
37.50099596,126.9257726
37.50100489,126.9256511
37.50105418,126.9252269
37.5009647,126.9262194
37.50092873,126.9263325
37.50090632,126.9265191
37.50118764,126.9261202
37.50141964,126.9261087
37.50141525,126.9262896
37.50114733,126.9264935
37.50112266,126.9266659
37.5011092,126.9267593
37.50094254,126.9268018
37.50073753,126.9267483
37.50074442,126.9269603
37.50065457,126.9273704
37.50047669,126.9274893
37.50079429,126.9274862
37.50104885,126.9275199
37.50104641,126.9272089
37.50106659,126.9270618
37.50095394,126.9270308
37.50112549,126.9276046
37.50132834,126.9278193
37.50138683,126.9276892
37.50148136,126.927559
37.50153341,126.9279661
37.50169767,126.9276719
37.50164607,126.9280169
37.50178571,126.9279913
37.50214381,126.9279174
37.50209863,126.9277054
37.50183952,126.9275756
37.50171103,126.9274174
37.50165677,126.927098
37.50159376,126.9272027
37.50145631,126.9271265
37.50134361,126.9269965
37.50128514,126.9271492
37.50119523,126.9274632
37.50135028,126.9268551
37.50123746,126.9265471
37.50148753,126.9266062
37.50163614,126.9265212
37.50178023,126.9264137
37.50199197,126.9264191
37.5021632,126.9264783
37.50233211,126.9264329
37.50262948,126.9264977
37.50216977,126.9261814
37.50216963,126.9259553
37.50216943,126.9256414
37.50188581,126.9259527
37.50159521,126.9259021
37.50233403,126.9258986
37.50263366,126.9259689
37.50275079,126.9259745
37.499569,126.9240155
37.49949683,126.9238855
37.49953499,126.9236706
37.49954601,126.9233031
37.50525211,126.9240494
37.50043456,126.9214786
37.50402007,126.924175
37.50464366,126.923623
37.50215882,126.9266819
37.50188626,126.9266709
37.5016926,126.926753
37.50215446,126.9269053
37.50216812,126.9271512
37.50188877,126.9270836
37.50233028,126.9271115
37.5025081,126.9268993
37.50231238,126.9273151
37.5021638,126.9274537
37.50218224,126.9281408
37.50238514,126.9284148
37.50238054,126.9282593
37.50255393,126.9281687
37.50266415,126.9279226
37.50273834,126.9276935
37.50247931,126.9276994
37.50237786,126.9275695
37.50259392,126.9272752
37.50279229,126.9275182
37.50280569,126.9273287
37.50308493,126.9272097
37.50282576,126.9270007
37.50283691,126.9268113
37.50277152,126.9267124
37.49898604,126.9283219
37.49892539,126.9285991
37.49891888,126.9290147
37.49904283,126.9291163
37.49912624,126.929235
37.49918488,126.9293593
37.49922325,126.929478
37.49926835,126.9295685
37.49931131,126.9298398
37.49945105,126.9299867
37.5005187,126.9299066
37.5006064,126.929669
37.50061753,126.9294485
37.50082693,126.9292984
37.50043958,126.9294345
37.5001062,126.9294292
37.49998002,126.9293614
37.50009284,126.9296836
37.50009976,126.9299635
37.50134785,126.9265696
37.50224097,126.9284121
37.50204505,126.9284887
37.50184234,126.9285086
37.50164861,126.9284862
37.50141884,126.9284751
37.50126567,126.9284696
37.50104943,126.9284755
37.50068904,126.9284871
37.50080837,126.9284107
37.50081268,126.9280912
37.50096585,126.9280797
37.50105596,126.9280938
37.50079908,126.9279414
37.50075618,126.9277746
37.50056065,126.9284986
37.50030836,126.928479
37.50033739,126.928069
37.50210572,126.9246321
37.51239955,126.9317844
37.51221026,126.9316488
37.51207729,126.9315358
37.51191283,126.9314794
37.51177764,126.9314145
37.51164922,126.9313722
37.51037675,126.9317183
37.51007948,126.9318261
37.5098204,126.9317443
37.50804432,126.9261672
37.50953204,126.9316767
37.50935867,126.9318098
37.50935428,126.9319992
37.50921684,126.9319371
37.50931801,126.9316133
37.50911307,126.93167
37.5088855,126.9315614
37.50864447,126.9315404
37.50843282,126.9316947
37.50846451,126.9319576
37.50850741,126.9321286
37.5083472,126.9316523
37.50820984,126.9317147
37.50801839,126.9317459
37.50798888,126.9313558
37.50824376,126.931955
37.50686075,126.93201
37.50789914,126.9319779
37.50782031,126.9319865
37.50761309,126.9320107
37.50734732,126.9320604
37.50710623,126.9319405
37.50693496,126.9317922
37.50674347,126.9317415
37.50632251,126.9322013
37.50617615,126.9322877
37.50623039,126.9326114
37.50589033,126.932729
37.50566955,126.932667
37.50548709,126.932653
37.50531365,126.9326702
37.50511768,126.9326647
37.50499378,126.9326422
37.50481808,126.932631
37.50462886,126.932617
37.50444867,126.9326427
37.50428425,126.9326541
37.50410631,126.9326854
37.50602782,126.9328759
37.50549891,126.9336483
37.50708624,126.9324226
37.50732293,126.9327362
37.50761348,126.9326851
37.50779815,126.932634
37.50798734,126.9325886
37.50818328,126.9325403
37.5083432,126.9325232
37.50848522,126.9327239
37.51106994,126.9346641
37.51222739,126.934058
37.5123041,126.9342728
37.51234924,126.9344425
37.5123966,126.934547
37.51214153,126.9335859
37.51220227,126.9334331
37.51241152,126.9330286
37.51261629,126.9326636
37.51286381,126.9322053
37.51245154,126.9321095
37.51224898,126.9323953
37.51204402,126.9324322
37.51191126,126.9326671
37.5116343,126.932837
37.5117264,126.9323958
37.51128094,126.9294752
37.51079555,126.927649
37.5108539,126.9272983
37.51065477,126.9258423
37.51037088,126.9257209
37.51014107,126.925625
37.51001721,126.9256761
37.50999255,126.9258655
37.5099364,126.9261172
37.50985334,126.9265726
37.50979716,126.9267875
37.50116746,126.9262786
37.50990455,126.9256196
37.50971078,126.9255378
37.50959361,126.9254814
37.50945393,126.9254278
37.50930522,126.9253601
37.50935016,126.9251847
37.50939959,126.9249952
37.50945804,126.9248085
37.50291153,126.9237124
37.51288467,126.9293691
37.51270448,126.9293862
37.51257821,126.9291742
37.51242931,126.9287813
37.51229393,126.9284082
37.51218101,126.9279276
37.51212231,126.9276986
37.51207487,126.9274809
37.51205003,126.9273678
37.51201388,126.9271925
37.5119416,126.9268787
37.51196828,126.9263019
37.51180157,126.9262738
37.51190503,126.9260276
37.51186888,126.9258467
37.51187553,126.9256686
37.51152676,126.9262712
37.51126992,126.9261753
37.51131511,126.9264043
37.51142346,126.9267633
37.51112831,126.9266533
37.51139231,126.9273911
37.51166947,126.927552
37.51171684,126.9276764
37.51198265,126.9276874
37.51170801,126.9279591
37.51174872,126.928239
37.51145814,126.9282308
37.51261619,126.9286511
37.51283235,126.9285123
37.51250792,126.928408
37.51272854,126.9281985
37.51359058,126.9270977
37.51358628,126.927437
37.51358419,126.9276972
37.51364311,126.9282797
37.51376255,126.92837
37.51358887,126.9279884
37.51386817,126.927974
37.51392393,126.9270719
37.51401181,126.9271284
37.51400285,126.9271991
37.51400074,126.9274366
37.51401226,126.9278523
37.51401009,126.9279824
37.51402599,126.9282058
37.51402829,126.9282906
37.51403522,126.9285649
37.51403759,126.9287572
37.51403098,126.9290032
37.51401079,126.9291418
37.51394559,126.9293539
37.51396143,126.9294727
37.51397951,126.9295801
37.51401565,126.9297328
37.51404727,126.9298854
37.51408565,126.9300296
37.51411277,126.9301795
37.51416242,126.9303491
37.51420755,126.9304819
37.51455973,126.9318305
37.51458242,126.9321217
37.5146051,126.9323932
37.51463453,126.9326505
37.51465721,126.9329219
37.51466862,126.9331736
37.51468904,126.9334479
37.51470493,126.9336628
37.51246543,126.9327599
37.51233454,126.9285184
37.50737905,126.9323997
37.49891165,126.9211692
37.49895678,126.9212879
37.50644838,126.9317332
37.51160713,126.9326023
37.50153898,126.9260435
37.50496777,126.9232353
37.50212387,126.9248329
37.50285923,126.9264861
37.50486296,126.924881
37.50543667,126.9238258
37.50018901,126.9214393
37.50750086,126.9327021
37.50099505,126.9243392
37.50706806,126.9321455
37.50283657,126.9262713
37.50277763,126.9256663
37.50309512,126.9254794
37.50339021,126.9254988
37.50464247,126.9252827
37.50409456,126.9244237
37.49825172,126.9212491
37.51230577,126.9332294
37.51251952,126.9328107
37.50956589,126.931787
37.51417886,126.9277192
37.50540824,126.9251491
37.49953422,126.922486
37.48507101,126.9043283
37.48506655,126.9043905
37.4850621,126.9044527
37.49479393,126.9145158
37.4947622,126.9142417
37.49471918,126.9139477
37.49468973,126.9137103
37.49465123,126.9134248
37.49462175,126.9131675
37.49476133,126.91306
37.49491222,126.913023
37.4950969,126.9129832
37.49533112,126.9129321
37.49557658,126.9128385
37.495741,126.9128157
37.49594822,126.9128013
37.4923252,126.9145498
37.49270585,126.9145154
37.49301666,126.9144755
37.49345815,126.9144693
37.49329597,126.9144723
37.49318992,126.9142208
37.49309739,126.9139778
37.4933429,126.9139578
37.49352301,126.9138247
37.49340575,126.9136552
37.49363317,126.9135305
37.49351595,126.9134176
37.49333343,126.9133273
37.49322075,126.9132511
37.49322287,126.9130646
37.49325426,126.9128723
37.49334197,126.9126828
37.49344092,126.9124678
37.49352638,126.9122868
37.49365911,126.912052
37.49378968,126.9119501
37.49395185,126.9119414
37.49402384,126.9118226
37.49405304,126.9117038
37.49401231,126.9114607
37.49407523,126.9112656
37.49419682,126.9112061
37.48832824,126.913189
37.48828759,126.913059
37.48854227,126.9132453
37.48871563,126.9131292
37.48847454,126.9130418
37.48883494,126.9130301
37.48868618,126.9129143
37.48894517,126.9128462
37.48901963,126.9130072
37.48912779,126.9130608
37.48908297,126.9133775
37.48920895,126.9131568
37.48928562,126.9132727
37.48936875,126.9129814
37.48958477,126.9126787
37.48965702,126.9129132
37.48965491,126.9131111
37.48979001,126.9130431
37.4899544,126.9129779
37.49004667,126.9128704
37.49021586,126.9132066
37.49004028,126.9133651
37.48989836,126.9133454
37.48996159,126.9135687
37.49002935,126.9138202
37.4900542,126.9139163
37.489752,126.9134276
37.48967772,126.9134955
37.48964631,126.913668
37.48969157,126.9139506
37.4895362,126.9140356
37.4894348,126.9139792
37.48974577,126.91414
37.48983367,126.914219
37.49002399,126.9126499
37.49000115,126.9122344
37.49002606,126.912404
37.48984556,126.9120141
37.4896631,126.912003
37.48951223,126.9120682
37.48936134,126.9120994
37.48966955,126.9115902
37.48984082,126.9116946
37.48997153,126.9117765
37.48960402,126.9113161
37.48971877,126.9111435
37.48968492,126.9110588
37.4900298,126.9113891
37.49016953,126.9114879
37.49035434,126.9116177
37.49032085,126.9120192
37.49035937,126.9123244
37.49053464,126.9117475
37.49057979,126.9118832
37.49193696,126.9134477
37.49202014,126.9132214
37.49206025,126.9096368
37.49185099,126.9099367
37.49158541,126.9102198
37.49143236,126.9103839
37.49120925,126.9102343
37.4910446,126.9099547
37.49081693,126.9097373
37.49099689,126.9094176
37.49084582,126.9092227
37.49103726,126.9091858
37.49117464,126.9091602
37.49131205,126.9091713
37.49192703,126.9092158
37.49164342,126.9094932
37.4910529,126.9090161
37.49114281,126.9087786
37.49091094,126.9089485
37.49066982,126.9088272
37.49049633,126.9087709
37.49032965,126.9087767
37.49023274,126.9087062
37.49071543,126.9095536
37.4905713,126.9095991
37.4903708,126.9095541
37.49068603,126.9093954
37.49048323,126.9093023
37.4907196,126.9091211
37.49062721,126.9090675
37.49045371,126.9089971
37.49038398,126.9091244
37.49024644,126.9089493
37.49006394,126.9088873
37.4900619,126.9091672
37.49020386,126.9092348
37.49020751,126.9081267
37.49056572,126.9081941
37.49039469,126.9084091
37.49007513,126.9087968
37.49071691,126.9085473
37.49087465,126.9086291
37.48990853,126.9089016
37.48990656,126.9092691
37.49003729,126.9093764
37.49017024,126.9094469
37.48972192,126.9093541
37.48987302,126.9095999
37.4901164,126.9097353
37.49014127,126.909854
37.48998825,126.9100521
37.49016841,126.9099981
37.49019327,126.9101027
37.49043198,126.9100374
37.49045016,126.9102409
37.49027223,126.9102666
37.49027473,126.9105945
37.49042334,126.9105208
37.49038068,126.9107046
37.49047096,126.9109363
37.49054763,126.9110549
37.49045101,126.9113632
37.49026624,126.9112899
37.49018277,126.9111204
37.49010381,126.9109565
37.49023436,126.910832
37.48977037,126.9108693
37.48983556,126.9106911
37.48993894,126.9103829
37.48954935,126.9105077
37.48855951,126.9121993
37.48957627,126.9103607
37.48964612,126.910386
37.48972496,126.9103944
37.48959643,126.9102137
37.48976984,126.910171
37.48979696,126.9102784
37.48994783,126.9102245
37.49003125,126.9103234
37.49000666,126.9105693
37.48977421,126.9099816
37.48958049,126.909979
37.4894387,126.9101375
37.48927669,126.9103667
37.48917993,126.9104968
37.48915974,126.9106099
37.48962314,126.9097839
37.49078078,126.9095847
37.48945498,126.9108188
37.48935592,126.9108896
37.48922298,126.9108303
37.48910581,126.9107824
37.48926838,126.9112939
37.48922803,126.9115512
37.48941061,126.9117262
37.48950976,126.9117713
37.48924396,126.9117745
37.48899174,126.9118568
37.48891976,126.9119925
37.48806696,126.9132175
37.48797212,126.9128954
37.48787323,126.9131867
37.48775598,126.9130257
37.48821535,126.9128357
37.48827158,126.9127254
37.48808025,126.9129094
37.48852154,126.9126319
37.4885757,126.9127675
37.48860938,126.9126233
37.48857779,126.912547
37.48870838,126.9124733
37.48886378,126.9124308
37.48892461,126.9124533
37.48917686,126.9124078
37.48928504,126.912484
37.48889777,126.9127106
37.48920185,126.9127017
37.4892245,126.9128685
37.48949496,126.9130745
37.4895691,126.9128144
37.48889286,126.9121593
37.48876226,126.9122217
37.48874856,126.9119758
37.48867872,126.9119674
37.48860445,126.912041
37.48854159,126.9123294
37.48839977,126.9124511
37.4880169,126.912525
37.48788604,126.9122425
37.48796019,126.9119908
37.48794425,126.9117675
37.48800731,126.9117505
37.48782484,126.9117196
37.48770099,126.9117735
37.48789681,126.9115725
37.4880364,126.9114876
37.48815135,126.9115807
37.48821455,126.9117587
37.48817638,126.9119256
37.48805267,126.9121575
37.48813153,126.9121913
37.48827098,126.9119141
37.48849396,126.9118828
37.48848281,126.9120354
37.48841307,126.9121627
37.48834976,126.9118434
37.49035375,126.9108347
37.48963644,126.9095125
37.48942036,126.909722
37.48930783,126.9098437
37.48900141,126.9097479
37.48903759,126.909926
37.48894997,126.9102286
37.48872896,126.9098783
37.48870426,126.9099886
37.48884639,126.91027
37.48856925,126.9101753
37.4884996,126.9104044
37.48868873,126.9102939
37.48887144,126.9106272
37.48862515,126.9096268
37.48847194,126.9095705
37.48834584,126.90963
37.48830548,126.9098788
37.48825388,126.9101418
37.48808741,126.9104359
37.48808974,126.9105349
37.48808767,126.9107752
37.4880654,126.9111144
37.48801602,126.9113434
37.48822055,126.9107467
37.48836011,126.9106222
37.48831302,126.9108993
37.48839638,126.9109246
37.48843704,126.9110829
37.48859686,126.9109329
37.48872759,126.9110486
37.48884931,126.9111615
37.48894815,126.9107968
37.48878411,126.9113171
37.48891026,126.9113339
37.48897798,126.9115204
37.48896455,126.9116391
37.48896481,126.9119897
37.48852296,126.9115068
37.4886333,126.9114727
37.48880005,126.911546
37.48774806,126.9114625
37.48767351,126.9111827
37.48756769,126.911245
37.48782882,126.9110299
37.48762152,126.9109312
37.48744589,126.9110219
37.48734225,126.9109881
37.48779935,126.9107783
37.48751776,126.9107504
37.48759649,126.9106033
37.48777891,126.9105579
37.48759861,126.9104309
37.48742521,126.9104791
37.48742269,126.9101286
37.48756454,126.9100578
37.48760505,126.9100125
37.4879093,126.9102185
37.48765438,126.9097128
37.48768582,126.9095827
37.48802379,126.9097095
37.48797213,126.9099018
37.488177,126.9097574
37.4882331,126.9094775
37.48823285,126.9091552
37.4882687,126.9089149
37.48855258,126.9089909
37.48863827,126.9091095
37.48853712,126.9093867
37.48875751,126.9089256
37.48892866,126.9088717
37.4888452,126.9087163
37.48871953,126.9093271
37.48890193,126.9092562
37.48901245,126.9094511
37.48921298,126.9095244
37.48866038,126.9085724
37.48863111,126.908595
37.48846665,126.9085528
37.48832469,126.9084937
37.48884951,126.9084676
37.48867373,126.9083632
37.48868703,126.9080833
37.4884327,126.9083522
37.48825484,126.9084683
37.4884731,126.9081571
37.48860807,126.9079336
37.48868459,126.9078402
37.4884705,126.9077133
37.48832397,126.9075693
37.48869567,126.9076056
37.48884862,126.9073255
37.48891595,126.9070145
37.48806592,126.9088417
37.48794419,126.9087231
37.48790613,126.9090228
37.48801888,126.9091838
37.48774199,126.9094046
37.48760892,126.9091814
37.48738302,126.9112961
37.48743949,126.9114996
37.48753658,126.9118104
37.48772594,126.9120109
37.48704068,126.9113446
37.4869346,126.9110677
37.48679012,126.9106438
37.48678096,126.9104403
37.48665244,126.9102765
37.48653731,126.9099488
37.48640634,126.9095306
37.4863115,126.9092141
37.48624826,126.9089993
37.48615793,126.9087055
37.48606533,126.9083833
37.4859682,126.9080329
37.48590493,126.9077758
37.48580782,126.9074565
37.48571297,126.9071428
37.48560908,126.9067925
37.48552553,126.9065353
37.48540585,126.9061624
37.48534035,126.905942
37.48528151,126.9055972
37.48658257,126.9102201
37.48528349,126.9052552
37.48530355,126.9049894
37.48889613,126.9105226
37.48532583,126.9046869
37.48534137,126.9044014
37.48535692,126.9041385
37.48537473,126.9038728
37.49038493,126.910371
37.48540251,126.9048056
37.48557372,126.9048251
37.48572694,126.9048815
37.48576963,126.904757
37.48547025,126.905009
37.48557837,126.905006
37.48556054,126.9052378
37.48552473,126.9055347
37.48561516,126.9059388
37.48567166,126.9061733
37.48577099,126.9064531
37.48601411,126.9062634
37.48597122,126.9061447
37.48585153,126.9057576
37.48616942,126.9061218
37.4863675,126.9059435
37.48664668,126.9057707
37.48685838,126.9057224
37.48694615,126.9056234
37.48707873,126.9052359
37.48647802,126.9061299
37.4862822,126.9063083
37.4861179,126.9064809
37.48601881,126.9065065
37.48629605,126.9067379
37.48635231,126.90667
37.48663159,126.9066301
37.48654583,126.9064238
37.4861995,126.9071281
37.48650124,126.9070062
37.48626274,126.9073485
37.48633499,126.9075604
37.48603102,126.9077106
37.48623599,126.9077019
37.48627922,126.908253
37.48648862,126.908151
37.48665077,126.9081028
37.48684438,126.9079725
37.48698172,126.9078819
37.48637407,126.9085752
37.48659474,126.9084703
37.48676363,126.9084108
37.48667156,126.9087727
37.48703404,126.9085489
37.4869351,126.9087695
37.48684302,126.9091258
37.48674176,126.909256
37.48672405,126.909663
37.48683917,126.9099739
37.48950379,126.9128286
37.48650721,126.9088803
37.48610915,126.9068088
37.48540231,126.9045596
37.48543361,126.9042656
37.48545141,126.9039914
37.48919476,126.9092615
37.48642534,126.9078826
37.48664013,126.9060308
37.48658496,126.907481
37.48981865,126.9091901
37.49011328,126.9086074
37.49016393,126.913037
37.48878492,126.9124111
37.49712351,126.9251743
37.49466679,126.9162603
37.49500245,126.9163164
37.49746399,126.9222366
37.49640302,126.9156166
37.49647979,126.9158794
37.49659731,126.9164221
37.49675428,126.9254659
37.49213177,126.9249192
37.49693578,126.9205578
37.49626058,126.921384
37.496078,126.9211948
37.49587733,126.9208953
37.49632154,126.9215932
37.49632461,126.9162188
37.49619359,126.9156931
37.49497088,126.9228781
37.4950563,126.9226094
37.49525456,126.9226799
37.49508985,126.922256
37.49526338,126.9223802
37.49500292,126.9236555
37.49510444,126.923907
37.49643535,126.9167389
37.49664485,126.9167641
37.4968904,126.9168063
37.49516697,126.9164322
37.49540353,126.9164969
37.49568739,126.9165673
37.49599457,126.9166565
37.49620438,126.9166946
37.49689657,126.9225538
37.49612742,126.9244289
37.49580033,126.9236857
37.49575737,126.923437
37.49533218,126.9242714
37.49702965,126.922842
37.49704811,126.9235092
37.49728007,126.9234355
37.49749633,126.9234635
37.49725362,126.9243402
37.49752296,126.9228585
37.49724267,126.9248293
37.49679902,126.9249739
37.4968915,126.9251802
37.49754268,126.9254933
37.49650192,126.925415
37.49828994,126.924602
37.49826951,126.9243504
37.49823557,126.9241158
37.49816349,126.9241074
37.49785153,126.9224058
37.49798925,126.9228778
37.49809081,126.9231774
37.4982217,126.9235674
37.4983526,126.9239546
37.49647768,126.9261955
37.49652705,126.9259015
37.49674132,126.9263479
37.49655663,126.9263877
37.49666043,126.9266816
37.496523,126.9266309
37.49683614,126.9266928
37.49704116,126.9267717
37.4971923,126.9271278
37.49634769,126.9272615
37.49642216,126.9274763
37.49784322,126.9270339
37.49803925,126.9272385
37.49818357,126.9273897
37.49778929,126.9272488
37.49773308,126.92741
37.49785429,126.9267229
37.4979195,126.9265447
37.49772803,126.9265307
37.49747802,126.9265564
37.49759944,126.9262142
37.49744403,126.9262285
37.49732694,126.9262993
37.49681319,126.9260227
37.49718772,126.9270034
37.49707995,126.9275661
37.49711361,126.9273682
37.49733872,126.9271305
37.49747378,126.926989
37.49734738,126.9265622
37.49610437,126.9271797
37.49598947,126.9271431
37.49595581,126.9273552
37.49622126,126.9267951
37.49626391,126.9265463
37.49598021,126.9267388
37.49572113,126.9266797
37.49560874,126.927053
37.49544176,126.9265895
37.49558799,126.9262954
37.4954056,126.9263888
37.49534738,126.9269402
37.49520322,126.9269488
37.49497117,126.9268868
37.49483148,126.9268361
37.49499132,126.9266861
37.4950881,126.9265672
37.49524118,126.9264144
37.4958584,126.9264619
37.49732208,126.9268265
37.49502272,126.9264655
37.49510586,126.9261432
37.49507196,126.9259594
37.49513955,126.9259876
37.49490513,126.9257391
37.49487802,126.9256034
37.49494767,126.9253291
37.49510754,126.9252244
37.4950737,126.9251452
37.49519336,126.925589
37.49515926,126.9250999
37.49522961,126.9259254
37.49477713,126.9263583
37.49487159,126.9261293
37.49464402,126.9260249
37.49472492,126.9257138
37.49443206,126.9256661
37.49433513,126.9255616
37.49408959,126.9255279
37.49398594,126.9254743
37.49393427,126.9256892
37.4942858,126.9259065
37.49395458,126.9257598
37.49389167,126.9260115
37.49357869,126.9261956
37.49386697,126.9261274
37.49382202,126.9262858
37.494196,126.92639
37.49431766,126.9264351
37.49418949,126.9267858
37.49453411,126.92676
37.49472324,126.9266383
37.49416658,126.9261724
37.49450225,126.9262427
37.49648637,126.925698
37.49619584,126.9257576
37.49614873,126.9260686
37.49609003,126.9258567
37.49617309,126.9254127
37.49596137,126.9254242
37.49602191,126.9249973
37.4961047,126.9241208
37.49613891,126.9247908
37.49620854,126.9244769
37.49607066,126.9237364
37.49598728,126.9236714
37.49570363,126.9239431
37.49566106,126.9242881
37.49540871,126.9241809
37.4960171,126.9245195
37.49587295,126.9245253
37.49569057,126.9246499
37.49535049,126.9247209
37.49579445,126.9250654
37.4955396,126.9245624
37.49560303,126.9251278
37.49527865,126.9251111
37.49535993,126.9254107
37.49528571,126.9255804
37.49529482,126.9257387
37.49531971,126.9259196
37.49560129,126.925942
37.49574088,126.9258457
37.49569789,126.9255291
37.49593463,126.9258936
37.49759994,126.9234606
37.49750781,126.9237971
37.49544581,126.9258601
37.49760032,126.9240486
37.49759598,126.9243031
37.49746529,126.9242325
37.49712975,126.9243686
37.49721278,126.9238794
37.49712043,126.9238851
37.49694443,126.9244995
37.49676493,126.9245075
37.49671161,126.9256695
37.49689858,126.9256891
37.49706079,126.9257398
37.49715998,126.9258584
37.49708807,126.9261384
37.49707467,126.926325
37.49720273,126.9257792
37.49730865,126.9258639
37.49743929,126.9258638
37.49760373,126.9258721
37.49777729,126.9260557
37.49789903,126.9262252
37.49776367,126.9258805
37.49769823,126.9257052
37.4974592,126.9252842
37.49742305,126.9251146
37.49736913,126.9253324
37.49713716,126.9253891
37.49693666,126.9253554
37.49737788,126.9249224
37.49699045,126.9249341
37.49733939,126.9246171
37.49745873,126.9245463
37.49701056,126.924674
37.49687994,126.9247109
37.49667272,126.9247252
37.49644525,126.9247905
37.49672908,126.9248072
37.49669321,126.9250673
37.49635987,126.9251284
37.49616619,126.9251866
37.49873989,126.9272987
37.49899238,126.9276378
37.49726232,126.9274444
37.4964833,126.9244031
37.49663646,126.9243832
37.4969202,126.9242642
37.49692458,126.9240776
37.49690419,126.9238882
37.4968996,126.9237497
37.49687916,126.9234924
37.496951,126.9231248
37.49729107,126.9230425
37.49715149,126.9231444
37.49746001,126.9230423
37.49759535,126.9233277
37.49769879,126.9230618
37.49685867,126.9231617
37.49664244,126.9231732
37.49637215,126.9232017
37.49629789,126.9233064
37.49632285,126.9235891
37.49646476,126.9235974
37.49663819,126.9235718
37.49643276,126.9228822
37.49650475,126.922738
37.49662407,126.9226389
37.49673655,126.9224182
37.49651344,126.9222602
37.49657161,126.925124
37.4963353,126.9219578
37.49622501,126.9220852
37.49614852,126.9222379
37.49604498,126.9223483
37.49595046,126.9224841
37.49568707,126.922719
37.49551586,126.9226937
37.49537398,126.9227306
37.4952525,126.9229654
37.49518502,126.9231153
37.4958311,126.9225153
37.49568771,126.9236972
37.4954511,126.9235532
37.49548253,126.9233864
37.49534512,126.9233724
37.49529327,126.9233103
37.49509064,126.9234688
37.49503426,126.9233614
37.49492597,126.9230958
37.49536929,126.9224479
37.49546655,126.9230641
37.49554981,126.9229312
37.49565791,126.9228971
37.49589906,126.9230976
37.49648607,126.9217428
37.49671358,126.9217511
37.49685549,126.9217481
37.4969794,126.9217762
37.49665261,126.9215165
37.49678988,126.9213184
37.49666365,126.9211857
37.49666573,126.9209228
37.49650365,126.9210784
37.49614769,126.920977
37.49686192,126.9212505
37.49695884,126.921355
37.4970309,126.9213238
37.4969702,126.9214935
37.49714566,126.9211456
37.49703521,126.9210298
37.49704639,126.9208969
37.49714765,126.920747
37.49724681,126.9208176
37.4972669,126.9205546
37.49736617,126.9207892
37.49757559,126.9206956
37.49749885,126.9204639
37.49740858,126.9202067
37.49708866,126.9201194
37.49703926,126.9203428
37.49688864,126.9207925
37.49794973,126.9210317
37.49763217,126.9210942
37.49741815,126.9210464
37.49734618,126.9212076
37.4972697,126.9213688
37.49722927,126.921547
37.49716407,126.9217223
37.49708087,126.9219373
37.49707197,126.9221126
37.49706539,126.9223755
37.49715765,126.922234
37.49722297,126.9222283
37.49716613,126.9214396
37.49683088,126.9219969
37.49672103,126.9228056
37.49732903,126.9225307
37.49857162,126.9284043
37.49844773,126.9284016
37.498254,126.9283707
37.49804897,126.9282833
37.49801974,126.9283851
37.49784852,126.9283315
37.49772912,126.9283005
37.49811214,126.92845
37.49770897,126.9285041
37.49741159,126.9284224
37.49711201,126.9284368
37.49680795,126.928488
37.49683034,126.9282618
37.49690936,126.9285586
37.49659402,126.9285815
37.49656912,126.9283723
37.49660274,126.9280952
37.49633491,126.9284574
37.49626736,126.9285111
37.49632806,126.9283075
37.49632565,126.9280587
37.49690916,126.92116
37.49505416,126.9263185
37.49634006,126.9295401
37.49651353,126.9295852
37.49696172,126.9294773
37.49711269,126.9295648
37.49727042,126.929658
37.49631287,126.9292744
37.4965967,126.9292854
37.49692331,126.9292823
37.49720269,126.9294008
37.49727701,126.9293668
37.49753393,126.9295955
37.49750251,126.9297878
37.49639376,126.9289351
37.49658973,126.9289292
37.49690734,126.9289374
37.49707172,126.9288609
37.49724073,126.9289682
37.49817091,126.928792
37.49835968,126.9288712
37.49847284,126.9289416
37.49877222,126.9286049
37.49824999,126.9292047
37.49654306,126.9161564
37.49611253,126.9294923
37.49772788,126.9299968
37.49777736,126.9298639
37.49773668,126.9296321
37.49791453,126.9294736
37.49802485,126.9293887
37.4979279,126.9292361
37.49799761,126.9290269
37.49809216,126.9289419
37.4976757,126.9293608
37.49755164,126.9290838
37.49746369,126.9289058
37.49731264,126.9286996
37.49765296,126.9290046
37.49766637,126.9288406
37.49777448,126.9288094
37.4979275,126.9285604
37.49728899,126.91991
37.49605975,126.9242763
37.49772393,126.9236131
37.49670432,126.9213666
37.49764083,126.9275825
37.49591826,126.924938
37.4953565,126.9271324
37.49435358,126.92624
37.49641204,126.9222009
37.49009059,126.9175742
37.49008598,126.9174244
37.49006335,126.9172746
37.49005198,126.9171135
37.49000457,126.9169665
37.48996844,126.9168365
37.49348324,126.914899
37.49324448,126.9149106
37.49307541,126.9147242
37.49290639,126.9146141
37.49249644,126.9146202
37.48946983,126.9156979
37.49660874,126.9166596
37.49640253,126.9214404
37.49406989,126.9264354
37.49211838,126.9251143
37.49208923,126.9253292
37.49206234,126.9255497
37.49229665,126.9256343
37.49253771,126.925699
37.49637208,126.9164619
37.4962681,126.9159447
37.4968571,126.9207784
37.49403362,126.9260679
37.49583494,126.9249777
37.4851524,126.9047013
37.48515246,126.9047804
37.48515703,126.9048568
37.48500169,126.9049672
37.48514586,126.9049698
37.48500403,126.9050746
37.48514369,126.9050716
37.48500413,126.9051905
37.48513475,126.9051649
37.48498844,126.9052894
37.48513484,126.9052723
37.48499528,126.9053884
37.48513717,126.9053741
37.48498634,126.9054788
37.48512599,126.9054702
37.48499995,126.9056004
37.48513959,126.9055748
37.48500228,126.9057021
37.48513068,126.9057076
37.48502042,126.9058434
37.48513978,126.905815
37.48504982,126.9059932
37.4851624,126.9059394
37.48508595,126.9061119
37.48519627,126.9060467
37.48510856,126.9062193
37.48522114,126.9061541
37.48514693,126.9063153
37.48525498,126.9062276
37.48516728,126.9064114
37.48529338,126.9063632
37.48519215,126.9065301
37.48533177,126.906479
37.48523957,126.9066686
37.48536567,126.9066232
37.48529376,126.9068324
37.48541536,126.9067927
37.48533666,126.9069681
37.4854515,126.9069227
37.48538183,126.907115
37.48549216,126.9070668
37.48542699,126.9072619
37.48553733,126.9072166
37.4854699,126.9074032
37.48558474,126.907355
37.48551282,126.9075558
37.4856254,126.9075019
37.48554895,126.9076716
37.4856728,126.9076263
37.48558961,126.9078214
37.48571797,126.907776
37.48563026,126.9079542
37.48576538,126.9079201
37.48568218,126.908104
37.48580604,126.9080586
37.4857341,126.9082396
37.48585121,126.9082112
37.48578605,126.9084233
37.48590089,126.9083751
37.48595282,126.9085305
37.48582897,126.9085787
37.48599348,126.9086774
37.48586512,126.9087284
37.48604992,126.9088469
37.48592382,126.9088951
37.48608606,126.9089769
37.48596673,126.9090393
37.48614026,126.9091521
37.48601866,126.9092088
37.48618542,126.9092962
37.48606382,126.9093473
37.48622832,126.9094375
37.48610898,126.9094829
37.48626671,126.9095562
37.48614061,126.9096129
37.4863096,126.9096833
37.48618125,126.9097428
37.48634573,126.909802
37.48621514,126.9098672
37.4863751,126.9099094
37.486249,126.9099661
37.48641123,126.9100281
37.48629414,126.9100791
37.48648346,126.9102259
37.48636412,126.9102882
37.4865399,126.9103982
37.48642282,126.9104605
37.48658054,126.9105169
37.48646121,126.9105849
37.48662569,126.9106469
37.48650184,126.9107064
37.48666632,126.9107655
37.48655149,126.9108307
37.48670245,126.9108842
37.48658537,126.9109466
37.48674759,126.9110029
37.48663276,126.9110652
37.48679048,126.9111159
37.48667789,126.9111754
37.4868582,126.9113081
37.48675688,126.9113704
37.48694842,126.9114775
37.48682234,126.9115512
37.48700035,126.9116301
37.48689453,126.9116981
37.48705675,126.9117488
37.48694868,126.9118196
37.4871154,126.9118703
37.48699834,126.9119637
37.48718086,126.9120483
37.48708404,126.9120964
37.48726881,126.9121867
37.487154,126.9122745
37.48727119,126.9123506
37.48739979,126.9126303
37.48748993,126.9126924
37.48753055,126.9127913
37.48757567,126.9128789
37.48763204,126.912958
37.48770653,126.9131755
37.48784633,126.9133761
37.48795677,126.9134551
37.48802443,126.9135738
37.48810112,126.9137178
37.4881733,126.9138506
37.48823871,126.9139693
37.48830187,126.914102
37.48838304,126.9142065
37.48844619,126.9143195
37.48852512,126.9144382
37.48860631,126.9145766
37.48867847,126.9146924
37.48877092,126.9148195
37.48883632,126.9149297
37.48891752,126.9150851
37.48900097,126.9152292
37.48908667,126.9153817
37.4891656,126.9155003
37.48924002,126.9156275
37.48930091,126.915732
37.48936181,126.9158422
37.48943398,126.9159665
37.48949713,126.9160766
37.48956702,126.9161699
37.48962566,126.9162744
37.48968205,126.9163817
37.48975648,126.9165258
37.48964399,126.9167069
37.48979261,126.9166417
37.48973194,126.9168566
37.489849,126.9167603
37.48977257,126.9169724
37.48987615,126.9169271
37.48990781,126.9171023
37.4899372,126.917255
37.48995756,126.9173821
37.48997793,126.9175263
37.48928053,126.9155822
37.48925121,126.9155285
37.4892264,126.9154833
37.48919483,126.9154353
37.48917453,126.9153957
37.50863973,126.9393628
37.48868704,126.9784908
37.48878836,126.9782505
37.48885365,126.9780667
37.48893921,126.9778801
37.4909578,126.9692857
37.48682627,126.910788
37.4868827,126.9109405
37.50249573,126.9410529
