위도,경도,cctv_count,light_count,conv_count,ent_count,police_count,score,grade
37.44,126.898,0,0,0,0,0,40.0,위험
37.44089831117499,126.898,0,0,0,0,0,40.0,위험
37.44179662234998,126.898,0,0,0,0,0,40.0,위험
37.442694933524976,126.898,0,0,0,0,0,40.0,위험
37.44359324469997,126.898,0,0,0,0,0,40.0,위험
37.44449155587496,126.898,0,0,0,0,0,40.0,위험
37.445389867049954,126.898,0,0,0,0,0,40.0,위험
37.44628817822495,126.898,0,0,0,0,0,40.0,위험
37.44718648939994,126.898,0,0,0,0,0,40.0,위험
37.44808480057493,126.898,0,0,0,0,0,40.0,위험
37.448983111749925,126.898,0,0,0,0,0,40.0,위험
37.44988142292492,126.898,0,0,0,0,0,40.0,위험
37.45077973409991,126.898,0,0,0,0,0,40.0,위험
37.4516780452749,126.898,0,0,0,0,0,40.0,위험
37.452576356449896,126.898,0,0,0,0,1,50.0,보통
37.45347466762489,126.898,0,0,1,0,1,55.0,보통
37.45437297879988,126.898,0,0,1,0,1,55.0,보통
37.455271289974874,126.898,0,0,0,0,1,50.0,보통
37.45616960114987,126.898,0,0,0,0,1,50.0,보통
37.45706791232486,126.898,0,0,1,0,0,45.0,보통
37.45796622349985,126.898,0,0,1,0,0,45.0,보통
37.458864534674845,126.898,0,0,0,0,0,40.0,위험
37.45976284584984,126.898,0,0,1,0,0,45.0,보통
37.46066115702483,126.898,0,0,1,0,0,45.0,보통
37.46155946819982,126.898,0,0,0,0,0,40.0,위험
37.462457779374816,126.898,0,0,0,0,0,40.0,위험
37.46335609054981,126.898,0,0,1,0,0,45.0,보통
37.4642544017248,126.898,0,0,2,0,0,50.0,보통
37.465152712899794,126.898,0,0,2,0,0,50.0,보통
37.46605102407479,126.898,0,0,1,0,0,45.0,보통
37.46694933524978,126.898,0,0,0,0,0,40.0,위험
37.46784764642477,126.898,0,0,2,0,0,50.0,보통
37.468745957599765,126.898,0,0,1,0,0,45.0,보통
37.46964426877476,126.898,0,0,2,0,0,50.0,보통
37.47054257994975,126.898,0,0,2,0,0,50.0,보통
37.47144089112474,126.898,0,0,1,0,0,45.0,보통
37.472339202299736,126.898,0,0,2,0,0,50.0,보통
37.47323751347473,126.898,0,0,1,0,0,45.0,보통
37.47413582464972,126.898,0,0,1,0,0,45.0,보통
37.475034135824714,126.898,0,0,1,0,0,45.0,보통
37.47593244699971,126.898,0,0,1,0,0,45.0,보통
37.4768307581747,126.898,0,0,1,0,0,45.0,보통
37.47772906934969,126.898,0,0,1,0,0,45.0,보통
37.478627380524685,126.898,0,0,0,0,0,40.0,위험
37.47952569169968,126.898,0,0,0,0,0,40.0,위험
37.48042400287467,126.898,0,0,2,0,0,50.0,보통
37.48132231404966,126.898,0,0,2,0,0,50.0,보통
37.482220625224656,126.898,0,0,2,0,0,50.0,보통
37.48311893639965,126.898,0,0,1,0,0,45.0,보통
37.48401724757464,126.898,0,0,1,0,0,45.0,보통
37.484915558749634,126.898,0,0,1,0,0,45.0,보통
37.48581386992463,126.898,0,0,2,0,0,50.0,보통
37.48671218109962,126.898,0,0,0,0,0,40.0,위험
37.48761049227461,126.898,0,0,0,0,0,40.0,위험
37.488508803449605,126.898,0,0,1,0,0,45.0,보통
37.4894071146246,126.898,0,0,1,0,0,45.0,보통
37.49030542579959,126.898,0,0,1,0,0,45.0,보통
37.49120373697458,126.898,0,0,1,0,1,55.0,보통
37.492102048149576,126.898,0,0,1,0,1,55.0,보통
37.49300035932457,126.898,0,0,1,0,1,55.0,보통
37.49389867049956,126.898,0,0,2,0,1,60.0,안전
37.494796981674554,126.898,0,0,1,0,1,55.0,보통
37.49569529284955,126.898,0,0,0,0,1,50.0,보통
37.49659360402454,126.898,0,0,1,0,0,45.0,보통
37.49749191519953,126.898,0,0,2,0,0,50.0,보통
37.498390226374525,126.898,0,0,1,0,0,45.0,보통
37.49928853754952,126.898,0,0,1,0,0,45.0,보통
37.50018684872451,126.898,0,0,2,0,0,50.0,보통
37.5010851598995,126.898,0,0,1,0,0,45.0,보통
37.501983471074496,126.898,0,0,2,0,0,50.0,보통
37.50288178224949,126.898,0,0,1,0,0,45.0,보통
37.50378009342448,126.898,0,0,0,0,0,40.0,위험
37.504678404599474,126.898,0,0,0,0,0,40.0,위험
37.50557671577447,126.898,0,0,0,0,0,40.0,위험
37.50647502694946,126.898,0,0,0,0,0,40.0,위험
37.50737333812445,126.898,0,0,0,0,0,40.0,위험
37.508271649299445,126.898,0,0,0,0,0,40.0,위험
37.50916996047444,126.898,0,0,0,0,0,40.0,위험
37.51006827164943,126.898,0,2,0,0,0,50.0,보통
37.51096658282442,126.898,0,3,0,0,0,55.0,보통
37.511864893999416,126.898,0,3,0,0,0,55.0,보통
37.51276320517441,126.898,0,3,0,0,0,55.0,보통
37.5136615163494,126.898,0,0,0,0,0,40.0,위험
37.514559827524394,126.898,0,0,0,0,0,40.0,위험
37.51545813869939,126.898,0,0,0,0,0,40.0,위험
37.51635644987438,126.898,0,0,0,0,0,40.0,위험
37.51725476104937,126.898,0,0,0,0,0,40.0,위험
37.518153072224365,126.898,0,0,0,0,0,40.0,위험
37.51905138339936,126.898,0,0,0,0,0,40.0,위험
37.51994969457435,126.898,0,0,0,0,0,40.0,위험
37.52084800574934,126.898,0,0,0,0,0,40.0,위험
37.521746316924336,126.898,0,0,0,0,0,40.0,위험
37.52264462809933,126.898,0,0,0,0,0,40.0,위험
37.52354293927432,126.898,0,0,0,0,0,40.0,위험
37.524441250449314,126.898,0,0,0,0,0,40.0,위험
37.52533956162431,126.898,0,0,0,0,0,40.0,위험
37.44,126.89913184186867,0,0,0,0,0,40.0,위험
37.44089831117499,126.89913184186867,0,0,0,0,0,40.0,위험
37.44179662234998,126.89913184186867,0,0,0,0,0,40.0,위험
37.442694933524976,126.89913184186867,0,0,0,0,0,40.0,위험
37.44359324469997,126.89913184186867,0,0,0,0,0,40.0,위험
37.44449155587496,126.89913184186867,0,0,0,0,0,40.0,위험
37.445389867049954,126.89913184186867,0,0,0,0,0,40.0,위험
37.44628817822495,126.89913184186867,0,0,0,0,0,40.0,위험
37.44718648939994,126.89913184186867,0,0,0,0,0,40.0,위험
37.44808480057493,126.89913184186867,0,0,0,0,0,40.0,위험
37.448983111749925,126.89913184186867,0,0,0,0,0,40.0,위험
37.44988142292492,126.89913184186867,0,0,0,0,0,40.0,위험
37.45077973409991,126.89913184186867,0,0,1,0,0,45.0,보통
37.4516780452749,126.89913184186867,0,0,0,0,1,50.0,보통
37.452576356449896,126.89913184186867,0,0,1,0,1,55.0,보통
37.45347466762489,126.89913184186867,0,0,1,0,1,55.0,보통
37.45437297879988,126.89913184186867,0,0,1,0,1,55.0,보통
37.455271289974874,126.89913184186867,0,0,0,0,1,50.0,보통
37.45616960114987,126.89913184186867,0,0,1,0,1,55.0,보통
37.45706791232486,126.89913184186867,0,0,2,0,0,50.0,보통
37.45796622349985,126.89913184186867,0,0,1,0,0,45.0,보통
37.458864534674845,126.89913184186867,0,0,0,0,0,40.0,위험
37.45976284584984,126.89913184186867,0,0,1,0,0,45.0,보통
37.46066115702483,126.89913184186867,0,0,1,0,0,45.0,보통
37.46155946819982,126.89913184186867,0,0,1,0,0,45.0,보통
37.462457779374816,126.89913184186867,0,0,0,0,0,40.0,위험
37.46335609054981,126.89913184186867,0,0,1,0,0,45.0,보통
37.4642544017248,126.89913184186867,0,0,2,0,0,50.0,보통
37.465152712899794,126.89913184186867,0,0,2,0,0,50.0,보통
37.46605102407479,126.89913184186867,0,0,2,0,0,50.0,보통
37.46694933524978,126.89913184186867,0,0,1,0,0,45.0,보통
37.46784764642477,126.89913184186867,0,0,2,0,0,50.0,보통
37.468745957599765,126.89913184186867,0,0,1,0,0,45.0,보통
37.46964426877476,126.89913184186867,0,0,2,0,0,50.0,보통
37.47054257994975,126.89913184186867,0,0,1,0,0,45.0,보통
37.47144089112474,126.89913184186867,0,0,0,0,0,40.0,위험
37.472339202299736,126.89913184186867,0,0,1,0,0,45.0,보통
37.47323751347473,126.89913184186867,0,0,1,0,0,45.0,보통
37.47413582464972,126.89913184186867,0,0,0,0,0,40.0,위험
37.475034135824714,126.89913184186867,0,0,0,0,0,40.0,위험
37.47593244699971,126.89913184186867,0,0,1,0,0,45.0,보통
37.4768307581747,126.89913184186867,0,0,1,0,0,45.0,보통
37.47772906934969,126.89913184186867,0,0,1,0,0,45.0,보통
37.478627380524685,126.89913184186867,0,0,0,0,0,40.0,위험
37.47952569169968,126.89913184186867,0,0,0,0,0,40.0,위험
37.48042400287467,126.89913184186867,0,0,1,0,0,45.0,보통
37.48132231404966,126.89913184186867,0,0,2,0,0,50.0,보통
37.482220625224656,126.89913184186867,0,0,2,0,0,50.0,보통
37.48311893639965,126.89913184186867,0,0,2,0,0,50.0,보통
37.48401724757464,126.89913184186867,0,0,2,0,0,50.0,보통
37.484915558749634,126.89913184186867,0,0,2,0,0,50.0,보통
37.48581386992463,126.89913184186867,0,0,2,0,0,50.0,보통
37.48671218109962,126.89913184186867,0,0,1,0,0,45.0,보통
37.48761049227461,126.89913184186867,0,0,0,0,0,40.0,위험
37.488508803449605,126.89913184186867,0,0,1,0,0,45.0,보통
37.4894071146246,126.89913184186867,0,0,1,0,0,45.0,보통
37.49030542579959,126.89913184186867,0,0,1,0,0,45.0,보통
37.49120373697458,126.89913184186867,0,0,0,0,1,50.0,보통
37.492102048149576,126.89913184186867,0,0,0,0,1,50.0,보통
37.49300035932457,126.89913184186867,0,0,2,0,1,60.0,안전
37.49389867049956,126.89913184186867,0,0,2,0,1,60.0,안전
37.494796981674554,126.89913184186867,0,0,1,0,1,55.0,보통
37.49569529284955,126.89913184186867,0,0,1,0,1,55.0,보통
37.49659360402454,126.89913184186867,0,0,2,0,0,50.0,보통
37.49749191519953,126.89913184186867,0,0,2,0,0,50.0,보통
37.498390226374525,126.89913184186867,0,0,1,0,0,45.0,보통
37.49928853754952,126.89913184186867,0,0,1,0,0,45.0,보통
37.50018684872451,126.89913184186867,0,0,1,0,0,45.0,보통
37.5010851598995,126.89913184186867,0,0,0,0,0,40.0,위험
37.501983471074496,126.89913184186867,0,0,2,0,0,50.0,보통
37.50288178224949,126.89913184186867,0,0,1,0,0,45.0,보통
37.50378009342448,126.89913184186867,0,0,0,0,0,40.0,위험
37.504678404599474,126.89913184186867,0,0,0,0,0,40.0,위험
37.50557671577447,126.89913184186867,0,0,0,0,0,40.0,위험
37.50647502694946,126.89913184186867,0,0,0,0,0,40.0,위험
37.50737333812445,126.89913184186867,0,0,0,0,0,40.0,위험
37.508271649299445,126.89913184186867,0,0,0,0,0,40.0,위험
37.50916996047444,126.89913184186867,0,2,0,0,0,50.0,보통
37.51006827164943,126.89913184186867,0,3,0,0,0,55.0,보통
37.51096658282442,126.89913184186867,0,3,0,0,0,55.0,보통
37.511864893999416,126.89913184186867,0,0,0,0,0,40.0,위험
37.51276320517441,126.89913184186867,0,0,0,0,0,40.0,위험
37.5136615163494,126.89913184186867,0,0,0,0,0,40.0,위험
37.514559827524394,126.89913184186867,0,0,0,0,0,40.0,위험
37.51545813869939,126.89913184186867,0,0,0,0,0,40.0,위험
37.51635644987438,126.89913184186867,0,0,0,0,0,40.0,위험
37.51725476104937,126.89913184186867,0,0,0,0,0,40.0,위험
37.518153072224365,126.89913184186867,0,0,0,0,0,40.0,위험
37.51905138339936,126.89913184186867,0,0,0,0,0,40.0,위험
37.51994969457435,126.89913184186867,0,0,0,0,0,40.0,위험
37.52084800574934,126.89913184186867,0,0,0,0,0,40.0,위험
37.521746316924336,126.89913184186867,0,0,0,0,0,40.0,위험
37.52264462809933,126.89913184186867,0,0,0,0,0,40.0,위험
37.52354293927432,126.89913184186867,0,0,0,0,0,40.0,위험
37.524441250449314,126.89913184186867,0,0,0,0,0,40.0,위험
37.52533956162431,126.89913184186867,0,0,0,0,0,40.0,위험
37.44,126.90026368373734,0,0,0,0,0,40.0,위험
37.44089831117499,126.90026368373734,0,0,0,0,0,40.0,위험
37.44179662234998,126.90026368373734,0,0,0,0,0,40.0,위험
37.442694933524976,126.90026368373734,0,0,0,0,0,40.0,위험
37.44359324469997,126.90026368373734,0,0,0,0,0,40.0,위험
37.44449155587496,126.90026368373734,0,0,0,0,1,50.0,보통
37.445389867049954,126.90026368373734,0,0,1,0,1,55.0,보통
37.44628817822495,126.90026368373734,0,0,1,0,1,55.0,보통
37.44718648939994,126.90026368373734,0,0,1,0,1,55.0,보통
37.44808480057493,126.90026368373734,0,0,0,0,0,40.0,위험
37.448983111749925,126.90026368373734,0,0,0,0,0,40.0,위험
37.44988142292492,126.90026368373734,0,0,1,0,0,45.0,보통
37.45077973409991,126.90026368373734,0,0,1,0,0,45.0,보통
37.4516780452749,126.90026368373734,0,0,1,0,1,55.0,보통
37.452576356449896,126.90026368373734,0,0,0,0,1,50.0,보통
37.45347466762489,126.90026368373734,0,0,1,0,1,55.0,보통
37.45437297879988,126.90026368373734,0,0,1,0,1,55.0,보통
37.455271289974874,126.90026368373734,0,0,2,0,1,60.0,안전
37.45616960114987,126.90026368373734,0,0,1,0,1,55.0,보통
37.45706791232486,126.90026368373734,0,0,2,0,0,50.0,보통
37.45796622349985,126.90026368373734,0,0,1,0,0,45.0,보통
37.458864534674845,126.90026368373734,0,0,1,0,0,45.0,보통
37.45976284584984,126.90026368373734,0,0,2,0,0,50.0,보통
37.46066115702483,126.90026368373734,0,0,1,0,0,45.0,보통
37.46155946819982,126.90026368373734,0,0,2,0,0,50.0,보통
37.462457779374816,126.90026368373734,0,0,1,0,0,45.0,보통
37.46335609054981,126.90026368373734,0,0,1,0,0,45.0,보통
37.4642544017248,126.90026368373734,0,0,2,0,0,50.0,보통
37.465152712899794,126.90026368373734,0,0,0,0,0,40.0,위험
37.46605102407479,126.90026368373734,0,0,1,0,0,45.0,보통
37.46694933524978,126.90026368373734,0,0,2,0,0,50.0,보통
37.46784764642477,126.90026368373734,0,0,2,0,0,50.0,보통
37.468745957599765,126.90026368373734,0,0,1,0,1,55.0,보통
37.46964426877476,126.90026368373734,0,0,1,0,1,55.0,보통
37.47054257994975,126.90026368373734,0,0,1,0,0,45.0,보통
37.47144089112474,126.90026368373734,0,0,1,0,0,45.0,보통
37.472339202299736,126.90026368373734,0,0,1,0,0,45.0,보통
37.47323751347473,126.90026368373734,0,0,1,0,0,45.0,보통
37.47413582464972,126.90026368373734,0,0,0,0,0,40.0,위험
37.475034135824714,126.90026368373734,0,0,0,0,0,40.0,위험
37.47593244699971,126.90026368373734,0,0,0,0,0,40.0,위험
37.4768307581747,126.90026368373734,0,0,2,0,0,50.0,보통
37.47772906934969,126.90026368373734,0,0,1,0,0,45.0,보통
37.478627380524685,126.90026368373734,0,0,1,0,0,45.0,보통
37.47952569169968,126.90026368373734,3,0,0,0,0,55.0,보통
37.48042400287467,126.90026368373734,4,0,0,0,0,60.0,안전
37.48132231404966,126.90026368373734,2,0,0,1,0,47.0,보통
37.482220625224656,126.90026368373734,0,0,1,2,0,39.0,위험
37.48311893639965,126.90026368373734,0,0,2,0,0,50.0,보통
37.48401724757464,126.90026368373734,0,0,2,0,0,50.0,보통
37.484915558749634,126.90026368373734,0,3,2,0,0,65.0,안전
37.48581386992463,126.90026368373734,0,3,2,0,0,65.0,안전
37.48671218109962,126.90026368373734,0,0,2,0,0,50.0,보통
37.48761049227461,126.90026368373734,0,0,2,0,0,50.0,보통
37.488508803449605,126.90026368373734,0,0,1,0,0,45.0,보통
37.4894071146246,126.90026368373734,0,0,2,0,0,50.0,보통
37.49030542579959,126.90026368373734,0,0,2,0,0,50.0,보통
37.49120373697458,126.90026368373734,0,0,1,0,1,55.0,보통
37.492102048149576,126.90026368373734,0,0,0,0,1,50.0,보통
37.49300035932457,126.90026368373734,0,0,1,0,1,55.0,보통
37.49389867049956,126.90026368373734,0,0,0,0,1,50.0,보통
37.494796981674554,126.90026368373734,0,0,1,0,1,55.0,보통
37.49569529284955,126.90026368373734,0,0,2,0,1,60.0,안전
37.49659360402454,126.90026368373734,0,0,1,0,0,45.0,보통
37.49749191519953,126.90026368373734,0,0,0,0,0,40.0,위험
37.498390226374525,126.90026368373734,0,0,0,0,0,40.0,위험
37.49928853754952,126.90026368373734,0,0,1,0,0,45.0,보통
37.50018684872451,126.90026368373734,0,0,1,0,0,45.0,보통
37.5010851598995,126.90026368373734,0,0,0,0,0,40.0,위험
37.501983471074496,126.90026368373734,0,0,0,0,0,40.0,위험
37.50288178224949,126.90026368373734,0,0,1,0,0,45.0,보통
37.50378009342448,126.90026368373734,0,0,0,0,0,40.0,위험
37.504678404599474,126.90026368373734,0,0,0,0,0,40.0,위험
37.50557671577447,126.90026368373734,0,0,0,0,0,40.0,위험
37.50647502694946,126.90026368373734,0,0,0,0,0,40.0,위험
37.50737333812445,126.90026368373734,0,0,0,0,0,40.0,위험
37.508271649299445,126.90026368373734,0,0,0,0,0,40.0,위험
37.50916996047444,126.90026368373734,0,0,0,0,0,40.0,위험
37.51006827164943,126.90026368373734,0,0,0,0,0,40.0,위험
37.51096658282442,126.90026368373734,0,0,0,0,0,40.0,위험
37.511864893999416,126.90026368373734,0,0,0,0,0,40.0,위험
37.51276320517441,126.90026368373734,0,0,0,0,0,40.0,위험
37.5136615163494,126.90026368373734,0,0,0,0,0,40.0,위험
37.514559827524394,126.90026368373734,0,0,0,0,0,40.0,위험
37.51545813869939,126.90026368373734,0,0,0,0,0,40.0,위험
37.51635644987438,126.90026368373734,0,0,0,0,0,40.0,위험
37.51725476104937,126.90026368373734,0,0,0,0,0,40.0,위험
37.518153072224365,126.90026368373734,0,0,0,0,0,40.0,위험
37.51905138339936,126.90026368373734,0,0,0,0,0,40.0,위험
37.51994969457435,126.90026368373734,0,0,0,0,0,40.0,위험
37.52084800574934,126.90026368373734,0,0,0,0,0,40.0,위험
37.521746316924336,126.90026368373734,0,0,0,0,0,40.0,위험
37.52264462809933,126.90026368373734,0,0,0,0,0,40.0,위험
37.52354293927432,126.90026368373734,0,0,0,0,0,40.0,위험
37.524441250449314,126.90026368373734,0,0,0,0,0,40.0,위험
37.52533956162431,126.90026368373734,0,0,0,0,0,40.0,위험
37.44,126.901395525606,0,0,0,0,0,40.0,위험
37.44089831117499,126.901395525606,0,0,0,0,0,40.0,위험
37.44179662234998,126.901395525606,0,0,0,0,0,40.0,위험
37.442694933524976,126.901395525606,0,0,0,0,0,40.0,위험
37.44359324469997,126.901395525606,0,0,0,0,1,50.0,보통
37.44449155587496,126.901395525606,0,0,0,0,1,50.0,보통
37.445389867049954,126.901395525606,0,0,0,0,1,50.0,보통
37.44628817822495,126.901395525606,0,0,1,0,1,55.0,보통
37.44718648939994,126.901395525606,0,0,2,0,1,60.0,안전
37.44808480057493,126.901395525606,0,0,1,0,1,55.0,보통
37.448983111749925,126.901395525606,0,0,0,0,0,40.0,위험
37.44988142292492,126.901395525606,0,0,1,0,0,45.0,보통
37.45077973409991,126.901395525606,0,0,1,0,0,45.0,보통
37.4516780452749,126.901395525606,0,0,1,0,0,45.0,보통
37.452576356449896,126.901395525606,0,0,1,0,1,55.0,보통
37.45347466762489,126.901395525606,0,0,1,0,1,55.0,보통
37.45437297879988,126.901395525606,0,0,2,0,1,60.0,안전
37.455271289974874,126.901395525606,0,0,2,0,1,60.0,안전
37.45616960114987,126.901395525606,0,0,1,0,1,55.0,보통
37.45706791232486,126.901395525606,0,0,0,0,0,40.0,위험
37.45796622349985,126.901395525606,0,0,1,0,0,45.0,보통
37.458864534674845,126.901395525606,0,0,2,0,0,50.0,보통
37.45976284584984,126.901395525606,0,0,1,0,0,45.0,보통
37.46066115702483,126.901395525606,0,0,0,0,0,40.0,위험
37.46155946819982,126.901395525606,0,0,1,0,0,45.0,보통
37.462457779374816,126.901395525606,0,0,1,0,0,45.0,보통
37.46335609054981,126.901395525606,0,0,0,0,0,40.0,위험
37.4642544017248,126.901395525606,0,0,1,0,0,45.0,보통
37.465152712899794,126.901395525606,0,0,1,0,0,45.0,보통
37.46605102407479,126.901395525606,0,0,2,0,0,50.0,보통
37.46694933524978,126.901395525606,0,0,2,0,0,50.0,보통
37.46784764642477,126.901395525606,0,0,1,0,1,55.0,보통
37.468745957599765,126.901395525606,0,0,1,0,1,55.0,보통
37.46964426877476,126.901395525606,0,0,1,0,1,55.0,보통
37.47054257994975,126.901395525606,0,0,0,0,1,50.0,보통
37.47144089112474,126.901395525606,0,0,0,0,1,50.0,보통
37.472339202299736,126.901395525606,0,0,0,0,0,40.0,위험
37.47323751347473,126.901395525606,0,0,0,0,0,40.0,위험
37.47413582464972,126.901395525606,0,0,0,0,0,40.0,위험
37.475034135824714,126.901395525606,0,0,1,0,0,45.0,보통
37.47593244699971,126.901395525606,0,0,2,0,0,50.0,보통
37.4768307581747,126.901395525606,0,0,2,0,0,50.0,보통
37.47772906934969,126.901395525606,0,0,1,0,0,45.0,보통
37.478627380524685,126.901395525606,0,0,1,0,0,45.0,보통
37.47952569169968,126.901395525606,4,0,2,0,0,70.0,안전
37.48042400287467,126.901395525606,4,0,1,0,0,65.0,안전
37.48132231404966,126.901395525606,4,0,0,3,0,51.0,보통
37.482220625224656,126.901395525606,4,0,2,3,0,61.0,안전
37.48311893639965,126.901395525606,2,0,2,3,0,51.0,보통
37.48401724757464,126.901395525606,1,0,2,0,0,55.0,보통
37.484915558749634,126.901395525606,0,3,1,0,0,60.0,안전
37.48581386992463,126.901395525606,0,3,0,0,0,55.0,보통
37.48671218109962,126.901395525606,0,0,2,0,0,50.0,보통
37.48761049227461,126.901395525606,0,0,1,0,0,45.0,보통
37.488508803449605,126.901395525606,0,0,1,0,0,45.0,보통
37.4894071146246,126.901395525606,0,0,1,0,0,45.0,보통
37.49030542579959,126.901395525606,0,0,2,0,0,50.0,보통
37.49120373697458,126.901395525606,0,0,1,0,0,45.0,보통
37.492102048149576,126.901395525606,0,0,0,0,1,50.0,보통
37.49300035932457,126.901395525606,0,0,1,0,1,55.0,보통
37.49389867049956,126.901395525606,0,0,1,0,1,55.0,보통
37.494796981674554,126.901395525606,0,0,1,0,1,55.0,보통
37.49569529284955,126.901395525606,0,0,1,0,0,45.0,보통
37.49659360402454,126.901395525606,0,0,1,0,0,45.0,보통
37.49749191519953,126.901395525606,0,0,0,0,0,40.0,위험
37.498390226374525,126.901395525606,0,0,0,0,0,40.0,위험
37.49928853754952,126.901395525606,0,0,1,0,0,45.0,보통
37.50018684872451,126.901395525606,0,0,1,0,0,45.0,보통
37.5010851598995,126.901395525606,0,0,0,0,0,40.0,위험
37.501983471074496,126.901395525606,0,0,0,0,0,40.0,위험
37.50288178224949,126.901395525606,0,0,0,0,0,40.0,위험
37.50378009342448,126.901395525606,0,0,0,0,0,40.0,위험
37.504678404599474,126.901395525606,0,0,0,0,0,40.0,위험
37.50557671577447,126.901395525606,0,0,0,0,0,40.0,위험
37.50647502694946,126.901395525606,0,0,0,0,0,40.0,위험
37.50737333812445,126.901395525606,0,0,0,0,0,40.0,위험
37.508271649299445,126.901395525606,0,0,0,0,0,40.0,위험
37.50916996047444,126.901395525606,0,0,0,0,0,40.0,위험
37.51006827164943,126.901395525606,0,0,0,0,0,40.0,위험
37.51096658282442,126.901395525606,0,0,0,0,0,40.0,위험
37.511864893999416,126.901395525606,0,0,0,0,0,40.0,위험
37.51276320517441,126.901395525606,0,0,0,0,0,40.0,위험
37.5136615163494,126.901395525606,0,0,0,0,0,40.0,위험
37.514559827524394,126.901395525606,0,0,0,0,0,40.0,위험
37.51545813869939,126.901395525606,0,0,0,0,0,40.0,위험
37.51635644987438,126.901395525606,0,3,0,0,0,55.0,보통
37.51725476104937,126.901395525606,0,2,0,0,0,50.0,보통
37.518153072224365,126.901395525606,0,0,0,0,0,40.0,위험
37.51905138339936,126.901395525606,0,0,0,0,0,40.0,위험
37.51994969457435,126.901395525606,0,0,0,0,0,40.0,위험
37.52084800574934,126.901395525606,0,0,0,0,0,40.0,위험
37.521746316924336,126.901395525606,0,0,0,0,0,40.0,위험
37.52264462809933,126.901395525606,0,0,0,0,0,40.0,위험
37.52354293927432,126.901395525606,0,0,0,0,0,40.0,위험
37.524441250449314,126.901395525606,0,0,0,0,0,40.0,위험
37.52533956162431,126.901395525606,0,0,0,0,0,40.0,위험
37.44,126.90252736747468,0,0,0,0,0,40.0,위험
37.44089831117499,126.90252736747468,0,0,1,0,0,45.0,보통
37.44179662234998,126.90252736747468,0,0,2,0,0,50.0,보통
37.442694933524976,126.90252736747468,0,0,1,0,0,45.0,보통
37.44359324469997,126.90252736747468,0,0,0,0,1,50.0,보통
37.44449155587496,126.90252736747468,0,0,0,0,1,50.0,보통
37.445389867049954,126.90252736747468,0,0,0,0,1,50.0,보통
37.44628817822495,126.90252736747468,0,0,1,0,1,55.0,보통
37.44718648939994,126.90252736747468,0,0,1,0,1,55.0,보통
37.44808480057493,126.90252736747468,0,0,0,0,1,50.0,보통
37.448983111749925,126.90252736747468,0,0,1,0,0,45.0,보통
37.44988142292492,126.90252736747468,0,0,1,0,0,45.0,보통
37.45077973409991,126.90252736747468,0,0,0,0,0,40.0,위험
37.4516780452749,126.90252736747468,0,0,2,0,0,50.0,보통
37.452576356449896,126.90252736747468,0,0,1,0,0,45.0,보통
37.45347466762489,126.90252736747468,0,0,1,0,1,55.0,보통
37.45437297879988,126.90252736747468,0,0,0,0,1,50.0,보통
37.455271289974874,126.90252736747468,0,0,1,0,1,55.0,보통
37.45616960114987,126.90252736747468,0,0,0,0,1,50.0,보통
37.45706791232486,126.90252736747468,0,0,1,0,1,55.0,보통
37.45796622349985,126.90252736747468,0,0,1,0,0,45.0,보통
37.458864534674845,126.90252736747468,0,0,1,0,0,45.0,보통
37.45976284584984,126.90252736747468,0,0,1,0,0,45.0,보통
37.46066115702483,126.90252736747468,0,0,1,0,0,45.0,보통
37.46155946819982,126.90252736747468,0,0,0,0,0,40.0,위험
37.462457779374816,126.90252736747468,0,0,1,0,0,45.0,보통
37.46335609054981,126.90252736747468,0,0,1,0,0,45.0,보통
37.4642544017248,126.90252736747468,0,0,1,0,0,45.0,보통
37.465152712899794,126.90252736747468,0,0,2,0,0,50.0,보통
37.46605102407479,126.90252736747468,0,0,2,0,0,50.0,보통
37.46694933524978,126.90252736747468,0,0,1,0,1,55.0,보통
37.46784764642477,126.90252736747468,0,0,0,0,1,50.0,보통
37.468745957599765,126.90252736747468,0,0,0,0,1,50.0,보통
37.46964426877476,126.90252736747468,0,0,0,0,1,50.0,보통
37.47054257994975,126.90252736747468,0,0,0,0,1,50.0,보통
37.47144089112474,126.90252736747468,0,0,0,0,1,50.0,보통
37.472339202299736,126.90252736747468,0,0,1,0,0,45.0,보통
37.47323751347473,126.90252736747468,0,0,1,0,0,45.0,보통
37.47413582464972,126.90252736747468,0,0,1,0,0,45.0,보통
37.475034135824714,126.90252736747468,0,0,1,0,0,45.0,보통
37.47593244699971,126.90252736747468,0,0,1,0,0,45.0,보통
37.4768307581747,126.90252736747468,0,0,2,0,0,50.0,보통
37.47772906934969,126.90252736747468,0,0,0,0,0,40.0,위험
37.478627380524685,126.90252736747468,0,0,2,0,0,50.0,보통
37.47952569169968,126.90252736747468,4,0,2,0,0,70.0,안전
37.48042400287467,126.90252736747468,4,0,1,0,0,65.0,안전
37.48132231404966,126.90252736747468,4,0,0,0,0,60.0,안전
37.482220625224656,126.90252736747468,4,0,2,3,0,61.0,안전
37.48311893639965,126.90252736747468,4,0,2,3,0,61.0,안전
37.48401724757464,126.90252736747468,4,0,1,3,0,56.0,안전
37.484915558749634,126.90252736747468,0,3,1,1,0,57.0,안전
37.48581386992463,126.90252736747468,0,3,2,0,0,65.0,안전
37.48671218109962,126.90252736747468,0,0,1,0,0,45.0,보통
37.48761049227461,126.90252736747468,0,0,1,0,0,45.0,보통
37.488508803449605,126.90252736747468,0,0,2,0,0,50.0,보통
37.4894071146246,126.90252736747468,0,0,1,0,0,45.0,보통
37.49030542579959,126.90252736747468,0,0,0,0,0,40.0,위험
37.49120373697458,126.90252736747468,0,0,0,0,0,40.0,위험
37.492102048149576,126.90252736747468,0,0,0,0,0,40.0,위험
37.49300035932457,126.90252736747468,0,0,0,0,0,40.0,위험
37.49389867049956,126.90252736747468,0,0,0,0,0,40.0,위험
37.494796981674554,126.90252736747468,0,0,1,0,0,45.0,보통
37.49569529284955,126.90252736747468,0,0,2,0,0,50.0,보통
37.49659360402454,126.90252736747468,0,0,2,0,0,50.0,보통
37.49749191519953,126.90252736747468,0,0,1,0,0,45.0,보통
37.498390226374525,126.90252736747468,0,0,0,0,0,40.0,위험
37.49928853754952,126.90252736747468,0,0,0,0,0,40.0,위험
37.50018684872451,126.90252736747468,0,0,0,0,0,40.0,위험
37.5010851598995,126.90252736747468,0,0,1,0,0,45.0,보통
37.501983471074496,126.90252736747468,0,0,0,0,0,40.0,위험
37.50288178224949,126.90252736747468,0,0,1,0,0,45.0,보통
37.50378009342448,126.90252736747468,0,0,1,0,0,45.0,보통
37.504678404599474,126.90252736747468,0,0,0,0,0,40.0,위험
37.50557671577447,126.90252736747468,0,0,0,0,0,40.0,위험
37.50647502694946,126.90252736747468,0,0,0,0,0,40.0,위험
37.50737333812445,126.90252736747468,0,0,0,0,0,40.0,위험
37.508271649299445,126.90252736747468,0,0,0,0,0,40.0,위험
37.50916996047444,126.90252736747468,0,0,0,0,0,40.0,위험
37.51006827164943,126.90252736747468,0,0,0,0,0,40.0,위험
37.51096658282442,126.90252736747468,0,0,0,0,0,40.0,위험
37.511864893999416,126.90252736747468,0,0,0,0,0,40.0,위험
37.51276320517441,126.90252736747468,0,0,0,0,0,40.0,위험
37.5136615163494,126.90252736747468,0,0,0,0,0,40.0,위험
37.514559827524394,126.90252736747468,0,3,0,0,0,55.0,보통
37.51545813869939,126.90252736747468,0,3,0,0,0,55.0,보통
37.51635644987438,126.90252736747468,0,3,0,0,0,55.0,보통
37.51725476104937,126.90252736747468,0,1,0,0,0,45.0,보통
37.518153072224365,126.90252736747468,0,0,0,0,0,40.0,위험
37.51905138339936,126.90252736747468,0,0,0,0,0,40.0,위험
37.51994969457435,126.90252736747468,0,0,0,0,0,40.0,위험
37.52084800574934,126.90252736747468,0,0,0,0,0,40.0,위험
37.521746316924336,126.90252736747468,0,0,0,0,0,40.0,위험
37.52264462809933,126.90252736747468,0,0,0,0,0,40.0,위험
37.52354293927432,126.90252736747468,0,0,0,0,0,40.0,위험
37.524441250449314,126.90252736747468,0,0,0,0,0,40.0,위험
37.52533956162431,126.90252736747468,0,0,0,0,0,40.0,위험
37.44,126.90365920934335,0,0,1,0,0,45.0,보통
37.44089831117499,126.90365920934335,0,0,2,0,0,50.0,보통
37.44179662234998,126.90365920934335,0,0,2,0,0,50.0,보통
37.442694933524976,126.90365920934335,0,0,1,0,0,45.0,보통
37.44359324469997,126.90365920934335,0,0,1,0,1,55.0,보통
37.44449155587496,126.90365920934335,0,0,0,0,1,50.0,보통
37.445389867049954,126.90365920934335,0,0,0,0,1,50.0,보통
37.44628817822495,126.90365920934335,0,0,0,0,1,50.0,보통
37.44718648939994,126.90365920934335,0,0,1,0,1,55.0,보통
37.44808480057493,126.90365920934335,0,0,2,0,1,60.0,안전
37.448983111749925,126.90365920934335,0,0,2,0,0,50.0,보통
37.44988142292492,126.90365920934335,0,0,1,0,0,45.0,보통
37.45077973409991,126.90365920934335,0,0,2,0,0,50.0,보통
37.4516780452749,126.90365920934335,0,0,2,0,0,50.0,보통
37.452576356449896,126.90365920934335,0,0,0,0,0,40.0,위험
37.45347466762489,126.90365920934335,0,0,1,0,1,55.0,보통
37.45437297879988,126.90365920934335,0,0,1,0,1,55.0,보통
37.455271289974874,126.90365920934335,0,0,1,0,1,55.0,보통
37.45616960114987,126.90365920934335,0,0,1,0,1,55.0,보통
37.45706791232486,126.90365920934335,0,0,0,0,1,50.0,보통
37.45796622349985,126.90365920934335,0,0,1,0,1,55.0,보통
37.458864534674845,126.90365920934335,0,0,0,0,0,40.0,위험
37.45976284584984,126.90365920934335,0,0,1,0,0,45.0,보통
37.46066115702483,126.90365920934335,0,0,1,0,0,45.0,보통
37.46155946819982,126.90365920934335,0,0,1,0,0,45.0,보통
37.462457779374816,126.90365920934335,0,0,1,0,0,45.0,보통
37.46335609054981,126.90365920934335,0,0,1,0,0,45.0,보통
37.4642544017248,126.90365920934335,0,0,1,0,0,45.0,보통
37.465152712899794,126.90365920934335,0,0,1,0,0,45.0,보통
37.46605102407479,126.90365920934335,0,0,0,0,0,40.0,위험
37.46694933524978,126.90365920934335,0,0,0,0,1,50.0,보통
37.46784764642477,126.90365920934335,0,0,2,0,1,60.0,안전
37.468745957599765,126.90365920934335,0,0,2,0,1,60.0,안전
37.46964426877476,126.90365920934335,0,0,0,0,1,50.0,보통
37.47054257994975,126.90365920934335,0,0,1,0,1,55.0,보통
37.47144089112474,126.90365920934335,0,0,2,0,1,60.0,안전
37.472339202299736,126.90365920934335,0,0,1,0,0,45.0,보통
37.47323751347473,126.90365920934335,0,0,1,0,0,45.0,보통
37.47413582464972,126.90365920934335,0,0,2,0,0,50.0,보통
37.475034135824714,126.90365920934335,0,0,2,0,0,50.0,보통
37.47593244699971,126.90365920934335,0,0,2,0,0,50.0,보통
37.4768307581747,126.90365920934335,0,0,1,0,0,45.0,보통
37.47772906934969,126.90365920934335,0,0,1,0,0,45.0,보통
37.478627380524685,126.90365920934335,0,0,1,0,0,45.0,보통
37.47952569169968,126.90365920934335,0,0,1,1,0,42.0,보통
37.48042400287467,126.90365920934335,4,0,1,2,0,59.0,안전
37.48132231404966,126.90365920934335,4,0,0,1,0,57.0,안전
37.482220625224656,126.90365920934335,4,0,0,0,0,60.0,안전
37.48311893639965,126.90365920934335,4,0,1,0,0,65.0,안전
37.48401724757464,126.90365920934335,3,1,2,1,0,67.0,안전
37.484915558749634,126.90365920934335,0,3,2,1,1,72.0,안전
37.48581386992463,126.90365920934335,0,3,2,0,1,75.0,안전
37.48671218109962,126.90365920934335,0,0,1,0,1,55.0,보통
37.48761049227461,126.90365920934335,0,0,1,0,1,55.0,보통
37.488508803449605,126.90365920934335,0,0,1,0,1,55.0,보통
37.4894071146246,126.90365920934335,0,0,1,0,0,45.0,보통
37.49030542579959,126.90365920934335,0,0,0,0,0,40.0,위험
37.49120373697458,126.90365920934335,0,0,0,0,0,40.0,위험
37.492102048149576,126.90365920934335,0,0,1,0,0,45.0,보통
37.49300035932457,126.90365920934335,0,0,2,0,0,50.0,보통
37.49389867049956,126.90365920934335,0,0,1,0,0,45.0,보통
37.494796981674554,126.90365920934335,0,0,1,0,0,45.0,보통
37.49569529284955,126.90365920934335,0,0,1,0,0,45.0,보통
37.49659360402454,126.90365920934335,0,0,1,0,0,45.0,보통
37.49749191519953,126.90365920934335,0,0,1,0,0,45.0,보통
37.498390226374525,126.90365920934335,0,0,0,0,0,40.0,위험
37.49928853754952,126.90365920934335,0,0,0,0,0,40.0,위험
37.50018684872451,126.90365920934335,0,0,0,0,0,40.0,위험
37.5010851598995,126.90365920934335,0,0,1,0,0,45.0,보통
37.501983471074496,126.90365920934335,0,0,2,0,0,50.0,보통
37.50288178224949,126.90365920934335,0,0,1,0,0,45.0,보통
37.50378009342448,126.90365920934335,0,0,1,0,0,45.0,보통
37.504678404599474,126.90365920934335,0,0,0,0,0,40.0,위험
37.50557671577447,126.90365920934335,0,0,0,0,0,40.0,위험
37.50647502694946,126.90365920934335,0,0,0,0,0,40.0,위험
37.50737333812445,126.90365920934335,0,0,0,0,0,40.0,위험
37.508271649299445,126.90365920934335,0,0,0,0,0,40.0,위험
37.50916996047444,126.90365920934335,0,0,0,0,0,40.0,위험
37.51006827164943,126.90365920934335,0,0,0,0,0,40.0,위험
37.51096658282442,126.90365920934335,0,0,0,0,0,40.0,위험
37.511864893999416,126.90365920934335,0,0,0,0,0,40.0,위험
37.51276320517441,126.90365920934335,0,0,0,0,0,40.0,위험
37.5136615163494,126.90365920934335,0,0,0,0,0,40.0,위험
37.514559827524394,126.90365920934335,0,3,0,0,0,55.0,보통
37.51545813869939,126.90365920934335,0,3,0,0,0,55.0,보통
37.51635644987438,126.90365920934335,0,0,0,0,0,40.0,위험
37.51725476104937,126.90365920934335,0,0,0,0,0,40.0,위험
37.518153072224365,126.90365920934335,0,0,0,0,0,40.0,위험
37.51905138339936,126.90365920934335,0,0,0,0,0,40.0,위험
37.51994969457435,126.90365920934335,0,0,0,0,0,40.0,위험
37.52084800574934,126.90365920934335,0,0,0,0,0,40.0,위험
37.521746316924336,126.90365920934335,0,0,0,0,0,40.0,위험
37.52264462809933,126.90365920934335,0,0,0,0,0,40.0,위험
37.52354293927432,126.90365920934335,0,0,0,0,0,40.0,위험
37.524441250449314,126.90365920934335,0,0,0,0,0,40.0,위험
37.52533956162431,126.90365920934335,0,0,0,0,0,40.0,위험
37.44,126.90479105121202,0,0,0,0,0,40.0,위험
37.44089831117499,126.90479105121202,0,0,0,0,0,40.0,위험
37.44179662234998,126.90479105121202,0,0,2,0,0,50.0,보통
37.442694933524976,126.90479105121202,0,0,1,0,0,45.0,보통
37.44359324469997,126.90479105121202,0,0,1,0,0,45.0,보통
37.44449155587496,126.90479105121202,0,0,0,0,1,50.0,보통
37.445389867049954,126.90479105121202,0,0,0,0,1,50.0,보통
37.44628817822495,126.90479105121202,0,0,0,0,1,50.0,보통
37.44718648939994,126.90479105121202,0,0,0,0,1,50.0,보통
37.44808480057493,126.90479105121202,0,0,1,0,0,45.0,보통
37.448983111749925,126.90479105121202,0,0,1,0,0,45.0,보통
37.44988142292492,126.90479105121202,0,0,1,0,0,45.0,보통
37.45077973409991,126.90479105121202,0,0,0,0,0,40.0,위험
37.4516780452749,126.90479105121202,0,0,1,0,0,45.0,보통
37.452576356449896,126.90479105121202,0,0,0,0,0,40.0,위험
37.45347466762489,126.90479105121202,0,0,1,0,1,55.0,보통
37.45437297879988,126.90479105121202,0,0,0,0,1,50.0,보통
37.455271289974874,126.90479105121202,0,0,1,0,1,55.0,보통
37.45616960114987,126.90479105121202,0,0,0,0,1,50.0,보통
37.45706791232486,126.90479105121202,0,0,1,0,1,55.0,보통
37.45796622349985,126.90479105121202,0,0,2,0,1,60.0,안전
37.458864534674845,126.90479105121202,0,0,0,0,0,40.0,위험
37.45976284584984,126.90479105121202,0,0,0,0,0,40.0,위험
37.46066115702483,126.90479105121202,0,0,0,0,0,40.0,위험
37.46155946819982,126.90479105121202,0,0,1,0,0,45.0,보통
37.462457779374816,126.90479105121202,0,0,1,0,0,45.0,보통
37.46335609054981,126.90479105121202,0,0,1,0,0,45.0,보통
37.4642544017248,126.90479105121202,0,0,0,0,0,40.0,위험
37.465152712899794,126.90479105121202,0,0,0,0,0,40.0,위험
37.46605102407479,126.90479105121202,0,0,0,0,0,40.0,위험
37.46694933524978,126.90479105121202,0,0,0,0,0,40.0,위험
37.46784764642477,126.90479105121202,0,0,1,0,1,55.0,보통
37.468745957599765,126.90479105121202,0,0,2,0,1,60.0,안전
37.46964426877476,126.90479105121202,0,0,0,0,1,50.0,보통
37.47054257994975,126.90479105121202,0,0,0,0,1,50.0,보통
37.47144089112474,126.90479105121202,0,0,1,0,1,55.0,보통
37.472339202299736,126.90479105121202,0,0,0,0,0,40.0,위험
37.47323751347473,126.90479105121202,0,0,0,0,0,40.0,위험
37.47413582464972,126.90479105121202,0,0,1,0,0,45.0,보통
37.475034135824714,126.90479105121202,0,0,1,0,0,45.0,보통
37.47593244699971,126.90479105121202,0,0,1,0,0,45.0,보통
37.4768307581747,126.90479105121202,0,0,0,0,0,40.0,위험
37.47772906934969,126.90479105121202,0,0,1,0,0,45.0,보통
37.478627380524685,126.90479105121202,0,0,1,0,0,45.0,보통
37.47952569169968,126.90479105121202,0,0,0,1,0,37.0,위험
37.48042400287467,126.90479105121202,4,0,1,3,0,56.0,안전
37.48132231404966,126.90479105121202,4,0,0,3,0,51.0,보통
37.482220625224656,126.90479105121202,4,0,0,1,0,57.0,안전
37.48311893639965,126.90479105121202,4,0,1,0,0,65.0,안전
37.48401724757464,126.90479105121202,4,2,2,0,0,80.0,안전
37.484915558749634,126.90479105121202,4,3,0,0,1,85.0,안전
37.48581386992463,126.90479105121202,1,3,2,0,1,80.0,안전
37.48671218109962,126.90479105121202,0,3,2,0,1,75.0,안전
37.48761049227461,126.90479105121202,0,2,2,0,1,70.0,안전
37.488508803449605,126.90479105121202,0,0,1,0,1,55.0,보통
37.4894071146246,126.90479105121202,0,0,0,0,0,40.0,위험
37.49030542579959,126.90479105121202,0,0,0,0,0,40.0,위험
37.49120373697458,126.90479105121202,0,0,1,0,0,45.0,보통
37.492102048149576,126.90479105121202,0,0,0,0,0,40.0,위험
37.49300035932457,126.90479105121202,0,0,1,0,0,45.0,보통
37.49389867049956,126.90479105121202,0,0,2,0,0,50.0,보통
37.494796981674554,126.90479105121202,0,0,1,0,0,45.0,보통
37.49569529284955,126.90479105121202,0,0,0,0,0,40.0,위험
37.49659360402454,126.90479105121202,0,0,0,0,0,40.0,위험
37.49749191519953,126.90479105121202,0,0,0,0,0,40.0,위험
37.498390226374525,126.90479105121202,0,0,0,0,0,40.0,위험
37.49928853754952,126.90479105121202,0,0,0,0,0,40.0,위험
37.50018684872451,126.90479105121202,0,0,1,0,0,45.0,보통
37.5010851598995,126.90479105121202,0,0,1,0,0,45.0,보통
37.501983471074496,126.90479105121202,0,0,1,0,0,45.0,보통
37.50288178224949,126.90479105121202,0,0,0,0,0,40.0,위험
37.50378009342448,126.90479105121202,0,0,0,0,0,40.0,위험
37.504678404599474,126.90479105121202,0,0,0,0,0,40.0,위험
37.50557671577447,126.90479105121202,0,0,0,0,0,40.0,위험
37.50647502694946,126.90479105121202,0,0,0,0,0,40.0,위험
37.50737333812445,126.90479105121202,0,0,0,0,0,40.0,위험
37.508271649299445,126.90479105121202,0,0,0,0,0,40.0,위험
37.50916996047444,126.90479105121202,0,0,0,0,0,40.0,위험
37.51006827164943,126.90479105121202,0,0,0,0,0,40.0,위험
37.51096658282442,126.90479105121202,0,0,0,0,0,40.0,위험
37.511864893999416,126.90479105121202,0,0,0,0,0,40.0,위험
37.51276320517441,126.90479105121202,0,0,0,0,0,40.0,위험
37.5136615163494,126.90479105121202,0,0,0,0,0,40.0,위험
37.514559827524394,126.90479105121202,0,3,0,0,0,55.0,보통
37.51545813869939,126.90479105121202,0,3,0,0,0,55.0,보통
37.51635644987438,126.90479105121202,0,0,0,0,0,40.0,위험
37.51725476104937,126.90479105121202,0,0,0,0,0,40.0,위험
37.518153072224365,126.90479105121202,0,0,0,0,0,40.0,위험
37.51905138339936,126.90479105121202,0,0,0,0,0,40.0,위험
37.51994969457435,126.90479105121202,0,0,0,0,0,40.0,위험
37.52084800574934,126.90479105121202,0,0,0,0,0,40.0,위험
37.521746316924336,126.90479105121202,0,0,0,0,0,40.0,위험
37.52264462809933,126.90479105121202,0,0,0,0,0,40.0,위험
37.52354293927432,126.90479105121202,0,0,0,0,0,40.0,위험
37.524441250449314,126.90479105121202,0,0,0,0,0,40.0,위험
37.52533956162431,126.90479105121202,0,0,0,0,0,40.0,위험
37.44,126.90592289308069,0,0,0,0,0,40.0,위험
37.44089831117499,126.90592289308069,0,0,0,0,0,40.0,위험
37.44179662234998,126.90592289308069,0,0,1,0,0,45.0,보통
37.442694933524976,126.90592289308069,0,0,1,0,0,45.0,보통
37.44359324469997,126.90592289308069,0,0,0,0,0,40.0,위험
37.44449155587496,126.90592289308069,0,0,0,0,0,40.0,위험
37.445389867049954,126.90592289308069,0,0,0,0,1,50.0,보통
37.44628817822495,126.90592289308069,0,0,0,0,1,50.0,보통
37.44718648939994,126.90592289308069,0,0,0,0,0,40.0,위험
37.44808480057493,126.90592289308069,0,0,0,0,0,40.0,위험
37.448983111749925,126.90592289308069,0,0,1,0,0,45.0,보통
37.44988142292492,126.90592289308069,0,0,1,0,0,45.0,보통
37.45077973409991,126.90592289308069,0,0,0,0,0,40.0,위험
37.4516780452749,126.90592289308069,0,0,1,0,0,45.0,보통
37.452576356449896,126.90592289308069,0,0,1,0,0,45.0,보통
37.45347466762489,126.90592289308069,0,0,0,0,1,50.0,보통
37.45437297879988,126.90592289308069,0,0,1,0,1,55.0,보통
37.455271289974874,126.90592289308069,0,0,2,0,1,60.0,안전
37.45616960114987,126.90592289308069,0,0,1,0,1,55.0,보통
37.45706791232486,126.90592289308069,0,0,2,0,1,60.0,안전
37.45796622349985,126.90592289308069,0,0,1,0,0,45.0,보통
37.458864534674845,126.90592289308069,0,0,0,0,0,40.0,위험
37.45976284584984,126.90592289308069,0,0,0,0,0,40.0,위험
37.46066115702483,126.90592289308069,0,0,1,0,0,45.0,보통
37.46155946819982,126.90592289308069,0,0,0,0,0,40.0,위험
37.462457779374816,126.90592289308069,0,0,0,0,0,40.0,위험
37.46335609054981,126.90592289308069,0,0,0,0,0,40.0,위험
37.4642544017248,126.90592289308069,0,0,0,0,0,40.0,위험
37.465152712899794,126.90592289308069,0,0,1,0,0,45.0,보통
37.46605102407479,126.90592289308069,0,0,1,0,0,45.0,보통
37.46694933524978,126.90592289308069,0,0,1,0,0,45.0,보통
37.46784764642477,126.90592289308069,0,0,0,0,1,50.0,보통
37.468745957599765,126.90592289308069,0,0,0,0,1,50.0,보통
37.46964426877476,126.90592289308069,0,0,0,0,1,50.0,보통
37.47054257994975,126.90592289308069,0,0,0,0,1,50.0,보통
37.47144089112474,126.90592289308069,0,0,0,0,0,40.0,위험
37.472339202299736,126.90592289308069,0,0,0,0,0,40.0,위험
37.47323751347473,126.90592289308069,0,0,0,0,0,40.0,위험
37.47413582464972,126.90592289308069,0,0,0,0,0,40.0,위험
37.475034135824714,126.90592289308069,0,0,0,0,0,40.0,위험
37.47593244699971,126.90592289308069,0,0,0,0,0,40.0,위험
37.4768307581747,126.90592289308069,0,0,0,0,0,40.0,위험
37.47772906934969,126.90592289308069,0,0,0,0,0,40.0,위험
37.478627380524685,126.90592289308069,0,0,1,0,0,45.0,보통
37.47952569169968,126.90592289308069,0,0,1,0,0,45.0,보통
37.48042400287467,126.90592289308069,4,0,1,2,0,59.0,안전
37.48132231404966,126.90592289308069,4,0,1,2,0,59.0,안전
37.482220625224656,126.90592289308069,4,0,2,1,0,67.0,안전
37.48311893639965,126.90592289308069,4,0,2,2,0,64.0,안전
37.48401724757464,126.90592289308069,4,1,1,2,1,74.0,안전
37.484915558749634,126.90592289308069,4,3,0,0,1,85.0,안전
37.48581386992463,126.90592289308069,4,3,0,0,1,85.0,안전
37.48671218109962,126.90592289308069,4,3,0,0,1,85.0,안전
37.48761049227461,126.90592289308069,0,2,2,0,1,70.0,안전
37.488508803449605,126.90592289308069,0,1,2,0,1,65.0,안전
37.4894071146246,126.90592289308069,0,0,1,0,0,45.0,보통
37.49030542579959,126.90592289308069,0,0,1,0,0,45.0,보통
37.49120373697458,126.90592289308069,0,0,1,0,0,45.0,보통
37.492102048149576,126.90592289308069,0,0,0,0,0,40.0,위험
37.49300035932457,126.90592289308069,0,0,1,0,0,45.0,보통
37.49389867049956,126.90592289308069,0,0,1,0,0,45.0,보통
37.494796981674554,126.90592289308069,0,0,1,0,0,45.0,보통
37.49569529284955,126.90592289308069,0,0,0,0,0,40.0,위험
37.49659360402454,126.90592289308069,0,0,1,0,0,45.0,보통
37.49749191519953,126.90592289308069,0,0,1,0,0,45.0,보통
37.498390226374525,126.90592289308069,0,0,0,0,0,40.0,위험
37.49928853754952,126.90592289308069,0,0,0,0,0,40.0,위험
37.50018684872451,126.90592289308069,0,0,1,0,0,45.0,보통
37.5010851598995,126.90592289308069,0,0,1,0,0,45.0,보통
37.501983471074496,126.90592289308069,0,0,0,0,0,40.0,위험
37.50288178224949,126.90592289308069,0,0,0,0,0,40.0,위험
37.50378009342448,126.90592289308069,0,0,1,0,0,45.0,보통
37.504678404599474,126.90592289308069,0,0,0,0,0,40.0,위험
37.50557671577447,126.90592289308069,0,0,0,0,0,40.0,위험
37.50647502694946,126.90592289308069,0,0,0,0,0,40.0,위험
37.50737333812445,126.90592289308069,0,0,0,0,0,40.0,위험
37.508271649299445,126.90592289308069,0,0,0,0,0,40.0,위험
37.50916996047444,126.90592289308069,0,0,0,0,0,40.0,위험
37.51006827164943,126.90592289308069,0,0,0,0,0,40.0,위험
37.51096658282442,126.90592289308069,0,0,0,0,0,40.0,위험
37.511864893999416,126.90592289308069,0,0,0,0,0,40.0,위험
37.51276320517441,126.90592289308069,0,0,0,0,0,40.0,위험
37.5136615163494,126.90592289308069,0,0,0,0,0,40.0,위험
37.514559827524394,126.90592289308069,0,3,0,0,0,55.0,보통
37.51545813869939,126.90592289308069,0,3,0,0,0,55.0,보통
37.51635644987438,126.90592289308069,0,0,0,0,0,40.0,위험
37.51725476104937,126.90592289308069,0,0,0,0,0,40.0,위험
37.518153072224365,126.90592289308069,0,0,0,0,0,40.0,위험
37.51905138339936,126.90592289308069,0,0,0,0,0,40.0,위험
37.51994969457435,126.90592289308069,0,0,0,0,0,40.0,위험
37.52084800574934,126.90592289308069,0,0,0,0,0,40.0,위험
37.521746316924336,126.90592289308069,0,0,0,0,0,40.0,위험
37.52264462809933,126.90592289308069,0,0,0,0,0,40.0,위험
37.52354293927432,126.90592289308069,0,0,0,0,0,40.0,위험
37.524441250449314,126.90592289308069,0,0,0,0,0,40.0,위험
37.52533956162431,126.90592289308069,0,0,0,0,0,40.0,위험
37.44,126.90705473494936,0,0,0,0,0,40.0,위험
37.44089831117499,126.90705473494936,0,0,0,0,0,40.0,위험
37.44179662234998,126.90705473494936,0,0,0,0,0,40.0,위험
37.442694933524976,126.90705473494936,0,0,0,0,0,40.0,위험
37.44359324469997,126.90705473494936,0,0,0,0,0,40.0,위험
37.44449155587496,126.90705473494936,0,0,0,0,0,40.0,위험
37.445389867049954,126.90705473494936,0,0,0,0,0,40.0,위험
37.44628817822495,126.90705473494936,0,0,0,0,0,40.0,위험
37.44718648939994,126.90705473494936,0,0,0,0,0,40.0,위험
37.44808480057493,126.90705473494936,0,0,0,0,0,40.0,위험
37.448983111749925,126.90705473494936,0,0,0,0,0,40.0,위험
37.44988142292492,126.90705473494936,0,0,1,0,0,45.0,보통
37.45077973409991,126.90705473494936,0,0,0,0,0,40.0,위험
37.4516780452749,126.90705473494936,0,0,0,0,0,40.0,위험
37.452576356449896,126.90705473494936,0,0,1,0,0,45.0,보통
37.45347466762489,126.90705473494936,0,0,1,0,0,45.0,보통
37.45437297879988,126.90705473494936,0,0,1,0,1,55.0,보통
37.455271289974874,126.90705473494936,0,0,2,0,1,60.0,안전
37.45616960114987,126.90705473494936,0,0,1,0,1,55.0,보통
37.45706791232486,126.90705473494936,0,0,1,0,0,45.0,보통
37.45796622349985,126.90705473494936,0,0,0,0,0,40.0,위험
37.458864534674845,126.90705473494936,0,0,0,0,0,40.0,위험
37.45976284584984,126.90705473494936,0,0,0,0,0,40.0,위험
37.46066115702483,126.90705473494936,0,0,1,0,0,45.0,보통
37.46155946819982,126.90705473494936,0,0,1,0,0,45.0,보통
37.462457779374816,126.90705473494936,0,0,0,0,0,40.0,위험
37.46335609054981,126.90705473494936,0,0,0,0,0,40.0,위험
37.4642544017248,126.90705473494936,0,0,1,0,0,45.0,보통
37.465152712899794,126.90705473494936,0,0,1,0,0,45.0,보통
37.46605102407479,126.90705473494936,0,0,0,0,0,40.0,위험
37.46694933524978,126.90705473494936,0,0,0,0,0,40.0,위험
37.46784764642477,126.90705473494936,0,0,0,0,0,40.0,위험
37.468745957599765,126.90705473494936,0,0,0,0,0,40.0,위험
37.46964426877476,126.90705473494936,0,0,0,0,0,40.0,위험
37.47054257994975,126.90705473494936,0,0,0,0,0,40.0,위험
37.47144089112474,126.90705473494936,0,0,0,0,0,40.0,위험
37.472339202299736,126.90705473494936,0,0,0,0,0,40.0,위험
37.47323751347473,126.90705473494936,0,0,0,0,0,40.0,위험
37.47413582464972,126.90705473494936,0,0,0,0,0,40.0,위험
37.475034135824714,126.90705473494936,0,0,0,0,0,40.0,위험
37.47593244699971,126.90705473494936,0,0,0,0,0,40.0,위험
37.4768307581747,126.90705473494936,0,0,1,0,0,45.0,보통
37.47772906934969,126.90705473494936,0,0,1,0,0,45.0,보통
37.478627380524685,126.90705473494936,0,0,0,0,0,40.0,위험
37.47952569169968,126.90705473494936,0,0,2,0,0,50.0,보통
37.48042400287467,126.90705473494936,0,0,1,0,0,45.0,보통
37.48132231404966,126.90705473494936,3,0,2,0,0,65.0,안전
37.482220625224656,126.90705473494936,4,0,1,0,0,65.0,안전
37.48311893639965,126.90705473494936,4,0,1,2,0,59.0,안전
37.48401724757464,126.90705473494936,4,0,0,0,0,60.0,안전
37.484915558749634,126.90705473494936,4,3,0,0,1,85.0,안전
37.48581386992463,126.90705473494936,4,3,1,0,1,90.0,안전
37.48671218109962,126.90705473494936,4,3,1,0,1,90.0,안전
37.48761049227461,126.90705473494936,0,1,2,0,1,65.0,안전
37.488508803449605,126.90705473494936,4,3,1,0,1,90.0,안전
37.4894071146246,126.90705473494936,0,3,0,0,0,55.0,보통
37.49030542579959,126.90705473494936,0,1,2,0,0,55.0,보통
37.49120373697458,126.90705473494936,0,0,1,0,0,45.0,보통
37.492102048149576,126.90705473494936,0,0,0,0,0,40.0,위험
37.49300035932457,126.90705473494936,0,0,1,0,0,45.0,보통
37.49389867049956,126.90705473494936,0,0,0,0,0,40.0,위험
37.494796981674554,126.90705473494936,0,0,0,0,0,40.0,위험
37.49569529284955,126.90705473494936,0,0,1,0,0,45.0,보통
37.49659360402454,126.90705473494936,0,0,1,0,0,45.0,보통
37.49749191519953,126.90705473494936,0,0,1,0,0,45.0,보통
37.498390226374525,126.90705473494936,0,0,0,0,0,40.0,위험
37.49928853754952,126.90705473494936,0,0,0,0,0,40.0,위험
37.50018684872451,126.90705473494936,0,0,0,0,0,40.0,위험
37.5010851598995,126.90705473494936,0,0,0,0,0,40.0,위험
37.501983471074496,126.90705473494936,0,0,0,0,0,40.0,위험
37.50288178224949,126.90705473494936,0,0,1,0,0,45.0,보통
37.50378009342448,126.90705473494936,0,0,1,0,0,45.0,보통
37.504678404599474,126.90705473494936,0,0,0,0,0,40.0,위험
37.50557671577447,126.90705473494936,0,0,0,0,0,40.0,위험
37.50647502694946,126.90705473494936,0,0,0,0,0,40.0,위험
37.50737333812445,126.90705473494936,0,0,0,0,0,40.0,위험
37.508271649299445,126.90705473494936,0,0,0,0,0,40.0,위험
37.50916996047444,126.90705473494936,0,0,0,0,0,40.0,위험
37.51006827164943,126.90705473494936,0,0,0,0,0,40.0,위험
37.51096658282442,126.90705473494936,0,0,0,0,0,40.0,위험
37.511864893999416,126.90705473494936,0,0,0,0,0,40.0,위험
37.51276320517441,126.90705473494936,0,0,0,0,0,40.0,위험
37.5136615163494,126.90705473494936,0,0,0,0,0,40.0,위험
37.514559827524394,126.90705473494936,0,3,0,0,0,55.0,보통
37.51545813869939,126.90705473494936,0,3,0,0,0,55.0,보통
37.51635644987438,126.90705473494936,0,0,0,0,0,40.0,위험
37.51725476104937,126.90705473494936,0,0,0,0,0,40.0,위험
37.518153072224365,126.90705473494936,0,0,0,0,0,40.0,위험
37.51905138339936,126.90705473494936,0,0,0,0,0,40.0,위험
37.51994969457435,126.90705473494936,0,0,0,0,0,40.0,위험
37.52084800574934,126.90705473494936,0,0,0,0,0,40.0,위험
37.521746316924336,126.90705473494936,0,0,0,0,0,40.0,위험
37.52264462809933,126.90705473494936,0,0,0,0,0,40.0,위험
37.52354293927432,126.90705473494936,0,0,0,0,0,40.0,위험
37.524441250449314,126.90705473494936,0,0,0,0,0,40.0,위험
37.52533956162431,126.90705473494936,0,0,0,0,0,40.0,위험
37.44,126.90818657681803,0,0,0,0,0,40.0,위험
37.44089831117499,126.90818657681803,0,0,0,0,0,40.0,위험
37.44179662234998,126.90818657681803,0,0,0,0,0,40.0,위험
37.442694933524976,126.90818657681803,0,0,0,0,0,40.0,위험
37.44359324469997,126.90818657681803,0,0,0,0,0,40.0,위험
37.44449155587496,126.90818657681803,0,0,0,0,0,40.0,위험
37.445389867049954,126.90818657681803,0,0,0,0,0,40.0,위험
37.44628817822495,126.90818657681803,0,0,0,0,0,40.0,위험
37.44718648939994,126.90818657681803,0,0,0,0,0,40.0,위험
37.44808480057493,126.90818657681803,0,0,0,0,0,40.0,위험
37.448983111749925,126.90818657681803,0,0,1,0,0,45.0,보통
37.44988142292492,126.90818657681803,0,0,2,0,0,50.0,보통
37.45077973409991,126.90818657681803,0,0,2,0,0,50.0,보통
37.4516780452749,126.90818657681803,0,0,1,0,0,45.0,보통
37.452576356449896,126.90818657681803,0,0,1,0,0,45.0,보통
37.45347466762489,126.90818657681803,0,0,1,0,0,45.0,보통
37.45437297879988,126.90818657681803,0,0,1,0,0,45.0,보통
37.455271289974874,126.90818657681803,0,0,0,0,0,40.0,위험
37.45616960114987,126.90818657681803,0,0,0,0,0,40.0,위험
37.45706791232486,126.90818657681803,0,0,0,0,0,40.0,위험
37.45796622349985,126.90818657681803,0,0,0,0,0,40.0,위험
37.458864534674845,126.90818657681803,0,0,0,0,0,40.0,위험
37.45976284584984,126.90818657681803,0,0,0,0,0,40.0,위험
37.46066115702483,126.90818657681803,0,0,1,0,0,45.0,보통
37.46155946819982,126.90818657681803,0,0,1,0,0,45.0,보통
37.462457779374816,126.90818657681803,0,0,0,0,0,40.0,위험
37.46335609054981,126.90818657681803,0,0,0,0,0,40.0,위험
37.4642544017248,126.90818657681803,0,0,0,0,0,40.0,위험
37.465152712899794,126.90818657681803,0,0,0,0,0,40.0,위험
37.46605102407479,126.90818657681803,0,0,0,0,0,40.0,위험
37.46694933524978,126.90818657681803,0,0,0,0,0,40.0,위험
37.46784764642477,126.90818657681803,0,0,0,0,0,40.0,위험
37.468745957599765,126.90818657681803,0,0,0,0,0,40.0,위험
37.46964426877476,126.90818657681803,0,0,0,0,0,40.0,위험
37.47054257994975,126.90818657681803,0,0,0,0,0,40.0,위험
37.47144089112474,126.90818657681803,0,0,0,0,0,40.0,위험
37.472339202299736,126.90818657681803,0,0,0,0,0,40.0,위험
37.47323751347473,126.90818657681803,0,0,0,0,0,40.0,위험
37.47413582464972,126.90818657681803,0,0,0,0,0,40.0,위험
37.475034135824714,126.90818657681803,0,0,0,0,0,40.0,위험
37.47593244699971,126.90818657681803,0,0,0,0,0,40.0,위험
37.4768307581747,126.90818657681803,0,0,2,0,0,50.0,보통
37.47772906934969,126.90818657681803,0,0,2,0,0,50.0,보통
37.478627380524685,126.90818657681803,0,0,0,0,0,40.0,위험
37.47952569169968,126.90818657681803,0,0,1,0,0,45.0,보통
37.48042400287467,126.90818657681803,0,0,0,1,0,37.0,위험
37.48132231404966,126.90818657681803,1,0,1,1,0,47.0,보통
37.482220625224656,126.90818657681803,4,0,1,0,0,65.0,안전
37.48311893639965,126.90818657681803,4,0,1,0,0,65.0,안전
37.48401724757464,126.90818657681803,4,0,1,0,0,65.0,안전
37.484915558749634,126.90818657681803,4,3,0,0,1,85.0,안전
37.48581386992463,126.90818657681803,4,3,1,0,1,90.0,안전
37.48671218109962,126.90818657681803,4,3,2,0,1,95.0,안전
37.48761049227461,126.90818657681803,4,3,0,0,1,85.0,안전
37.488508803449605,126.90818657681803,4,3,2,0,1,95.0,안전
37.4894071146246,126.90818657681803,4,3,0,0,0,75.0,안전
37.49030542579959,126.90818657681803,4,3,2,0,0,85.0,안전
37.49120373697458,126.90818657681803,4,3,2,0,0,85.0,안전
37.492102048149576,126.90818657681803,0,0,1,0,0,45.0,보통
37.49300035932457,126.90818657681803,0,0,1,0,0,45.0,보통
37.49389867049956,126.90818657681803,0,0,1,0,0,45.0,보통
37.494796981674554,126.90818657681803,0,0,1,0,0,45.0,보통
37.49569529284955,126.90818657681803,0,0,1,0,0,45.0,보통
37.49659360402454,126.90818657681803,0,0,1,0,0,45.0,보통
37.49749191519953,126.90818657681803,0,0,0,0,0,40.0,위험
37.498390226374525,126.90818657681803,0,0,0,0,0,40.0,위험
37.49928853754952,126.90818657681803,0,0,1,0,0,45.0,보통
37.50018684872451,126.90818657681803,0,0,1,0,0,45.0,보통
37.5010851598995,126.90818657681803,0,0,0,0,0,40.0,위험
37.501983471074496,126.90818657681803,0,0,0,0,0,40.0,위험
37.50288178224949,126.90818657681803,0,0,0,0,0,40.0,위험
37.50378009342448,126.90818657681803,0,0,0,0,0,40.0,위험
37.504678404599474,126.90818657681803,0,0,0,0,0,40.0,위험
37.50557671577447,126.90818657681803,0,0,0,0,0,40.0,위험
37.50647502694946,126.90818657681803,0,0,0,0,0,40.0,위험
37.50737333812445,126.90818657681803,0,0,0,0,0,40.0,위험
37.508271649299445,126.90818657681803,0,0,0,0,0,40.0,위험
37.50916996047444,126.90818657681803,0,0,0,0,0,40.0,위험
37.51006827164943,126.90818657681803,0,0,0,0,0,40.0,위험
37.51096658282442,126.90818657681803,0,0,0,0,0,40.0,위험
37.511864893999416,126.90818657681803,0,0,0,0,0,40.0,위험
37.51276320517441,126.90818657681803,0,0,0,0,0,40.0,위험
37.5136615163494,126.90818657681803,0,3,0,0,0,55.0,보통
37.514559827524394,126.90818657681803,0,3,0,0,0,55.0,보통
37.51545813869939,126.90818657681803,0,0,0,0,0,40.0,위험
37.51635644987438,126.90818657681803,0,0,0,0,0,40.0,위험
37.51725476104937,126.90818657681803,0,0,0,0,0,40.0,위험
37.518153072224365,126.90818657681803,0,0,0,0,0,40.0,위험
37.51905138339936,126.90818657681803,0,0,0,0,0,40.0,위험
37.51994969457435,126.90818657681803,0,0,0,0,0,40.0,위험
37.52084800574934,126.90818657681803,0,0,0,0,0,40.0,위험
37.521746316924336,126.90818657681803,0,0,0,0,0,40.0,위험
37.52264462809933,126.90818657681803,0,0,0,0,0,40.0,위험
37.52354293927432,126.90818657681803,0,0,0,0,0,40.0,위험
37.524441250449314,126.90818657681803,0,0,0,0,0,40.0,위험
37.52533956162431,126.90818657681803,0,0,0,0,0,40.0,위험
37.44,126.9093184186867,0,0,0,0,0,40.0,위험
37.44089831117499,126.9093184186867,0,0,0,0,0,40.0,위험
37.44179662234998,126.9093184186867,0,0,0,0,0,40.0,위험
37.442694933524976,126.9093184186867,0,0,0,0,0,40.0,위험
37.44359324469997,126.9093184186867,0,0,0,0,0,40.0,위험
37.44449155587496,126.9093184186867,0,0,0,0,0,40.0,위험
37.445389867049954,126.9093184186867,0,0,0,0,0,40.0,위험
37.44628817822495,126.9093184186867,0,0,0,0,0,40.0,위험
37.44718648939994,126.9093184186867,0,0,1,0,0,45.0,보통
37.44808480057493,126.9093184186867,0,0,2,0,0,50.0,보통
37.448983111749925,126.9093184186867,0,0,2,0,0,50.0,보통
37.44988142292492,126.9093184186867,0,0,1,0,0,45.0,보통
37.45077973409991,126.9093184186867,0,0,2,0,1,60.0,안전
37.4516780452749,126.9093184186867,0,0,2,0,1,60.0,안전
37.452576356449896,126.9093184186867,0,0,1,0,0,45.0,보통
37.45347466762489,126.9093184186867,0,0,0,0,0,40.0,위험
37.45437297879988,126.9093184186867,0,0,0,0,0,40.0,위험
37.455271289974874,126.9093184186867,0,0,0,0,0,40.0,위험
37.45616960114987,126.9093184186867,0,0,0,0,0,40.0,위험
37.45706791232486,126.9093184186867,0,0,0,0,0,40.0,위험
37.45796622349985,126.9093184186867,0,0,0,0,0,40.0,위험
37.458864534674845,126.9093184186867,0,0,0,0,0,40.0,위험
37.45976284584984,126.9093184186867,0,0,0,0,0,40.0,위험
37.46066115702483,126.9093184186867,0,0,0,0,0,40.0,위험
37.46155946819982,126.9093184186867,0,0,2,0,0,50.0,보통
37.462457779374816,126.9093184186867,0,0,2,0,0,50.0,보통
37.46335609054981,126.9093184186867,0,0,0,0,0,40.0,위험
37.4642544017248,126.9093184186867,0,0,0,0,0,40.0,위험
37.465152712899794,126.9093184186867,0,0,0,0,0,40.0,위험
37.46605102407479,126.9093184186867,0,0,0,0,0,40.0,위험
37.46694933524978,126.9093184186867,0,0,0,0,0,40.0,위험
37.46784764642477,126.9093184186867,0,0,0,0,0,40.0,위험
37.468745957599765,126.9093184186867,0,0,0,0,0,40.0,위험
37.46964426877476,126.9093184186867,0,0,0,0,0,40.0,위험
37.47054257994975,126.9093184186867,0,0,0,0,0,40.0,위험
37.47144089112474,126.9093184186867,0,0,0,0,0,40.0,위험
37.472339202299736,126.9093184186867,0,0,0,0,0,40.0,위험
37.47323751347473,126.9093184186867,0,0,0,0,0,40.0,위험
37.47413582464972,126.9093184186867,0,0,0,0,0,40.0,위험
37.475034135824714,126.9093184186867,0,0,0,0,0,40.0,위험
37.47593244699971,126.9093184186867,0,0,0,0,0,40.0,위험
37.4768307581747,126.9093184186867,0,0,1,0,0,45.0,보통
37.47772906934969,126.9093184186867,0,0,1,0,0,45.0,보통
37.478627380524685,126.9093184186867,0,0,0,0,0,40.0,위험
37.47952569169968,126.9093184186867,1,0,1,0,0,50.0,보통
37.48042400287467,126.9093184186867,4,0,1,1,0,62.0,안전
37.48132231404966,126.9093184186867,4,0,0,1,0,57.0,안전
37.482220625224656,126.9093184186867,4,0,1,0,0,65.0,안전
37.48311893639965,126.9093184186867,4,0,2,0,0,70.0,안전
37.48401724757464,126.9093184186867,4,0,1,0,0,65.0,안전
37.484915558749634,126.9093184186867,4,2,1,0,0,75.0,안전
37.48581386992463,126.9093184186867,4,3,1,0,0,80.0,안전
37.48671218109962,126.9093184186867,4,3,1,0,1,90.0,안전
37.48761049227461,126.9093184186867,4,3,2,0,0,85.0,안전
37.488508803449605,126.9093184186867,4,3,1,0,0,80.0,안전
37.4894071146246,126.9093184186867,4,3,0,0,0,75.0,안전
37.49030542579959,126.9093184186867,4,3,0,0,0,75.0,안전
37.49120373697458,126.9093184186867,4,3,1,0,0,80.0,안전
37.492102048149576,126.9093184186867,0,3,1,0,0,60.0,안전
37.49300035932457,126.9093184186867,0,1,1,0,0,50.0,보통
37.49389867049956,126.9093184186867,0,0,1,0,0,45.0,보통
37.494796981674554,126.9093184186867,0,0,0,0,0,40.0,위험
37.49569529284955,126.9093184186867,0,0,1,0,0,45.0,보통
37.49659360402454,126.9093184186867,0,0,2,0,0,50.0,보통
37.49749191519953,126.9093184186867,0,0,0,0,0,40.0,위험
37.498390226374525,126.9093184186867,0,0,1,0,0,45.0,보통
37.49928853754952,126.9093184186867,0,0,2,0,0,50.0,보통
37.50018684872451,126.9093184186867,0,0,2,0,0,50.0,보통
37.5010851598995,126.9093184186867,0,0,1,0,0,45.0,보통
37.501983471074496,126.9093184186867,0,0,0,0,0,40.0,위험
37.50288178224949,126.9093184186867,0,0,0,0,0,40.0,위험
37.50378009342448,126.9093184186867,0,0,0,0,0,40.0,위험
37.504678404599474,126.9093184186867,0,0,0,0,0,40.0,위험
37.50557671577447,126.9093184186867,0,0,0,0,0,40.0,위험
37.50647502694946,126.9093184186867,0,0,0,0,0,40.0,위험
37.50737333812445,126.9093184186867,0,0,0,0,0,40.0,위험
37.508271649299445,126.9093184186867,0,0,0,0,0,40.0,위험
37.50916996047444,126.9093184186867,0,0,0,0,0,40.0,위험
37.51006827164943,126.9093184186867,0,0,0,0,0,40.0,위험
37.51096658282442,126.9093184186867,0,0,0,0,0,40.0,위험
37.511864893999416,126.9093184186867,0,0,0,0,0,40.0,위험
37.51276320517441,126.9093184186867,0,0,0,0,0,40.0,위험
37.5136615163494,126.9093184186867,0,2,0,0,0,50.0,보통
37.514559827524394,126.9093184186867,0,0,0,0,0,40.0,위험
37.51545813869939,126.9093184186867,0,0,0,0,0,40.0,위험
37.51635644987438,126.9093184186867,0,0,0,0,0,40.0,위험
37.51725476104937,126.9093184186867,0,0,0,0,0,40.0,위험
37.518153072224365,126.9093184186867,0,0,0,0,0,40.0,위험
37.51905138339936,126.9093184186867,0,0,0,0,0,40.0,위험
37.51994969457435,126.9093184186867,0,0,0,0,0,40.0,위험
37.52084800574934,126.9093184186867,0,0,0,0,0,40.0,위험
37.521746316924336,126.9093184186867,0,0,0,0,0,40.0,위험
37.52264462809933,126.9093184186867,0,0,0,0,0,40.0,위험
37.52354293927432,126.9093184186867,0,0,0,0,0,40.0,위험
37.524441250449314,126.9093184186867,0,0,0,0,0,40.0,위험
37.52533956162431,126.9093184186867,0,0,0,0,0,40.0,위험
37.44,126.91045026055536,0,0,0,0,0,40.0,위험
37.44089831117499,126.91045026055536,0,0,0,0,0,40.0,위험
37.44179662234998,126.91045026055536,0,0,0,0,0,40.0,위험
37.442694933524976,126.91045026055536,0,0,0,0,0,40.0,위험
37.44359324469997,126.91045026055536,0,0,0,0,0,40.0,위험
37.44449155587496,126.91045026055536,0,0,0,0,0,40.0,위험
37.445389867049954,126.91045026055536,0,0,0,0,0,40.0,위험
37.44628817822495,126.91045026055536,0,0,0,0,0,40.0,위험
37.44718648939994,126.91045026055536,0,0,0,0,0,40.0,위험
37.44808480057493,126.91045026055536,0,0,0,0,0,40.0,위험
37.448983111749925,126.91045026055536,0,0,1,0,0,45.0,보통
37.44988142292492,126.91045026055536,0,0,1,0,1,55.0,보통
37.45077973409991,126.91045026055536,0,0,1,0,1,55.0,보통
37.4516780452749,126.91045026055536,0,0,0,0,1,50.0,보통
37.452576356449896,126.91045026055536,0,0,0,0,1,50.0,보통
37.45347466762489,126.91045026055536,0,0,1,0,0,45.0,보통
37.45437297879988,126.91045026055536,0,0,0,0,0,40.0,위험
37.455271289974874,126.91045026055536,0,0,0,0,0,40.0,위험
37.45616960114987,126.91045026055536,0,0,0,0,0,40.0,위험
37.45706791232486,126.91045026055536,0,0,0,0,0,40.0,위험
37.45796622349985,126.91045026055536,0,0,0,0,0,40.0,위험
37.458864534674845,126.91045026055536,0,0,0,0,0,40.0,위험
37.45976284584984,126.91045026055536,0,0,0,0,0,40.0,위험
37.46066115702483,126.91045026055536,0,0,1,0,0,45.0,보통
37.46155946819982,126.91045026055536,0,0,2,0,0,50.0,보통
37.462457779374816,126.91045026055536,0,0,2,0,0,50.0,보통
37.46335609054981,126.91045026055536,0,0,0,0,0,40.0,위험
37.4642544017248,126.91045026055536,0,0,0,0,0,40.0,위험
37.465152712899794,126.91045026055536,0,0,0,0,0,40.0,위험
37.46605102407479,126.91045026055536,0,0,0,0,0,40.0,위험
37.46694933524978,126.91045026055536,0,0,0,0,0,40.0,위험
37.46784764642477,126.91045026055536,0,0,0,0,0,40.0,위험
37.468745957599765,126.91045026055536,4,0,0,0,0,60.0,안전
37.46964426877476,126.91045026055536,4,0,0,0,0,60.0,안전
37.47054257994975,126.91045026055536,4,0,0,0,0,60.0,안전
37.47144089112474,126.91045026055536,4,0,0,0,0,60.0,안전
37.472339202299736,126.91045026055536,1,0,0,0,0,45.0,보통
37.47323751347473,126.91045026055536,0,0,0,0,0,40.0,위험
37.47413582464972,126.91045026055536,0,0,0,0,0,40.0,위험
37.475034135824714,126.91045026055536,0,0,0,0,0,40.0,위험
37.47593244699971,126.91045026055536,0,0,0,0,0,40.0,위험
37.4768307581747,126.91045026055536,0,0,0,0,0,40.0,위험
37.47772906934969,126.91045026055536,0,0,0,0,0,40.0,위험
37.478627380524685,126.91045026055536,0,0,0,0,0,40.0,위험
37.47952569169968,126.91045026055536,4,0,1,0,0,65.0,안전
37.48042400287467,126.91045026055536,4,0,2,0,0,70.0,안전
37.48132231404966,126.91045026055536,4,0,1,0,0,65.0,안전
37.482220625224656,126.91045026055536,4,0,1,0,0,65.0,안전
37.48311893639965,126.91045026055536,4,0,0,0,0,60.0,안전
37.48401724757464,126.91045026055536,4,0,1,0,0,65.0,안전
37.484915558749634,126.91045026055536,4,0,2,0,0,70.0,안전
37.48581386992463,126.91045026055536,4,3,1,0,0,80.0,안전
37.48671218109962,126.91045026055536,4,3,0,0,0,75.0,안전
37.48761049227461,126.91045026055536,4,3,1,0,0,80.0,안전
37.488508803449605,126.91045026055536,4,3,1,0,0,80.0,안전
37.4894071146246,126.91045026055536,4,3,1,0,0,80.0,안전
37.49030542579959,126.91045026055536,4,3,0,0,0,75.0,안전
37.49120373697458,126.91045026055536,0,3,0,0,0,55.0,보통
37.492102048149576,126.91045026055536,0,3,0,0,0,55.0,보통
37.49300035932457,126.91045026055536,0,3,0,0,0,55.0,보통
37.49389867049956,126.91045026055536,0,3,0,0,0,55.0,보통
37.494796981674554,126.91045026055536,0,1,1,0,0,50.0,보통
37.49569529284955,126.91045026055536,0,0,1,0,0,45.0,보통
37.49659360402454,126.91045026055536,0,0,0,0,0,40.0,위험
37.49749191519953,126.91045026055536,0,0,0,0,0,40.0,위험
37.498390226374525,126.91045026055536,0,0,1,0,0,45.0,보통
37.49928853754952,126.91045026055536,0,0,2,0,0,50.0,보통
37.50018684872451,126.91045026055536,0,0,2,0,0,50.0,보통
37.5010851598995,126.91045026055536,0,0,1,0,0,45.0,보통
37.501983471074496,126.91045026055536,0,0,0,0,0,40.0,위험
37.50288178224949,126.91045026055536,0,0,0,0,0,40.0,위험
37.50378009342448,126.91045026055536,0,0,0,0,0,40.0,위험
37.504678404599474,126.91045026055536,0,0,0,0,0,40.0,위험
37.50557671577447,126.91045026055536,0,0,0,0,0,40.0,위험
37.50647502694946,126.91045026055536,0,0,0,0,0,40.0,위험
37.50737333812445,126.91045026055536,0,0,0,0,0,40.0,위험
37.508271649299445,126.91045026055536,0,0,0,0,0,40.0,위험
37.50916996047444,126.91045026055536,0,0,0,0,0,40.0,위험
37.51006827164943,126.91045026055536,0,0,0,0,0,40.0,위험
37.51096658282442,126.91045026055536,0,0,0,0,0,40.0,위험
37.511864893999416,126.91045026055536,0,0,0,0,0,40.0,위험
37.51276320517441,126.91045026055536,0,0,0,0,0,40.0,위험
37.5136615163494,126.91045026055536,0,0,0,0,0,40.0,위험
37.514559827524394,126.91045026055536,0,0,0,0,0,40.0,위험
37.51545813869939,126.91045026055536,0,0,0,0,0,40.0,위험
37.51635644987438,126.91045026055536,0,0,0,0,0,40.0,위험
37.51725476104937,126.91045026055536,0,2,0,0,0,50.0,보통
37.518153072224365,126.91045026055536,0,3,0,0,0,55.0,보통
37.51905138339936,126.91045026055536,0,0,0,0,0,40.0,위험
37.51994969457435,126.91045026055536,0,0,0,0,0,40.0,위험
37.52084800574934,126.91045026055536,0,0,0,0,0,40.0,위험
37.521746316924336,126.91045026055536,0,0,0,0,0,40.0,위험
37.52264462809933,126.91045026055536,0,0,0,0,0,40.0,위험
37.52354293927432,126.91045026055536,0,0,0,0,0,40.0,위험
37.524441250449314,126.91045026055536,0,0,0,0,0,40.0,위험
37.52533956162431,126.91045026055536,0,3,0,0,0,55.0,보통
37.44,126.91158210242403,0,0,0,0,0,40.0,위험
37.44089831117499,126.91158210242403,0,0,0,0,0,40.0,위험
37.44179662234998,126.91158210242403,0,0,0,0,0,40.0,위험
37.442694933524976,126.91158210242403,0,0,0,0,0,40.0,위험
37.44359324469997,126.91158210242403,0,0,0,0,0,40.0,위험
37.44449155587496,126.91158210242403,0,0,0,0,0,40.0,위험
37.445389867049954,126.91158210242403,0,0,0,0,0,40.0,위험
37.44628817822495,126.91158210242403,0,0,0,0,0,40.0,위험
37.44718648939994,126.91158210242403,0,0,0,0,0,40.0,위험
37.44808480057493,126.91158210242403,0,0,0,0,0,40.0,위험
37.448983111749925,126.91158210242403,0,0,0,0,1,50.0,보통
37.44988142292492,126.91158210242403,0,0,1,0,1,55.0,보통
37.45077973409991,126.91158210242403,0,0,2,0,1,60.0,안전
37.4516780452749,126.91158210242403,0,0,1,0,1,55.0,보통
37.452576356449896,126.91158210242403,0,0,1,0,1,55.0,보통
37.45347466762489,126.91158210242403,0,0,1,0,1,55.0,보통
37.45437297879988,126.91158210242403,0,0,0,0,0,40.0,위험
37.455271289974874,126.91158210242403,0,0,0,0,0,40.0,위험
37.45616960114987,126.91158210242403,0,0,0,0,0,40.0,위험
37.45706791232486,126.91158210242403,0,0,0,0,0,40.0,위험
37.45796622349985,126.91158210242403,0,0,0,0,0,40.0,위험
37.458864534674845,126.91158210242403,0,0,0,0,0,40.0,위험
37.45976284584984,126.91158210242403,0,0,0,0,0,40.0,위험
37.46066115702483,126.91158210242403,0,0,1,0,0,45.0,보통
37.46155946819982,126.91158210242403,0,0,0,0,0,40.0,위험
37.462457779374816,126.91158210242403,0,0,0,0,0,40.0,위험
37.46335609054981,126.91158210242403,0,0,0,0,0,40.0,위험
37.4642544017248,126.91158210242403,0,0,0,0,0,40.0,위험
37.465152712899794,126.91158210242403,0,0,0,0,0,40.0,위험
37.46605102407479,126.91158210242403,0,0,0,0,0,40.0,위험
37.46694933524978,126.91158210242403,0,0,0,0,0,40.0,위험
37.46784764642477,126.91158210242403,2,0,0,0,0,50.0,보통
37.468745957599765,126.91158210242403,4,0,0,0,0,60.0,안전
37.46964426877476,126.91158210242403,4,0,0,0,0,60.0,안전
37.47054257994975,126.91158210242403,3,0,0,0,0,55.0,보통
37.47144089112474,126.91158210242403,4,0,0,0,0,60.0,안전
37.472339202299736,126.91158210242403,4,0,0,0,0,60.0,안전
37.47323751347473,126.91158210242403,4,0,0,0,0,60.0,안전
37.47413582464972,126.91158210242403,4,0,0,0,0,60.0,안전
37.475034135824714,126.91158210242403,0,0,0,0,0,40.0,위험
37.47593244699971,126.91158210242403,0,0,0,0,0,40.0,위험
37.4768307581747,126.91158210242403,4,0,0,0,0,60.0,안전
37.47772906934969,126.91158210242403,4,0,0,0,0,60.0,안전
37.478627380524685,126.91158210242403,0,0,0,0,0,40.0,위험
37.47952569169968,126.91158210242403,4,0,1,0,0,65.0,안전
37.48042400287467,126.91158210242403,4,0,2,0,0,70.0,안전
37.48132231404966,126.91158210242403,4,0,2,0,0,70.0,안전
37.482220625224656,126.91158210242403,4,0,1,0,0,65.0,안전
37.48311893639965,126.91158210242403,4,0,1,0,0,65.0,안전
37.48401724757464,126.91158210242403,4,0,2,0,0,70.0,안전
37.484915558749634,126.91158210242403,4,0,2,0,0,70.0,안전
37.48581386992463,126.91158210242403,4,3,2,0,1,95.0,안전
37.48671218109962,126.91158210242403,4,3,1,0,1,90.0,안전
37.48761049227461,126.91158210242403,4,3,1,0,1,90.0,안전
37.488508803449605,126.91158210242403,4,3,0,0,1,85.0,안전
37.4894071146246,126.91158210242403,4,3,1,0,0,80.0,안전
37.49030542579959,126.91158210242403,4,3,0,0,0,75.0,안전
37.49120373697458,126.91158210242403,0,3,0,0,0,55.0,보통
37.492102048149576,126.91158210242403,0,1,0,0,0,45.0,보통
37.49300035932457,126.91158210242403,0,1,0,0,0,45.0,보통
37.49389867049956,126.91158210242403,0,3,1,0,0,60.0,안전
37.494796981674554,126.91158210242403,2,3,1,0,0,70.0,안전
37.49569529284955,126.91158210242403,0,3,0,0,0,55.0,보통
37.49659360402454,126.91158210242403,0,0,0,0,0,40.0,위험
37.49749191519953,126.91158210242403,0,0,0,0,0,40.0,위험
37.498390226374525,126.91158210242403,0,0,0,0,0,40.0,위험
37.49928853754952,126.91158210242403,0,0,1,0,0,45.0,보통
37.50018684872451,126.91158210242403,0,0,0,0,0,40.0,위험
37.5010851598995,126.91158210242403,0,0,0,0,0,40.0,위험
37.501983471074496,126.91158210242403,0,0,0,0,0,40.0,위험
37.50288178224949,126.91158210242403,0,0,0,0,0,40.0,위험
37.50378009342448,126.91158210242403,0,0,0,0,0,40.0,위험
37.504678404599474,126.91158210242403,0,0,0,0,0,40.0,위험
37.50557671577447,126.91158210242403,0,0,0,0,0,40.0,위험
37.50647502694946,126.91158210242403,0,0,0,0,0,40.0,위험
37.50737333812445,126.91158210242403,0,0,0,0,0,40.0,위험
37.508271649299445,126.91158210242403,0,0,0,0,0,40.0,위험
37.50916996047444,126.91158210242403,0,0,0,0,0,40.0,위험
37.51006827164943,126.91158210242403,0,0,0,0,0,40.0,위험
37.51096658282442,126.91158210242403,0,0,0,0,0,40.0,위험
37.511864893999416,126.91158210242403,0,0,0,0,0,40.0,위험
37.51276320517441,126.91158210242403,0,0,0,0,0,40.0,위험
37.5136615163494,126.91158210242403,0,0,0,0,0,40.0,위험
37.514559827524394,126.91158210242403,0,0,0,0,0,40.0,위험
37.51545813869939,126.91158210242403,0,1,0,0,0,45.0,보통
37.51635644987438,126.91158210242403,0,3,0,0,0,55.0,보통
37.51725476104937,126.91158210242403,0,3,0,0,0,55.0,보통
37.518153072224365,126.91158210242403,0,3,0,0,0,55.0,보통
37.51905138339936,126.91158210242403,0,0,0,0,0,40.0,위험
37.51994969457435,126.91158210242403,0,0,0,0,0,40.0,위험
37.52084800574934,126.91158210242403,0,0,0,0,0,40.0,위험
37.521746316924336,126.91158210242403,0,0,0,0,0,40.0,위험
37.52264462809933,126.91158210242403,0,0,0,0,0,40.0,위험
37.52354293927432,126.91158210242403,0,1,0,0,0,45.0,보통
37.524441250449314,126.91158210242403,0,3,0,0,0,55.0,보통
37.52533956162431,126.91158210242403,0,3,0,0,0,55.0,보통
37.44,126.9127139442927,0,0,0,0,0,40.0,위험
37.44089831117499,126.9127139442927,0,0,0,0,0,40.0,위험
37.44179662234998,126.9127139442927,0,0,0,0,0,40.0,위험
37.442694933524976,126.9127139442927,0,0,0,0,0,40.0,위험
37.44359324469997,126.9127139442927,0,0,0,0,0,40.0,위험
37.44449155587496,126.9127139442927,0,0,0,0,0,40.0,위험
37.445389867049954,126.9127139442927,0,0,0,0,0,40.0,위험
37.44628817822495,126.9127139442927,0,0,0,0,0,40.0,위험
37.44718648939994,126.9127139442927,0,0,0,0,0,40.0,위험
37.44808480057493,126.9127139442927,0,0,0,0,0,40.0,위험
37.448983111749925,126.9127139442927,0,0,0,0,1,50.0,보통
37.44988142292492,126.9127139442927,0,0,1,0,1,55.0,보통
37.45077973409991,126.9127139442927,0,0,1,0,1,55.0,보통
37.4516780452749,126.9127139442927,0,0,0,0,1,50.0,보통
37.452576356449896,126.9127139442927,0,0,1,0,1,55.0,보통
37.45347466762489,126.9127139442927,0,0,0,0,1,50.0,보통
37.45437297879988,126.9127139442927,0,0,0,0,0,40.0,위험
37.455271289974874,126.9127139442927,0,0,0,0,0,40.0,위험
37.45616960114987,126.9127139442927,0,0,0,0,0,40.0,위험
37.45706791232486,126.9127139442927,0,0,0,0,0,40.0,위험
37.45796622349985,126.9127139442927,0,0,0,0,0,40.0,위험
37.458864534674845,126.9127139442927,0,0,0,0,0,40.0,위험
37.45976284584984,126.9127139442927,0,0,0,0,0,40.0,위험
37.46066115702483,126.9127139442927,0,0,0,0,0,40.0,위험
37.46155946819982,126.9127139442927,0,0,0,0,0,40.0,위험
37.462457779374816,126.9127139442927,0,0,0,0,0,40.0,위험
37.46335609054981,126.9127139442927,0,0,0,0,0,40.0,위험
37.4642544017248,126.9127139442927,0,0,0,0,0,40.0,위험
37.465152712899794,126.9127139442927,0,0,0,0,0,40.0,위험
37.46605102407479,126.9127139442927,0,0,0,0,0,40.0,위험
37.46694933524978,126.9127139442927,0,0,0,0,0,40.0,위험
37.46784764642477,126.9127139442927,1,0,0,0,0,45.0,보통
37.468745957599765,126.9127139442927,4,0,0,0,0,60.0,안전
37.46964426877476,126.9127139442927,3,0,0,0,0,55.0,보통
37.47054257994975,126.9127139442927,1,0,0,0,0,45.0,보통
37.47144089112474,126.9127139442927,3,0,0,0,0,55.0,보통
37.472339202299736,126.9127139442927,4,0,0,0,0,60.0,안전
37.47323751347473,126.9127139442927,4,0,0,0,0,60.0,안전
37.47413582464972,126.9127139442927,4,0,1,0,0,65.0,안전
37.475034135824714,126.9127139442927,4,0,0,0,0,60.0,안전
37.47593244699971,126.9127139442927,4,0,0,0,0,60.0,안전
37.4768307581747,126.9127139442927,4,0,1,0,0,65.0,안전
37.47772906934969,126.9127139442927,4,0,1,0,0,65.0,안전
37.478627380524685,126.9127139442927,4,0,0,0,1,70.0,안전
37.47952569169968,126.9127139442927,4,0,1,0,1,75.0,안전
37.48042400287467,126.9127139442927,4,0,2,0,1,80.0,안전
37.48132231404966,126.9127139442927,4,0,1,0,1,75.0,안전
37.482220625224656,126.9127139442927,4,0,0,0,0,60.0,안전
37.48311893639965,126.9127139442927,4,0,1,0,0,65.0,안전
37.48401724757464,126.9127139442927,4,0,2,0,0,70.0,안전
37.484915558749634,126.9127139442927,4,0,2,0,1,80.0,안전
37.48581386992463,126.9127139442927,4,0,1,0,1,75.0,안전
37.48671218109962,126.9127139442927,4,3,1,1,1,87.0,안전
37.48761049227461,126.9127139442927,4,3,2,0,1,95.0,안전
37.488508803449605,126.9127139442927,4,3,1,0,1,90.0,안전
37.4894071146246,126.9127139442927,4,3,0,0,1,85.0,안전
37.49030542579959,126.9127139442927,4,3,0,0,0,75.0,안전
37.49120373697458,126.9127139442927,0,1,0,0,0,45.0,보통
37.492102048149576,126.9127139442927,1,3,0,0,0,60.0,안전
37.49300035932457,126.9127139442927,3,3,0,0,0,70.0,안전
37.49389867049956,126.9127139442927,4,3,0,0,0,75.0,안전
37.494796981674554,126.9127139442927,4,3,0,0,0,75.0,안전
37.49569529284955,126.9127139442927,3,3,0,0,0,70.0,안전
37.49659360402454,126.9127139442927,0,2,0,0,0,50.0,보통
37.49749191519953,126.9127139442927,0,0,0,0,0,40.0,위험
37.498390226374525,126.9127139442927,0,0,0,0,0,40.0,위험
37.49928853754952,126.9127139442927,0,0,1,0,0,45.0,보통
37.50018684872451,126.9127139442927,0,0,1,0,0,45.0,보통
37.5010851598995,126.9127139442927,0,0,0,0,0,40.0,위험
37.501983471074496,126.9127139442927,0,0,1,0,0,45.0,보통
37.50288178224949,126.9127139442927,0,0,1,0,0,45.0,보통
37.50378009342448,126.9127139442927,0,0,0,0,0,40.0,위험
37.504678404599474,126.9127139442927,0,0,0,0,0,40.0,위험
37.50557671577447,126.9127139442927,0,0,0,0,0,40.0,위험
37.50647502694946,126.9127139442927,0,0,0,0,0,40.0,위험
37.50737333812445,126.9127139442927,0,0,0,0,0,40.0,위험
37.508271649299445,126.9127139442927,0,0,0,0,0,40.0,위험
37.50916996047444,126.9127139442927,0,0,0,0,0,40.0,위험
37.51006827164943,126.9127139442927,0,0,0,0,0,40.0,위험
37.51096658282442,126.9127139442927,0,0,0,0,0,40.0,위험
37.511864893999416,126.9127139442927,0,0,0,0,0,40.0,위험
37.51276320517441,126.9127139442927,0,0,0,0,0,40.0,위험
37.5136615163494,126.9127139442927,0,0,0,0,0,40.0,위험
37.514559827524394,126.9127139442927,0,0,0,0,0,40.0,위험
37.51545813869939,126.9127139442927,0,3,0,0,0,55.0,보통
37.51635644987438,126.9127139442927,0,3,0,0,0,55.0,보통
37.51725476104937,126.9127139442927,0,3,0,0,0,55.0,보통
37.518153072224365,126.9127139442927,0,3,0,0,0,55.0,보통
37.51905138339936,126.9127139442927,0,3,0,0,0,55.0,보통
37.51994969457435,126.9127139442927,0,3,0,0,0,55.0,보통
37.52084800574934,126.9127139442927,0,1,0,0,0,45.0,보통
37.521746316924336,126.9127139442927,0,1,0,0,0,45.0,보통
37.52264462809933,126.9127139442927,0,3,0,0,0,55.0,보통
37.52354293927432,126.9127139442927,0,3,0,0,0,55.0,보통
37.524441250449314,126.9127139442927,0,3,0,0,0,55.0,보통
37.52533956162431,126.9127139442927,0,3,0,0,0,55.0,보통
37.44,126.91384578616137,0,0,0,0,0,40.0,위험
37.44089831117499,126.91384578616137,0,0,0,0,0,40.0,위험
37.44179662234998,126.91384578616137,0,0,0,0,0,40.0,위험
37.442694933524976,126.91384578616137,0,0,0,0,0,40.0,위험
37.44359324469997,126.91384578616137,0,0,0,0,0,40.0,위험
37.44449155587496,126.91384578616137,0,0,0,0,0,40.0,위험
37.445389867049954,126.91384578616137,0,0,0,0,0,40.0,위험
37.44628817822495,126.91384578616137,0,0,0,0,0,40.0,위험
37.44718648939994,126.91384578616137,0,0,0,0,0,40.0,위험
37.44808480057493,126.91384578616137,0,0,0,0,0,40.0,위험
37.448983111749925,126.91384578616137,0,0,0,0,1,50.0,보통
37.44988142292492,126.91384578616137,0,0,2,0,1,60.0,안전
37.45077973409991,126.91384578616137,0,0,0,0,1,50.0,보통
37.4516780452749,126.91384578616137,0,0,1,0,1,55.0,보통
37.452576356449896,126.91384578616137,0,0,1,0,1,55.0,보통
37.45347466762489,126.91384578616137,0,0,0,0,1,50.0,보통
37.45437297879988,126.91384578616137,0,0,0,0,0,40.0,위험
37.455271289974874,126.91384578616137,0,0,0,0,0,40.0,위험
37.45616960114987,126.91384578616137,0,0,0,0,0,40.0,위험
37.45706791232486,126.91384578616137,0,0,0,0,0,40.0,위험
37.45796622349985,126.91384578616137,0,0,0,0,0,40.0,위험
37.458864534674845,126.91384578616137,0,0,0,0,0,40.0,위험
37.45976284584984,126.91384578616137,2,0,0,0,0,50.0,보통
37.46066115702483,126.91384578616137,0,0,0,0,0,40.0,위험
37.46155946819982,126.91384578616137,0,0,0,0,0,40.0,위험
37.462457779374816,126.91384578616137,2,0,0,0,0,50.0,보통
37.46335609054981,126.91384578616137,2,0,0,0,0,50.0,보통
37.4642544017248,126.91384578616137,2,0,0,0,0,50.0,보통
37.465152712899794,126.91384578616137,0,0,0,0,0,40.0,위험
37.46605102407479,126.91384578616137,1,0,0,0,0,45.0,보통
37.46694933524978,126.91384578616137,2,0,0,0,0,50.0,보통
37.46784764642477,126.91384578616137,1,0,0,0,0,45.0,보통
37.468745957599765,126.91384578616137,1,0,0,0,0,45.0,보통
37.46964426877476,126.91384578616137,0,0,0,0,0,40.0,위험
37.47054257994975,126.91384578616137,0,0,0,0,0,40.0,위험
37.47144089112474,126.91384578616137,0,0,0,0,0,40.0,위험
37.472339202299736,126.91384578616137,3,0,0,0,0,55.0,보통
37.47323751347473,126.91384578616137,4,0,0,0,0,60.0,안전
37.47413582464972,126.91384578616137,4,0,1,0,0,65.0,안전
37.475034135824714,126.91384578616137,4,0,1,0,0,65.0,안전
37.47593244699971,126.91384578616137,4,0,1,0,0,65.0,안전
37.4768307581747,126.91384578616137,4,0,2,0,0,70.0,안전
37.47772906934969,126.91384578616137,4,0,1,0,1,75.0,안전
37.478627380524685,126.91384578616137,4,0,0,0,1,70.0,안전
37.47952569169968,126.91384578616137,4,0,1,0,1,75.0,안전
37.48042400287467,126.91384578616137,4,0,1,1,1,72.0,안전
37.48132231404966,126.91384578616137,4,0,1,3,1,66.0,안전
37.482220625224656,126.91384578616137,4,0,2,3,1,71.0,안전
37.48311893639965,126.91384578616137,4,0,2,3,0,61.0,안전
37.48401724757464,126.91384578616137,4,0,2,0,0,70.0,안전
37.484915558749634,126.91384578616137,4,0,0,0,1,70.0,안전
37.48581386992463,126.91384578616137,4,0,1,0,1,75.0,안전
37.48671218109962,126.91384578616137,4,2,2,1,1,87.0,안전
37.48761049227461,126.91384578616137,4,3,1,0,1,90.0,안전
37.488508803449605,126.91384578616137,4,3,0,0,1,85.0,안전
37.4894071146246,126.91384578616137,4,3,0,0,1,85.0,안전
37.49030542579959,126.91384578616137,4,3,0,0,0,75.0,안전
37.49120373697458,126.91384578616137,0,0,0,0,0,40.0,위험
37.492102048149576,126.91384578616137,2,3,0,0,0,65.0,안전
37.49300035932457,126.91384578616137,3,3,0,0,0,70.0,안전
37.49389867049956,126.91384578616137,4,3,1,0,0,80.0,안전
37.494796981674554,126.91384578616137,1,3,1,0,0,65.0,안전
37.49569529284955,126.91384578616137,3,1,0,0,0,60.0,안전
37.49659360402454,126.91384578616137,0,1,0,0,0,45.0,보통
37.49749191519953,126.91384578616137,0,0,0,0,0,40.0,위험
37.498390226374525,126.91384578616137,0,0,0,0,0,40.0,위험
37.49928853754952,126.91384578616137,0,0,1,0,0,45.0,보통
37.50018684872451,126.91384578616137,0,0,1,0,0,45.0,보통
37.5010851598995,126.91384578616137,0,0,0,0,0,40.0,위험
37.501983471074496,126.91384578616137,0,0,0,0,0,40.0,위험
37.50288178224949,126.91384578616137,0,0,1,0,0,45.0,보통
37.50378009342448,126.91384578616137,0,0,0,0,0,40.0,위험
37.504678404599474,126.91384578616137,0,3,0,0,0,55.0,보통
37.50557671577447,126.91384578616137,0,0,0,0,0,40.0,위험
37.50647502694946,126.91384578616137,0,0,0,0,0,40.0,위험
37.50737333812445,126.91384578616137,0,0,0,0,0,40.0,위험
37.508271649299445,126.91384578616137,0,0,0,0,0,40.0,위험
37.50916996047444,126.91384578616137,0,0,0,0,0,40.0,위험
37.51006827164943,126.91384578616137,0,0,0,0,0,40.0,위험
37.51096658282442,126.91384578616137,0,0,0,0,0,40.0,위험
37.511864893999416,126.91384578616137,0,0,0,0,0,40.0,위험
37.51276320517441,126.91384578616137,0,0,0,0,0,40.0,위험
37.5136615163494,126.91384578616137,0,0,0,0,0,40.0,위험
37.514559827524394,126.91384578616137,0,0,0,0,0,40.0,위험
37.51545813869939,126.91384578616137,0,0,0,0,0,40.0,위험
37.51635644987438,126.91384578616137,0,0,0,0,0,40.0,위험
37.51725476104937,126.91384578616137,0,0,0,0,0,40.0,위험
37.518153072224365,126.91384578616137,0,1,0,0,0,45.0,보통
37.51905138339936,126.91384578616137,0,3,0,0,0,55.0,보통
37.51994969457435,126.91384578616137,0,3,0,0,0,55.0,보통
37.52084800574934,126.91384578616137,0,3,0,0,0,55.0,보통
37.521746316924336,126.91384578616137,0,3,0,0,0,55.0,보통
37.52264462809933,126.91384578616137,0,3,0,0,0,55.0,보통
37.52354293927432,126.91384578616137,0,3,0,0,0,55.0,보통
37.524441250449314,126.91384578616137,0,1,0,0,0,45.0,보통
37.52533956162431,126.91384578616137,0,0,0,0,0,40.0,위험
37.44,126.91497762803004,0,0,0,0,0,40.0,위험
37.44089831117499,126.91497762803004,0,0,0,0,0,40.0,위험
37.44179662234998,126.91497762803004,0,0,0,0,0,40.0,위험
37.442694933524976,126.91497762803004,0,0,0,0,0,40.0,위험
37.44359324469997,126.91497762803004,0,0,0,0,0,40.0,위험
37.44449155587496,126.91497762803004,0,0,0,0,0,40.0,위험
37.445389867049954,126.91497762803004,0,0,0,0,0,40.0,위험
37.44628817822495,126.91497762803004,0,0,0,0,0,40.0,위험
37.44718648939994,126.91497762803004,0,0,0,0,0,40.0,위험
37.44808480057493,126.91497762803004,0,0,0,0,0,40.0,위험
37.448983111749925,126.91497762803004,0,0,1,0,0,45.0,보통
37.44988142292492,126.91497762803004,0,0,1,0,1,55.0,보통
37.45077973409991,126.91497762803004,0,0,0,0,1,50.0,보통
37.4516780452749,126.91497762803004,0,0,0,0,1,50.0,보통
37.452576356449896,126.91497762803004,0,0,0,0,1,50.0,보통
37.45347466762489,126.91497762803004,0,0,0,0,0,40.0,위험
37.45437297879988,126.91497762803004,0,0,0,0,0,40.0,위험
37.455271289974874,126.91497762803004,0,0,0,0,0,40.0,위험
37.45616960114987,126.91497762803004,0,0,0,0,0,40.0,위험
37.45706791232486,126.91497762803004,0,0,0,0,0,40.0,위험
37.45796622349985,126.91497762803004,0,0,0,0,0,40.0,위험
37.458864534674845,126.91497762803004,0,0,0,0,0,40.0,위험
37.45976284584984,126.91497762803004,4,0,0,0,0,60.0,안전
37.46066115702483,126.91497762803004,4,0,0,0,0,60.0,안전
37.46155946819982,126.91497762803004,4,0,0,0,0,60.0,안전
37.462457779374816,126.91497762803004,4,0,1,0,0,65.0,안전
37.46335609054981,126.91497762803004,4,0,0,0,0,60.0,안전
37.4642544017248,126.91497762803004,4,0,0,0,0,60.0,안전
37.465152712899794,126.91497762803004,0,0,0,0,0,40.0,위험
37.46605102407479,126.91497762803004,1,0,0,0,0,45.0,보통
37.46694933524978,126.91497762803004,1,0,0,0,0,45.0,보통
37.46784764642477,126.91497762803004,0,0,0,0,0,40.0,위험
37.468745957599765,126.91497762803004,0,0,0,0,0,40.0,위험
37.46964426877476,126.91497762803004,0,0,0,0,0,40.0,위험
37.47054257994975,126.91497762803004,0,0,0,0,0,40.0,위험
37.47144089112474,126.91497762803004,0,0,0,0,0,40.0,위험
37.472339202299736,126.91497762803004,1,0,0,0,0,45.0,보통
37.47323751347473,126.91497762803004,4,0,0,0,0,60.0,안전
37.47413582464972,126.91497762803004,4,0,1,0,0,65.0,안전
37.475034135824714,126.91497762803004,4,0,1,0,0,65.0,안전
37.47593244699971,126.91497762803004,4,0,1,0,0,65.0,안전
37.4768307581747,126.91497762803004,4,0,1,0,0,65.0,안전
37.47772906934969,126.91497762803004,4,0,0,0,1,70.0,안전
37.478627380524685,126.91497762803004,4,0,0,0,1,70.0,안전
37.47952569169968,126.91497762803004,4,0,2,0,1,80.0,안전
37.48042400287467,126.91497762803004,4,0,2,0,1,80.0,안전
37.48132231404966,126.91497762803004,4,0,1,3,1,66.0,안전
37.482220625224656,126.91497762803004,4,0,1,3,1,66.0,안전
37.48311893639965,126.91497762803004,4,0,2,3,0,61.0,안전
37.48401724757464,126.91497762803004,4,0,2,0,0,70.0,안전
37.484915558749634,126.91497762803004,4,0,2,0,1,80.0,안전
37.48581386992463,126.91497762803004,4,0,1,0,1,75.0,안전
37.48671218109962,126.91497762803004,4,0,2,0,1,80.0,안전
37.48761049227461,126.91497762803004,4,3,2,0,1,95.0,안전
37.488508803449605,126.91497762803004,4,3,1,0,1,90.0,안전
37.4894071146246,126.91497762803004,3,3,0,0,1,80.0,안전
37.49030542579959,126.91497762803004,0,0,0,0,0,40.0,위험
37.49120373697458,126.91497762803004,0,0,0,0,0,40.0,위험
37.492102048149576,126.91497762803004,1,3,0,0,0,60.0,안전
37.49300035932457,126.91497762803004,3,3,0,0,0,70.0,안전
37.49389867049956,126.91497762803004,3,3,1,0,0,75.0,안전
37.494796981674554,126.91497762803004,1,2,1,0,0,60.0,안전
37.49569529284955,126.91497762803004,0,2,0,0,0,50.0,보통
37.49659360402454,126.91497762803004,0,3,1,0,0,60.0,안전
37.49749191519953,126.91497762803004,0,0,2,0,0,50.0,보통
37.498390226374525,126.91497762803004,0,0,1,0,0,45.0,보통
37.49928853754952,126.91497762803004,0,0,0,0,0,40.0,위험
37.50018684872451,126.91497762803004,0,0,0,0,0,40.0,위험
37.5010851598995,126.91497762803004,0,0,0,0,0,40.0,위험
37.501983471074496,126.91497762803004,0,0,0,0,0,40.0,위험
37.50288178224949,126.91497762803004,0,0,0,0,0,40.0,위험
37.50378009342448,126.91497762803004,0,0,0,0,0,40.0,위험
37.504678404599474,126.91497762803004,0,3,0,0,0,55.0,보통
37.50557671577447,126.91497762803004,0,0,0,0,0,40.0,위험
37.50647502694946,126.91497762803004,0,0,0,0,0,40.0,위험
37.50737333812445,126.91497762803004,0,0,0,0,0,40.0,위험
37.508271649299445,126.91497762803004,0,0,0,0,0,40.0,위험
37.50916996047444,126.91497762803004,0,0,0,0,0,40.0,위험
37.51006827164943,126.91497762803004,0,0,0,0,0,40.0,위험
37.51096658282442,126.91497762803004,0,0,0,0,0,40.0,위험
37.511864893999416,126.91497762803004,0,0,0,0,0,40.0,위험
37.51276320517441,126.91497762803004,0,0,0,0,0,40.0,위험
37.5136615163494,126.91497762803004,0,0,0,0,0,40.0,위험
37.514559827524394,126.91497762803004,0,0,0,0,0,40.0,위험
37.51545813869939,126.91497762803004,0,0,0,0,0,40.0,위험
37.51635644987438,126.91497762803004,0,0,0,0,0,40.0,위험
37.51725476104937,126.91497762803004,0,0,0,0,0,40.0,위험
37.518153072224365,126.91497762803004,0,3,0,0,0,55.0,보통
37.51905138339936,126.91497762803004,0,3,0,0,0,55.0,보통
37.51994969457435,126.91497762803004,0,3,0,0,0,55.0,보통
37.52084800574934,126.91497762803004,0,3,0,0,0,55.0,보통
37.521746316924336,126.91497762803004,0,3,0,0,0,55.0,보통
37.52264462809933,126.91497762803004,0,2,0,0,0,50.0,보통
37.52354293927432,126.91497762803004,0,0,0,0,0,40.0,위험
37.524441250449314,126.91497762803004,0,0,0,0,0,40.0,위험
37.52533956162431,126.91497762803004,0,0,0,0,0,40.0,위험
37.44,126.91610946989871,0,0,0,0,0,40.0,위험
37.44089831117499,126.91610946989871,0,0,0,0,0,40.0,위험
37.44179662234998,126.91610946989871,0,0,0,0,0,40.0,위험
37.442694933524976,126.91610946989871,0,0,0,0,0,40.0,위험
37.44359324469997,126.91610946989871,0,0,0,0,0,40.0,위험
37.44449155587496,126.91610946989871,0,0,0,0,0,40.0,위험
37.445389867049954,126.91610946989871,0,0,0,0,0,40.0,위험
37.44628817822495,126.91610946989871,0,0,0,0,0,40.0,위험
37.44718648939994,126.91610946989871,0,0,0,0,0,40.0,위험
37.44808480057493,126.91610946989871,0,0,0,0,0,40.0,위험
37.448983111749925,126.91610946989871,0,0,1,0,0,45.0,보통
37.44988142292492,126.91610946989871,0,0,1,0,0,45.0,보통
37.45077973409991,126.91610946989871,0,0,0,0,0,40.0,위험
37.4516780452749,126.91610946989871,0,0,0,0,0,40.0,위험
37.452576356449896,126.91610946989871,0,0,0,0,0,40.0,위험
37.45347466762489,126.91610946989871,0,0,0,0,0,40.0,위험
37.45437297879988,126.91610946989871,0,0,0,0,0,40.0,위험
37.455271289974874,126.91610946989871,0,0,0,0,0,40.0,위험
37.45616960114987,126.91610946989871,0,0,0,0,0,40.0,위험
37.45706791232486,126.91610946989871,0,0,0,0,0,40.0,위험
37.45796622349985,126.91610946989871,0,0,0,0,0,40.0,위험
37.458864534674845,126.91610946989871,0,0,0,0,0,40.0,위험
37.45976284584984,126.91610946989871,1,0,0,0,0,45.0,보통
37.46066115702483,126.91610946989871,4,0,0,0,1,70.0,안전
37.46155946819982,126.91610946989871,4,0,0,0,1,70.0,안전
37.462457779374816,126.91610946989871,4,0,1,0,0,65.0,안전
37.46335609054981,126.91610946989871,4,0,0,0,0,60.0,안전
37.4642544017248,126.91610946989871,4,0,0,0,0,60.0,안전
37.465152712899794,126.91610946989871,0,0,0,0,0,40.0,위험
37.46605102407479,126.91610946989871,1,0,0,0,0,45.0,보통
37.46694933524978,126.91610946989871,0,0,0,0,0,40.0,위험
37.46784764642477,126.91610946989871,0,0,0,0,0,40.0,위험
37.468745957599765,126.91610946989871,0,0,0,0,0,40.0,위험
37.46964426877476,126.91610946989871,1,0,0,0,0,45.0,보통
37.47054257994975,126.91610946989871,1,0,0,0,0,45.0,보통
37.47144089112474,126.91610946989871,0,0,0,0,0,40.0,위험
37.472339202299736,126.91610946989871,0,0,0,0,0,40.0,위험
37.47323751347473,126.91610946989871,4,0,0,0,0,60.0,안전
37.47413582464972,126.91610946989871,4,0,1,0,0,65.0,안전
37.475034135824714,126.91610946989871,4,0,1,0,0,65.0,안전
37.47593244699971,126.91610946989871,4,0,0,0,0,60.0,안전
37.4768307581747,126.91610946989871,4,0,2,0,0,70.0,안전
37.47772906934969,126.91610946989871,4,0,1,0,1,75.0,안전
37.478627380524685,126.91610946989871,4,0,0,0,1,70.0,안전
37.47952569169968,126.91610946989871,4,0,0,0,1,70.0,안전
37.48042400287467,126.91610946989871,4,0,0,0,1,70.0,안전
37.48132231404966,126.91610946989871,2,0,0,0,1,60.0,안전
37.482220625224656,126.91610946989871,4,0,1,3,1,66.0,안전
37.48311893639965,126.91610946989871,4,0,1,0,0,65.0,안전
37.48401724757464,126.91610946989871,4,0,2,0,0,70.0,안전
37.484915558749634,126.91610946989871,4,0,2,0,0,70.0,안전
37.48581386992463,126.91610946989871,4,0,1,0,1,75.0,안전
37.48671218109962,126.91610946989871,4,0,0,0,1,70.0,안전
37.48761049227461,126.91610946989871,4,0,1,0,1,75.0,안전
37.488508803449605,126.91610946989871,4,3,1,0,1,90.0,안전
37.4894071146246,126.91610946989871,3,3,1,0,1,85.0,안전
37.49030542579959,126.91610946989871,1,3,0,0,0,60.0,안전
37.49120373697458,126.91610946989871,0,0,0,0,0,40.0,위험
37.492102048149576,126.91610946989871,0,0,0,0,0,40.0,위험
37.49300035932457,126.91610946989871,0,0,0,0,0,40.0,위험
37.49389867049956,126.91610946989871,0,1,0,0,0,45.0,보통
37.494796981674554,126.91610946989871,4,3,0,0,0,75.0,안전
37.49569529284955,126.91610946989871,4,3,0,0,0,75.0,안전
37.49659360402454,126.91610946989871,1,3,1,0,0,65.0,안전
37.49749191519953,126.91610946989871,0,0,2,0,0,50.0,보통
37.498390226374525,126.91610946989871,0,0,2,0,0,50.0,보통
37.49928853754952,126.91610946989871,0,0,1,0,0,45.0,보통
37.50018684872451,126.91610946989871,0,0,0,0,0,40.0,위험
37.5010851598995,126.91610946989871,0,0,1,0,0,45.0,보통
37.501983471074496,126.91610946989871,0,0,0,0,0,40.0,위험
37.50288178224949,126.91610946989871,0,0,0,0,0,40.0,위험
37.50378009342448,126.91610946989871,0,2,0,0,0,50.0,보통
37.504678404599474,126.91610946989871,0,2,0,0,0,50.0,보통
37.50557671577447,126.91610946989871,0,0,0,0,0,40.0,위험
37.50647502694946,126.91610946989871,0,0,0,0,0,40.0,위험
37.50737333812445,126.91610946989871,0,0,0,0,0,40.0,위험
37.508271649299445,126.91610946989871,0,0,0,0,0,40.0,위험
37.50916996047444,126.91610946989871,0,0,0,0,0,40.0,위험
37.51006827164943,126.91610946989871,0,0,0,0,0,40.0,위험
37.51096658282442,126.91610946989871,0,0,0,0,0,40.0,위험
37.511864893999416,126.91610946989871,0,0,0,0,0,40.0,위험
37.51276320517441,126.91610946989871,0,0,0,0,0,40.0,위험
37.5136615163494,126.91610946989871,0,0,0,0,0,40.0,위험
37.514559827524394,126.91610946989871,0,0,0,0,0,40.0,위험
37.51545813869939,126.91610946989871,0,0,0,0,0,40.0,위험
37.51635644987438,126.91610946989871,0,0,0,0,0,40.0,위험
37.51725476104937,126.91610946989871,0,0,0,0,0,40.0,위험
37.518153072224365,126.91610946989871,0,3,0,0,0,55.0,보통
37.51905138339936,126.91610946989871,0,3,0,0,0,55.0,보통
37.51994969457435,126.91610946989871,0,3,0,0,0,55.0,보통
37.52084800574934,126.91610946989871,0,3,0,0,0,55.0,보통
37.521746316924336,126.91610946989871,0,3,0,0,0,55.0,보통
37.52264462809933,126.91610946989871,0,0,0,0,0,40.0,위험
37.52354293927432,126.91610946989871,0,0,0,0,0,40.0,위험
37.524441250449314,126.91610946989871,0,0,0,0,0,40.0,위험
37.52533956162431,126.91610946989871,0,0,0,0,0,40.0,위험
37.44,126.91724131176738,0,0,0,0,0,40.0,위험
37.44089831117499,126.91724131176738,0,0,0,0,0,40.0,위험
37.44179662234998,126.91724131176738,0,0,0,0,0,40.0,위험
37.442694933524976,126.91724131176738,0,0,0,0,0,40.0,위험
37.44359324469997,126.91724131176738,0,0,0,0,0,40.0,위험
37.44449155587496,126.91724131176738,0,0,0,0,0,40.0,위험
37.445389867049954,126.91724131176738,0,0,0,0,0,40.0,위험
37.44628817822495,126.91724131176738,0,0,0,0,0,40.0,위험
37.44718648939994,126.91724131176738,0,0,0,0,0,40.0,위험
37.44808480057493,126.91724131176738,0,0,0,0,0,40.0,위험
37.448983111749925,126.91724131176738,0,0,0,0,0,40.0,위험
37.44988142292492,126.91724131176738,0,0,1,0,0,45.0,보통
37.45077973409991,126.91724131176738,0,0,1,0,0,45.0,보통
37.4516780452749,126.91724131176738,0,0,0,0,0,40.0,위험
37.452576356449896,126.91724131176738,0,0,0,0,0,40.0,위험
37.45347466762489,126.91724131176738,0,0,0,0,0,40.0,위험
37.45437297879988,126.91724131176738,0,0,0,0,0,40.0,위험
37.455271289974874,126.91724131176738,0,0,0,0,0,40.0,위험
37.45616960114987,126.91724131176738,0,0,0,0,0,40.0,위험
37.45706791232486,126.91724131176738,0,0,0,0,0,40.0,위험
37.45796622349985,126.91724131176738,0,0,0,0,0,40.0,위험
37.458864534674845,126.91724131176738,1,0,0,0,0,45.0,보통
37.45976284584984,126.91724131176738,1,0,0,0,1,55.0,보통
37.46066115702483,126.91724131176738,0,0,0,0,1,50.0,보통
37.46155946819982,126.91724131176738,2,0,0,0,1,60.0,안전
37.462457779374816,126.91724131176738,4,0,1,0,1,75.0,안전
37.46335609054981,126.91724131176738,4,0,1,0,0,65.0,안전
37.4642544017248,126.91724131176738,4,0,0,0,0,60.0,안전
37.465152712899794,126.91724131176738,4,0,0,0,0,60.0,안전
37.46605102407479,126.91724131176738,4,0,0,0,0,60.0,안전
37.46694933524978,126.91724131176738,0,0,0,0,0,40.0,위험
37.46784764642477,126.91724131176738,0,0,0,0,0,40.0,위험
37.468745957599765,126.91724131176738,2,0,0,0,0,50.0,보통
37.46964426877476,126.91724131176738,4,0,0,0,0,60.0,안전
37.47054257994975,126.91724131176738,4,0,0,0,0,60.0,안전
37.47144089112474,126.91724131176738,4,0,0,0,0,60.0,안전
37.472339202299736,126.91724131176738,4,0,1,0,0,65.0,안전
37.47323751347473,126.91724131176738,4,0,1,0,0,65.0,안전
37.47413582464972,126.91724131176738,4,0,0,0,0,60.0,안전
37.475034135824714,126.91724131176738,4,0,1,0,0,65.0,안전
37.47593244699971,126.91724131176738,4,0,1,0,0,65.0,안전
37.4768307581747,126.91724131176738,4,0,1,0,0,65.0,안전
37.47772906934969,126.91724131176738,4,0,1,0,1,75.0,안전
37.478627380524685,126.91724131176738,4,0,0,0,1,70.0,안전
37.47952569169968,126.91724131176738,0,0,0,0,1,50.0,보통
37.48042400287467,126.91724131176738,1,0,0,0,1,55.0,보통
37.48132231404966,126.91724131176738,1,0,0,0,1,55.0,보통
37.482220625224656,126.91724131176738,4,0,1,0,1,75.0,안전
37.48311893639965,126.91724131176738,4,0,1,0,0,65.0,안전
37.48401724757464,126.91724131176738,4,0,1,0,0,65.0,안전
37.484915558749634,126.91724131176738,4,0,1,0,0,65.0,안전
37.48581386992463,126.91724131176738,4,0,1,0,0,65.0,안전
37.48671218109962,126.91724131176738,4,0,1,0,1,75.0,안전
37.48761049227461,126.91724131176738,4,0,1,0,1,75.0,안전
37.488508803449605,126.91724131176738,4,0,1,0,0,65.0,안전
37.4894071146246,126.91724131176738,4,3,1,0,0,80.0,안전
37.49030542579959,126.91724131176738,1,3,0,0,0,60.0,안전
37.49120373697458,126.91724131176738,0,0,0,0,0,40.0,위험
37.492102048149576,126.91724131176738,0,0,0,0,0,40.0,위험
37.49300035932457,126.91724131176738,0,0,0,0,0,40.0,위험
37.49389867049956,126.91724131176738,0,1,0,0,0,45.0,보통
37.494796981674554,126.91724131176738,4,1,0,0,0,65.0,안전
37.49569529284955,126.91724131176738,4,3,0,0,0,75.0,안전
37.49659360402454,126.91724131176738,1,3,1,0,0,65.0,안전
37.49749191519953,126.91724131176738,0,2,1,0,0,55.0,보통
37.498390226374525,126.91724131176738,0,0,1,0,0,45.0,보통
37.49928853754952,126.91724131176738,0,0,1,0,0,45.0,보통
37.50018684872451,126.91724131176738,0,0,0,0,0,40.0,위험
37.5010851598995,126.91724131176738,0,0,1,0,0,45.0,보통
37.501983471074496,126.91724131176738,0,0,0,0,0,40.0,위험
37.50288178224949,126.91724131176738,0,0,0,0,0,40.0,위험
37.50378009342448,126.91724131176738,0,1,0,0,0,45.0,보통
37.504678404599474,126.91724131176738,0,2,0,0,0,50.0,보통
37.50557671577447,126.91724131176738,0,0,0,0,0,40.0,위험
37.50647502694946,126.91724131176738,0,0,0,0,0,40.0,위험
37.50737333812445,126.91724131176738,0,0,0,0,0,40.0,위험
37.508271649299445,126.91724131176738,0,0,0,0,0,40.0,위험
37.50916996047444,126.91724131176738,0,0,0,0,0,40.0,위험
37.51006827164943,126.91724131176738,0,0,0,0,0,40.0,위험
37.51096658282442,126.91724131176738,0,0,0,0,0,40.0,위험
37.511864893999416,126.91724131176738,0,0,0,0,0,40.0,위험
37.51276320517441,126.91724131176738,0,0,0,0,0,40.0,위험
37.5136615163494,126.91724131176738,0,0,0,0,0,40.0,위험
37.514559827524394,126.91724131176738,0,0,0,0,0,40.0,위험
37.51545813869939,126.91724131176738,0,0,0,0,0,40.0,위험
37.51635644987438,126.91724131176738,0,0,0,0,0,40.0,위험
37.51725476104937,126.91724131176738,0,3,0,0,0,55.0,보통
37.518153072224365,126.91724131176738,0,3,0,0,0,55.0,보통
37.51905138339936,126.91724131176738,0,3,0,0,0,55.0,보통
37.51994969457435,126.91724131176738,0,2,0,0,0,50.0,보통
37.52084800574934,126.91724131176738,0,3,0,0,0,55.0,보통
37.521746316924336,126.91724131176738,0,3,0,0,0,55.0,보통
37.52264462809933,126.91724131176738,0,0,0,0,0,40.0,위험
37.52354293927432,126.91724131176738,0,0,0,0,0,40.0,위험
37.524441250449314,126.91724131176738,0,0,0,0,0,40.0,위험
37.52533956162431,126.91724131176738,0,0,0,0,0,40.0,위험
37.44,126.91837315363605,0,0,0,0,0,40.0,위험
37.44089831117499,126.91837315363605,0,0,0,0,0,40.0,위험
37.44179662234998,126.91837315363605,0,0,0,0,0,40.0,위험
37.442694933524976,126.91837315363605,0,0,0,0,0,40.0,위험
37.44359324469997,126.91837315363605,0,0,0,0,0,40.0,위험
37.44449155587496,126.91837315363605,0,0,0,0,0,40.0,위험
37.445389867049954,126.91837315363605,0,0,0,0,0,40.0,위험
37.44628817822495,126.91837315363605,0,0,0,0,0,40.0,위험
37.44718648939994,126.91837315363605,0,0,0,0,0,40.0,위험
37.44808480057493,126.91837315363605,0,0,0,0,0,40.0,위험
37.448983111749925,126.91837315363605,0,0,0,0,0,40.0,위험
37.44988142292492,126.91837315363605,0,0,1,0,0,45.0,보통
37.45077973409991,126.91837315363605,0,0,0,0,0,40.0,위험
37.4516780452749,126.91837315363605,0,0,0,0,0,40.0,위험
37.452576356449896,126.91837315363605,0,0,0,0,0,40.0,위험
37.45347466762489,126.91837315363605,0,0,0,0,0,40.0,위험
37.45437297879988,126.91837315363605,0,0,0,0,0,40.0,위험
37.455271289974874,126.91837315363605,0,0,0,0,0,40.0,위험
37.45616960114987,126.91837315363605,0,0,0,0,0,40.0,위험
37.45706791232486,126.91837315363605,1,0,0,0,0,45.0,보통
37.45796622349985,126.91837315363605,1,0,0,0,0,45.0,보통
37.458864534674845,126.91837315363605,1,0,0,0,1,55.0,보통
37.45976284584984,126.91837315363605,0,0,1,0,1,55.0,보통
37.46066115702483,126.91837315363605,0,0,1,0,1,55.0,보통
37.46155946819982,126.91837315363605,4,0,0,0,1,70.0,안전
37.462457779374816,126.91837315363605,4,0,1,0,1,75.0,안전
37.46335609054981,126.91837315363605,4,0,1,0,1,75.0,안전
37.4642544017248,126.91837315363605,4,0,0,1,0,57.0,안전
37.465152712899794,126.91837315363605,4,0,0,1,0,57.0,안전
37.46605102407479,126.91837315363605,4,0,0,0,0,60.0,안전
37.46694933524978,126.91837315363605,4,0,0,0,0,60.0,안전
37.46784764642477,126.91837315363605,3,0,0,0,0,55.0,보통
37.468745957599765,126.91837315363605,1,0,0,0,0,45.0,보통
37.46964426877476,126.91837315363605,4,0,0,0,0,60.0,안전
37.47054257994975,126.91837315363605,4,0,1,0,0,65.0,안전
37.47144089112474,126.91837315363605,4,0,1,0,0,65.0,안전
37.472339202299736,126.91837315363605,4,0,2,0,0,70.0,안전
37.47323751347473,126.91837315363605,4,0,2,0,0,70.0,안전
37.47413582464972,126.91837315363605,4,0,0,0,0,60.0,안전
37.475034135824714,126.91837315363605,4,0,1,0,0,65.0,안전
37.47593244699971,126.91837315363605,4,0,1,0,0,65.0,안전
37.4768307581747,126.91837315363605,4,0,0,0,0,60.0,안전
37.47772906934969,126.91837315363605,4,0,0,0,0,60.0,안전
37.478627380524685,126.91837315363605,4,0,0,0,1,70.0,안전
37.47952569169968,126.91837315363605,1,0,0,0,1,55.0,보통
37.48042400287467,126.91837315363605,1,0,0,0,1,55.0,보통
37.48132231404966,126.91837315363605,4,0,0,0,1,70.0,안전
37.482220625224656,126.91837315363605,4,0,2,0,0,70.0,안전
37.48311893639965,126.91837315363605,4,0,2,0,0,70.0,안전
37.48401724757464,126.91837315363605,4,0,0,0,0,60.0,안전
37.484915558749634,126.91837315363605,4,0,1,0,0,65.0,안전
37.48581386992463,126.91837315363605,4,0,1,0,0,65.0,안전
37.48671218109962,126.91837315363605,4,0,1,0,0,65.0,안전
37.48761049227461,126.91837315363605,4,0,1,0,0,65.0,안전
37.488508803449605,126.91837315363605,4,0,0,0,0,60.0,안전
37.4894071146246,126.91837315363605,4,1,0,0,0,65.0,안전
37.49030542579959,126.91837315363605,0,2,0,0,0,50.0,보통
37.49120373697458,126.91837315363605,0,0,0,0,0,40.0,위험
37.492102048149576,126.91837315363605,0,0,0,0,0,40.0,위험
37.49300035932457,126.91837315363605,0,0,0,0,0,40.0,위험
37.49389867049956,126.91837315363605,0,0,0,0,0,40.0,위험
37.494796981674554,126.91837315363605,0,0,0,0,0,40.0,위험
37.49569529284955,126.91837315363605,0,0,0,0,0,40.0,위험
37.49659360402454,126.91837315363605,0,0,0,0,0,40.0,위험
37.49749191519953,126.91837315363605,0,0,0,0,0,40.0,위험
37.498390226374525,126.91837315363605,0,0,0,0,0,40.0,위험
37.49928853754952,126.91837315363605,0,0,1,0,0,45.0,보통
37.50018684872451,126.91837315363605,0,0,1,0,0,45.0,보통
37.5010851598995,126.91837315363605,0,0,1,0,0,45.0,보통
37.501983471074496,126.91837315363605,0,0,1,0,0,45.0,보통
37.50288178224949,126.91837315363605,0,0,0,0,0,40.0,위험
37.50378009342448,126.91837315363605,0,0,1,0,0,45.0,보통
37.504678404599474,126.91837315363605,0,0,1,0,0,45.0,보통
37.50557671577447,126.91837315363605,0,0,0,0,0,40.0,위험
37.50647502694946,126.91837315363605,0,0,0,0,0,40.0,위험
37.50737333812445,126.91837315363605,0,0,0,0,0,40.0,위험
37.508271649299445,126.91837315363605,0,0,0,0,0,40.0,위험
37.50916996047444,126.91837315363605,0,0,0,0,0,40.0,위험
37.51006827164943,126.91837315363605,0,0,0,0,0,40.0,위험
37.51096658282442,126.91837315363605,0,0,0,0,0,40.0,위험
37.511864893999416,126.91837315363605,0,0,0,0,0,40.0,위험
37.51276320517441,126.91837315363605,0,0,0,0,0,40.0,위험
37.5136615163494,126.91837315363605,0,0,0,0,0,40.0,위험
37.514559827524394,126.91837315363605,0,0,0,0,0,40.0,위험
37.51545813869939,126.91837315363605,0,0,0,0,0,40.0,위험
37.51635644987438,126.91837315363605,0,0,0,0,0,40.0,위험
37.51725476104937,126.91837315363605,0,3,0,0,0,55.0,보통
37.518153072224365,126.91837315363605,0,3,0,0,0,55.0,보통
37.51905138339936,126.91837315363605,0,3,0,0,0,55.0,보통
37.51994969457435,126.91837315363605,0,0,0,0,0,40.0,위험
37.52084800574934,126.91837315363605,0,0,0,0,0,40.0,위험
37.521746316924336,126.91837315363605,0,0,0,0,0,40.0,위험
37.52264462809933,126.91837315363605,0,0,0,0,0,40.0,위험
37.52354293927432,126.91837315363605,0,0,0,0,0,40.0,위험
37.524441250449314,126.91837315363605,0,0,0,0,0,40.0,위험
37.52533956162431,126.91837315363605,0,0,0,0,0,40.0,위험
37.44,126.91950499550472,0,0,0,0,0,40.0,위험
37.44089831117499,126.91950499550472,0,0,0,0,0,40.0,위험
37.44179662234998,126.91950499550472,0,0,0,0,0,40.0,위험
37.442694933524976,126.91950499550472,0,0,0,0,0,40.0,위험
37.44359324469997,126.91950499550472,0,0,0,0,0,40.0,위험
37.44449155587496,126.91950499550472,0,0,0,0,0,40.0,위험
37.445389867049954,126.91950499550472,0,0,0,0,0,40.0,위험
37.44628817822495,126.91950499550472,0,0,0,0,0,40.0,위험
37.44718648939994,126.91950499550472,0,0,0,0,0,40.0,위험
37.44808480057493,126.91950499550472,0,0,0,0,0,40.0,위험
37.448983111749925,126.91950499550472,0,0,0,0,0,40.0,위험
37.44988142292492,126.91950499550472,0,0,0,0,0,40.0,위험
37.45077973409991,126.91950499550472,0,0,0,0,0,40.0,위험
37.4516780452749,126.91950499550472,0,0,1,0,0,45.0,보통
37.452576356449896,126.91950499550472,0,0,0,0,0,40.0,위험
37.45347466762489,126.91950499550472,0,0,1,0,0,45.0,보통
37.45437297879988,126.91950499550472,0,0,1,0,0,45.0,보통
37.455271289974874,126.91950499550472,0,0,0,0,0,40.0,위험
37.45616960114987,126.91950499550472,0,0,0,0,0,40.0,위험
37.45706791232486,126.91950499550472,1,0,0,0,0,45.0,보통
37.45796622349985,126.91950499550472,2,0,0,0,0,50.0,보통
37.458864534674845,126.91950499550472,0,0,0,0,1,50.0,보통
37.45976284584984,126.91950499550472,3,0,1,0,1,70.0,안전
37.46066115702483,126.91950499550472,3,0,2,0,1,75.0,안전
37.46155946819982,126.91950499550472,4,0,1,0,1,75.0,안전
37.462457779374816,126.91950499550472,4,0,0,0,1,70.0,안전
37.46335609054981,126.91950499550472,4,0,0,0,1,70.0,안전
37.4642544017248,126.91950499550472,4,0,1,1,0,62.0,안전
37.465152712899794,126.91950499550472,4,0,1,1,0,62.0,안전
37.46605102407479,126.91950499550472,4,0,0,0,0,60.0,안전
37.46694933524978,126.91950499550472,4,0,0,0,0,60.0,안전
37.46784764642477,126.91950499550472,4,0,0,0,0,60.0,안전
37.468745957599765,126.91950499550472,4,0,0,0,0,60.0,안전
37.46964426877476,126.91950499550472,4,0,1,0,0,65.0,안전
37.47054257994975,126.91950499550472,4,0,2,0,0,70.0,안전
37.47144089112474,126.91950499550472,4,0,1,0,0,65.0,안전
37.472339202299736,126.91950499550472,4,0,1,0,0,65.0,안전
37.47323751347473,126.91950499550472,4,0,1,0,0,65.0,안전
37.47413582464972,126.91950499550472,4,0,1,0,0,65.0,안전
37.475034135824714,126.91950499550472,4,0,1,0,0,65.0,안전
37.47593244699971,126.91950499550472,4,0,0,0,0,60.0,안전
37.4768307581747,126.91950499550472,4,0,0,0,0,60.0,안전
37.47772906934969,126.91950499550472,4,0,0,0,0,60.0,안전
37.478627380524685,126.91950499550472,4,0,0,0,0,60.0,안전
37.47952569169968,126.91950499550472,1,0,0,0,0,45.0,보통
37.48042400287467,126.91950499550472,3,0,0,0,0,55.0,보통
37.48132231404966,126.91950499550472,4,0,0,0,0,60.0,안전
37.482220625224656,126.91950499550472,4,0,1,0,0,65.0,안전
37.48311893639965,126.91950499550472,4,0,1,0,0,65.0,안전
37.48401724757464,126.91950499550472,4,0,2,0,0,70.0,안전
37.484915558749634,126.91950499550472,4,0,1,0,0,65.0,안전
37.48581386992463,126.91950499550472,4,0,1,0,0,65.0,안전
37.48671218109962,126.91950499550472,4,0,1,0,0,65.0,안전
37.48761049227461,126.91950499550472,4,0,1,0,0,65.0,안전
37.488508803449605,126.91950499550472,4,0,1,0,0,65.0,안전
37.4894071146246,126.91950499550472,4,0,1,0,0,65.0,안전
37.49030542579959,126.91950499550472,0,0,0,0,0,40.0,위험
37.49120373697458,126.91950499550472,0,0,1,0,0,45.0,보통
37.492102048149576,126.91950499550472,0,0,1,0,0,45.0,보통
37.49300035932457,126.91950499550472,0,1,0,0,0,45.0,보통
37.49389867049956,126.91950499550472,0,0,0,0,0,40.0,위험
37.494796981674554,126.91950499550472,0,0,0,0,0,40.0,위험
37.49569529284955,126.91950499550472,0,0,0,0,0,40.0,위험
37.49659360402454,126.91950499550472,0,2,0,0,0,50.0,보통
37.49749191519953,126.91950499550472,0,3,1,0,0,60.0,안전
37.498390226374525,126.91950499550472,0,0,0,0,0,40.0,위험
37.49928853754952,126.91950499550472,0,1,0,0,0,45.0,보통
37.50018684872451,126.91950499550472,0,0,2,0,0,50.0,보통
37.5010851598995,126.91950499550472,0,0,1,0,0,45.0,보통
37.501983471074496,126.91950499550472,0,0,1,0,0,45.0,보통
37.50288178224949,126.91950499550472,0,0,0,0,0,40.0,위험
37.50378009342448,126.91950499550472,0,0,1,0,0,45.0,보통
37.504678404599474,126.91950499550472,0,0,0,0,0,40.0,위험
37.50557671577447,126.91950499550472,0,0,0,0,0,40.0,위험
37.50647502694946,126.91950499550472,0,0,0,0,0,40.0,위험
37.50737333812445,126.91950499550472,0,0,0,0,0,40.0,위험
37.508271649299445,126.91950499550472,0,0,0,0,0,40.0,위험
37.50916996047444,126.91950499550472,0,0,0,0,0,40.0,위험
37.51006827164943,126.91950499550472,0,0,0,0,0,40.0,위험
37.51096658282442,126.91950499550472,0,0,0,0,0,40.0,위험
37.511864893999416,126.91950499550472,0,0,0,0,0,40.0,위험
37.51276320517441,126.91950499550472,0,0,0,0,0,40.0,위험
37.5136615163494,126.91950499550472,0,0,0,0,0,40.0,위험
37.514559827524394,126.91950499550472,0,0,0,0,0,40.0,위험
37.51545813869939,126.91950499550472,0,0,0,0,0,40.0,위험
37.51635644987438,126.91950499550472,0,0,0,0,0,40.0,위험
37.51725476104937,126.91950499550472,0,3,0,0,0,55.0,보통
37.518153072224365,126.91950499550472,0,3,0,0,0,55.0,보통
37.51905138339936,126.91950499550472,0,3,0,0,0,55.0,보통
37.51994969457435,126.91950499550472,0,3,0,0,0,55.0,보통
37.52084800574934,126.91950499550472,0,0,0,0,0,40.0,위험
37.521746316924336,126.91950499550472,0,0,0,0,0,40.0,위험
37.52264462809933,126.91950499550472,0,0,0,0,0,40.0,위험
37.52354293927432,126.91950499550472,0,0,0,0,0,40.0,위험
37.524441250449314,126.91950499550472,0,0,0,0,0,40.0,위험
37.52533956162431,126.91950499550472,0,2,0,0,0,50.0,보통
37.44,126.9206368373734,0,0,0,0,0,40.0,위험
37.44089831117499,126.9206368373734,0,0,0,0,0,40.0,위험
37.44179662234998,126.9206368373734,0,0,0,0,0,40.0,위험
37.442694933524976,126.9206368373734,0,0,0,0,0,40.0,위험
37.44359324469997,126.9206368373734,0,0,0,0,0,40.0,위험
37.44449155587496,126.9206368373734,0,0,0,0,0,40.0,위험
37.445389867049954,126.9206368373734,0,0,0,0,0,40.0,위험
37.44628817822495,126.9206368373734,0,0,0,0,0,40.0,위험
37.44718648939994,126.9206368373734,0,0,0,0,0,40.0,위험
37.44808480057493,126.9206368373734,0,0,0,0,0,40.0,위험
37.448983111749925,126.9206368373734,0,0,0,0,0,40.0,위험
37.44988142292492,126.9206368373734,0,0,0,0,0,40.0,위험
37.45077973409991,126.9206368373734,0,0,0,0,0,40.0,위험
37.4516780452749,126.9206368373734,0,0,1,0,0,45.0,보통
37.452576356449896,126.9206368373734,0,0,1,0,0,45.0,보통
37.45347466762489,126.9206368373734,0,0,1,0,0,45.0,보통
37.45437297879988,126.9206368373734,0,0,0,0,0,40.0,위험
37.455271289974874,126.9206368373734,0,0,0,0,0,40.0,위험
37.45616960114987,126.9206368373734,0,0,0,0,0,40.0,위험
37.45706791232486,126.9206368373734,1,0,0,0,0,45.0,보통
37.45796622349985,126.9206368373734,2,0,0,0,0,50.0,보통
37.458864534674845,126.9206368373734,0,0,0,0,1,50.0,보통
37.45976284584984,126.9206368373734,3,0,0,0,1,65.0,안전
37.46066115702483,126.9206368373734,3,0,0,0,1,65.0,안전
37.46155946819982,126.9206368373734,0,0,0,0,1,50.0,보통
37.462457779374816,126.9206368373734,0,0,0,0,1,50.0,보통
37.46335609054981,126.9206368373734,0,0,0,0,1,50.0,보통
37.4642544017248,126.9206368373734,0,0,1,0,0,45.0,보통
37.465152712899794,126.9206368373734,4,0,0,0,0,60.0,안전
37.46605102407479,126.9206368373734,4,0,0,0,0,60.0,안전
37.46694933524978,126.9206368373734,4,0,1,0,0,65.0,안전
37.46784764642477,126.9206368373734,4,0,1,0,0,65.0,안전
37.468745957599765,126.9206368373734,4,0,0,0,0,60.0,안전
37.46964426877476,126.9206368373734,4,0,1,0,0,65.0,안전
37.47054257994975,126.9206368373734,4,0,1,0,0,65.0,안전
37.47144089112474,126.9206368373734,4,0,2,0,0,70.0,안전
37.472339202299736,126.9206368373734,4,0,2,0,0,70.0,안전
37.47323751347473,126.9206368373734,4,0,2,0,0,70.0,안전
37.47413582464972,126.9206368373734,4,0,0,0,0,60.0,안전
37.475034135824714,126.9206368373734,4,0,0,0,0,60.0,안전
37.47593244699971,126.9206368373734,4,0,0,0,0,60.0,안전
37.4768307581747,126.9206368373734,4,0,1,0,0,65.0,안전
37.47772906934969,126.9206368373734,4,0,1,0,0,65.0,안전
37.478627380524685,126.9206368373734,4,0,0,0,0,60.0,안전
37.47952569169968,126.9206368373734,1,0,0,0,0,45.0,보통
37.48042400287467,126.9206368373734,4,0,0,0,0,60.0,안전
37.48132231404966,126.9206368373734,4,0,0,0,0,60.0,안전
37.482220625224656,126.9206368373734,4,0,1,0,0,65.0,안전
37.48311893639965,126.9206368373734,4,0,2,0,0,70.0,안전
37.48401724757464,126.9206368373734,4,0,2,0,0,70.0,안전
37.484915558749634,126.9206368373734,4,0,2,0,0,70.0,안전
37.48581386992463,126.9206368373734,4,0,2,0,0,70.0,안전
37.48671218109962,126.9206368373734,4,0,1,0,0,65.0,안전
37.48761049227461,126.9206368373734,4,0,1,0,0,65.0,안전
37.488508803449605,126.9206368373734,4,0,0,0,0,60.0,안전
37.4894071146246,126.9206368373734,4,0,1,0,0,65.0,안전
37.49030542579959,126.9206368373734,0,0,0,0,0,40.0,위험
37.49120373697458,126.9206368373734,0,0,1,0,0,45.0,보통
37.492102048149576,126.9206368373734,0,0,1,0,0,45.0,보통
37.49300035932457,126.9206368373734,0,1,0,0,0,45.0,보통
37.49389867049956,126.9206368373734,0,0,0,0,0,40.0,위험
37.494796981674554,126.9206368373734,0,0,0,0,0,40.0,위험
37.49569529284955,126.9206368373734,0,3,0,0,0,55.0,보통
37.49659360402454,126.9206368373734,4,3,0,0,0,75.0,안전
37.49749191519953,126.9206368373734,4,3,1,0,0,80.0,안전
37.498390226374525,126.9206368373734,3,3,0,0,0,70.0,안전
37.49928853754952,126.9206368373734,4,3,1,0,0,80.0,안전
37.50018684872451,126.9206368373734,0,3,1,0,0,60.0,안전
37.5010851598995,126.9206368373734,0,2,0,0,0,50.0,보통
37.501983471074496,126.9206368373734,0,0,0,0,0,40.0,위험
37.50288178224949,126.9206368373734,0,1,0,0,0,45.0,보통
37.50378009342448,126.9206368373734,0,0,0,0,0,40.0,위험
37.504678404599474,126.9206368373734,0,0,0,0,0,40.0,위험
37.50557671577447,126.9206368373734,0,0,0,0,0,40.0,위험
37.50647502694946,126.9206368373734,0,0,0,0,0,40.0,위험
37.50737333812445,126.9206368373734,0,0,0,0,0,40.0,위험
37.508271649299445,126.9206368373734,0,0,0,0,0,40.0,위험
37.50916996047444,126.9206368373734,0,0,0,0,0,40.0,위험
37.51006827164943,126.9206368373734,0,0,0,0,0,40.0,위험
37.51096658282442,126.9206368373734,0,0,0,0,0,40.0,위험
37.511864893999416,126.9206368373734,0,0,0,0,0,40.0,위험
37.51276320517441,126.9206368373734,0,0,0,0,0,40.0,위험
37.5136615163494,126.9206368373734,0,0,0,0,0,40.0,위험
37.514559827524394,126.9206368373734,0,0,0,0,0,40.0,위험
37.51545813869939,126.9206368373734,0,0,0,0,0,40.0,위험
37.51635644987438,126.9206368373734,0,2,0,0,0,50.0,보통
37.51725476104937,126.9206368373734,0,3,0,0,0,55.0,보통
37.518153072224365,126.9206368373734,0,3,0,0,0,55.0,보통
37.51905138339936,126.9206368373734,0,0,0,0,0,40.0,위험
37.51994969457435,126.9206368373734,0,0,0,0,0,40.0,위험
37.52084800574934,126.9206368373734,0,0,0,0,0,40.0,위험
37.521746316924336,126.9206368373734,0,0,0,0,0,40.0,위험
37.52264462809933,126.9206368373734,0,0,0,0,0,40.0,위험
37.52354293927432,126.9206368373734,0,0,0,0,0,40.0,위험
37.524441250449314,126.9206368373734,0,0,0,0,0,40.0,위험
37.52533956162431,126.9206368373734,0,1,0,0,0,45.0,보통
37.44,126.92176867924206,0,0,0,0,0,40.0,위험
37.44089831117499,126.92176867924206,0,0,0,0,0,40.0,위험
37.44179662234998,126.92176867924206,0,0,0,0,0,40.0,위험
37.442694933524976,126.92176867924206,0,0,0,0,0,40.0,위험
37.44359324469997,126.92176867924206,0,0,0,0,0,40.0,위험
37.44449155587496,126.92176867924206,0,0,0,0,0,40.0,위험
37.445389867049954,126.92176867924206,0,0,0,0,0,40.0,위험
37.44628817822495,126.92176867924206,0,0,0,0,0,40.0,위험
37.44718648939994,126.92176867924206,0,0,0,0,0,40.0,위험
37.44808480057493,126.92176867924206,0,0,0,0,0,40.0,위험
37.448983111749925,126.92176867924206,0,0,0,0,0,40.0,위험
37.44988142292492,126.92176867924206,0,0,0,0,0,40.0,위험
37.45077973409991,126.92176867924206,0,0,0,0,0,40.0,위험
37.4516780452749,126.92176867924206,0,0,0,0,0,40.0,위험
37.452576356449896,126.92176867924206,0,0,0,0,0,40.0,위험
37.45347466762489,126.92176867924206,0,0,0,0,0,40.0,위험
37.45437297879988,126.92176867924206,0,0,0,0,0,40.0,위험
37.455271289974874,126.92176867924206,0,0,0,0,0,40.0,위험
37.45616960114987,126.92176867924206,0,0,0,0,0,40.0,위험
37.45706791232486,126.92176867924206,0,0,0,0,0,40.0,위험
37.45796622349985,126.92176867924206,2,0,0,0,0,50.0,보통
37.458864534674845,126.92176867924206,4,0,0,0,0,60.0,안전
37.45976284584984,126.92176867924206,2,0,0,0,1,60.0,안전
37.46066115702483,126.92176867924206,4,0,0,0,1,70.0,안전
37.46155946819982,126.92176867924206,4,0,0,0,1,70.0,안전
37.462457779374816,126.92176867924206,0,0,0,0,1,50.0,보통
37.46335609054981,126.92176867924206,0,0,0,0,0,40.0,위험
37.4642544017248,126.92176867924206,0,0,0,0,0,40.0,위험
37.465152712899794,126.92176867924206,1,0,0,0,0,45.0,보통
37.46605102407479,126.92176867924206,4,0,0,0,0,60.0,안전
37.46694933524978,126.92176867924206,4,0,1,0,0,65.0,안전
37.46784764642477,126.92176867924206,4,0,0,0,0,60.0,안전
37.468745957599765,126.92176867924206,4,0,0,0,0,60.0,안전
37.46964426877476,126.92176867924206,4,0,0,0,0,60.0,안전
37.47054257994975,126.92176867924206,4,0,1,0,0,65.0,안전
37.47144089112474,126.92176867924206,4,0,1,0,0,65.0,안전
37.472339202299736,126.92176867924206,4,0,1,0,0,65.0,안전
37.47323751347473,126.92176867924206,4,0,1,0,0,65.0,안전
37.47413582464972,126.92176867924206,4,0,1,0,0,65.0,안전
37.475034135824714,126.92176867924206,4,0,2,0,0,70.0,안전
37.47593244699971,126.92176867924206,4,0,0,0,0,60.0,안전
37.4768307581747,126.92176867924206,4,0,1,0,0,65.0,안전
37.47772906934969,126.92176867924206,4,0,1,0,0,65.0,안전
37.478627380524685,126.92176867924206,4,0,0,0,0,60.0,안전
37.47952569169968,126.92176867924206,0,0,0,0,0,40.0,위험
37.48042400287467,126.92176867924206,1,0,0,0,0,45.0,보통
37.48132231404966,126.92176867924206,4,0,0,0,0,60.0,안전
37.482220625224656,126.92176867924206,4,0,1,0,0,65.0,안전
37.48311893639965,126.92176867924206,4,0,1,0,0,65.0,안전
37.48401724757464,126.92176867924206,4,0,1,0,0,65.0,안전
37.484915558749634,126.92176867924206,4,0,1,0,0,65.0,안전
37.48581386992463,126.92176867924206,4,0,1,0,0,65.0,안전
37.48671218109962,126.92176867924206,4,0,2,0,0,70.0,안전
37.48761049227461,126.92176867924206,4,0,1,0,0,65.0,안전
37.488508803449605,126.92176867924206,4,0,1,0,0,65.0,안전
37.4894071146246,126.92176867924206,4,0,1,0,0,65.0,안전
37.49030542579959,126.92176867924206,4,0,1,0,0,65.0,안전
37.49120373697458,126.92176867924206,0,0,0,0,0,40.0,위험
37.492102048149576,126.92176867924206,0,0,0,0,0,40.0,위험
37.49300035932457,126.92176867924206,0,0,0,0,0,40.0,위험
37.49389867049956,126.92176867924206,0,0,0,0,0,40.0,위험
37.494796981674554,126.92176867924206,0,3,0,0,0,55.0,보통
37.49569529284955,126.92176867924206,0,3,1,0,0,60.0,안전
37.49659360402454,126.92176867924206,4,3,1,0,0,80.0,안전
37.49749191519953,126.92176867924206,4,3,1,0,0,80.0,안전
37.498390226374525,126.92176867924206,4,3,0,0,0,75.0,안전
37.49928853754952,126.92176867924206,4,3,1,0,0,80.0,안전
37.50018684872451,126.92176867924206,1,3,1,0,0,65.0,안전
37.5010851598995,126.92176867924206,0,3,0,0,0,55.0,보통
37.501983471074496,126.92176867924206,0,0,0,0,0,40.0,위험
37.50288178224949,126.92176867924206,4,3,1,0,0,80.0,안전
37.50378009342448,126.92176867924206,3,3,1,0,0,75.0,안전
37.504678404599474,126.92176867924206,0,3,0,0,0,55.0,보통
37.50557671577447,126.92176867924206,0,0,0,0,0,40.0,위험
37.50647502694946,126.92176867924206,0,0,0,0,0,40.0,위험
37.50737333812445,126.92176867924206,0,0,0,0,0,40.0,위험
37.508271649299445,126.92176867924206,0,0,0,0,0,40.0,위험
37.50916996047444,126.92176867924206,0,0,0,0,0,40.0,위험
37.51006827164943,126.92176867924206,0,0,0,0,0,40.0,위험
37.51096658282442,126.92176867924206,0,0,0,0,0,40.0,위험
37.511864893999416,126.92176867924206,0,0,0,0,0,40.0,위험
37.51276320517441,126.92176867924206,0,0,0,0,0,40.0,위험
37.5136615163494,126.92176867924206,0,0,0,0,0,40.0,위험
37.514559827524394,126.92176867924206,0,0,0,0,0,40.0,위험
37.51545813869939,126.92176867924206,0,0,0,0,0,40.0,위험
37.51635644987438,126.92176867924206,0,3,0,0,0,55.0,보통
37.51725476104937,126.92176867924206,0,3,0,0,0,55.0,보통
37.518153072224365,126.92176867924206,0,0,0,0,0,40.0,위험
37.51905138339936,126.92176867924206,0,0,0,0,0,40.0,위험
37.51994969457435,126.92176867924206,0,0,0,0,0,40.0,위험
37.52084800574934,126.92176867924206,0,0,0,0,0,40.0,위험
37.521746316924336,126.92176867924206,0,0,0,0,0,40.0,위험
37.52264462809933,126.92176867924206,0,0,0,0,0,40.0,위험
37.52354293927432,126.92176867924206,0,3,0,0,0,55.0,보통
37.524441250449314,126.92176867924206,0,1,0,0,0,45.0,보통
37.52533956162431,126.92176867924206,0,0,0,0,0,40.0,위험
37.44,126.92290052111073,0,0,0,0,0,40.0,위험
37.44089831117499,126.92290052111073,0,0,0,0,0,40.0,위험
37.44179662234998,126.92290052111073,0,0,0,0,0,40.0,위험
37.442694933524976,126.92290052111073,0,0,0,0,0,40.0,위험
37.44359324469997,126.92290052111073,0,0,0,0,0,40.0,위험
37.44449155587496,126.92290052111073,0,0,0,0,0,40.0,위험
37.445389867049954,126.92290052111073,0,0,0,0,0,40.0,위험
37.44628817822495,126.92290052111073,0,0,0,0,0,40.0,위험
37.44718648939994,126.92290052111073,0,0,0,0,0,40.0,위험
37.44808480057493,126.92290052111073,0,0,0,0,0,40.0,위험
37.448983111749925,126.92290052111073,0,0,0,0,0,40.0,위험
37.44988142292492,126.92290052111073,0,0,0,0,0,40.0,위험
37.45077973409991,126.92290052111073,0,0,0,0,0,40.0,위험
37.4516780452749,126.92290052111073,0,0,0,0,0,40.0,위험
37.452576356449896,126.92290052111073,0,0,0,0,0,40.0,위험
37.45347466762489,126.92290052111073,0,0,0,0,0,40.0,위험
37.45437297879988,126.92290052111073,0,0,0,0,0,40.0,위험
37.455271289974874,126.92290052111073,0,0,0,0,0,40.0,위험
37.45616960114987,126.92290052111073,0,0,0,0,0,40.0,위험
37.45706791232486,126.92290052111073,0,0,0,0,0,40.0,위험
37.45796622349985,126.92290052111073,0,0,0,0,0,40.0,위험
37.458864534674845,126.92290052111073,4,0,0,0,0,60.0,안전
37.45976284584984,126.92290052111073,3,0,0,0,0,55.0,보통
37.46066115702483,126.92290052111073,4,0,0,0,0,60.0,안전
37.46155946819982,126.92290052111073,4,0,0,0,0,60.0,안전
37.462457779374816,126.92290052111073,0,0,0,0,0,40.0,위험
37.46335609054981,126.92290052111073,0,0,0,0,0,40.0,위험
37.4642544017248,126.92290052111073,0,0,0,0,0,40.0,위험
37.465152712899794,126.92290052111073,0,0,0,0,0,40.0,위험
37.46605102407479,126.92290052111073,4,0,0,0,0,60.0,안전
37.46694933524978,126.92290052111073,4,0,0,0,0,60.0,안전
37.46784764642477,126.92290052111073,4,0,0,0,0,60.0,안전
37.468745957599765,126.92290052111073,4,0,0,0,0,60.0,안전
37.46964426877476,126.92290052111073,4,0,0,0,0,60.0,안전
37.47054257994975,126.92290052111073,4,0,0,0,0,60.0,안전
37.47144089112474,126.92290052111073,4,0,0,0,0,60.0,안전
37.472339202299736,126.92290052111073,4,0,0,0,0,60.0,안전
37.47323751347473,126.92290052111073,4,0,0,0,0,60.0,안전
37.47413582464972,126.92290052111073,4,0,1,0,0,65.0,안전
37.475034135824714,126.92290052111073,4,0,2,0,0,70.0,안전
37.47593244699971,126.92290052111073,4,0,1,0,0,65.0,안전
37.4768307581747,126.92290052111073,4,0,0,0,0,60.0,안전
37.47772906934969,126.92290052111073,4,0,0,0,0,60.0,안전
37.478627380524685,126.92290052111073,0,0,0,0,0,40.0,위험
37.47952569169968,126.92290052111073,4,0,0,0,0,60.0,안전
37.48042400287467,126.92290052111073,4,0,0,0,0,60.0,안전
37.48132231404966,126.92290052111073,4,0,1,0,0,65.0,안전
37.482220625224656,126.92290052111073,4,0,1,0,0,65.0,안전
37.48311893639965,126.92290052111073,4,0,2,0,0,70.0,안전
37.48401724757464,126.92290052111073,4,0,2,0,0,70.0,안전
37.484915558749634,126.92290052111073,4,0,1,0,0,65.0,안전
37.48581386992463,126.92290052111073,4,0,1,0,0,65.0,안전
37.48671218109962,126.92290052111073,4,0,1,0,0,65.0,안전
37.48761049227461,126.92290052111073,4,0,1,0,0,65.0,안전
37.488508803449605,126.92290052111073,4,0,0,0,0,60.0,안전
37.4894071146246,126.92290052111073,4,0,1,1,0,62.0,안전
37.49030542579959,126.92290052111073,4,1,2,1,0,72.0,안전
37.49120373697458,126.92290052111073,0,2,2,0,0,60.0,안전
37.492102048149576,126.92290052111073,0,1,2,0,0,55.0,보통
37.49300035932457,126.92290052111073,1,1,1,0,0,55.0,보통
37.49389867049956,126.92290052111073,1,0,0,0,0,45.0,보통
37.494796981674554,126.92290052111073,4,3,1,0,0,80.0,안전
37.49569529284955,126.92290052111073,4,3,2,0,0,85.0,안전
37.49659360402454,126.92290052111073,4,3,1,0,0,80.0,안전
37.49749191519953,126.92290052111073,4,3,1,0,0,80.0,안전
37.498390226374525,126.92290052111073,4,3,1,0,0,80.0,안전
37.49928853754952,126.92290052111073,4,3,1,0,0,80.0,안전
37.50018684872451,126.92290052111073,1,3,2,0,0,70.0,안전
37.5010851598995,126.92290052111073,0,3,0,0,0,55.0,보통
37.501983471074496,126.92290052111073,4,2,0,0,0,70.0,안전
37.50288178224949,126.92290052111073,4,3,1,0,0,80.0,안전
37.50378009342448,126.92290052111073,3,3,1,0,0,75.0,안전
37.504678404599474,126.92290052111073,4,3,1,0,0,80.0,안전
37.50557671577447,126.92290052111073,4,3,0,0,0,75.0,안전
37.50647502694946,126.92290052111073,0,2,0,0,0,50.0,보통
37.50737333812445,126.92290052111073,0,1,0,0,0,45.0,보통
37.508271649299445,126.92290052111073,0,0,0,0,0,40.0,위험
37.50916996047444,126.92290052111073,0,0,0,0,0,40.0,위험
37.51006827164943,126.92290052111073,0,0,0,0,0,40.0,위험
37.51096658282442,126.92290052111073,0,0,0,0,0,40.0,위험
37.511864893999416,126.92290052111073,0,0,0,0,0,40.0,위험
37.51276320517441,126.92290052111073,0,0,0,0,0,40.0,위험
37.5136615163494,126.92290052111073,0,0,0,0,0,40.0,위험
37.514559827524394,126.92290052111073,0,0,0,0,0,40.0,위험
37.51545813869939,126.92290052111073,0,2,0,0,0,50.0,보통
37.51635644987438,126.92290052111073,0,3,0,0,0,55.0,보통
37.51725476104937,126.92290052111073,0,3,0,0,0,55.0,보통
37.518153072224365,126.92290052111073,0,0,0,0,0,40.0,위험
37.51905138339936,126.92290052111073,0,0,0,0,0,40.0,위험
37.51994969457435,126.92290052111073,0,0,0,0,0,40.0,위험
37.52084800574934,126.92290052111073,0,0,0,0,0,40.0,위험
37.521746316924336,126.92290052111073,0,0,0,0,0,40.0,위험
37.52264462809933,126.92290052111073,0,3,0,0,0,55.0,보통
37.52354293927432,126.92290052111073,0,3,0,0,0,55.0,보통
37.524441250449314,126.92290052111073,0,0,0,0,0,40.0,위험
37.52533956162431,126.92290052111073,0,0,0,0,0,40.0,위험
37.44,126.9240323629794,0,0,0,0,0,40.0,위험
37.44089831117499,126.9240323629794,0,0,0,0,0,40.0,위험
37.44179662234998,126.9240323629794,0,0,0,0,0,40.0,위험
37.442694933524976,126.9240323629794,0,0,0,0,0,40.0,위험
37.44359324469997,126.9240323629794,0,0,0,0,0,40.0,위험
37.44449155587496,126.9240323629794,0,0,0,0,0,40.0,위험
37.445389867049954,126.9240323629794,0,0,0,0,0,40.0,위험
37.44628817822495,126.9240323629794,0,0,0,0,0,40.0,위험
37.44718648939994,126.9240323629794,0,0,0,0,0,40.0,위험
37.44808480057493,126.9240323629794,0,0,0,0,0,40.0,위험
37.448983111749925,126.9240323629794,0,0,0,0,0,40.0,위험
37.44988142292492,126.9240323629794,0,0,0,0,0,40.0,위험
37.45077973409991,126.9240323629794,0,0,0,0,0,40.0,위험
37.4516780452749,126.9240323629794,0,0,0,0,0,40.0,위험
37.452576356449896,126.9240323629794,0,0,0,0,0,40.0,위험
37.45347466762489,126.9240323629794,0,0,0,0,0,40.0,위험
37.45437297879988,126.9240323629794,0,0,0,0,0,40.0,위험
37.455271289974874,126.9240323629794,0,0,0,0,0,40.0,위험
37.45616960114987,126.9240323629794,0,0,0,0,0,40.0,위험
37.45706791232486,126.9240323629794,0,0,0,0,0,40.0,위험
37.45796622349985,126.9240323629794,0,0,0,0,0,40.0,위험
37.458864534674845,126.9240323629794,0,0,0,0,0,40.0,위험
37.45976284584984,126.9240323629794,0,0,0,0,0,40.0,위험
37.46066115702483,126.9240323629794,1,0,0,0,0,45.0,보통
37.46155946819982,126.9240323629794,2,0,0,0,0,50.0,보통
37.462457779374816,126.9240323629794,0,0,0,0,0,40.0,위험
37.46335609054981,126.9240323629794,0,0,0,0,0,40.0,위험
37.4642544017248,126.9240323629794,0,0,0,0,0,40.0,위험
37.465152712899794,126.9240323629794,1,0,0,0,0,45.0,보통
37.46605102407479,126.9240323629794,3,0,0,0,0,55.0,보통
37.46694933524978,126.9240323629794,4,0,0,0,0,60.0,안전
37.46784764642477,126.9240323629794,4,0,0,0,0,60.0,안전
37.468745957599765,126.9240323629794,4,0,1,0,0,65.0,안전
37.46964426877476,126.9240323629794,4,0,1,0,0,65.0,안전
37.47054257994975,126.9240323629794,4,0,0,0,0,60.0,안전
37.47144089112474,126.9240323629794,0,0,0,0,0,40.0,위험
37.472339202299736,126.9240323629794,4,0,0,0,0,60.0,안전
37.47323751347473,126.9240323629794,4,0,0,0,0,60.0,안전
37.47413582464972,126.9240323629794,4,0,0,0,0,60.0,안전
37.475034135824714,126.9240323629794,4,0,0,0,0,60.0,안전
37.47593244699971,126.9240323629794,4,0,1,0,0,65.0,안전
37.4768307581747,126.9240323629794,4,0,0,0,0,60.0,안전
37.47772906934969,126.9240323629794,3,0,0,0,0,55.0,보통
37.478627380524685,126.9240323629794,0,0,0,0,0,40.0,위험
37.47952569169968,126.9240323629794,4,0,0,0,0,60.0,안전
37.48042400287467,126.9240323629794,4,0,1,0,0,65.0,안전
37.48132231404966,126.9240323629794,4,0,2,0,0,70.0,안전
37.482220625224656,126.9240323629794,4,0,2,0,0,70.0,안전
37.48311893639965,126.9240323629794,4,0,2,0,0,70.0,안전
37.48401724757464,126.9240323629794,4,0,2,0,0,70.0,안전
37.484915558749634,126.9240323629794,4,0,2,0,0,70.0,안전
37.48581386992463,126.9240323629794,4,0,1,0,0,65.0,안전
37.48671218109962,126.9240323629794,4,0,0,0,0,60.0,안전
37.48761049227461,126.9240323629794,4,0,0,0,0,60.0,안전
37.488508803449605,126.9240323629794,4,0,0,0,0,60.0,안전
37.4894071146246,126.9240323629794,4,0,0,1,0,57.0,안전
37.49030542579959,126.9240323629794,0,1,1,0,0,50.0,보통
37.49120373697458,126.9240323629794,1,3,2,0,0,70.0,안전
37.492102048149576,126.9240323629794,1,3,2,0,0,70.0,안전
37.49300035932457,126.9240323629794,1,1,1,0,0,55.0,보통
37.49389867049956,126.9240323629794,0,0,0,0,0,40.0,위험
37.494796981674554,126.9240323629794,4,3,1,0,0,80.0,안전
37.49569529284955,126.9240323629794,4,3,1,0,0,80.0,안전
37.49659360402454,126.9240323629794,4,3,0,0,0,75.0,안전
37.49749191519953,126.9240323629794,4,3,1,0,0,80.0,안전
37.498390226374525,126.9240323629794,4,3,1,0,0,80.0,안전
37.49928853754952,126.9240323629794,4,3,1,0,0,80.0,안전
37.50018684872451,126.9240323629794,1,3,0,0,0,60.0,안전
37.5010851598995,126.9240323629794,1,3,0,0,0,60.0,안전
37.501983471074496,126.9240323629794,0,3,0,0,0,55.0,보통
37.50288178224949,126.9240323629794,0,3,0,0,0,55.0,보통
37.50378009342448,126.9240323629794,3,3,1,0,0,75.0,안전
37.504678404599474,126.9240323629794,4,3,1,0,0,80.0,안전
37.50557671577447,126.9240323629794,4,3,0,0,0,75.0,안전
37.50647502694946,126.9240323629794,0,2,0,0,0,50.0,보통
37.50737333812445,126.9240323629794,0,2,0,0,0,50.0,보통
37.508271649299445,126.9240323629794,1,0,0,0,0,45.0,보통
37.50916996047444,126.9240323629794,1,2,0,0,0,55.0,보통
37.51006827164943,126.9240323629794,0,0,0,0,0,40.0,위험
37.51096658282442,126.9240323629794,0,0,0,0,0,40.0,위험
37.511864893999416,126.9240323629794,0,1,0,0,0,45.0,보통
37.51276320517441,126.9240323629794,0,0,0,0,0,40.0,위험
37.5136615163494,126.9240323629794,0,0,0,0,0,40.0,위험
37.514559827524394,126.9240323629794,0,1,0,0,0,45.0,보통
37.51545813869939,126.9240323629794,0,3,0,0,0,55.0,보통
37.51635644987438,126.9240323629794,0,3,0,0,0,55.0,보통
37.51725476104937,126.9240323629794,0,0,0,0,0,40.0,위험
37.518153072224365,126.9240323629794,0,0,0,0,0,40.0,위험
37.51905138339936,126.9240323629794,0,0,0,0,0,40.0,위험
37.51994969457435,126.9240323629794,0,0,0,0,0,40.0,위험
37.52084800574934,126.9240323629794,0,0,0,0,0,40.0,위험
37.521746316924336,126.9240323629794,0,0,0,0,0,40.0,위험
37.52264462809933,126.9240323629794,0,0,0,0,0,40.0,위험
37.52354293927432,126.9240323629794,0,0,0,0,0,40.0,위험
37.524441250449314,126.9240323629794,0,0,0,0,0,40.0,위험
37.52533956162431,126.9240323629794,0,0,0,0,0,40.0,위험
37.44,126.92516420484807,0,0,0,0,0,40.0,위험
37.44089831117499,126.92516420484807,0,0,0,0,0,40.0,위험
37.44179662234998,126.92516420484807,0,0,0,0,0,40.0,위험
37.442694933524976,126.92516420484807,0,0,0,0,0,40.0,위험
37.44359324469997,126.92516420484807,0,0,0,0,0,40.0,위험
37.44449155587496,126.92516420484807,0,0,0,0,0,40.0,위험
37.445389867049954,126.92516420484807,0,0,0,0,0,40.0,위험
37.44628817822495,126.92516420484807,0,0,0,0,0,40.0,위험
37.44718648939994,126.92516420484807,0,0,0,0,0,40.0,위험
37.44808480057493,126.92516420484807,0,0,0,0,0,40.0,위험
37.448983111749925,126.92516420484807,0,0,0,0,0,40.0,위험
37.44988142292492,126.92516420484807,0,0,0,0,0,40.0,위험
37.45077973409991,126.92516420484807,0,0,0,0,0,40.0,위험
37.4516780452749,126.92516420484807,0,0,0,0,0,40.0,위험
37.452576356449896,126.92516420484807,0,0,0,0,0,40.0,위험
37.45347466762489,126.92516420484807,0,0,0,0,0,40.0,위험
37.45437297879988,126.92516420484807,0,0,0,0,0,40.0,위험
37.455271289974874,126.92516420484807,0,0,0,0,0,40.0,위험
37.45616960114987,126.92516420484807,0,0,0,0,0,40.0,위험
37.45706791232486,126.92516420484807,0,0,0,0,0,40.0,위험
37.45796622349985,126.92516420484807,0,0,0,0,0,40.0,위험
37.458864534674845,126.92516420484807,0,0,0,0,0,40.0,위험
37.45976284584984,126.92516420484807,0,0,0,0,0,40.0,위험
37.46066115702483,126.92516420484807,3,0,1,0,0,60.0,안전
37.46155946819982,126.92516420484807,3,0,1,0,0,60.0,안전
37.462457779374816,126.92516420484807,0,0,0,0,0,40.0,위험
37.46335609054981,126.92516420484807,1,0,0,0,0,45.0,보통
37.4642544017248,126.92516420484807,1,0,0,0,0,45.0,보통
37.465152712899794,126.92516420484807,0,0,0,0,0,40.0,위험
37.46605102407479,126.92516420484807,0,0,0,0,0,40.0,위험
37.46694933524978,126.92516420484807,0,0,0,0,0,40.0,위험
37.46784764642477,126.92516420484807,4,0,0,0,0,60.0,안전
37.468745957599765,126.92516420484807,4,0,1,0,0,65.0,안전
37.46964426877476,126.92516420484807,4,0,1,0,0,65.0,안전
37.47054257994975,126.92516420484807,4,0,0,0,0,60.0,안전
37.47144089112474,126.92516420484807,1,0,0,0,0,45.0,보통
37.472339202299736,126.92516420484807,0,0,0,0,0,40.0,위험
37.47323751347473,126.92516420484807,1,0,0,0,0,45.0,보통
37.47413582464972,126.92516420484807,4,0,0,0,0,60.0,안전
37.475034135824714,126.92516420484807,4,0,0,0,0,60.0,안전
37.47593244699971,126.92516420484807,4,0,1,0,0,65.0,안전
37.4768307581747,126.92516420484807,4,0,1,0,0,65.0,안전
37.47772906934969,126.92516420484807,1,0,0,0,0,45.0,보통
37.478627380524685,126.92516420484807,4,0,0,0,0,60.0,안전
37.47952569169968,126.92516420484807,4,0,0,0,0,60.0,안전
37.48042400287467,126.92516420484807,4,0,0,0,0,60.0,안전
37.48132231404966,126.92516420484807,4,0,1,0,0,65.0,안전
37.482220625224656,126.92516420484807,4,0,0,0,0,60.0,안전
37.48311893639965,126.92516420484807,4,0,1,0,0,65.0,안전
37.48401724757464,126.92516420484807,4,0,2,0,0,70.0,안전
37.484915558749634,126.92516420484807,4,0,1,0,0,65.0,안전
37.48581386992463,126.92516420484807,4,0,0,0,0,60.0,안전
37.48671218109962,126.92516420484807,4,0,2,0,0,70.0,안전
37.48761049227461,126.92516420484807,4,0,2,0,0,70.0,안전
37.488508803449605,126.92516420484807,4,0,1,0,0,65.0,안전
37.4894071146246,126.92516420484807,4,0,0,0,0,60.0,안전
37.49030542579959,126.92516420484807,4,0,0,0,0,60.0,안전
37.49120373697458,126.92516420484807,2,1,2,0,0,65.0,안전
37.492102048149576,126.92516420484807,1,3,2,0,0,70.0,안전
37.49300035932457,126.92516420484807,0,3,0,0,0,55.0,보통
37.49389867049956,126.92516420484807,4,3,0,0,0,75.0,안전
37.494796981674554,126.92516420484807,4,3,0,0,0,75.0,안전
37.49569529284955,126.92516420484807,4,3,0,0,0,75.0,안전
37.49659360402454,126.92516420484807,4,3,0,0,0,75.0,안전
37.49749191519953,126.92516420484807,4,3,2,0,0,85.0,안전
37.498390226374525,126.92516420484807,4,3,1,0,0,80.0,안전
37.49928853754952,126.92516420484807,4,3,1,0,0,80.0,안전
37.50018684872451,126.92516420484807,4,3,1,0,0,80.0,안전
37.5010851598995,126.92516420484807,4,3,1,0,0,80.0,안전
37.501983471074496,126.92516420484807,4,3,1,0,0,80.0,안전
37.50288178224949,126.92516420484807,0,3,1,0,0,60.0,안전
37.50378009342448,126.92516420484807,3,3,1,0,0,75.0,안전
37.504678404599474,126.92516420484807,3,3,1,0,0,75.0,안전
37.50557671577447,126.92516420484807,4,3,0,0,0,75.0,안전
37.50647502694946,126.92516420484807,1,1,0,0,0,50.0,보통
37.50737333812445,126.92516420484807,0,1,0,0,0,45.0,보통
37.508271649299445,126.92516420484807,3,2,0,0,0,65.0,안전
37.50916996047444,126.92516420484807,4,3,0,0,0,75.0,안전
37.51006827164943,126.92516420484807,0,3,0,0,0,55.0,보통
37.51096658282442,126.92516420484807,4,3,0,0,0,75.0,안전
37.511864893999416,126.92516420484807,0,3,0,0,0,55.0,보통
37.51276320517441,126.92516420484807,0,2,0,0,0,50.0,보통
37.5136615163494,126.92516420484807,0,0,0,0,0,40.0,위험
37.514559827524394,126.92516420484807,0,3,0,0,0,55.0,보통
37.51545813869939,126.92516420484807,0,3,0,0,0,55.0,보통
37.51635644987438,126.92516420484807,0,3,0,0,0,55.0,보통
37.51725476104937,126.92516420484807,0,0,0,0,0,40.0,위험
37.518153072224365,126.92516420484807,0,0,0,0,0,40.0,위험
37.51905138339936,126.92516420484807,0,0,0,0,0,40.0,위험
37.51994969457435,126.92516420484807,0,0,0,0,0,40.0,위험
37.52084800574934,126.92516420484807,0,0,0,0,0,40.0,위험
37.521746316924336,126.92516420484807,0,0,0,0,0,40.0,위험
37.52264462809933,126.92516420484807,0,0,0,0,0,40.0,위험
37.52354293927432,126.92516420484807,0,0,0,0,0,40.0,위험
37.524441250449314,126.92516420484807,0,0,0,0,0,40.0,위험
37.52533956162431,126.92516420484807,0,0,0,0,0,40.0,위험
37.44,126.92629604671674,0,0,0,0,0,40.0,위험
37.44089831117499,126.92629604671674,0,0,0,0,0,40.0,위험
37.44179662234998,126.92629604671674,0,0,0,0,0,40.0,위험
37.442694933524976,126.92629604671674,0,0,0,0,0,40.0,위험
37.44359324469997,126.92629604671674,0,0,0,0,0,40.0,위험
37.44449155587496,126.92629604671674,0,0,0,0,0,40.0,위험
37.445389867049954,126.92629604671674,0,0,0,0,0,40.0,위험
37.44628817822495,126.92629604671674,0,0,0,0,0,40.0,위험
37.44718648939994,126.92629604671674,0,0,0,0,0,40.0,위험
37.44808480057493,126.92629604671674,0,0,0,0,0,40.0,위험
37.448983111749925,126.92629604671674,0,0,0,0,0,40.0,위험
37.44988142292492,126.92629604671674,0,0,0,0,0,40.0,위험
37.45077973409991,126.92629604671674,0,0,0,0,0,40.0,위험
37.4516780452749,126.92629604671674,0,0,0,0,0,40.0,위험
37.452576356449896,126.92629604671674,0,0,0,0,0,40.0,위험
37.45347466762489,126.92629604671674,0,0,0,0,0,40.0,위험
37.45437297879988,126.92629604671674,0,0,0,0,0,40.0,위험
37.455271289974874,126.92629604671674,0,0,0,0,0,40.0,위험
37.45616960114987,126.92629604671674,0,0,0,0,0,40.0,위험
37.45706791232486,126.92629604671674,0,0,0,0,0,40.0,위험
37.45796622349985,126.92629604671674,0,0,0,0,0,40.0,위험
37.458864534674845,126.92629604671674,0,0,0,0,0,40.0,위험
37.45976284584984,126.92629604671674,0,0,0,0,0,40.0,위험
37.46066115702483,126.92629604671674,1,0,1,0,0,50.0,보통
37.46155946819982,126.92629604671674,1,0,1,0,0,50.0,보통
37.462457779374816,126.92629604671674,0,0,1,0,0,45.0,보통
37.46335609054981,126.92629604671674,2,0,1,0,0,55.0,보통
37.4642544017248,126.92629604671674,4,0,0,0,0,60.0,안전
37.465152712899794,126.92629604671674,4,0,0,0,0,60.0,안전
37.46605102407479,126.92629604671674,3,0,0,0,0,55.0,보통
37.46694933524978,126.92629604671674,1,0,0,0,0,45.0,보통
37.46784764642477,126.92629604671674,4,0,0,0,0,60.0,안전
37.468745957599765,126.92629604671674,3,0,0,0,0,55.0,보통
37.46964426877476,126.92629604671674,2,0,0,0,0,50.0,보통
37.47054257994975,126.92629604671674,3,0,0,0,0,55.0,보통
37.47144089112474,126.92629604671674,1,0,0,0,0,45.0,보통
37.472339202299736,126.92629604671674,0,0,0,0,0,40.0,위험
37.47323751347473,126.92629604671674,0,0,0,0,0,40.0,위험
37.47413582464972,126.92629604671674,0,0,0,0,0,40.0,위험
37.475034135824714,126.92629604671674,3,0,0,0,0,55.0,보통
37.47593244699971,126.92629604671674,4,0,0,0,0,60.0,안전
37.4768307581747,126.92629604671674,3,0,0,0,0,55.0,보통
37.47772906934969,126.92629604671674,4,0,0,0,0,60.0,안전
37.478627380524685,126.92629604671674,4,0,0,0,0,60.0,안전
37.47952569169968,126.92629604671674,4,0,0,0,0,60.0,안전
37.48042400287467,126.92629604671674,4,0,1,0,0,65.0,안전
37.48132231404966,126.92629604671674,4,0,1,0,1,75.0,안전
37.482220625224656,126.92629604671674,4,0,0,0,1,70.0,안전
37.48311893639965,126.92629604671674,4,0,1,3,1,66.0,안전
37.48401724757464,126.92629604671674,4,0,2,3,0,61.0,안전
37.484915558749634,126.92629604671674,4,0,1,1,0,62.0,안전
37.48581386992463,126.92629604671674,4,0,1,0,0,65.0,안전
37.48671218109962,126.92629604671674,4,0,2,0,0,70.0,안전
37.48761049227461,126.92629604671674,4,0,2,0,0,70.0,안전
37.488508803449605,126.92629604671674,4,0,2,0,0,70.0,안전
37.4894071146246,126.92629604671674,4,0,1,0,0,65.0,안전
37.49030542579959,126.92629604671674,4,0,0,0,0,60.0,안전
37.49120373697458,126.92629604671674,4,0,2,0,0,70.0,안전
37.492102048149576,126.92629604671674,4,3,2,0,0,85.0,안전
37.49300035932457,126.92629604671674,4,3,1,0,0,80.0,안전
37.49389867049956,126.92629604671674,4,3,1,0,0,80.0,안전
37.494796981674554,126.92629604671674,4,3,1,0,0,80.0,안전
37.49569529284955,126.92629604671674,4,3,1,0,0,80.0,안전
37.49659360402454,126.92629604671674,4,3,0,0,0,75.0,안전
37.49749191519953,126.92629604671674,4,3,0,0,0,75.0,안전
37.498390226374525,126.92629604671674,4,3,1,0,0,80.0,안전
37.49928853754952,126.92629604671674,4,3,2,0,0,85.0,안전
37.50018684872451,126.92629604671674,4,3,2,0,0,85.0,안전
37.5010851598995,126.92629604671674,4,3,0,0,0,75.0,안전
37.501983471074496,126.92629604671674,4,3,1,0,0,80.0,안전
37.50288178224949,126.92629604671674,4,3,1,0,0,80.0,안전
37.50378009342448,126.92629604671674,0,1,0,0,0,45.0,보통
37.504678404599474,126.92629604671674,0,0,0,0,0,40.0,위험
37.50557671577447,126.92629604671674,0,0,0,0,0,40.0,위험
37.50647502694946,126.92629604671674,1,0,0,0,0,45.0,보통
37.50737333812445,126.92629604671674,1,2,0,0,0,55.0,보통
37.508271649299445,126.92629604671674,0,3,0,0,0,55.0,보통
37.50916996047444,126.92629604671674,1,3,0,0,0,60.0,안전
37.51006827164943,126.92629604671674,4,3,0,0,0,75.0,안전
37.51096658282442,126.92629604671674,4,3,0,0,0,75.0,안전
37.511864893999416,126.92629604671674,1,3,0,0,0,60.0,안전
37.51276320517441,126.92629604671674,4,3,0,0,0,75.0,안전
37.5136615163494,126.92629604671674,4,3,0,0,0,75.0,안전
37.514559827524394,126.92629604671674,0,3,0,0,0,55.0,보통
37.51545813869939,126.92629604671674,0,3,0,0,0,55.0,보통
37.51635644987438,126.92629604671674,0,1,0,0,0,45.0,보통
37.51725476104937,126.92629604671674,0,0,0,0,0,40.0,위험
37.518153072224365,126.92629604671674,0,0,0,0,0,40.0,위험
37.51905138339936,126.92629604671674,0,0,0,0,0,40.0,위험
37.51994969457435,126.92629604671674,0,0,0,0,0,40.0,위험
37.52084800574934,126.92629604671674,0,0,0,0,0,40.0,위험
37.521746316924336,126.92629604671674,0,0,0,0,0,40.0,위험
37.52264462809933,126.92629604671674,0,0,0,0,0,40.0,위험
37.52354293927432,126.92629604671674,0,0,0,0,0,40.0,위험
37.524441250449314,126.92629604671674,0,0,0,0,0,40.0,위험
37.52533956162431,126.92629604671674,0,0,0,0,0,40.0,위험
37.44,126.92742788858541,0,0,0,0,0,40.0,위험
37.44089831117499,126.92742788858541,0,0,0,0,0,40.0,위험
37.44179662234998,126.92742788858541,0,0,0,0,0,40.0,위험
37.442694933524976,126.92742788858541,0,0,0,0,0,40.0,위험
37.44359324469997,126.92742788858541,0,0,0,0,0,40.0,위험
37.44449155587496,126.92742788858541,0,0,0,0,0,40.0,위험
37.445389867049954,126.92742788858541,0,0,0,0,0,40.0,위험
37.44628817822495,126.92742788858541,0,0,0,0,0,40.0,위험
37.44718648939994,126.92742788858541,0,0,0,0,0,40.0,위험
37.44808480057493,126.92742788858541,0,0,0,0,0,40.0,위험
37.448983111749925,126.92742788858541,0,0,0,0,0,40.0,위험
37.44988142292492,126.92742788858541,0,0,0,0,0,40.0,위험
37.45077973409991,126.92742788858541,0,0,0,0,0,40.0,위험
37.4516780452749,126.92742788858541,0,0,0,0,0,40.0,위험
37.452576356449896,126.92742788858541,0,0,0,0,0,40.0,위험
37.45347466762489,126.92742788858541,0,0,0,0,0,40.0,위험
37.45437297879988,126.92742788858541,0,0,0,0,0,40.0,위험
37.455271289974874,126.92742788858541,0,0,0,0,0,40.0,위험
37.45616960114987,126.92742788858541,0,0,0,0,0,40.0,위험
37.45706791232486,126.92742788858541,0,0,0,0,0,40.0,위험
37.45796622349985,126.92742788858541,1,0,0,0,0,45.0,보통
37.458864534674845,126.92742788858541,4,0,0,0,0,60.0,안전
37.45976284584984,126.92742788858541,3,0,0,0,0,55.0,보통
37.46066115702483,126.92742788858541,0,0,0,0,0,40.0,위험
37.46155946819982,126.92742788858541,0,0,0,0,0,40.0,위험
37.462457779374816,126.92742788858541,1,0,0,0,0,45.0,보통
37.46335609054981,126.92742788858541,2,0,1,0,0,55.0,보통
37.4642544017248,126.92742788858541,4,0,0,0,0,60.0,안전
37.465152712899794,126.92742788858541,4,0,0,0,0,60.0,안전
37.46605102407479,126.92742788858541,3,0,0,0,0,55.0,보통
37.46694933524978,126.92742788858541,4,0,0,0,0,60.0,안전
37.46784764642477,126.92742788858541,1,0,0,0,0,45.0,보통
37.468745957599765,126.92742788858541,0,0,0,0,0,40.0,위험
37.46964426877476,126.92742788858541,0,0,0,0,0,40.0,위험
37.47054257994975,126.92742788858541,3,0,0,0,0,55.0,보통
37.47144089112474,126.92742788858541,0,0,0,0,0,40.0,위험
37.472339202299736,126.92742788858541,0,0,0,0,0,40.0,위험
37.47323751347473,126.92742788858541,0,0,0,0,0,40.0,위험
37.47413582464972,126.92742788858541,0,0,0,0,0,40.0,위험
37.475034135824714,126.92742788858541,1,0,0,0,0,45.0,보통
37.47593244699971,126.92742788858541,4,0,0,0,0,60.0,안전
37.4768307581747,126.92742788858541,2,0,0,0,0,50.0,보통
37.47772906934969,126.92742788858541,4,0,0,0,0,60.0,안전
37.478627380524685,126.92742788858541,4,0,2,0,0,70.0,안전
37.47952569169968,126.92742788858541,4,0,2,0,0,70.0,안전
37.48042400287467,126.92742788858541,4,0,2,0,1,80.0,안전
37.48132231404966,126.92742788858541,4,0,1,0,1,75.0,안전
37.482220625224656,126.92742788858541,4,0,1,0,1,75.0,안전
37.48311893639965,126.92742788858541,4,0,2,3,1,71.0,안전
37.48401724757464,126.92742788858541,4,0,2,3,1,71.0,안전
37.484915558749634,126.92742788858541,4,0,2,3,0,61.0,안전
37.48581386992463,126.92742788858541,4,0,2,0,0,70.0,안전
37.48671218109962,126.92742788858541,4,0,1,1,0,62.0,안전
37.48761049227461,126.92742788858541,4,0,1,3,0,56.0,안전
37.488508803449605,126.92742788858541,4,0,2,3,0,61.0,안전
37.4894071146246,126.92742788858541,2,0,2,1,0,57.0,안전
37.49030542579959,126.92742788858541,4,0,2,0,0,70.0,안전
37.49120373697458,126.92742788858541,4,0,1,0,0,65.0,안전
37.492102048149576,126.92742788858541,4,0,0,0,0,60.0,안전
37.49300035932457,126.92742788858541,3,0,0,0,0,55.0,보통
37.49389867049956,126.92742788858541,1,1,1,0,0,55.0,보통
37.494796981674554,126.92742788858541,4,3,2,0,0,85.0,안전
37.49569529284955,126.92742788858541,3,3,2,0,0,80.0,안전
37.49659360402454,126.92742788858541,4,3,1,0,0,80.0,안전
37.49749191519953,126.92742788858541,4,3,1,0,0,80.0,안전
37.498390226374525,126.92742788858541,3,3,2,0,0,80.0,안전
37.49928853754952,126.92742788858541,4,3,2,0,0,85.0,안전
37.50018684872451,126.92742788858541,4,3,2,0,0,85.0,안전
37.5010851598995,126.92742788858541,4,3,1,0,0,80.0,안전
37.501983471074496,126.92742788858541,4,3,1,0,0,80.0,안전
37.50288178224949,126.92742788858541,4,3,1,0,0,80.0,안전
37.50378009342448,126.92742788858541,0,1,0,0,0,45.0,보통
37.504678404599474,126.92742788858541,0,0,0,0,0,40.0,위험
37.50557671577447,126.92742788858541,0,0,0,0,0,40.0,위험
37.50647502694946,126.92742788858541,0,1,0,0,0,45.0,보통
37.50737333812445,126.92742788858541,0,0,0,0,0,40.0,위험
37.508271649299445,126.92742788858541,0,0,0,0,0,40.0,위험
37.50916996047444,126.92742788858541,4,0,0,0,0,60.0,안전
37.51006827164943,126.92742788858541,4,2,0,0,0,70.0,안전
37.51096658282442,126.92742788858541,4,3,0,0,0,75.0,안전
37.511864893999416,126.92742788858541,1,3,0,0,0,60.0,안전
37.51276320517441,126.92742788858541,4,3,0,0,0,75.0,안전
37.5136615163494,126.92742788858541,4,3,0,0,0,75.0,안전
37.514559827524394,126.92742788858541,4,3,0,0,0,75.0,안전
37.51545813869939,126.92742788858541,0,3,0,0,0,55.0,보통
37.51635644987438,126.92742788858541,0,3,0,0,0,55.0,보통
37.51725476104937,126.92742788858541,0,0,0,0,0,40.0,위험
37.518153072224365,126.92742788858541,0,0,0,0,0,40.0,위험
37.51905138339936,126.92742788858541,0,0,0,0,0,40.0,위험
37.51994969457435,126.92742788858541,0,0,0,0,0,40.0,위험
37.52084800574934,126.92742788858541,0,0,0,0,0,40.0,위험
37.521746316924336,126.92742788858541,0,0,0,0,0,40.0,위험
37.52264462809933,126.92742788858541,0,0,0,0,0,40.0,위험
37.52354293927432,126.92742788858541,0,0,0,0,0,40.0,위험
37.524441250449314,126.92742788858541,0,0,0,0,0,40.0,위험
37.52533956162431,126.92742788858541,0,0,0,0,0,40.0,위험
37.44,126.92855973045408,0,0,0,0,0,40.0,위험
37.44089831117499,126.92855973045408,0,0,0,0,0,40.0,위험
37.44179662234998,126.92855973045408,0,0,0,0,0,40.0,위험
37.442694933524976,126.92855973045408,0,0,0,0,0,40.0,위험
37.44359324469997,126.92855973045408,0,0,0,0,0,40.0,위험
37.44449155587496,126.92855973045408,0,0,0,0,0,40.0,위험
37.445389867049954,126.92855973045408,0,0,0,0,0,40.0,위험
37.44628817822495,126.92855973045408,0,0,0,0,0,40.0,위험
37.44718648939994,126.92855973045408,0,0,0,0,0,40.0,위험
37.44808480057493,126.92855973045408,0,0,0,0,0,40.0,위험
37.448983111749925,126.92855973045408,0,0,0,0,0,40.0,위험
37.44988142292492,126.92855973045408,0,0,0,0,0,40.0,위험
37.45077973409991,126.92855973045408,0,0,0,0,0,40.0,위험
37.4516780452749,126.92855973045408,0,0,0,0,0,40.0,위험
37.452576356449896,126.92855973045408,0,0,0,0,0,40.0,위험
37.45347466762489,126.92855973045408,0,0,0,0,0,40.0,위험
37.45437297879988,126.92855973045408,0,0,0,0,0,40.0,위험
37.455271289974874,126.92855973045408,0,0,0,0,0,40.0,위험
37.45616960114987,126.92855973045408,0,0,0,0,0,40.0,위험
37.45706791232486,126.92855973045408,4,0,0,0,0,60.0,안전
37.45796622349985,126.92855973045408,4,0,0,0,0,60.0,안전
37.458864534674845,126.92855973045408,4,0,0,0,0,60.0,안전
37.45976284584984,126.92855973045408,1,0,0,0,0,45.0,보통
37.46066115702483,126.92855973045408,1,0,0,0,0,45.0,보통
37.46155946819982,126.92855973045408,1,0,0,0,0,45.0,보통
37.462457779374816,126.92855973045408,0,0,0,0,0,40.0,위험
37.46335609054981,126.92855973045408,0,0,0,0,0,40.0,위험
37.4642544017248,126.92855973045408,2,0,0,0,0,50.0,보통
37.465152712899794,126.92855973045408,1,0,0,0,0,45.0,보통
37.46605102407479,126.92855973045408,1,0,1,0,0,50.0,보통
37.46694933524978,126.92855973045408,3,0,1,0,0,60.0,안전
37.46784764642477,126.92855973045408,0,0,0,0,0,40.0,위험
37.468745957599765,126.92855973045408,4,0,0,0,0,60.0,안전
37.46964426877476,126.92855973045408,4,0,0,0,0,60.0,안전
37.47054257994975,126.92855973045408,4,0,0,0,1,70.0,안전
37.47144089112474,126.92855973045408,4,0,0,0,1,70.0,안전
37.472339202299736,126.92855973045408,0,0,0,0,1,50.0,보통
37.47323751347473,126.92855973045408,0,0,0,0,0,40.0,위험
37.47413582464972,126.92855973045408,0,0,0,0,0,40.0,위험
37.475034135824714,126.92855973045408,4,0,0,0,0,60.0,안전
37.47593244699971,126.92855973045408,4,0,0,0,0,60.0,안전
37.4768307581747,126.92855973045408,4,0,0,0,0,60.0,안전
37.47772906934969,126.92855973045408,4,0,0,0,0,60.0,안전
37.478627380524685,126.92855973045408,4,0,1,0,1,75.0,안전
37.47952569169968,126.92855973045408,4,0,2,0,1,80.0,안전
37.48042400287467,126.92855973045408,2,0,1,0,1,65.0,안전
37.48132231404966,126.92855973045408,4,0,1,1,1,72.0,안전
37.482220625224656,126.92855973045408,4,0,2,2,1,74.0,안전
37.48311893639965,126.92855973045408,4,0,2,3,1,71.0,안전
37.48401724757464,126.92855973045408,4,0,2,3,1,71.0,안전
37.484915558749634,126.92855973045408,4,0,2,3,0,61.0,안전
37.48581386992463,126.92855973045408,4,0,2,3,0,61.0,안전
37.48671218109962,126.92855973045408,4,0,2,3,0,61.0,안전
37.48761049227461,126.92855973045408,4,0,2,3,1,71.0,안전
37.488508803449605,126.92855973045408,4,0,2,3,1,71.0,안전
37.4894071146246,126.92855973045408,4,0,2,3,1,71.0,안전
37.49030542579959,126.92855973045408,4,0,2,0,0,70.0,안전
37.49120373697458,126.92855973045408,4,0,1,0,0,65.0,안전
37.492102048149576,126.92855973045408,4,0,1,0,0,65.0,안전
37.49300035932457,126.92855973045408,3,0,1,0,0,60.0,안전
37.49389867049956,126.92855973045408,0,0,0,0,0,40.0,위험
37.494796981674554,126.92855973045408,0,1,1,0,0,50.0,보통
37.49569529284955,126.92855973045408,0,3,1,0,0,60.0,안전
37.49659360402454,126.92855973045408,4,3,2,0,0,85.0,안전
37.49749191519953,126.92855973045408,4,3,2,0,0,85.0,안전
37.498390226374525,126.92855973045408,4,3,2,0,0,85.0,안전
37.49928853754952,126.92855973045408,4,3,2,0,0,85.0,안전
37.50018684872451,126.92855973045408,4,3,1,0,0,80.0,안전
37.5010851598995,126.92855973045408,4,3,0,0,0,75.0,안전
37.501983471074496,126.92855973045408,4,3,0,0,0,75.0,안전
37.50288178224949,126.92855973045408,4,3,0,0,0,75.0,안전
37.50378009342448,126.92855973045408,0,2,0,0,0,50.0,보통
37.504678404599474,126.92855973045408,0,0,0,0,0,40.0,위험
37.50557671577447,126.92855973045408,0,0,0,0,0,40.0,위험
37.50647502694946,126.92855973045408,0,1,0,0,0,45.0,보통
37.50737333812445,126.92855973045408,3,1,0,0,0,60.0,안전
37.508271649299445,126.92855973045408,0,2,0,0,0,50.0,보통
37.50916996047444,126.92855973045408,4,1,0,0,0,65.0,안전
37.51006827164943,126.92855973045408,4,0,0,0,0,60.0,안전
37.51096658282442,126.92855973045408,3,3,0,0,0,70.0,안전
37.511864893999416,126.92855973045408,3,3,0,0,0,70.0,안전
37.51276320517441,126.92855973045408,0,3,0,0,0,55.0,보통
37.5136615163494,126.92855973045408,4,3,0,0,0,75.0,안전
37.514559827524394,126.92855973045408,4,3,0,0,0,75.0,안전
37.51545813869939,126.92855973045408,0,3,0,0,0,55.0,보통
37.51635644987438,126.92855973045408,0,3,0,0,0,55.0,보통
37.51725476104937,126.92855973045408,0,3,0,0,0,55.0,보통
37.518153072224365,126.92855973045408,0,0,0,0,0,40.0,위험
37.51905138339936,126.92855973045408,0,0,0,0,0,40.0,위험
37.51994969457435,126.92855973045408,0,0,0,0,0,40.0,위험
37.52084800574934,126.92855973045408,0,0,0,0,0,40.0,위험
37.521746316924336,126.92855973045408,0,0,0,0,0,40.0,위험
37.52264462809933,126.92855973045408,0,0,0,0,0,40.0,위험
37.52354293927432,126.92855973045408,0,0,0,0,0,40.0,위험
37.524441250449314,126.92855973045408,0,0,0,0,0,40.0,위험
37.52533956162431,126.92855973045408,0,0,0,0,0,40.0,위험
37.44,126.92969157232275,0,0,0,0,0,40.0,위험
37.44089831117499,126.92969157232275,0,0,0,0,0,40.0,위험
37.44179662234998,126.92969157232275,0,0,0,0,0,40.0,위험
37.442694933524976,126.92969157232275,0,0,0,0,0,40.0,위험
37.44359324469997,126.92969157232275,0,0,0,0,0,40.0,위험
37.44449155587496,126.92969157232275,0,0,0,0,0,40.0,위험
37.445389867049954,126.92969157232275,0,0,0,0,0,40.0,위험
37.44628817822495,126.92969157232275,0,0,0,0,0,40.0,위험
37.44718648939994,126.92969157232275,0,0,0,0,0,40.0,위험
37.44808480057493,126.92969157232275,0,0,0,0,0,40.0,위험
37.448983111749925,126.92969157232275,0,0,0,0,0,40.0,위험
37.44988142292492,126.92969157232275,0,0,0,0,0,40.0,위험
37.45077973409991,126.92969157232275,0,0,0,0,0,40.0,위험
37.4516780452749,126.92969157232275,0,0,0,0,0,40.0,위험
37.452576356449896,126.92969157232275,0,0,0,0,0,40.0,위험
37.45347466762489,126.92969157232275,0,0,0,0,0,40.0,위험
37.45437297879988,126.92969157232275,0,0,0,0,0,40.0,위험
37.455271289974874,126.92969157232275,0,0,0,0,0,40.0,위험
37.45616960114987,126.92969157232275,3,0,0,0,0,55.0,보통
37.45706791232486,126.92969157232275,4,0,0,0,0,60.0,안전
37.45796622349985,126.92969157232275,4,0,0,0,0,60.0,안전
37.458864534674845,126.92969157232275,4,0,0,0,0,60.0,안전
37.45976284584984,126.92969157232275,2,0,0,0,0,50.0,보통
37.46066115702483,126.92969157232275,3,0,0,0,0,55.0,보통
37.46155946819982,126.92969157232275,3,0,0,0,0,55.0,보통
37.462457779374816,126.92969157232275,4,0,0,0,0,60.0,안전
37.46335609054981,126.92969157232275,0,0,0,0,0,40.0,위험
37.4642544017248,126.92969157232275,4,0,0,0,0,60.0,안전
37.465152712899794,126.92969157232275,4,0,0,0,0,60.0,안전
37.46605102407479,126.92969157232275,4,0,1,0,0,65.0,안전
37.46694933524978,126.92969157232275,4,0,2,0,0,70.0,안전
37.46784764642477,126.92969157232275,3,0,1,0,0,60.0,안전
37.468745957599765,126.92969157232275,4,0,0,0,0,60.0,안전
37.46964426877476,126.92969157232275,4,0,0,0,1,70.0,안전
37.47054257994975,126.92969157232275,4,0,0,0,1,70.0,안전
37.47144089112474,126.92969157232275,4,0,0,0,1,70.0,안전
37.472339202299736,126.92969157232275,1,0,0,0,1,55.0,보통
37.47323751347473,126.92969157232275,1,0,0,0,1,55.0,보통
37.47413582464972,126.92969157232275,0,0,0,0,0,40.0,위험
37.475034135824714,126.92969157232275,4,0,2,0,0,70.0,안전
37.47593244699971,126.92969157232275,4,0,2,0,0,70.0,안전
37.4768307581747,126.92969157232275,4,0,0,0,1,70.0,안전
37.47772906934969,126.92969157232275,4,0,1,0,1,75.0,안전
37.478627380524685,126.92969157232275,4,0,2,0,1,80.0,안전
37.47952569169968,126.92969157232275,2,0,0,0,1,60.0,안전
37.48042400287467,126.92969157232275,4,0,0,0,1,70.0,안전
37.48132231404966,126.92969157232275,4,0,2,1,1,77.0,안전
37.482220625224656,126.92969157232275,4,0,2,3,1,71.0,안전
37.48311893639965,126.92969157232275,4,0,2,3,1,71.0,안전
37.48401724757464,126.92969157232275,4,0,2,3,1,71.0,안전
37.484915558749634,126.92969157232275,4,0,2,3,0,61.0,안전
37.48581386992463,126.92969157232275,4,0,2,3,0,61.0,안전
37.48671218109962,126.92969157232275,4,0,2,3,1,71.0,안전
37.48761049227461,126.92969157232275,4,0,2,3,1,71.0,안전
37.488508803449605,126.92969157232275,4,0,1,1,1,72.0,안전
37.4894071146246,126.92969157232275,4,0,2,0,1,80.0,안전
37.49030542579959,126.92969157232275,4,0,1,0,1,75.0,안전
37.49120373697458,126.92969157232275,4,0,1,0,0,65.0,안전
37.492102048149576,126.92969157232275,4,0,1,0,0,65.0,안전
37.49300035932457,126.92969157232275,4,0,2,0,0,70.0,안전
37.49389867049956,126.92969157232275,4,3,0,0,0,75.0,안전
37.494796981674554,126.92969157232275,2,3,0,0,0,65.0,안전
37.49569529284955,126.92969157232275,4,3,0,0,0,75.0,안전
37.49659360402454,126.92969157232275,4,3,0,0,0,75.0,안전
37.49749191519953,126.92969157232275,4,3,1,0,0,80.0,안전
37.498390226374525,126.92969157232275,4,3,2,0,0,85.0,안전
37.49928853754952,126.92969157232275,4,3,0,0,0,75.0,안전
37.50018684872451,126.92969157232275,4,3,1,0,0,80.0,안전
37.5010851598995,126.92969157232275,4,3,0,0,0,75.0,안전
37.501983471074496,126.92969157232275,4,3,0,0,0,75.0,안전
37.50288178224949,126.92969157232275,4,3,0,0,0,75.0,안전
37.50378009342448,126.92969157232275,2,3,0,0,0,65.0,안전
37.504678404599474,126.92969157232275,0,0,0,0,0,40.0,위험
37.50557671577447,126.92969157232275,0,0,0,0,0,40.0,위험
37.50647502694946,126.92969157232275,3,0,0,0,0,55.0,보통
37.50737333812445,126.92969157232275,4,2,0,0,0,70.0,안전
37.508271649299445,126.92969157232275,3,1,0,0,0,60.0,안전
37.50916996047444,126.92969157232275,0,0,0,0,0,40.0,위험
37.51006827164943,126.92969157232275,0,1,0,0,0,45.0,보통
37.51096658282442,126.92969157232275,0,2,0,0,0,50.0,보통
37.511864893999416,126.92969157232275,0,1,0,0,0,45.0,보통
37.51276320517441,126.92969157232275,0,3,0,0,0,55.0,보통
37.5136615163494,126.92969157232275,0,3,0,0,0,55.0,보통
37.514559827524394,126.92969157232275,4,3,0,0,0,75.0,안전
37.51545813869939,126.92969157232275,0,3,0,0,0,55.0,보통
37.51635644987438,126.92969157232275,0,0,0,0,0,40.0,위험
37.51725476104937,126.92969157232275,0,0,0,0,0,40.0,위험
37.518153072224365,126.92969157232275,0,0,0,0,0,40.0,위험
37.51905138339936,126.92969157232275,0,0,0,0,0,40.0,위험
37.51994969457435,126.92969157232275,0,0,0,0,0,40.0,위험
37.52084800574934,126.92969157232275,0,0,0,0,0,40.0,위험
37.521746316924336,126.92969157232275,0,0,0,0,0,40.0,위험
37.52264462809933,126.92969157232275,0,0,0,0,0,40.0,위험
37.52354293927432,126.92969157232275,0,0,0,0,0,40.0,위험
37.524441250449314,126.92969157232275,0,0,0,0,0,40.0,위험
37.52533956162431,126.92969157232275,0,0,0,0,0,40.0,위험
37.44,126.93082341419142,0,0,0,0,0,40.0,위험
37.44089831117499,126.93082341419142,0,0,0,0,0,40.0,위험
37.44179662234998,126.93082341419142,0,0,0,0,0,40.0,위험
37.442694933524976,126.93082341419142,0,0,0,0,0,40.0,위험
37.44359324469997,126.93082341419142,0,0,0,0,0,40.0,위험
37.44449155587496,126.93082341419142,0,0,0,0,0,40.0,위험
37.445389867049954,126.93082341419142,0,0,0,0,0,40.0,위험
37.44628817822495,126.93082341419142,0,0,0,0,0,40.0,위험
37.44718648939994,126.93082341419142,0,0,0,0,0,40.0,위험
37.44808480057493,126.93082341419142,0,0,0,0,0,40.0,위험
37.448983111749925,126.93082341419142,0,0,0,0,0,40.0,위험
37.44988142292492,126.93082341419142,0,0,0,0,0,40.0,위험
37.45077973409991,126.93082341419142,0,0,0,0,0,40.0,위험
37.4516780452749,126.93082341419142,0,0,0,0,0,40.0,위험
37.452576356449896,126.93082341419142,0,0,0,0,0,40.0,위험
37.45347466762489,126.93082341419142,0,0,0,0,0,40.0,위험
37.45437297879988,126.93082341419142,0,0,0,0,0,40.0,위험
37.455271289974874,126.93082341419142,0,0,0,0,0,40.0,위험
37.45616960114987,126.93082341419142,0,0,0,0,0,40.0,위험
37.45706791232486,126.93082341419142,0,0,0,0,0,40.0,위험
37.45796622349985,126.93082341419142,0,0,0,0,0,40.0,위험
37.458864534674845,126.93082341419142,2,0,0,0,0,50.0,보통
37.45976284584984,126.93082341419142,1,0,0,0,0,45.0,보통
37.46066115702483,126.93082341419142,1,0,0,0,0,45.0,보통
37.46155946819982,126.93082341419142,4,0,0,0,0,60.0,안전
37.462457779374816,126.93082341419142,4,0,0,0,0,60.0,안전
37.46335609054981,126.93082341419142,4,0,0,0,0,60.0,안전
37.4642544017248,126.93082341419142,4,0,0,0,0,60.0,안전
37.465152712899794,126.93082341419142,4,0,1,0,0,65.0,안전
37.46605102407479,126.93082341419142,4,0,1,0,0,65.0,안전
37.46694933524978,126.93082341419142,4,0,1,0,0,65.0,안전
37.46784764642477,126.93082341419142,4,0,0,0,0,60.0,안전
37.468745957599765,126.93082341419142,4,0,0,0,0,60.0,안전
37.46964426877476,126.93082341419142,4,0,0,0,1,70.0,안전
37.47054257994975,126.93082341419142,4,0,0,0,1,70.0,안전
37.47144089112474,126.93082341419142,4,0,1,0,1,75.0,안전
37.472339202299736,126.93082341419142,2,0,1,0,1,65.0,안전
37.47323751347473,126.93082341419142,3,0,0,0,1,65.0,안전
37.47413582464972,126.93082341419142,3,0,0,0,0,55.0,보통
37.475034135824714,126.93082341419142,4,0,2,0,0,70.0,안전
37.47593244699971,126.93082341419142,4,0,2,0,1,80.0,안전
37.4768307581747,126.93082341419142,4,0,1,0,1,75.0,안전
37.47772906934969,126.93082341419142,4,0,2,0,1,80.0,안전
37.478627380524685,126.93082341419142,4,0,1,0,1,75.0,안전
37.47952569169968,126.93082341419142,4,0,1,0,1,75.0,안전
37.48042400287467,126.93082341419142,4,0,0,0,1,70.0,안전
37.48132231404966,126.93082341419142,4,0,1,0,1,75.0,안전
37.482220625224656,126.93082341419142,4,0,1,0,1,75.0,안전
37.48311893639965,126.93082341419142,4,0,2,1,1,77.0,안전
37.48401724757464,126.93082341419142,4,0,2,3,1,71.0,안전
37.484915558749634,126.93082341419142,4,0,2,3,1,71.0,안전
37.48581386992463,126.93082341419142,4,0,2,3,1,71.0,안전
37.48671218109962,126.93082341419142,4,0,2,3,1,71.0,안전
37.48761049227461,126.93082341419142,4,0,2,0,1,80.0,안전
37.488508803449605,126.93082341419142,4,0,2,0,1,80.0,안전
37.4894071146246,126.93082341419142,4,0,1,0,1,75.0,안전
37.49030542579959,126.93082341419142,4,0,0,0,1,70.0,안전
37.49120373697458,126.93082341419142,4,0,0,0,0,60.0,안전
37.492102048149576,126.93082341419142,4,0,2,0,0,70.0,안전
37.49300035932457,126.93082341419142,4,2,2,0,0,80.0,안전
37.49389867049956,126.93082341419142,4,3,1,0,0,80.0,안전
37.494796981674554,126.93082341419142,4,3,0,0,0,75.0,안전
37.49569529284955,126.93082341419142,4,3,1,0,0,80.0,안전
37.49659360402454,126.93082341419142,4,3,2,0,0,85.0,안전
37.49749191519953,126.93082341419142,4,3,2,0,0,85.0,안전
37.498390226374525,126.93082341419142,4,3,1,0,0,80.0,안전
37.49928853754952,126.93082341419142,4,3,2,0,0,85.0,안전
37.50018684872451,126.93082341419142,4,3,1,0,0,80.0,안전
37.5010851598995,126.93082341419142,4,3,0,0,0,75.0,안전
37.501983471074496,126.93082341419142,0,3,0,0,0,55.0,보통
37.50288178224949,126.93082341419142,4,3,0,0,0,75.0,안전
37.50378009342448,126.93082341419142,2,0,0,0,0,50.0,보통
37.504678404599474,126.93082341419142,0,0,0,0,0,40.0,위험
37.50557671577447,126.93082341419142,0,0,0,0,0,40.0,위험
37.50647502694946,126.93082341419142,0,0,0,0,0,40.0,위험
37.50737333812445,126.93082341419142,3,0,0,0,0,55.0,보통
37.508271649299445,126.93082341419142,3,3,0,0,0,70.0,안전
37.50916996047444,126.93082341419142,0,3,0,0,0,55.0,보통
37.51006827164943,126.93082341419142,0,1,0,0,0,45.0,보통
37.51096658282442,126.93082341419142,0,1,0,0,0,45.0,보통
37.511864893999416,126.93082341419142,0,3,0,0,0,55.0,보통
37.51276320517441,126.93082341419142,0,1,0,0,0,45.0,보통
37.5136615163494,126.93082341419142,4,3,0,0,0,75.0,안전
37.514559827524394,126.93082341419142,4,3,0,0,0,75.0,안전
37.51545813869939,126.93082341419142,0,3,0,0,0,55.0,보통
37.51635644987438,126.93082341419142,0,0,0,0,0,40.0,위험
37.51725476104937,126.93082341419142,0,0,0,0,0,40.0,위험
37.518153072224365,126.93082341419142,0,0,0,0,0,40.0,위험
37.51905138339936,126.93082341419142,0,0,0,0,0,40.0,위험
37.51994969457435,126.93082341419142,0,0,0,0,0,40.0,위험
37.52084800574934,126.93082341419142,0,0,0,0,0,40.0,위험
37.521746316924336,126.93082341419142,0,0,0,0,0,40.0,위험
37.52264462809933,126.93082341419142,0,0,0,0,0,40.0,위험
37.52354293927432,126.93082341419142,0,0,0,0,0,40.0,위험
37.524441250449314,126.93082341419142,0,0,0,0,0,40.0,위험
37.52533956162431,126.93082341419142,0,0,0,0,0,40.0,위험
37.44,126.93195525606009,0,0,0,0,0,40.0,위험
37.44089831117499,126.93195525606009,0,0,0,0,0,40.0,위험
37.44179662234998,126.93195525606009,0,0,0,0,0,40.0,위험
37.442694933524976,126.93195525606009,0,0,0,0,0,40.0,위험
37.44359324469997,126.93195525606009,0,0,0,0,0,40.0,위험
37.44449155587496,126.93195525606009,0,0,0,0,0,40.0,위험
37.445389867049954,126.93195525606009,0,0,0,0,0,40.0,위험
37.44628817822495,126.93195525606009,0,0,0,0,0,40.0,위험
37.44718648939994,126.93195525606009,0,0,0,0,0,40.0,위험
37.44808480057493,126.93195525606009,0,0,0,0,0,40.0,위험
37.448983111749925,126.93195525606009,0,0,0,0,0,40.0,위험
37.44988142292492,126.93195525606009,0,0,0,0,0,40.0,위험
37.45077973409991,126.93195525606009,0,0,0,0,0,40.0,위험
37.4516780452749,126.93195525606009,0,0,0,0,0,40.0,위험
37.452576356449896,126.93195525606009,0,0,0,0,0,40.0,위험
37.45347466762489,126.93195525606009,0,0,0,0,0,40.0,위험
37.45437297879988,126.93195525606009,0,0,0,0,0,40.0,위험
37.455271289974874,126.93195525606009,0,0,0,0,0,40.0,위험
37.45616960114987,126.93195525606009,0,0,0,0,0,40.0,위험
37.45706791232486,126.93195525606009,0,0,0,0,0,40.0,위험
37.45796622349985,126.93195525606009,0,0,0,0,0,40.0,위험
37.458864534674845,126.93195525606009,0,0,0,0,0,40.0,위험
37.45976284584984,126.93195525606009,0,0,0,0,0,40.0,위험
37.46066115702483,126.93195525606009,0,0,0,0,0,40.0,위험
37.46155946819982,126.93195525606009,4,0,0,0,0,60.0,안전
37.462457779374816,126.93195525606009,4,0,0,0,0,60.0,안전
37.46335609054981,126.93195525606009,1,0,0,0,0,45.0,보통
37.4642544017248,126.93195525606009,4,0,0,0,0,60.0,안전
37.465152712899794,126.93195525606009,4,0,2,0,0,70.0,안전
37.46605102407479,126.93195525606009,4,0,2,0,0,70.0,안전
37.46694933524978,126.93195525606009,4,0,1,0,0,65.0,안전
37.46784764642477,126.93195525606009,4,0,1,0,0,65.0,안전
37.468745957599765,126.93195525606009,4,0,0,0,0,60.0,안전
37.46964426877476,126.93195525606009,4,0,0,0,1,70.0,안전
37.47054257994975,126.93195525606009,4,0,0,0,1,70.0,안전
37.47144089112474,126.93195525606009,4,0,1,0,1,75.0,안전
37.472339202299736,126.93195525606009,4,0,0,0,1,70.0,안전
37.47323751347473,126.93195525606009,4,0,0,0,1,70.0,안전
37.47413582464972,126.93195525606009,4,0,0,0,1,70.0,안전
37.475034135824714,126.93195525606009,2,0,0,0,0,50.0,보통
37.47593244699971,126.93195525606009,4,0,0,0,1,70.0,안전
37.4768307581747,126.93195525606009,4,0,0,0,1,70.0,안전
37.47772906934969,126.93195525606009,4,0,1,0,1,75.0,안전
37.478627380524685,126.93195525606009,4,0,2,0,1,80.0,안전
37.47952569169968,126.93195525606009,4,0,2,0,1,80.0,안전
37.48042400287467,126.93195525606009,4,0,0,0,1,70.0,안전
37.48132231404966,126.93195525606009,4,0,0,0,1,70.0,안전
37.482220625224656,126.93195525606009,4,0,1,0,1,75.0,안전
37.48311893639965,126.93195525606009,4,0,1,0,1,75.0,안전
37.48401724757464,126.93195525606009,3,0,1,2,1,64.0,안전
37.484915558749634,126.93195525606009,4,0,2,3,1,71.0,안전
37.48581386992463,126.93195525606009,3,0,2,1,1,72.0,안전
37.48671218109962,126.93195525606009,4,0,2,0,1,80.0,안전
37.48761049227461,126.93195525606009,4,0,2,0,1,80.0,안전
37.488508803449605,126.93195525606009,4,0,1,0,1,75.0,안전
37.4894071146246,126.93195525606009,4,0,0,0,1,70.0,안전
37.49030542579959,126.93195525606009,4,0,0,0,1,70.0,안전
37.49120373697458,126.93195525606009,4,0,0,0,0,60.0,안전
37.492102048149576,126.93195525606009,4,0,1,0,0,65.0,안전
37.49300035932457,126.93195525606009,4,3,2,0,0,85.0,안전
37.49389867049956,126.93195525606009,4,3,1,0,0,80.0,안전
37.494796981674554,126.93195525606009,4,3,0,0,0,75.0,안전
37.49569529284955,126.93195525606009,4,3,1,0,0,80.0,안전
37.49659360402454,126.93195525606009,4,3,2,0,0,85.0,안전
37.49749191519953,126.93195525606009,4,3,2,0,0,85.0,안전
37.498390226374525,126.93195525606009,4,3,2,0,0,85.0,안전
37.49928853754952,126.93195525606009,4,3,2,0,0,85.0,안전
37.50018684872451,126.93195525606009,4,3,0,0,0,75.0,안전
37.5010851598995,126.93195525606009,3,3,0,0,0,70.0,안전
37.501983471074496,126.93195525606009,3,3,0,0,0,70.0,안전
37.50288178224949,126.93195525606009,3,3,0,0,0,70.0,안전
37.50378009342448,126.93195525606009,1,3,0,0,0,60.0,안전
37.504678404599474,126.93195525606009,1,3,0,0,0,60.0,안전
37.50557671577447,126.93195525606009,0,3,0,0,0,55.0,보통
37.50647502694946,126.93195525606009,4,3,0,0,0,75.0,안전
37.50737333812445,126.93195525606009,4,3,0,0,0,75.0,안전
37.508271649299445,126.93195525606009,4,3,0,0,0,75.0,안전
37.50916996047444,126.93195525606009,4,3,0,0,0,75.0,안전
37.51006827164943,126.93195525606009,0,3,0,0,0,55.0,보통
37.51096658282442,126.93195525606009,0,2,0,0,0,50.0,보통
37.511864893999416,126.93195525606009,0,3,0,0,0,55.0,보통
37.51276320517441,126.93195525606009,0,3,0,0,0,55.0,보통
37.5136615163494,126.93195525606009,0,3,0,0,0,55.0,보통
37.514559827524394,126.93195525606009,0,3,0,0,0,55.0,보통
37.51545813869939,126.93195525606009,0,3,0,0,0,55.0,보통
37.51635644987438,126.93195525606009,0,0,0,0,0,40.0,위험
37.51725476104937,126.93195525606009,0,0,0,0,0,40.0,위험
37.518153072224365,126.93195525606009,0,0,0,0,0,40.0,위험
37.51905138339936,126.93195525606009,0,0,0,0,0,40.0,위험
37.51994969457435,126.93195525606009,0,0,0,0,0,40.0,위험
37.52084800574934,126.93195525606009,0,0,0,0,0,40.0,위험
37.521746316924336,126.93195525606009,0,0,0,0,0,40.0,위험
37.52264462809933,126.93195525606009,0,0,0,0,0,40.0,위험
37.52354293927432,126.93195525606009,0,0,0,0,0,40.0,위험
37.524441250449314,126.93195525606009,0,0,0,0,0,40.0,위험
37.52533956162431,126.93195525606009,0,0,0,0,0,40.0,위험
37.44,126.93308709792876,0,0,0,0,0,40.0,위험
37.44089831117499,126.93308709792876,0,0,0,0,0,40.0,위험
37.44179662234998,126.93308709792876,0,0,0,0,0,40.0,위험
37.442694933524976,126.93308709792876,0,0,0,0,0,40.0,위험
37.44359324469997,126.93308709792876,0,0,0,0,0,40.0,위험
37.44449155587496,126.93308709792876,0,0,0,0,0,40.0,위험
37.445389867049954,126.93308709792876,0,0,0,0,0,40.0,위험
37.44628817822495,126.93308709792876,0,0,0,0,0,40.0,위험
37.44718648939994,126.93308709792876,0,0,0,0,0,40.0,위험
37.44808480057493,126.93308709792876,0,0,0,0,0,40.0,위험
37.448983111749925,126.93308709792876,0,0,0,0,0,40.0,위험
37.44988142292492,126.93308709792876,0,0,0,0,0,40.0,위험
37.45077973409991,126.93308709792876,0,0,0,0,0,40.0,위험
37.4516780452749,126.93308709792876,0,0,0,0,0,40.0,위험
37.452576356449896,126.93308709792876,0,0,0,0,0,40.0,위험
37.45347466762489,126.93308709792876,0,0,0,0,0,40.0,위험
37.45437297879988,126.93308709792876,0,0,0,0,0,40.0,위험
37.455271289974874,126.93308709792876,0,0,0,0,0,40.0,위험
37.45616960114987,126.93308709792876,0,0,0,0,0,40.0,위험
37.45706791232486,126.93308709792876,4,0,0,0,0,60.0,안전
37.45796622349985,126.93308709792876,4,0,0,0,0,60.0,안전
37.458864534674845,126.93308709792876,1,0,0,0,0,45.0,보통
37.45976284584984,126.93308709792876,1,0,0,0,0,45.0,보통
37.46066115702483,126.93308709792876,0,0,0,0,0,40.0,위험
37.46155946819982,126.93308709792876,2,0,0,0,0,50.0,보통
37.462457779374816,126.93308709792876,1,0,0,0,0,45.0,보통
37.46335609054981,126.93308709792876,4,0,0,0,0,60.0,안전
37.4642544017248,126.93308709792876,4,0,0,0,0,60.0,안전
37.465152712899794,126.93308709792876,4,0,1,0,0,65.0,안전
37.46605102407479,126.93308709792876,4,0,1,0,0,65.0,안전
37.46694933524978,126.93308709792876,2,0,0,0,0,50.0,보통
37.46784764642477,126.93308709792876,4,0,1,0,0,65.0,안전
37.468745957599765,126.93308709792876,4,0,2,0,0,70.0,안전
37.46964426877476,126.93308709792876,4,0,2,0,1,80.0,안전
37.47054257994975,126.93308709792876,4,0,1,0,1,75.0,안전
37.47144089112474,126.93308709792876,4,0,0,0,1,70.0,안전
37.472339202299736,126.93308709792876,4,0,0,0,1,70.0,안전
37.47323751347473,126.93308709792876,4,0,1,1,1,72.0,안전
37.47413582464972,126.93308709792876,4,0,1,1,1,72.0,안전
37.475034135824714,126.93308709792876,4,0,0,0,1,70.0,안전
37.47593244699971,126.93308709792876,4,0,0,0,1,70.0,안전
37.4768307581747,126.93308709792876,4,0,1,0,1,75.0,안전
37.47772906934969,126.93308709792876,4,0,2,0,1,80.0,안전
37.478627380524685,126.93308709792876,4,0,2,0,1,80.0,안전
37.47952569169968,126.93308709792876,4,0,1,0,1,75.0,안전
37.48042400287467,126.93308709792876,4,0,0,0,1,70.0,안전
37.48132231404966,126.93308709792876,4,0,0,0,1,70.0,안전
37.482220625224656,126.93308709792876,4,0,0,0,1,70.0,안전
37.48311893639965,126.93308709792876,4,0,0,0,1,70.0,안전
37.48401724757464,126.93308709792876,2,0,2,0,1,70.0,안전
37.484915558749634,126.93308709792876,4,0,2,1,1,77.0,안전
37.48581386992463,126.93308709792876,4,0,2,0,1,80.0,안전
37.48671218109962,126.93308709792876,4,0,0,0,1,70.0,안전
37.48761049227461,126.93308709792876,4,0,0,0,1,70.0,안전
37.488508803449605,126.93308709792876,4,0,1,0,1,75.0,안전
37.4894071146246,126.93308709792876,4,0,0,0,1,70.0,안전
37.49030542579959,126.93308709792876,4,0,0,0,1,70.0,안전
37.49120373697458,126.93308709792876,4,0,0,0,0,60.0,안전
37.492102048149576,126.93308709792876,4,0,0,0,0,60.0,안전
37.49300035932457,126.93308709792876,4,3,0,0,0,75.0,안전
37.49389867049956,126.93308709792876,4,3,1,0,0,80.0,안전
37.494796981674554,126.93308709792876,2,3,2,0,0,75.0,안전
37.49569529284955,126.93308709792876,1,3,1,0,0,65.0,안전
37.49659360402454,126.93308709792876,4,3,0,0,0,75.0,안전
37.49749191519953,126.93308709792876,4,3,1,0,0,80.0,안전
37.498390226374525,126.93308709792876,4,3,2,0,0,85.0,안전
37.49928853754952,126.93308709792876,4,3,2,0,0,85.0,안전
37.50018684872451,126.93308709792876,4,3,2,0,0,85.0,안전
37.5010851598995,126.93308709792876,4,3,2,0,0,85.0,안전
37.501983471074496,126.93308709792876,4,3,2,0,0,85.0,안전
37.50288178224949,126.93308709792876,4,3,0,0,0,75.0,안전
37.50378009342448,126.93308709792876,4,3,0,0,0,75.0,안전
37.504678404599474,126.93308709792876,0,3,0,0,0,55.0,보통
37.50557671577447,126.93308709792876,0,3,0,0,0,55.0,보통
37.50647502694946,126.93308709792876,4,3,0,0,0,75.0,안전
37.50737333812445,126.93308709792876,4,3,0,0,0,75.0,안전
37.508271649299445,126.93308709792876,4,3,0,0,0,75.0,안전
37.50916996047444,126.93308709792876,4,0,0,0,0,60.0,안전
37.51006827164943,126.93308709792876,4,0,0,0,0,60.0,안전
37.51096658282442,126.93308709792876,0,1,0,0,0,45.0,보통
37.511864893999416,126.93308709792876,0,3,0,0,0,55.0,보통
37.51276320517441,126.93308709792876,0,3,0,0,0,55.0,보통
37.5136615163494,126.93308709792876,0,0,0,0,0,40.0,위험
37.514559827524394,126.93308709792876,0,3,0,0,0,55.0,보통
37.51545813869939,126.93308709792876,0,3,0,0,0,55.0,보통
37.51635644987438,126.93308709792876,0,0,0,0,0,40.0,위험
37.51725476104937,126.93308709792876,0,0,0,0,0,40.0,위험
37.518153072224365,126.93308709792876,0,0,0,0,0,40.0,위험
37.51905138339936,126.93308709792876,0,0,0,0,0,40.0,위험
37.51994969457435,126.93308709792876,0,0,0,0,0,40.0,위험
37.52084800574934,126.93308709792876,0,0,0,0,0,40.0,위험
37.521746316924336,126.93308709792876,0,0,0,0,0,40.0,위험
37.52264462809933,126.93308709792876,0,0,0,0,0,40.0,위험
37.52354293927432,126.93308709792876,0,0,0,0,0,40.0,위험
37.524441250449314,126.93308709792876,0,0,0,0,0,40.0,위험
37.52533956162431,126.93308709792876,0,0,0,0,0,40.0,위험
37.44,126.93421893979743,0,0,0,0,0,40.0,위험
37.44089831117499,126.93421893979743,0,0,0,0,0,40.0,위험
37.44179662234998,126.93421893979743,0,0,0,0,0,40.0,위험
37.442694933524976,126.93421893979743,0,0,0,0,0,40.0,위험
37.44359324469997,126.93421893979743,0,0,0,0,0,40.0,위험
37.44449155587496,126.93421893979743,0,0,0,0,0,40.0,위험
37.445389867049954,126.93421893979743,0,0,0,0,0,40.0,위험
37.44628817822495,126.93421893979743,0,0,0,0,0,40.0,위험
37.44718648939994,126.93421893979743,0,0,0,0,0,40.0,위험
37.44808480057493,126.93421893979743,0,0,0,0,0,40.0,위험
37.448983111749925,126.93421893979743,0,0,0,0,0,40.0,위험
37.44988142292492,126.93421893979743,1,0,0,0,0,45.0,보통
37.45077973409991,126.93421893979743,1,0,0,0,0,45.0,보통
37.4516780452749,126.93421893979743,0,0,0,0,0,40.0,위험
37.452576356449896,126.93421893979743,0,0,0,0,0,40.0,위험
37.45347466762489,126.93421893979743,0,0,0,0,0,40.0,위험
37.45437297879988,126.93421893979743,0,0,0,0,0,40.0,위험
37.455271289974874,126.93421893979743,0,0,0,0,0,40.0,위험
37.45616960114987,126.93421893979743,0,0,0,0,0,40.0,위험
37.45706791232486,126.93421893979743,4,0,0,0,0,60.0,안전
37.45796622349985,126.93421893979743,4,0,0,0,0,60.0,안전
37.458864534674845,126.93421893979743,0,0,0,0,0,40.0,위험
37.45976284584984,126.93421893979743,0,0,0,0,0,40.0,위험
37.46066115702483,126.93421893979743,0,0,0,0,0,40.0,위험
37.46155946819982,126.93421893979743,0,0,0,0,0,40.0,위험
37.462457779374816,126.93421893979743,1,0,0,0,0,45.0,보통
37.46335609054981,126.93421893979743,4,0,0,0,0,60.0,안전
37.4642544017248,126.93421893979743,4,0,1,0,0,65.0,안전
37.465152712899794,126.93421893979743,4,0,1,0,0,65.0,안전
37.46605102407479,126.93421893979743,4,0,0,0,0,60.0,안전
37.46694933524978,126.93421893979743,4,0,1,0,0,65.0,안전
37.46784764642477,126.93421893979743,4,0,1,0,0,65.0,안전
37.468745957599765,126.93421893979743,4,0,2,0,0,70.0,안전
37.46964426877476,126.93421893979743,4,0,2,0,0,70.0,안전
37.47054257994975,126.93421893979743,4,0,2,0,1,80.0,안전
37.47144089112474,126.93421893979743,4,0,2,0,1,80.0,안전
37.472339202299736,126.93421893979743,4,0,2,0,1,80.0,안전
37.47323751347473,126.93421893979743,4,0,1,0,1,75.0,안전
37.47413582464972,126.93421893979743,4,0,1,1,1,72.0,안전
37.475034135824714,126.93421893979743,4,0,0,0,1,70.0,안전
37.47593244699971,126.93421893979743,4,0,0,0,1,70.0,안전
37.4768307581747,126.93421893979743,4,0,0,0,1,70.0,안전
37.47772906934969,126.93421893979743,4,0,1,1,1,72.0,안전
37.478627380524685,126.93421893979743,4,0,1,0,1,75.0,안전
37.47952569169968,126.93421893979743,4,0,0,0,1,70.0,안전
37.48042400287467,126.93421893979743,4,0,0,0,1,70.0,안전
37.48132231404966,126.93421893979743,4,0,0,0,0,60.0,안전
37.482220625224656,126.93421893979743,4,0,0,0,1,70.0,안전
37.48311893639965,126.93421893979743,4,0,1,0,1,75.0,안전
37.48401724757464,126.93421893979743,4,0,2,0,1,80.0,안전
37.484915558749634,126.93421893979743,4,0,2,0,1,80.0,안전
37.48581386992463,126.93421893979743,4,0,2,0,1,80.0,안전
37.48671218109962,126.93421893979743,4,0,0,0,0,60.0,안전
37.48761049227461,126.93421893979743,4,0,0,0,1,70.0,안전
37.488508803449605,126.93421893979743,4,0,1,0,1,75.0,안전
37.4894071146246,126.93421893979743,4,0,1,0,1,75.0,안전
37.49030542579959,126.93421893979743,4,0,0,0,0,60.0,안전
37.49120373697458,126.93421893979743,2,0,0,0,0,50.0,보통
37.492102048149576,126.93421893979743,4,0,0,0,0,60.0,안전
37.49300035932457,126.93421893979743,4,3,0,0,0,75.0,안전
37.49389867049956,126.93421893979743,1,3,0,0,0,60.0,안전
37.494796981674554,126.93421893979743,4,3,0,0,0,75.0,안전
37.49569529284955,126.93421893979743,4,3,1,0,0,80.0,안전
37.49659360402454,126.93421893979743,4,3,0,0,0,75.0,안전
37.49749191519953,126.93421893979743,4,3,2,0,0,85.0,안전
37.498390226374525,126.93421893979743,4,3,1,0,0,80.0,안전
37.49928853754952,126.93421893979743,4,3,1,0,0,80.0,안전
37.50018684872451,126.93421893979743,4,3,0,0,0,75.0,안전
37.5010851598995,126.93421893979743,4,3,1,0,0,80.0,안전
37.501983471074496,126.93421893979743,4,3,2,0,0,85.0,안전
37.50288178224949,126.93421893979743,4,3,1,0,0,80.0,안전
37.50378009342448,126.93421893979743,4,3,1,0,0,80.0,안전
37.504678404599474,126.93421893979743,4,3,0,0,0,75.0,안전
37.50557671577447,126.93421893979743,4,2,0,0,0,70.0,안전
37.50647502694946,126.93421893979743,4,0,0,0,0,60.0,안전
37.50737333812445,126.93421893979743,4,0,0,0,0,60.0,안전
37.508271649299445,126.93421893979743,0,0,0,0,0,40.0,위험
37.50916996047444,126.93421893979743,3,0,0,0,0,55.0,보통
37.51006827164943,126.93421893979743,4,0,0,0,0,60.0,안전
37.51096658282442,126.93421893979743,4,3,0,0,0,75.0,안전
37.511864893999416,126.93421893979743,0,3,0,0,0,55.0,보통
37.51276320517441,126.93421893979743,0,3,0,0,0,55.0,보통
37.5136615163494,126.93421893979743,0,2,0,0,0,50.0,보통
37.514559827524394,126.93421893979743,0,3,0,0,0,55.0,보통
37.51545813869939,126.93421893979743,0,3,0,0,0,55.0,보통
37.51635644987438,126.93421893979743,0,3,0,0,0,55.0,보통
37.51725476104937,126.93421893979743,0,0,0,0,0,40.0,위험
37.518153072224365,126.93421893979743,0,0,0,0,0,40.0,위험
37.51905138339936,126.93421893979743,0,0,0,0,0,40.0,위험
37.51994969457435,126.93421893979743,0,0,0,0,0,40.0,위험
37.52084800574934,126.93421893979743,0,0,0,0,0,40.0,위험
37.521746316924336,126.93421893979743,0,0,0,0,0,40.0,위험
37.52264462809933,126.93421893979743,0,0,0,0,0,40.0,위험
37.52354293927432,126.93421893979743,0,0,0,0,0,40.0,위험
37.524441250449314,126.93421893979743,0,0,0,0,0,40.0,위험
37.52533956162431,126.93421893979743,0,0,0,0,0,40.0,위험
37.44,126.9353507816661,0,0,0,0,0,40.0,위험
37.44089831117499,126.9353507816661,0,0,0,0,0,40.0,위험
37.44179662234998,126.9353507816661,0,0,0,0,0,40.0,위험
37.442694933524976,126.9353507816661,0,0,0,0,0,40.0,위험
37.44359324469997,126.9353507816661,0,0,0,0,0,40.0,위험
37.44449155587496,126.9353507816661,0,0,0,0,0,40.0,위험
37.445389867049954,126.9353507816661,0,0,0,0,0,40.0,위험
37.44628817822495,126.9353507816661,0,0,0,0,0,40.0,위험
37.44718648939994,126.9353507816661,0,0,0,0,0,40.0,위험
37.44808480057493,126.9353507816661,0,0,0,0,0,40.0,위험
37.448983111749925,126.9353507816661,0,0,0,0,0,40.0,위험
37.44988142292492,126.9353507816661,0,0,0,0,0,40.0,위험
37.45077973409991,126.9353507816661,0,0,0,0,0,40.0,위험
37.4516780452749,126.9353507816661,0,0,0,0,0,40.0,위험
37.452576356449896,126.9353507816661,0,0,0,0,0,40.0,위험
37.45347466762489,126.9353507816661,0,0,0,0,0,40.0,위험
37.45437297879988,126.9353507816661,0,0,0,0,0,40.0,위험
37.455271289974874,126.9353507816661,0,0,0,0,0,40.0,위험
37.45616960114987,126.9353507816661,0,0,0,0,0,40.0,위험
37.45706791232486,126.9353507816661,0,0,0,0,0,40.0,위험
37.45796622349985,126.9353507816661,0,0,0,0,0,40.0,위험
37.458864534674845,126.9353507816661,0,0,0,0,0,40.0,위험
37.45976284584984,126.9353507816661,0,0,0,0,0,40.0,위험
37.46066115702483,126.9353507816661,0,0,0,0,0,40.0,위험
37.46155946819982,126.9353507816661,0,0,0,0,0,40.0,위험
37.462457779374816,126.9353507816661,0,0,0,0,0,40.0,위험
37.46335609054981,126.9353507816661,2,0,0,0,0,50.0,보통
37.4642544017248,126.9353507816661,4,0,1,0,0,65.0,안전
37.465152712899794,126.9353507816661,4,0,1,0,0,65.0,안전
37.46605102407479,126.9353507816661,4,0,0,0,0,60.0,안전
37.46694933524978,126.9353507816661,4,0,2,0,0,70.0,안전
37.46784764642477,126.9353507816661,4,0,2,0,0,70.0,안전
37.468745957599765,126.9353507816661,4,0,2,0,0,70.0,안전
37.46964426877476,126.9353507816661,3,0,2,0,0,65.0,안전
37.47054257994975,126.9353507816661,4,0,2,0,0,70.0,안전
37.47144089112474,126.9353507816661,4,0,1,0,1,75.0,안전
37.472339202299736,126.9353507816661,4,0,2,0,1,80.0,안전
37.47323751347473,126.9353507816661,4,0,2,0,1,80.0,안전
37.47413582464972,126.9353507816661,4,0,1,0,1,75.0,안전
37.475034135824714,126.9353507816661,4,0,2,0,1,80.0,안전
37.47593244699971,126.9353507816661,4,0,2,0,1,80.0,안전
37.4768307581747,126.9353507816661,4,0,0,0,0,60.0,안전
37.47772906934969,126.9353507816661,4,0,1,1,0,62.0,안전
37.478627380524685,126.9353507816661,4,0,0,1,0,57.0,안전
37.47952569169968,126.9353507816661,4,0,0,0,0,60.0,안전
37.48042400287467,126.9353507816661,4,0,0,0,0,60.0,안전
37.48132231404966,126.9353507816661,4,0,0,0,0,60.0,안전
37.482220625224656,126.9353507816661,4,0,1,0,1,75.0,안전
37.48311893639965,126.9353507816661,4,0,1,0,1,75.0,안전
37.48401724757464,126.9353507816661,4,0,1,0,1,75.0,안전
37.484915558749634,126.9353507816661,4,0,1,0,1,75.0,안전
37.48581386992463,126.9353507816661,4,0,1,0,1,75.0,안전
37.48671218109962,126.9353507816661,4,0,1,0,0,65.0,안전
37.48761049227461,126.9353507816661,4,0,1,0,0,65.0,안전
37.488508803449605,126.9353507816661,4,0,1,0,0,65.0,안전
37.4894071146246,126.9353507816661,4,0,1,0,0,65.0,안전
37.49030542579959,126.9353507816661,4,0,0,0,0,60.0,안전
37.49120373697458,126.9353507816661,0,0,0,0,0,40.0,위험
37.492102048149576,126.9353507816661,3,0,0,0,0,55.0,보통
37.49300035932457,126.9353507816661,4,3,0,0,0,75.0,안전
37.49389867049956,126.9353507816661,4,3,0,0,0,75.0,안전
37.494796981674554,126.9353507816661,4,3,0,0,0,75.0,안전
37.49569529284955,126.9353507816661,4,3,1,0,0,80.0,안전
37.49659360402454,126.9353507816661,4,3,0,0,0,75.0,안전
37.49749191519953,126.9353507816661,4,3,1,0,0,80.0,안전
37.498390226374525,126.9353507816661,4,3,1,0,0,80.0,안전
37.49928853754952,126.9353507816661,4,3,0,0,0,75.0,안전
37.50018684872451,126.9353507816661,4,3,0,0,0,75.0,안전
37.5010851598995,126.9353507816661,4,3,0,0,0,75.0,안전
37.501983471074496,126.9353507816661,4,3,1,0,0,80.0,안전
37.50288178224949,126.9353507816661,4,3,0,0,0,75.0,안전
37.50378009342448,126.9353507816661,4,3,1,0,0,80.0,안전
37.504678404599474,126.9353507816661,4,3,1,0,0,80.0,안전
37.50557671577447,126.9353507816661,3,3,0,0,0,70.0,안전
37.50647502694946,126.9353507816661,4,3,0,0,0,75.0,안전
37.50737333812445,126.9353507816661,4,0,0,0,0,60.0,안전
37.508271649299445,126.9353507816661,4,0,0,0,0,60.0,안전
37.50916996047444,126.9353507816661,4,3,0,0,0,75.0,안전
37.51006827164943,126.9353507816661,4,3,0,0,0,75.0,안전
37.51096658282442,126.9353507816661,4,3,0,0,0,75.0,안전
37.511864893999416,126.9353507816661,3,3,0,0,0,70.0,안전
37.51276320517441,126.9353507816661,4,3,0,0,0,75.0,안전
37.5136615163494,126.9353507816661,0,3,0,0,0,55.0,보통
37.514559827524394,126.9353507816661,1,2,0,0,0,55.0,보통
37.51545813869939,126.9353507816661,1,3,0,0,0,60.0,안전
37.51635644987438,126.9353507816661,0,3,0,0,0,55.0,보통
37.51725476104937,126.9353507816661,0,0,0,0,0,40.0,위험
37.518153072224365,126.9353507816661,0,0,0,0,0,40.0,위험
37.51905138339936,126.9353507816661,0,0,0,0,0,40.0,위험
37.51994969457435,126.9353507816661,0,0,0,0,0,40.0,위험
37.52084800574934,126.9353507816661,0,0,0,0,0,40.0,위험
37.521746316924336,126.9353507816661,0,0,0,0,0,40.0,위험
37.52264462809933,126.9353507816661,0,0,0,0,0,40.0,위험
37.52354293927432,126.9353507816661,0,0,0,0,0,40.0,위험
37.524441250449314,126.9353507816661,0,0,0,0,0,40.0,위험
37.52533956162431,126.9353507816661,0,0,0,0,0,40.0,위험
37.44,126.93648262353477,0,0,0,0,0,40.0,위험
37.44089831117499,126.93648262353477,0,0,0,0,0,40.0,위험
37.44179662234998,126.93648262353477,0,0,0,0,0,40.0,위험
37.442694933524976,126.93648262353477,0,0,0,0,0,40.0,위험
37.44359324469997,126.93648262353477,0,0,0,0,0,40.0,위험
37.44449155587496,126.93648262353477,0,0,0,0,0,40.0,위험
37.445389867049954,126.93648262353477,0,0,0,0,0,40.0,위험
37.44628817822495,126.93648262353477,0,0,0,0,0,40.0,위험
37.44718648939994,126.93648262353477,0,0,0,0,0,40.0,위험
37.44808480057493,126.93648262353477,0,0,0,0,0,40.0,위험
37.448983111749925,126.93648262353477,0,0,0,0,0,40.0,위험
37.44988142292492,126.93648262353477,0,0,0,0,0,40.0,위험
37.45077973409991,126.93648262353477,0,0,0,0,0,40.0,위험
37.4516780452749,126.93648262353477,0,0,0,0,0,40.0,위험
37.452576356449896,126.93648262353477,0,0,0,0,0,40.0,위험
37.45347466762489,126.93648262353477,0,0,0,0,0,40.0,위험
37.45437297879988,126.93648262353477,0,0,0,0,0,40.0,위험
37.455271289974874,126.93648262353477,0,0,0,0,0,40.0,위험
37.45616960114987,126.93648262353477,0,0,0,0,0,40.0,위험
37.45706791232486,126.93648262353477,0,0,0,0,0,40.0,위험
37.45796622349985,126.93648262353477,0,0,0,0,0,40.0,위험
37.458864534674845,126.93648262353477,0,0,0,0,0,40.0,위험
37.45976284584984,126.93648262353477,0,0,0,0,0,40.0,위험
37.46066115702483,126.93648262353477,0,0,0,0,0,40.0,위험
37.46155946819982,126.93648262353477,0,0,0,0,0,40.0,위험
37.462457779374816,126.93648262353477,0,0,0,0,0,40.0,위험
37.46335609054981,126.93648262353477,1,0,0,0,0,45.0,보통
37.4642544017248,126.93648262353477,4,0,0,0,0,60.0,안전
37.465152712899794,126.93648262353477,4,0,0,0,0,60.0,안전
37.46605102407479,126.93648262353477,4,0,1,0,0,65.0,안전
37.46694933524978,126.93648262353477,4,0,2,0,0,70.0,안전
37.46784764642477,126.93648262353477,4,0,1,0,0,65.0,안전
37.468745957599765,126.93648262353477,4,0,2,0,0,70.0,안전
37.46964426877476,126.93648262353477,4,0,2,0,0,70.0,안전
37.47054257994975,126.93648262353477,4,0,2,0,0,70.0,안전
37.47144089112474,126.93648262353477,4,0,0,0,1,70.0,안전
37.472339202299736,126.93648262353477,4,0,2,0,1,80.0,안전
37.47323751347473,126.93648262353477,4,0,2,0,1,80.0,안전
37.47413582464972,126.93648262353477,4,0,1,0,1,75.0,안전
37.475034135824714,126.93648262353477,4,0,2,0,1,80.0,안전
37.47593244699971,126.93648262353477,4,0,2,0,1,80.0,안전
37.4768307581747,126.93648262353477,4,0,0,0,0,60.0,안전
37.47772906934969,126.93648262353477,4,0,1,0,0,65.0,안전
37.478627380524685,126.93648262353477,4,0,0,0,0,60.0,안전
37.47952569169968,126.93648262353477,4,0,0,0,0,60.0,안전
37.48042400287467,126.93648262353477,3,0,0,0,0,55.0,보통
37.48132231404966,126.93648262353477,3,0,0,0,0,55.0,보통
37.482220625224656,126.93648262353477,4,0,0,0,0,60.0,안전
37.48311893639965,126.93648262353477,4,0,0,0,1,70.0,안전
37.48401724757464,126.93648262353477,4,0,1,1,1,72.0,안전
37.484915558749634,126.93648262353477,4,0,0,2,1,64.0,안전
37.48581386992463,126.93648262353477,4,0,0,0,0,60.0,안전
37.48671218109962,126.93648262353477,4,0,1,0,0,65.0,안전
37.48761049227461,126.93648262353477,4,0,2,0,0,70.0,안전
37.488508803449605,126.93648262353477,4,0,1,0,0,65.0,안전
37.4894071146246,126.93648262353477,4,0,1,0,0,65.0,안전
37.49030542579959,126.93648262353477,0,0,0,0,0,40.0,위험
37.49120373697458,126.93648262353477,1,0,0,0,0,45.0,보통
37.492102048149576,126.93648262353477,1,3,0,0,0,60.0,안전
37.49300035932457,126.93648262353477,4,3,0,0,0,75.0,안전
37.49389867049956,126.93648262353477,4,3,0,0,0,75.0,안전
37.494796981674554,126.93648262353477,4,3,1,0,0,80.0,안전
37.49569529284955,126.93648262353477,4,3,2,0,0,85.0,안전
37.49659360402454,126.93648262353477,4,3,1,0,0,80.0,안전
37.49749191519953,126.93648262353477,4,3,0,0,0,75.0,안전
37.498390226374525,126.93648262353477,4,3,0,0,0,75.0,안전
37.49928853754952,126.93648262353477,4,3,0,0,0,75.0,안전
37.50018684872451,126.93648262353477,4,3,0,0,0,75.0,안전
37.5010851598995,126.93648262353477,4,3,1,0,0,80.0,안전
37.501983471074496,126.93648262353477,4,3,1,0,0,80.0,안전
37.50288178224949,126.93648262353477,4,3,0,0,0,75.0,안전
37.50378009342448,126.93648262353477,4,3,0,0,0,75.0,안전
37.504678404599474,126.93648262353477,4,3,0,0,0,75.0,안전
37.50557671577447,126.93648262353477,3,3,0,0,0,70.0,안전
37.50647502694946,126.93648262353477,4,3,0,0,0,75.0,안전
37.50737333812445,126.93648262353477,4,0,0,0,0,60.0,안전
37.508271649299445,126.93648262353477,4,3,0,0,0,75.0,안전
37.50916996047444,126.93648262353477,4,3,0,0,0,75.0,안전
37.51006827164943,126.93648262353477,4,3,0,0,0,75.0,안전
37.51096658282442,126.93648262353477,4,3,0,0,0,75.0,안전
37.511864893999416,126.93648262353477,4,3,0,0,0,75.0,안전
37.51276320517441,126.93648262353477,4,3,0,0,0,75.0,안전
37.5136615163494,126.93648262353477,0,1,0,0,0,45.0,보통
37.514559827524394,126.93648262353477,1,0,0,0,0,45.0,보통
37.51545813869939,126.93648262353477,1,3,0,0,0,60.0,안전
37.51635644987438,126.93648262353477,0,3,0,0,0,55.0,보통
37.51725476104937,126.93648262353477,0,1,0,0,0,45.0,보통
37.518153072224365,126.93648262353477,0,1,0,0,0,45.0,보통
37.51905138339936,126.93648262353477,0,0,0,0,0,40.0,위험
37.51994969457435,126.93648262353477,0,0,0,0,0,40.0,위험
37.52084800574934,126.93648262353477,0,0,0,0,0,40.0,위험
37.521746316924336,126.93648262353477,0,3,0,0,0,55.0,보통
37.52264462809933,126.93648262353477,0,3,0,0,0,55.0,보통
37.52354293927432,126.93648262353477,0,3,0,0,0,55.0,보통
37.524441250449314,126.93648262353477,0,1,0,0,0,45.0,보통
37.52533956162431,126.93648262353477,0,0,0,0,0,40.0,위험
37.44,126.93761446540344,0,0,0,0,0,40.0,위험
37.44089831117499,126.93761446540344,0,0,0,0,0,40.0,위험
37.44179662234998,126.93761446540344,0,0,0,0,0,40.0,위험
37.442694933524976,126.93761446540344,0,0,0,0,0,40.0,위험
37.44359324469997,126.93761446540344,0,0,0,0,0,40.0,위험
37.44449155587496,126.93761446540344,0,0,0,0,0,40.0,위험
37.445389867049954,126.93761446540344,0,0,0,0,0,40.0,위험
37.44628817822495,126.93761446540344,0,0,0,0,0,40.0,위험
37.44718648939994,126.93761446540344,0,0,0,0,0,40.0,위험
37.44808480057493,126.93761446540344,0,0,0,0,0,40.0,위험
37.448983111749925,126.93761446540344,0,0,0,0,0,40.0,위험
37.44988142292492,126.93761446540344,0,0,0,0,0,40.0,위험
37.45077973409991,126.93761446540344,0,0,0,0,0,40.0,위험
37.4516780452749,126.93761446540344,0,0,0,0,0,40.0,위험
37.452576356449896,126.93761446540344,0,0,0,0,0,40.0,위험
37.45347466762489,126.93761446540344,0,0,0,0,0,40.0,위험
37.45437297879988,126.93761446540344,0,0,0,0,0,40.0,위험
37.455271289974874,126.93761446540344,0,0,0,0,0,40.0,위험
37.45616960114987,126.93761446540344,0,0,0,0,0,40.0,위험
37.45706791232486,126.93761446540344,0,0,0,0,0,40.0,위험
37.45796622349985,126.93761446540344,0,0,0,0,0,40.0,위험
37.458864534674845,126.93761446540344,0,0,0,0,0,40.0,위험
37.45976284584984,126.93761446540344,0,0,0,0,0,40.0,위험
37.46066115702483,126.93761446540344,0,0,0,0,0,40.0,위험
37.46155946819982,126.93761446540344,0,0,0,0,0,40.0,위험
37.462457779374816,126.93761446540344,0,0,0,0,0,40.0,위험
37.46335609054981,126.93761446540344,0,0,0,0,0,40.0,위험
37.4642544017248,126.93761446540344,4,0,0,0,0,60.0,안전
37.465152712899794,126.93761446540344,4,0,0,0,0,60.0,안전
37.46605102407479,126.93761446540344,4,0,1,0,0,65.0,안전
37.46694933524978,126.93761446540344,4,0,1,0,0,65.0,안전
37.46784764642477,126.93761446540344,4,0,2,0,0,70.0,안전
37.468745957599765,126.93761446540344,4,0,2,0,0,70.0,안전
37.46964426877476,126.93761446540344,4,0,1,0,0,65.0,안전
37.47054257994975,126.93761446540344,4,0,2,0,0,70.0,안전
37.47144089112474,126.93761446540344,4,0,2,0,0,70.0,안전
37.472339202299736,126.93761446540344,4,0,2,0,1,80.0,안전
37.47323751347473,126.93761446540344,4,0,1,0,1,75.0,안전
37.47413582464972,126.93761446540344,4,0,0,0,1,70.0,안전
37.475034135824714,126.93761446540344,4,0,1,0,1,75.0,안전
37.47593244699971,126.93761446540344,4,0,2,0,0,70.0,안전
37.4768307581747,126.93761446540344,4,0,1,0,0,65.0,안전
37.47772906934969,126.93761446540344,4,0,1,0,0,65.0,안전
37.478627380524685,126.93761446540344,4,0,0,0,0,60.0,안전
37.47952569169968,126.93761446540344,4,0,0,0,0,60.0,안전
37.48042400287467,126.93761446540344,3,0,0,0,0,55.0,보통
37.48132231404966,126.93761446540344,4,0,0,0,0,60.0,안전
37.482220625224656,126.93761446540344,4,0,0,0,0,60.0,안전
37.48311893639965,126.93761446540344,4,0,2,0,0,70.0,안전
37.48401724757464,126.93761446540344,4,0,2,0,0,70.0,안전
37.484915558749634,126.93761446540344,4,0,0,1,0,57.0,안전
37.48581386992463,126.93761446540344,4,0,1,1,0,62.0,안전
37.48671218109962,126.93761446540344,4,0,2,0,0,70.0,안전
37.48761049227461,126.93761446540344,4,0,2,0,0,70.0,안전
37.488508803449605,126.93761446540344,4,0,0,0,0,60.0,안전
37.4894071146246,126.93761446540344,4,0,0,0,0,60.0,안전
37.49030542579959,126.93761446540344,0,0,0,0,0,40.0,위험
37.49120373697458,126.93761446540344,0,0,0,0,0,40.0,위험
37.492102048149576,126.93761446540344,0,2,0,0,0,50.0,보통
37.49300035932457,126.93761446540344,0,3,0,0,0,55.0,보통
37.49389867049956,126.93761446540344,0,3,0,0,0,55.0,보통
37.494796981674554,126.93761446540344,4,3,1,0,0,80.0,안전
37.49569529284955,126.93761446540344,4,3,1,0,0,80.0,안전
37.49659360402454,126.93761446540344,4,3,1,0,0,80.0,안전
37.49749191519953,126.93761446540344,4,3,0,0,0,75.0,안전
37.498390226374525,126.93761446540344,4,3,0,0,0,75.0,안전
37.49928853754952,126.93761446540344,4,3,0,0,0,75.0,안전
37.50018684872451,126.93761446540344,2,3,0,0,0,65.0,안전
37.5010851598995,126.93761446540344,4,3,1,0,0,80.0,안전
37.501983471074496,126.93761446540344,4,3,0,0,0,75.0,안전
37.50288178224949,126.93761446540344,4,0,0,0,0,60.0,안전
37.50378009342448,126.93761446540344,4,3,0,0,0,75.0,안전
37.504678404599474,126.93761446540344,4,3,0,0,0,75.0,안전
37.50557671577447,126.93761446540344,3,3,0,0,0,70.0,안전
37.50647502694946,126.93761446540344,4,2,0,0,0,70.0,안전
37.50737333812445,126.93761446540344,4,0,0,0,0,60.0,안전
37.508271649299445,126.93761446540344,4,3,0,0,0,75.0,안전
37.50916996047444,126.93761446540344,4,3,0,0,0,75.0,안전
37.51006827164943,126.93761446540344,4,3,0,0,0,75.0,안전
37.51096658282442,126.93761446540344,4,3,0,0,0,75.0,안전
37.511864893999416,126.93761446540344,4,3,0,0,0,75.0,안전
37.51276320517441,126.93761446540344,3,3,0,0,0,70.0,안전
37.5136615163494,126.93761446540344,0,3,0,0,0,55.0,보통
37.514559827524394,126.93761446540344,0,1,0,0,0,45.0,보통
37.51545813869939,126.93761446540344,0,3,0,0,0,55.0,보통
37.51635644987438,126.93761446540344,0,3,0,0,0,55.0,보통
37.51725476104937,126.93761446540344,0,3,0,0,0,55.0,보통
37.518153072224365,126.93761446540344,0,3,0,0,0,55.0,보통
37.51905138339936,126.93761446540344,0,0,0,0,0,40.0,위험
37.51994969457435,126.93761446540344,0,0,0,0,0,40.0,위험
37.52084800574934,126.93761446540344,0,0,0,0,0,40.0,위험
37.521746316924336,126.93761446540344,0,0,0,0,0,40.0,위험
37.52264462809933,126.93761446540344,0,3,0,0,0,55.0,보통
37.52354293927432,126.93761446540344,0,3,0,0,0,55.0,보통
37.524441250449314,126.93761446540344,0,0,0,0,0,40.0,위험
37.52533956162431,126.93761446540344,0,0,0,0,0,40.0,위험
37.44,126.93874630727211,0,0,0,0,0,40.0,위험
37.44089831117499,126.93874630727211,0,0,0,0,0,40.0,위험
37.44179662234998,126.93874630727211,0,0,0,0,0,40.0,위험
37.442694933524976,126.93874630727211,0,0,0,0,0,40.0,위험
37.44359324469997,126.93874630727211,0,0,0,0,0,40.0,위험
37.44449155587496,126.93874630727211,0,0,0,0,0,40.0,위험
37.445389867049954,126.93874630727211,0,0,0,0,0,40.0,위험
37.44628817822495,126.93874630727211,0,0,0,0,0,40.0,위험
37.44718648939994,126.93874630727211,0,0,0,0,0,40.0,위험
37.44808480057493,126.93874630727211,0,0,0,0,0,40.0,위험
37.448983111749925,126.93874630727211,0,0,0,0,0,40.0,위험
37.44988142292492,126.93874630727211,0,0,0,0,0,40.0,위험
37.45077973409991,126.93874630727211,0,0,0,0,0,40.0,위험
37.4516780452749,126.93874630727211,0,0,0,0,0,40.0,위험
37.452576356449896,126.93874630727211,0,0,0,0,0,40.0,위험
37.45347466762489,126.93874630727211,0,0,0,0,0,40.0,위험
37.45437297879988,126.93874630727211,0,0,0,0,0,40.0,위험
37.455271289974874,126.93874630727211,0,0,0,0,0,40.0,위험
37.45616960114987,126.93874630727211,0,0,0,0,0,40.0,위험
37.45706791232486,126.93874630727211,0,0,0,0,0,40.0,위험
37.45796622349985,126.93874630727211,0,0,0,0,0,40.0,위험
37.458864534674845,126.93874630727211,0,0,0,0,0,40.0,위험
37.45976284584984,126.93874630727211,0,0,0,0,0,40.0,위험
37.46066115702483,126.93874630727211,0,0,0,0,0,40.0,위험
37.46155946819982,126.93874630727211,1,0,0,0,0,45.0,보통
37.462457779374816,126.93874630727211,1,0,0,0,0,45.0,보통
37.46335609054981,126.93874630727211,0,0,0,0,0,40.0,위험
37.4642544017248,126.93874630727211,4,0,0,0,0,60.0,안전
37.465152712899794,126.93874630727211,4,0,0,0,0,60.0,안전
37.46605102407479,126.93874630727211,4,0,1,0,0,65.0,안전
37.46694933524978,126.93874630727211,4,0,1,0,0,65.0,안전
37.46784764642477,126.93874630727211,4,0,1,0,0,65.0,안전
37.468745957599765,126.93874630727211,4,0,1,0,0,65.0,안전
37.46964426877476,126.93874630727211,4,0,1,0,0,65.0,안전
37.47054257994975,126.93874630727211,4,0,1,0,0,65.0,안전
37.47144089112474,126.93874630727211,4,0,2,0,0,70.0,안전
37.472339202299736,126.93874630727211,4,0,2,0,0,70.0,안전
37.47323751347473,126.93874630727211,4,0,1,0,0,65.0,안전
37.47413582464972,126.93874630727211,4,0,1,0,0,65.0,안전
37.475034135824714,126.93874630727211,4,0,2,0,0,70.0,안전
37.47593244699971,126.93874630727211,4,0,1,0,0,65.0,안전
37.4768307581747,126.93874630727211,4,0,1,0,1,75.0,안전
37.47772906934969,126.93874630727211,4,0,0,0,1,70.0,안전
37.478627380524685,126.93874630727211,4,0,0,0,1,70.0,안전
37.47952569169968,126.93874630727211,4,0,0,0,1,70.0,안전
37.48042400287467,126.93874630727211,4,0,1,0,0,65.0,안전
37.48132231404966,126.93874630727211,4,0,2,0,0,70.0,안전
37.482220625224656,126.93874630727211,4,0,1,0,0,65.0,안전
37.48311893639965,126.93874630727211,4,0,2,1,0,67.0,안전
37.48401724757464,126.93874630727211,4,0,0,0,0,60.0,안전
37.484915558749634,126.93874630727211,4,0,0,0,0,60.0,안전
37.48581386992463,126.93874630727211,4,0,1,0,0,65.0,안전
37.48671218109962,126.93874630727211,4,0,2,0,0,70.0,안전
37.48761049227461,126.93874630727211,4,0,0,0,0,60.0,안전
37.488508803449605,126.93874630727211,4,0,0,0,0,60.0,안전
37.4894071146246,126.93874630727211,4,0,0,0,0,60.0,안전
37.49030542579959,126.93874630727211,1,0,0,0,0,45.0,보통
37.49120373697458,126.93874630727211,0,0,0,0,0,40.0,위험
37.492102048149576,126.93874630727211,0,0,0,0,0,40.0,위험
37.49300035932457,126.93874630727211,0,0,0,0,0,40.0,위험
37.49389867049956,126.93874630727211,0,1,0,0,0,45.0,보통
37.494796981674554,126.93874630727211,3,3,0,0,0,70.0,안전
37.49569529284955,126.93874630727211,4,3,1,0,0,80.0,안전
37.49659360402454,126.93874630727211,4,3,1,0,0,80.0,안전
37.49749191519953,126.93874630727211,0,3,1,0,0,60.0,안전
37.498390226374525,126.93874630727211,4,3,1,0,0,80.0,안전
37.49928853754952,126.93874630727211,4,3,0,0,0,75.0,안전
37.50018684872451,126.93874630727211,4,3,0,0,0,75.0,안전
37.5010851598995,126.93874630727211,4,3,0,0,0,75.0,안전
37.501983471074496,126.93874630727211,4,1,0,0,0,65.0,안전
37.50288178224949,126.93874630727211,4,1,0,0,0,65.0,안전
37.50378009342448,126.93874630727211,3,3,1,0,0,75.0,안전
37.504678404599474,126.93874630727211,0,3,1,0,0,60.0,안전
37.50557671577447,126.93874630727211,0,3,0,0,0,55.0,보통
37.50647502694946,126.93874630727211,4,1,0,0,0,65.0,안전
37.50737333812445,126.93874630727211,4,2,0,0,0,70.0,안전
37.508271649299445,126.93874630727211,4,3,0,0,0,75.0,안전
37.50916996047444,126.93874630727211,4,3,0,0,0,75.0,안전
37.51006827164943,126.93874630727211,4,3,0,0,0,75.0,안전
37.51096658282442,126.93874630727211,4,3,0,0,0,75.0,안전
37.511864893999416,126.93874630727211,4,3,0,0,0,75.0,안전
37.51276320517441,126.93874630727211,0,3,0,0,0,55.0,보통
37.5136615163494,126.93874630727211,0,3,0,0,0,55.0,보통
37.514559827524394,126.93874630727211,0,0,0,0,0,40.0,위험
37.51545813869939,126.93874630727211,1,3,0,0,0,60.0,안전
37.51635644987438,126.93874630727211,0,3,0,0,0,55.0,보통
37.51725476104937,126.93874630727211,0,3,0,0,0,55.0,보통
37.518153072224365,126.93874630727211,0,3,0,0,0,55.0,보통
37.51905138339936,126.93874630727211,0,0,0,0,0,40.0,위험
37.51994969457435,126.93874630727211,0,0,0,0,0,40.0,위험
37.52084800574934,126.93874630727211,0,0,0,0,0,40.0,위험
37.521746316924336,126.93874630727211,0,2,0,0,0,50.0,보통
37.52264462809933,126.93874630727211,0,3,0,0,0,55.0,보통
37.52354293927432,126.93874630727211,0,3,0,0,0,55.0,보통
37.524441250449314,126.93874630727211,0,2,0,0,0,50.0,보통
37.52533956162431,126.93874630727211,0,0,0,0,0,40.0,위험
37.44,126.93987814914078,0,0,0,0,0,40.0,위험
37.44089831117499,126.93987814914078,0,0,0,0,0,40.0,위험
37.44179662234998,126.93987814914078,0,0,0,0,0,40.0,위험
37.442694933524976,126.93987814914078,0,0,0,0,0,40.0,위험
37.44359324469997,126.93987814914078,0,0,0,0,0,40.0,위험
37.44449155587496,126.93987814914078,0,0,0,0,0,40.0,위험
37.445389867049954,126.93987814914078,0,0,0,0,0,40.0,위험
37.44628817822495,126.93987814914078,0,0,0,0,0,40.0,위험
37.44718648939994,126.93987814914078,0,0,0,0,0,40.0,위험
37.44808480057493,126.93987814914078,0,0,0,0,0,40.0,위험
37.448983111749925,126.93987814914078,0,0,0,0,0,40.0,위험
37.44988142292492,126.93987814914078,0,0,0,0,0,40.0,위험
37.45077973409991,126.93987814914078,0,0,0,0,0,40.0,위험
37.4516780452749,126.93987814914078,0,0,0,0,0,40.0,위험
37.452576356449896,126.93987814914078,0,0,0,0,0,40.0,위험
37.45347466762489,126.93987814914078,0,0,0,0,0,40.0,위험
37.45437297879988,126.93987814914078,0,0,0,0,0,40.0,위험
37.455271289974874,126.93987814914078,0,0,0,0,0,40.0,위험
37.45616960114987,126.93987814914078,0,0,0,0,0,40.0,위험
37.45706791232486,126.93987814914078,0,0,0,0,0,40.0,위험
37.45796622349985,126.93987814914078,0,0,0,0,0,40.0,위험
37.458864534674845,126.93987814914078,0,0,0,0,0,40.0,위험
37.45976284584984,126.93987814914078,0,0,0,0,0,40.0,위험
37.46066115702483,126.93987814914078,0,0,0,0,0,40.0,위험
37.46155946819982,126.93987814914078,0,0,0,0,0,40.0,위험
37.462457779374816,126.93987814914078,0,0,0,0,0,40.0,위험
37.46335609054981,126.93987814914078,0,0,0,0,0,40.0,위험
37.4642544017248,126.93987814914078,4,0,0,0,0,60.0,안전
37.465152712899794,126.93987814914078,4,0,0,0,0,60.0,안전
37.46605102407479,126.93987814914078,4,0,0,0,0,60.0,안전
37.46694933524978,126.93987814914078,4,0,0,0,0,60.0,안전
37.46784764642477,126.93987814914078,4,0,0,0,0,60.0,안전
37.468745957599765,126.93987814914078,4,0,0,0,0,60.0,안전
37.46964426877476,126.93987814914078,4,0,1,0,0,65.0,안전
37.47054257994975,126.93987814914078,4,0,2,0,0,70.0,안전
37.47144089112474,126.93987814914078,4,0,2,0,0,70.0,안전
37.472339202299736,126.93987814914078,4,0,2,0,0,70.0,안전
37.47323751347473,126.93987814914078,4,0,2,0,0,70.0,안전
37.47413582464972,126.93987814914078,4,0,2,0,0,70.0,안전
37.475034135824714,126.93987814914078,4,0,1,0,0,65.0,안전
37.47593244699971,126.93987814914078,4,0,0,0,1,70.0,안전
37.4768307581747,126.93987814914078,4,0,1,0,1,75.0,안전
37.47772906934969,126.93987814914078,4,0,2,0,1,80.0,안전
37.478627380524685,126.93987814914078,4,0,1,0,1,75.0,안전
37.47952569169968,126.93987814914078,4,0,0,0,1,70.0,안전
37.48042400287467,126.93987814914078,4,0,1,0,1,75.0,안전
37.48132231404966,126.93987814914078,4,0,2,0,0,70.0,안전
37.482220625224656,126.93987814914078,4,0,2,0,0,70.0,안전
37.48311893639965,126.93987814914078,4,0,2,1,0,67.0,안전
37.48401724757464,126.93987814914078,4,0,1,0,0,65.0,안전
37.484915558749634,126.93987814914078,4,0,1,0,0,65.0,안전
37.48581386992463,126.93987814914078,4,0,1,0,0,65.0,안전
37.48671218109962,126.93987814914078,4,0,1,0,0,65.0,안전
37.48761049227461,126.93987814914078,4,0,1,0,0,65.0,안전
37.488508803449605,126.93987814914078,4,0,0,0,0,60.0,안전
37.4894071146246,126.93987814914078,4,0,0,0,0,60.0,안전
37.49030542579959,126.93987814914078,4,0,0,0,0,60.0,안전
37.49120373697458,126.93987814914078,4,0,0,0,0,60.0,안전
37.492102048149576,126.93987814914078,1,0,0,0,0,45.0,보통
37.49300035932457,126.93987814914078,0,0,0,0,0,40.0,위험
37.49389867049956,126.93987814914078,0,0,0,0,0,40.0,위험
37.494796981674554,126.93987814914078,0,2,0,0,0,50.0,보통
37.49569529284955,126.93987814914078,4,3,0,0,0,75.0,안전
37.49659360402454,126.93987814914078,4,3,0,0,0,75.0,안전
37.49749191519953,126.93987814914078,0,3,1,0,0,60.0,안전
37.498390226374525,126.93987814914078,3,3,2,0,0,80.0,안전
37.49928853754952,126.93987814914078,4,3,2,0,0,85.0,안전
37.50018684872451,126.93987814914078,4,3,1,0,0,80.0,안전
37.5010851598995,126.93987814914078,4,3,1,0,0,80.0,안전
37.501983471074496,126.93987814914078,4,3,1,0,0,80.0,안전
37.50288178224949,126.93987814914078,3,3,0,0,0,70.0,안전
37.50378009342448,126.93987814914078,0,3,1,0,0,60.0,안전
37.504678404599474,126.93987814914078,3,3,1,0,0,75.0,안전
37.50557671577447,126.93987814914078,4,3,0,0,0,75.0,안전
37.50647502694946,126.93987814914078,4,3,0,0,0,75.0,안전
37.50737333812445,126.93987814914078,4,3,0,0,0,75.0,안전
37.508271649299445,126.93987814914078,4,3,0,0,0,75.0,안전
37.50916996047444,126.93987814914078,4,3,0,0,0,75.0,안전
37.51006827164943,126.93987814914078,4,3,0,0,0,75.0,안전
37.51096658282442,126.93987814914078,4,3,0,0,0,75.0,안전
37.511864893999416,126.93987814914078,4,3,0,0,0,75.0,안전
37.51276320517441,126.93987814914078,0,3,0,0,0,55.0,보통
37.5136615163494,126.93987814914078,0,3,0,0,0,55.0,보통
37.514559827524394,126.93987814914078,0,0,0,0,0,40.0,위험
37.51545813869939,126.93987814914078,2,1,0,0,0,55.0,보통
37.51635644987438,126.93987814914078,0,3,0,0,0,55.0,보통
37.51725476104937,126.93987814914078,0,3,0,0,0,55.0,보통
37.518153072224365,126.93987814914078,0,3,0,0,0,55.0,보통
37.51905138339936,126.93987814914078,0,0,0,0,0,40.0,위험
37.51994969457435,126.93987814914078,0,0,0,0,0,40.0,위험
37.52084800574934,126.93987814914078,0,0,0,0,0,40.0,위험
37.521746316924336,126.93987814914078,0,0,0,0,0,40.0,위험
37.52264462809933,126.93987814914078,0,0,0,0,0,40.0,위험
37.52354293927432,126.93987814914078,0,3,0,0,0,55.0,보통
37.524441250449314,126.93987814914078,0,3,0,0,0,55.0,보통
37.52533956162431,126.93987814914078,0,0,0,0,0,40.0,위험
37.44,126.94100999100945,0,0,0,0,0,40.0,위험
37.44089831117499,126.94100999100945,0,0,0,0,0,40.0,위험
37.44179662234998,126.94100999100945,0,0,0,0,0,40.0,위험
37.442694933524976,126.94100999100945,0,0,0,0,0,40.0,위험
37.44359324469997,126.94100999100945,0,0,0,0,0,40.0,위험
37.44449155587496,126.94100999100945,0,0,0,0,0,40.0,위험
37.445389867049954,126.94100999100945,0,0,0,0,0,40.0,위험
37.44628817822495,126.94100999100945,0,0,0,0,0,40.0,위험
37.44718648939994,126.94100999100945,0,0,0,0,0,40.0,위험
37.44808480057493,126.94100999100945,0,0,0,0,0,40.0,위험
37.448983111749925,126.94100999100945,0,0,0,0,0,40.0,위험
37.44988142292492,126.94100999100945,0,0,0,0,0,40.0,위험
37.45077973409991,126.94100999100945,0,0,0,0,0,40.0,위험
37.4516780452749,126.94100999100945,0,0,0,0,0,40.0,위험
37.452576356449896,126.94100999100945,0,0,0,0,0,40.0,위험
37.45347466762489,126.94100999100945,0,0,0,0,0,40.0,위험
37.45437297879988,126.94100999100945,0,0,0,0,0,40.0,위험
37.455271289974874,126.94100999100945,0,0,0,0,0,40.0,위험
37.45616960114987,126.94100999100945,0,0,0,0,0,40.0,위험
37.45706791232486,126.94100999100945,0,0,0,0,0,40.0,위험
37.45796622349985,126.94100999100945,0,0,0,0,0,40.0,위험
37.458864534674845,126.94100999100945,0,0,0,0,0,40.0,위험
37.45976284584984,126.94100999100945,0,0,0,0,0,40.0,위험
37.46066115702483,126.94100999100945,0,0,0,0,0,40.0,위험
37.46155946819982,126.94100999100945,0,0,0,0,0,40.0,위험
37.462457779374816,126.94100999100945,0,0,0,0,0,40.0,위험
37.46335609054981,126.94100999100945,0,0,0,0,0,40.0,위험
37.4642544017248,126.94100999100945,1,0,0,0,0,45.0,보통
37.465152712899794,126.94100999100945,0,0,0,0,0,40.0,위험
37.46605102407479,126.94100999100945,3,0,0,0,0,55.0,보통
37.46694933524978,126.94100999100945,0,0,0,0,0,40.0,위험
37.46784764642477,126.94100999100945,4,0,0,0,0,60.0,안전
37.468745957599765,126.94100999100945,4,0,0,0,0,60.0,안전
37.46964426877476,126.94100999100945,4,0,1,0,0,65.0,안전
37.47054257994975,126.94100999100945,4,0,2,0,0,70.0,안전
37.47144089112474,126.94100999100945,4,0,2,0,0,70.0,안전
37.472339202299736,126.94100999100945,4,0,2,0,0,70.0,안전
37.47323751347473,126.94100999100945,4,0,1,0,0,65.0,안전
37.47413582464972,126.94100999100945,4,0,0,0,0,60.0,안전
37.475034135824714,126.94100999100945,4,0,0,0,0,60.0,안전
37.47593244699971,126.94100999100945,4,0,0,0,1,70.0,안전
37.4768307581747,126.94100999100945,4,0,1,0,1,75.0,안전
37.47772906934969,126.94100999100945,4,0,1,0,1,75.0,안전
37.478627380524685,126.94100999100945,4,0,1,0,1,75.0,안전
37.47952569169968,126.94100999100945,4,0,0,0,1,70.0,안전
37.48042400287467,126.94100999100945,4,0,1,0,1,75.0,안전
37.48132231404966,126.94100999100945,4,0,2,0,0,70.0,안전
37.482220625224656,126.94100999100945,4,0,2,0,0,70.0,안전
37.48311893639965,126.94100999100945,4,0,2,0,0,70.0,안전
37.48401724757464,126.94100999100945,4,0,1,0,0,65.0,안전
37.484915558749634,126.94100999100945,4,0,1,0,0,65.0,안전
37.48581386992463,126.94100999100945,4,0,1,0,0,65.0,안전
37.48671218109962,126.94100999100945,4,0,0,0,0,60.0,안전
37.48761049227461,126.94100999100945,4,0,1,0,0,65.0,안전
37.488508803449605,126.94100999100945,4,0,1,0,0,65.0,안전
37.4894071146246,126.94100999100945,4,0,0,0,0,60.0,안전
37.49030542579959,126.94100999100945,4,0,0,0,0,60.0,안전
37.49120373697458,126.94100999100945,4,0,0,0,0,60.0,안전
37.492102048149576,126.94100999100945,4,0,0,0,0,60.0,안전
37.49300035932457,126.94100999100945,0,0,0,0,0,40.0,위험
37.49389867049956,126.94100999100945,0,0,0,0,0,40.0,위험
37.494796981674554,126.94100999100945,1,1,0,0,0,50.0,보통
37.49569529284955,126.94100999100945,4,3,0,0,0,75.0,안전
37.49659360402454,126.94100999100945,4,3,0,0,0,75.0,안전
37.49749191519953,126.94100999100945,4,3,1,0,0,80.0,안전
37.498390226374525,126.94100999100945,4,3,0,0,0,75.0,안전
37.49928853754952,126.94100999100945,0,3,2,0,0,65.0,안전
37.50018684872451,126.94100999100945,2,3,1,0,0,70.0,안전
37.5010851598995,126.94100999100945,4,3,1,0,0,80.0,안전
37.501983471074496,126.94100999100945,4,3,1,0,0,80.0,안전
37.50288178224949,126.94100999100945,0,3,0,0,0,55.0,보통
37.50378009342448,126.94100999100945,0,3,0,0,0,55.0,보통
37.504678404599474,126.94100999100945,3,3,0,0,0,70.0,안전
37.50557671577447,126.94100999100945,4,3,0,0,0,75.0,안전
37.50647502694946,126.94100999100945,4,3,0,0,0,75.0,안전
37.50737333812445,126.94100999100945,3,3,0,0,0,70.0,안전
37.508271649299445,126.94100999100945,4,3,0,0,0,75.0,안전
37.50916996047444,126.94100999100945,4,3,0,0,0,75.0,안전
37.51006827164943,126.94100999100945,4,3,0,0,0,75.0,안전
37.51096658282442,126.94100999100945,4,3,0,0,0,75.0,안전
37.511864893999416,126.94100999100945,4,3,0,0,0,75.0,안전
37.51276320517441,126.94100999100945,4,3,0,0,0,75.0,안전
37.5136615163494,126.94100999100945,0,3,0,0,0,55.0,보통
37.514559827524394,126.94100999100945,0,0,0,0,0,40.0,위험
37.51545813869939,126.94100999100945,1,1,0,0,0,50.0,보통
37.51635644987438,126.94100999100945,1,3,0,0,0,60.0,안전
37.51725476104937,126.94100999100945,0,3,0,0,0,55.0,보통
37.518153072224365,126.94100999100945,0,3,0,0,0,55.0,보통
37.51905138339936,126.94100999100945,0,3,0,0,0,55.0,보통
37.51994969457435,126.94100999100945,0,3,0,0,0,55.0,보통
37.52084800574934,126.94100999100945,0,0,0,0,0,40.0,위험
37.521746316924336,126.94100999100945,0,0,0,0,0,40.0,위험
37.52264462809933,126.94100999100945,0,0,0,0,0,40.0,위험
37.52354293927432,126.94100999100945,0,0,0,0,0,40.0,위험
37.524441250449314,126.94100999100945,0,3,0,0,0,55.0,보통
37.52533956162431,126.94100999100945,0,2,0,0,0,50.0,보통
37.44,126.94214183287812,0,0,0,0,0,40.0,위험
37.44089831117499,126.94214183287812,0,0,0,0,0,40.0,위험
37.44179662234998,126.94214183287812,0,0,0,0,0,40.0,위험
37.442694933524976,126.94214183287812,0,0,0,0,0,40.0,위험
37.44359324469997,126.94214183287812,0,0,0,0,0,40.0,위험
37.44449155587496,126.94214183287812,0,0,0,0,0,40.0,위험
37.445389867049954,126.94214183287812,0,0,0,0,0,40.0,위험
37.44628817822495,126.94214183287812,0,0,0,0,0,40.0,위험
37.44718648939994,126.94214183287812,0,0,0,0,0,40.0,위험
37.44808480057493,126.94214183287812,0,0,0,0,0,40.0,위험
37.448983111749925,126.94214183287812,0,0,0,0,0,40.0,위험
37.44988142292492,126.94214183287812,0,0,0,0,0,40.0,위험
37.45077973409991,126.94214183287812,0,0,0,0,0,40.0,위험
37.4516780452749,126.94214183287812,0,0,0,0,0,40.0,위험
37.452576356449896,126.94214183287812,0,0,0,0,0,40.0,위험
37.45347466762489,126.94214183287812,0,0,0,0,0,40.0,위험
37.45437297879988,126.94214183287812,0,0,0,0,0,40.0,위험
37.455271289974874,126.94214183287812,0,0,0,0,0,40.0,위험
37.45616960114987,126.94214183287812,0,0,0,0,0,40.0,위험
37.45706791232486,126.94214183287812,0,0,0,0,0,40.0,위험
37.45796622349985,126.94214183287812,0,0,0,0,0,40.0,위험
37.458864534674845,126.94214183287812,0,0,0,0,0,40.0,위험
37.45976284584984,126.94214183287812,0,0,0,0,0,40.0,위험
37.46066115702483,126.94214183287812,0,0,0,0,0,40.0,위험
37.46155946819982,126.94214183287812,0,0,0,0,0,40.0,위험
37.462457779374816,126.94214183287812,0,0,0,0,0,40.0,위험
37.46335609054981,126.94214183287812,0,0,0,0,0,40.0,위험
37.4642544017248,126.94214183287812,0,0,0,0,0,40.0,위험
37.465152712899794,126.94214183287812,0,0,0,0,0,40.0,위험
37.46605102407479,126.94214183287812,0,0,0,0,0,40.0,위험
37.46694933524978,126.94214183287812,0,0,0,0,0,40.0,위험
37.46784764642477,126.94214183287812,2,0,0,0,0,50.0,보통
37.468745957599765,126.94214183287812,4,0,1,0,0,65.0,안전
37.46964426877476,126.94214183287812,4,0,2,0,0,70.0,안전
37.47054257994975,126.94214183287812,4,0,1,0,0,65.0,안전
37.47144089112474,126.94214183287812,4,0,1,0,0,65.0,안전
37.472339202299736,126.94214183287812,4,0,0,0,0,60.0,안전
37.47323751347473,126.94214183287812,4,0,0,0,0,60.0,안전
37.47413582464972,126.94214183287812,4,0,0,0,0,60.0,안전
37.475034135824714,126.94214183287812,4,0,1,0,0,65.0,안전
37.47593244699971,126.94214183287812,4,0,0,0,1,70.0,안전
37.4768307581747,126.94214183287812,4,0,1,0,1,75.0,안전
37.47772906934969,126.94214183287812,1,0,0,0,1,55.0,보통
37.478627380524685,126.94214183287812,4,0,1,0,1,75.0,안전
37.47952569169968,126.94214183287812,4,0,2,0,1,80.0,안전
37.48042400287467,126.94214183287812,4,0,2,0,1,80.0,안전
37.48132231404966,126.94214183287812,4,0,2,0,0,70.0,안전
37.482220625224656,126.94214183287812,4,0,2,0,0,70.0,안전
37.48311893639965,126.94214183287812,2,0,1,0,0,55.0,보통
37.48401724757464,126.94214183287812,1,0,1,0,0,50.0,보통
37.484915558749634,126.94214183287812,2,0,0,0,0,50.0,보통
37.48581386992463,126.94214183287812,4,0,2,0,1,80.0,안전
37.48671218109962,126.94214183287812,4,0,2,0,1,80.0,안전
37.48761049227461,126.94214183287812,4,0,0,0,1,70.0,안전
37.488508803449605,126.94214183287812,4,0,1,0,1,75.0,안전
37.4894071146246,126.94214183287812,4,0,1,0,0,65.0,안전
37.49030542579959,126.94214183287812,4,0,1,0,0,65.0,안전
37.49120373697458,126.94214183287812,4,0,1,0,0,65.0,안전
37.492102048149576,126.94214183287812,4,0,0,0,0,60.0,안전
37.49300035932457,126.94214183287812,1,0,0,0,0,45.0,보통
37.49389867049956,126.94214183287812,0,0,0,0,0,40.0,위험
37.494796981674554,126.94214183287812,0,3,1,0,0,60.0,안전
37.49569529284955,126.94214183287812,0,3,1,0,0,60.0,안전
37.49659360402454,126.94214183287812,3,3,0,0,0,70.0,안전
37.49749191519953,126.94214183287812,3,3,2,0,0,80.0,안전
37.498390226374525,126.94214183287812,4,3,2,0,0,85.0,안전
37.49928853754952,126.94214183287812,4,3,1,0,0,80.0,안전
37.50018684872451,126.94214183287812,4,3,1,0,0,80.0,안전
37.5010851598995,126.94214183287812,1,3,0,0,0,60.0,안전
37.501983471074496,126.94214183287812,4,2,0,0,0,70.0,안전
37.50288178224949,126.94214183287812,1,0,0,0,0,45.0,보통
37.50378009342448,126.94214183287812,1,3,1,0,0,65.0,안전
37.504678404599474,126.94214183287812,2,3,1,0,0,70.0,안전
37.50557671577447,126.94214183287812,4,3,0,0,0,75.0,안전
37.50647502694946,126.94214183287812,0,3,0,0,0,55.0,보통
37.50737333812445,126.94214183287812,4,3,0,0,0,75.0,안전
37.508271649299445,126.94214183287812,1,3,0,0,0,60.0,안전
37.50916996047444,126.94214183287812,4,3,0,0,0,75.0,안전
37.51006827164943,126.94214183287812,4,3,0,0,0,75.0,안전
37.51096658282442,126.94214183287812,4,3,0,0,0,75.0,안전
37.511864893999416,126.94214183287812,4,3,0,0,0,75.0,안전
37.51276320517441,126.94214183287812,4,3,0,0,0,75.0,안전
37.5136615163494,126.94214183287812,4,3,0,0,0,75.0,안전
37.514559827524394,126.94214183287812,0,0,0,0,0,40.0,위험
37.51545813869939,126.94214183287812,0,0,0,0,0,40.0,위험
37.51635644987438,126.94214183287812,0,3,0,0,0,55.0,보통
37.51725476104937,126.94214183287812,0,3,0,0,0,55.0,보통
37.518153072224365,126.94214183287812,0,3,0,0,0,55.0,보통
37.51905138339936,126.94214183287812,0,0,0,0,0,40.0,위험
37.51994969457435,126.94214183287812,0,0,0,0,0,40.0,위험
37.52084800574934,126.94214183287812,0,0,0,0,0,40.0,위험
37.521746316924336,126.94214183287812,0,0,0,0,0,40.0,위험
37.52264462809933,126.94214183287812,0,0,0,0,0,40.0,위험
37.52354293927432,126.94214183287812,0,0,0,0,0,40.0,위험
37.524441250449314,126.94214183287812,0,3,0,0,0,55.0,보통
37.52533956162431,126.94214183287812,0,3,0,0,0,55.0,보통
37.44,126.94327367474679,0,0,0,0,0,40.0,위험
37.44089831117499,126.94327367474679,0,0,0,0,0,40.0,위험
37.44179662234998,126.94327367474679,0,0,0,0,0,40.0,위험
37.442694933524976,126.94327367474679,0,0,0,0,0,40.0,위험
37.44359324469997,126.94327367474679,0,0,0,0,0,40.0,위험
37.44449155587496,126.94327367474679,0,0,0,0,0,40.0,위험
37.445389867049954,126.94327367474679,0,0,0,0,0,40.0,위험
37.44628817822495,126.94327367474679,0,0,0,0,0,40.0,위험
37.44718648939994,126.94327367474679,0,0,0,0,0,40.0,위험
37.44808480057493,126.94327367474679,0,0,0,0,0,40.0,위험
37.448983111749925,126.94327367474679,0,0,0,0,0,40.0,위험
37.44988142292492,126.94327367474679,0,0,0,0,0,40.0,위험
37.45077973409991,126.94327367474679,0,0,0,0,0,40.0,위험
37.4516780452749,126.94327367474679,0,0,0,0,0,40.0,위험
37.452576356449896,126.94327367474679,0,0,0,0,0,40.0,위험
37.45347466762489,126.94327367474679,0,0,0,0,0,40.0,위험
37.45437297879988,126.94327367474679,0,0,0,0,0,40.0,위험
37.455271289974874,126.94327367474679,0,0,0,0,0,40.0,위험
37.45616960114987,126.94327367474679,0,0,0,0,0,40.0,위험
37.45706791232486,126.94327367474679,0,0,0,0,0,40.0,위험
37.45796622349985,126.94327367474679,0,0,0,0,0,40.0,위험
37.458864534674845,126.94327367474679,0,0,0,0,0,40.0,위험
37.45976284584984,126.94327367474679,0,0,0,0,0,40.0,위험
37.46066115702483,126.94327367474679,0,0,0,0,0,40.0,위험
37.46155946819982,126.94327367474679,0,0,0,0,0,40.0,위험
37.462457779374816,126.94327367474679,0,0,0,0,0,40.0,위험
37.46335609054981,126.94327367474679,0,0,0,0,0,40.0,위험
37.4642544017248,126.94327367474679,0,0,0,0,0,40.0,위험
37.465152712899794,126.94327367474679,0,0,0,0,0,40.0,위험
37.46605102407479,126.94327367474679,0,0,0,0,0,40.0,위험
37.46694933524978,126.94327367474679,1,0,0,0,0,45.0,보통
37.46784764642477,126.94327367474679,1,0,0,0,0,45.0,보통
37.468745957599765,126.94327367474679,4,0,1,0,0,65.0,안전
37.46964426877476,126.94327367474679,4,0,0,0,0,60.0,안전
37.47054257994975,126.94327367474679,2,0,0,0,0,50.0,보통
37.47144089112474,126.94327367474679,0,0,0,0,0,40.0,위험
37.472339202299736,126.94327367474679,0,0,0,0,0,40.0,위험
37.47323751347473,126.94327367474679,1,0,0,0,0,45.0,보통
37.47413582464972,126.94327367474679,4,0,1,0,0,65.0,안전
37.475034135824714,126.94327367474679,4,0,1,0,0,65.0,안전
37.47593244699971,126.94327367474679,4,0,1,0,0,65.0,안전
37.4768307581747,126.94327367474679,2,0,1,0,1,65.0,안전
37.47772906934969,126.94327367474679,0,0,0,0,1,50.0,보통
37.478627380524685,126.94327367474679,3,0,0,0,1,65.0,안전
37.47952569169968,126.94327367474679,4,0,1,0,1,75.0,안전
37.48042400287467,126.94327367474679,4,0,2,0,0,70.0,안전
37.48132231404966,126.94327367474679,4,0,2,1,0,67.0,안전
37.482220625224656,126.94327367474679,4,0,2,1,0,67.0,안전
37.48311893639965,126.94327367474679,4,0,2,0,0,70.0,안전
37.48401724757464,126.94327367474679,4,0,1,0,0,65.0,안전
37.484915558749634,126.94327367474679,4,0,1,0,1,75.0,안전
37.48581386992463,126.94327367474679,4,0,1,0,1,75.0,안전
37.48671218109962,126.94327367474679,4,0,2,0,1,80.0,안전
37.48761049227461,126.94327367474679,4,0,0,0,1,70.0,안전
37.488508803449605,126.94327367474679,4,0,0,0,1,70.0,안전
37.4894071146246,126.94327367474679,4,0,0,0,1,70.0,안전
37.49030542579959,126.94327367474679,4,0,1,0,0,65.0,안전
37.49120373697458,126.94327367474679,4,0,0,0,0,60.0,안전
37.492102048149576,126.94327367474679,4,3,0,0,0,75.0,안전
37.49300035932457,126.94327367474679,1,3,0,0,0,60.0,안전
37.49389867049956,126.94327367474679,1,3,0,0,0,60.0,안전
37.494796981674554,126.94327367474679,4,3,1,0,0,80.0,안전
37.49569529284955,126.94327367474679,4,3,2,0,0,85.0,안전
37.49659360402454,126.94327367474679,4,3,1,0,0,80.0,안전
37.49749191519953,126.94327367474679,4,3,1,0,0,80.0,안전
37.498390226374525,126.94327367474679,4,3,0,0,0,75.0,안전
37.49928853754952,126.94327367474679,4,3,1,0,0,80.0,안전
37.50018684872451,126.94327367474679,4,3,1,0,0,80.0,안전
37.5010851598995,126.94327367474679,3,1,0,0,0,60.0,안전
37.501983471074496,126.94327367474679,0,2,0,0,0,50.0,보통
37.50288178224949,126.94327367474679,1,3,0,0,0,60.0,안전
37.50378009342448,126.94327367474679,1,3,1,0,0,65.0,안전
37.504678404599474,126.94327367474679,1,3,1,0,0,65.0,안전
37.50557671577447,126.94327367474679,2,3,0,0,0,65.0,안전
37.50647502694946,126.94327367474679,0,2,0,0,0,50.0,보통
37.50737333812445,126.94327367474679,3,3,0,0,0,70.0,안전
37.508271649299445,126.94327367474679,4,3,0,0,0,75.0,안전
37.50916996047444,126.94327367474679,4,3,0,0,0,75.0,안전
37.51006827164943,126.94327367474679,4,3,0,0,0,75.0,안전
37.51096658282442,126.94327367474679,4,3,0,0,0,75.0,안전
37.511864893999416,126.94327367474679,4,3,0,0,0,75.0,안전
37.51276320517441,126.94327367474679,4,3,0,0,0,75.0,안전
37.5136615163494,126.94327367474679,3,3,0,0,0,70.0,안전
37.514559827524394,126.94327367474679,0,0,0,0,0,40.0,위험
37.51545813869939,126.94327367474679,0,0,0,0,0,40.0,위험
37.51635644987438,126.94327367474679,4,1,0,0,0,65.0,안전
37.51725476104937,126.94327367474679,0,3,0,0,0,55.0,보통
37.518153072224365,126.94327367474679,0,3,0,0,0,55.0,보통
37.51905138339936,126.94327367474679,0,0,0,0,0,40.0,위험
37.51994969457435,126.94327367474679,0,0,0,0,0,40.0,위험
37.52084800574934,126.94327367474679,0,0,0,0,0,40.0,위험
37.521746316924336,126.94327367474679,0,0,0,0,0,40.0,위험
37.52264462809933,126.94327367474679,0,0,0,0,0,40.0,위험
37.52354293927432,126.94327367474679,0,0,0,0,0,40.0,위험
37.524441250449314,126.94327367474679,0,0,0,0,0,40.0,위험
37.52533956162431,126.94327367474679,0,3,0,0,0,55.0,보통
37.44,126.94440551661546,0,0,0,0,0,40.0,위험
37.44089831117499,126.94440551661546,0,0,0,0,0,40.0,위험
37.44179662234998,126.94440551661546,0,0,0,0,0,40.0,위험
37.442694933524976,126.94440551661546,0,0,0,0,0,40.0,위험
37.44359324469997,126.94440551661546,0,0,0,0,0,40.0,위험
37.44449155587496,126.94440551661546,0,0,0,0,0,40.0,위험
37.445389867049954,126.94440551661546,0,0,0,0,0,40.0,위험
37.44628817822495,126.94440551661546,0,0,0,0,0,40.0,위험
37.44718648939994,126.94440551661546,0,0,0,0,0,40.0,위험
37.44808480057493,126.94440551661546,0,0,0,0,0,40.0,위험
37.448983111749925,126.94440551661546,0,0,0,0,0,40.0,위험
37.44988142292492,126.94440551661546,0,0,0,0,0,40.0,위험
37.45077973409991,126.94440551661546,0,0,0,0,0,40.0,위험
37.4516780452749,126.94440551661546,0,0,0,0,0,40.0,위험
37.452576356449896,126.94440551661546,0,0,0,0,0,40.0,위험
37.45347466762489,126.94440551661546,0,0,0,0,0,40.0,위험
37.45437297879988,126.94440551661546,0,0,0,0,0,40.0,위험
37.455271289974874,126.94440551661546,1,0,0,0,0,45.0,보통
37.45616960114987,126.94440551661546,0,0,0,0,0,40.0,위험
37.45706791232486,126.94440551661546,0,0,0,0,0,40.0,위험
37.45796622349985,126.94440551661546,0,0,0,0,0,40.0,위험
37.458864534674845,126.94440551661546,0,0,0,0,0,40.0,위험
37.45976284584984,126.94440551661546,0,0,0,0,0,40.0,위험
37.46066115702483,126.94440551661546,0,0,0,0,0,40.0,위험
37.46155946819982,126.94440551661546,0,0,0,0,0,40.0,위험
37.462457779374816,126.94440551661546,0,0,0,0,0,40.0,위험
37.46335609054981,126.94440551661546,0,0,0,0,0,40.0,위험
37.4642544017248,126.94440551661546,0,0,0,0,0,40.0,위험
37.465152712899794,126.94440551661546,0,0,0,0,0,40.0,위험
37.46605102407479,126.94440551661546,1,0,0,0,0,45.0,보통
37.46694933524978,126.94440551661546,1,0,0,0,0,45.0,보통
37.46784764642477,126.94440551661546,4,0,2,0,0,70.0,안전
37.468745957599765,126.94440551661546,4,0,2,0,0,70.0,안전
37.46964426877476,126.94440551661546,4,0,0,0,0,60.0,안전
37.47054257994975,126.94440551661546,0,0,0,0,0,40.0,위험
37.47144089112474,126.94440551661546,0,0,0,0,0,40.0,위험
37.472339202299736,126.94440551661546,0,0,0,0,0,40.0,위험
37.47323751347473,126.94440551661546,0,0,0,0,0,40.0,위험
37.47413582464972,126.94440551661546,0,0,0,0,0,40.0,위험
37.475034135824714,126.94440551661546,0,0,0,0,0,40.0,위험
37.47593244699971,126.94440551661546,0,0,0,0,0,40.0,위험
37.4768307581747,126.94440551661546,4,0,0,0,0,60.0,안전
37.47772906934969,126.94440551661546,2,0,0,0,1,60.0,안전
37.478627380524685,126.94440551661546,4,0,0,0,1,70.0,안전
37.47952569169968,126.94440551661546,4,0,1,0,0,65.0,안전
37.48042400287467,126.94440551661546,4,0,1,0,0,65.0,안전
37.48132231404966,126.94440551661546,4,0,0,1,0,57.0,안전
37.482220625224656,126.94440551661546,4,0,0,1,0,57.0,안전
37.48311893639965,126.94440551661546,4,0,2,1,0,67.0,안전
37.48401724757464,126.94440551661546,4,0,2,0,0,70.0,안전
37.484915558749634,126.94440551661546,4,0,0,0,1,70.0,안전
37.48581386992463,126.94440551661546,4,0,1,0,1,75.0,안전
37.48671218109962,126.94440551661546,4,0,1,0,1,75.0,안전
37.48761049227461,126.94440551661546,3,0,0,0,1,65.0,안전
37.488508803449605,126.94440551661546,1,0,0,0,1,55.0,보통
37.4894071146246,126.94440551661546,4,0,0,0,1,70.0,안전
37.49030542579959,126.94440551661546,3,0,0,0,0,55.0,보통
37.49120373697458,126.94440551661546,4,0,0,0,0,60.0,안전
37.492102048149576,126.94440551661546,4,1,0,0,0,65.0,안전
37.49300035932457,126.94440551661546,4,1,0,0,0,65.0,안전
37.49389867049956,126.94440551661546,2,3,0,0,0,65.0,안전
37.494796981674554,126.94440551661546,4,3,0,0,0,75.0,안전
37.49569529284955,126.94440551661546,4,3,2,0,0,85.0,안전
37.49659360402454,126.94440551661546,4,3,2,0,0,85.0,안전
37.49749191519953,126.94440551661546,4,3,0,0,0,75.0,안전
37.498390226374525,126.94440551661546,4,3,2,0,0,85.0,안전
37.49928853754952,126.94440551661546,4,3,1,0,0,80.0,안전
37.50018684872451,126.94440551661546,4,3,0,0,0,75.0,안전
37.5010851598995,126.94440551661546,4,2,0,0,0,70.0,안전
37.501983471074496,126.94440551661546,0,3,1,0,0,60.0,안전
37.50288178224949,126.94440551661546,3,3,0,0,0,70.0,안전
37.50378009342448,126.94440551661546,4,3,2,0,0,85.0,안전
37.504678404599474,126.94440551661546,2,3,1,0,0,70.0,안전
37.50557671577447,126.94440551661546,1,3,0,0,0,60.0,안전
37.50647502694946,126.94440551661546,0,1,0,0,0,45.0,보통
37.50737333812445,126.94440551661546,0,1,0,0,0,45.0,보통
37.508271649299445,126.94440551661546,3,3,0,0,0,70.0,안전
37.50916996047444,126.94440551661546,3,3,0,0,0,70.0,안전
37.51006827164943,126.94440551661546,4,3,0,0,0,75.0,안전
37.51096658282442,126.94440551661546,4,3,0,0,0,75.0,안전
37.511864893999416,126.94440551661546,4,3,0,0,0,75.0,안전
37.51276320517441,126.94440551661546,4,3,0,0,0,75.0,안전
37.5136615163494,126.94440551661546,3,3,0,0,0,70.0,안전
37.514559827524394,126.94440551661546,0,0,0,0,0,40.0,위험
37.51545813869939,126.94440551661546,4,0,0,0,0,60.0,안전
37.51635644987438,126.94440551661546,4,0,0,0,0,60.0,안전
37.51725476104937,126.94440551661546,0,3,0,0,0,55.0,보통
37.518153072224365,126.94440551661546,0,3,0,0,0,55.0,보통
37.51905138339936,126.94440551661546,0,0,0,0,0,40.0,위험
37.51994969457435,126.94440551661546,0,0,0,0,0,40.0,위험
37.52084800574934,126.94440551661546,0,0,0,0,0,40.0,위험
37.521746316924336,126.94440551661546,0,0,0,0,0,40.0,위험
37.52264462809933,126.94440551661546,0,0,0,0,0,40.0,위험
37.52354293927432,126.94440551661546,0,0,0,0,0,40.0,위험
37.524441250449314,126.94440551661546,0,0,0,0,0,40.0,위험
37.52533956162431,126.94440551661546,0,0,0,0,0,40.0,위험
37.44,126.94553735848413,0,0,0,0,0,40.0,위험
37.44089831117499,126.94553735848413,0,0,0,0,0,40.0,위험
37.44179662234998,126.94553735848413,0,0,0,0,0,40.0,위험
37.442694933524976,126.94553735848413,0,0,0,0,0,40.0,위험
37.44359324469997,126.94553735848413,0,0,0,0,0,40.0,위험
37.44449155587496,126.94553735848413,0,0,0,0,0,40.0,위험
37.445389867049954,126.94553735848413,0,0,0,0,0,40.0,위험
37.44628817822495,126.94553735848413,0,0,0,0,0,40.0,위험
37.44718648939994,126.94553735848413,0,0,0,0,0,40.0,위험
37.44808480057493,126.94553735848413,0,0,0,0,0,40.0,위험
37.448983111749925,126.94553735848413,0,0,0,0,0,40.0,위험
37.44988142292492,126.94553735848413,0,0,0,0,0,40.0,위험
37.45077973409991,126.94553735848413,0,0,0,0,0,40.0,위험
37.4516780452749,126.94553735848413,0,0,0,0,0,40.0,위험
37.452576356449896,126.94553735848413,0,0,0,0,0,40.0,위험
37.45347466762489,126.94553735848413,0,0,0,0,0,40.0,위험
37.45437297879988,126.94553735848413,0,0,0,0,0,40.0,위험
37.455271289974874,126.94553735848413,1,0,0,0,0,45.0,보통
37.45616960114987,126.94553735848413,2,0,0,0,0,50.0,보통
37.45706791232486,126.94553735848413,2,0,0,0,0,50.0,보통
37.45796622349985,126.94553735848413,2,0,0,0,0,50.0,보통
37.458864534674845,126.94553735848413,0,0,0,0,0,40.0,위험
37.45976284584984,126.94553735848413,0,0,0,0,0,40.0,위험
37.46066115702483,126.94553735848413,0,0,0,0,0,40.0,위험
37.46155946819982,126.94553735848413,0,0,0,0,0,40.0,위험
37.462457779374816,126.94553735848413,0,0,0,0,0,40.0,위험
37.46335609054981,126.94553735848413,0,0,0,0,0,40.0,위험
37.4642544017248,126.94553735848413,0,0,0,0,0,40.0,위험
37.465152712899794,126.94553735848413,0,0,0,0,0,40.0,위험
37.46605102407479,126.94553735848413,0,0,0,0,0,40.0,위험
37.46694933524978,126.94553735848413,0,0,0,0,0,40.0,위험
37.46784764642477,126.94553735848413,4,0,0,0,0,60.0,안전
37.468745957599765,126.94553735848413,4,0,2,0,0,70.0,안전
37.46964426877476,126.94553735848413,4,0,0,0,0,60.0,안전
37.47054257994975,126.94553735848413,0,0,0,0,0,40.0,위험
37.47144089112474,126.94553735848413,0,0,0,0,0,40.0,위험
37.472339202299736,126.94553735848413,0,0,0,0,0,40.0,위험
37.47323751347473,126.94553735848413,0,0,0,0,0,40.0,위험
37.47413582464972,126.94553735848413,0,0,0,0,0,40.0,위험
37.475034135824714,126.94553735848413,0,0,0,0,0,40.0,위험
37.47593244699971,126.94553735848413,3,0,0,0,0,55.0,보통
37.4768307581747,126.94553735848413,4,0,0,0,0,60.0,안전
37.47772906934969,126.94553735848413,4,0,0,0,0,60.0,안전
37.478627380524685,126.94553735848413,4,0,1,0,0,65.0,안전
37.47952569169968,126.94553735848413,4,0,2,0,0,70.0,안전
37.48042400287467,126.94553735848413,4,0,2,1,0,67.0,안전
37.48132231404966,126.94553735848413,4,0,1,2,0,59.0,안전
37.482220625224656,126.94553735848413,4,0,1,2,0,59.0,안전
37.48311893639965,126.94553735848413,4,0,2,0,0,70.0,안전
37.48401724757464,126.94553735848413,4,0,1,0,0,65.0,안전
37.484915558749634,126.94553735848413,4,0,0,0,1,70.0,안전
37.48581386992463,126.94553735848413,4,0,0,0,1,70.0,안전
37.48671218109962,126.94553735848413,2,0,1,0,1,65.0,안전
37.48761049227461,126.94553735848413,1,0,1,0,1,60.0,안전
37.488508803449605,126.94553735848413,4,0,0,0,1,70.0,안전
37.4894071146246,126.94553735848413,0,0,1,0,1,55.0,보통
37.49030542579959,126.94553735848413,0,0,1,0,0,45.0,보통
37.49120373697458,126.94553735848413,0,0,0,0,0,40.0,위험
37.492102048149576,126.94553735848413,4,0,0,0,0,60.0,안전
37.49300035932457,126.94553735848413,4,0,0,0,0,60.0,안전
37.49389867049956,126.94553735848413,1,1,0,0,0,50.0,보통
37.494796981674554,126.94553735848413,2,3,0,0,0,65.0,안전
37.49569529284955,126.94553735848413,3,3,1,0,0,75.0,안전
37.49659360402454,126.94553735848413,4,3,0,0,0,75.0,안전
37.49749191519953,126.94553735848413,4,3,1,0,0,80.0,안전
37.498390226374525,126.94553735848413,4,3,1,0,0,80.0,안전
37.49928853754952,126.94553735848413,4,3,0,0,0,75.0,안전
37.50018684872451,126.94553735848413,4,3,0,0,0,75.0,안전
37.5010851598995,126.94553735848413,4,3,1,0,0,80.0,안전
37.501983471074496,126.94553735848413,4,3,2,0,0,85.0,안전
37.50288178224949,126.94553735848413,4,3,0,0,0,75.0,안전
37.50378009342448,126.94553735848413,4,3,1,0,0,80.0,안전
37.504678404599474,126.94553735848413,3,3,1,0,0,75.0,안전
37.50557671577447,126.94553735848413,0,3,0,0,0,55.0,보통
37.50647502694946,126.94553735848413,4,3,0,0,0,75.0,안전
37.50737333812445,126.94553735848413,3,3,0,0,0,70.0,안전
37.508271649299445,126.94553735848413,0,3,0,0,0,55.0,보통
37.50916996047444,126.94553735848413,3,3,0,0,0,70.0,안전
37.51006827164943,126.94553735848413,4,3,0,0,0,75.0,안전
37.51096658282442,126.94553735848413,2,3,0,0,0,65.0,안전
37.511864893999416,126.94553735848413,4,3,0,0,0,75.0,안전
37.51276320517441,126.94553735848413,4,3,0,0,0,75.0,안전
37.5136615163494,126.94553735848413,3,3,0,0,0,70.0,안전
37.514559827524394,126.94553735848413,0,3,0,0,0,55.0,보통
37.51545813869939,126.94553735848413,0,0,0,0,0,40.0,위험
37.51635644987438,126.94553735848413,0,0,0,0,0,40.0,위험
37.51725476104937,126.94553735848413,0,3,0,0,0,55.0,보통
37.518153072224365,126.94553735848413,0,3,0,0,0,55.0,보통
37.51905138339936,126.94553735848413,0,0,0,0,0,40.0,위험
37.51994969457435,126.94553735848413,0,0,0,0,0,40.0,위험
37.52084800574934,126.94553735848413,0,0,0,0,0,40.0,위험
37.521746316924336,126.94553735848413,0,0,0,0,0,40.0,위험
37.52264462809933,126.94553735848413,0,0,0,0,0,40.0,위험
37.52354293927432,126.94553735848413,0,0,0,0,0,40.0,위험
37.524441250449314,126.94553735848413,0,0,0,0,0,40.0,위험
37.52533956162431,126.94553735848413,0,0,0,0,0,40.0,위험
37.44,126.9466692003528,0,0,0,0,0,40.0,위험
37.44089831117499,126.9466692003528,0,0,0,0,0,40.0,위험
37.44179662234998,126.9466692003528,0,0,0,0,0,40.0,위험
37.442694933524976,126.9466692003528,0,0,0,0,0,40.0,위험
37.44359324469997,126.9466692003528,0,0,0,0,0,40.0,위험
37.44449155587496,126.9466692003528,0,0,0,0,0,40.0,위험
37.445389867049954,126.9466692003528,0,0,0,0,0,40.0,위험
37.44628817822495,126.9466692003528,0,0,0,0,0,40.0,위험
37.44718648939994,126.9466692003528,0,0,0,0,0,40.0,위험
37.44808480057493,126.9466692003528,0,0,0,0,0,40.0,위험
37.448983111749925,126.9466692003528,0,0,0,0,0,40.0,위험
37.44988142292492,126.9466692003528,0,0,0,0,0,40.0,위험
37.45077973409991,126.9466692003528,0,0,0,0,0,40.0,위험
37.4516780452749,126.9466692003528,1,0,0,0,0,45.0,보통
37.452576356449896,126.9466692003528,1,0,0,0,0,45.0,보통
37.45347466762489,126.9466692003528,0,0,0,0,0,40.0,위험
37.45437297879988,126.9466692003528,0,0,0,0,0,40.0,위험
37.455271289974874,126.9466692003528,0,0,0,0,0,40.0,위험
37.45616960114987,126.9466692003528,2,0,0,0,0,50.0,보통
37.45706791232486,126.9466692003528,3,0,0,0,0,55.0,보통
37.45796622349985,126.9466692003528,3,0,0,0,0,55.0,보통
37.458864534674845,126.9466692003528,3,0,0,0,0,55.0,보통
37.45976284584984,126.9466692003528,0,0,0,0,0,40.0,위험
37.46066115702483,126.9466692003528,0,0,0,0,0,40.0,위험
37.46155946819982,126.9466692003528,0,0,0,0,0,40.0,위험
37.462457779374816,126.9466692003528,0,0,0,0,0,40.0,위험
37.46335609054981,126.9466692003528,0,0,0,0,0,40.0,위험
37.4642544017248,126.9466692003528,0,0,0,0,0,40.0,위험
37.465152712899794,126.9466692003528,0,0,0,0,0,40.0,위험
37.46605102407479,126.9466692003528,1,0,0,0,0,45.0,보통
37.46694933524978,126.9466692003528,1,0,1,0,0,50.0,보통
37.46784764642477,126.9466692003528,0,0,0,0,0,40.0,위험
37.468745957599765,126.9466692003528,0,0,0,0,0,40.0,위험
37.46964426877476,126.9466692003528,0,0,0,0,0,40.0,위험
37.47054257994975,126.9466692003528,0,0,0,0,0,40.0,위험
37.47144089112474,126.9466692003528,0,0,0,0,0,40.0,위험
37.472339202299736,126.9466692003528,0,0,0,0,0,40.0,위험
37.47323751347473,126.9466692003528,0,0,0,0,0,40.0,위험
37.47413582464972,126.9466692003528,0,0,0,0,0,40.0,위험
37.475034135824714,126.9466692003528,0,0,0,0,0,40.0,위험
37.47593244699971,126.9466692003528,4,0,0,0,0,60.0,안전
37.4768307581747,126.9466692003528,4,0,0,0,0,60.0,안전
37.47772906934969,126.9466692003528,4,0,0,0,0,60.0,안전
37.478627380524685,126.9466692003528,4,0,2,0,0,70.0,안전
37.47952569169968,126.9466692003528,4,0,2,0,0,70.0,안전
37.48042400287467,126.9466692003528,4,0,2,0,0,70.0,안전
37.48132231404966,126.9466692003528,4,0,2,1,0,67.0,안전
37.482220625224656,126.9466692003528,4,0,2,1,0,67.0,안전
37.48311893639965,126.9466692003528,4,0,1,0,0,65.0,안전
37.48401724757464,126.9466692003528,4,0,1,0,0,65.0,안전
37.484915558749634,126.9466692003528,4,0,1,0,1,75.0,안전
37.48581386992463,126.9466692003528,4,0,0,0,1,70.0,안전
37.48671218109962,126.9466692003528,4,0,1,0,1,75.0,안전
37.48761049227461,126.9466692003528,4,0,2,0,1,80.0,안전
37.488508803449605,126.9466692003528,4,0,0,0,1,70.0,안전
37.4894071146246,126.9466692003528,4,0,1,0,1,75.0,안전
37.49030542579959,126.9466692003528,1,0,1,0,0,50.0,보통
37.49120373697458,126.9466692003528,3,0,1,0,0,60.0,안전
37.492102048149576,126.9466692003528,4,0,1,0,0,65.0,안전
37.49300035932457,126.9466692003528,4,0,0,0,0,60.0,안전
37.49389867049956,126.9466692003528,0,0,0,0,0,40.0,위험
37.494796981674554,126.9466692003528,1,3,0,0,0,60.0,안전
37.49569529284955,126.9466692003528,2,3,0,0,0,65.0,안전
37.49659360402454,126.9466692003528,4,3,0,0,0,75.0,안전
37.49749191519953,126.9466692003528,4,3,0,0,0,75.0,안전
37.498390226374525,126.9466692003528,4,3,0,0,0,75.0,안전
37.49928853754952,126.9466692003528,0,3,0,0,0,55.0,보통
37.50018684872451,126.9466692003528,0,0,0,0,0,40.0,위험
37.5010851598995,126.9466692003528,0,1,1,0,0,50.0,보통
37.501983471074496,126.9466692003528,4,3,1,0,0,80.0,안전
37.50288178224949,126.9466692003528,4,3,2,0,0,85.0,안전
37.50378009342448,126.9466692003528,4,3,2,0,0,85.0,안전
37.504678404599474,126.9466692003528,4,3,1,0,0,80.0,안전
37.50557671577447,126.9466692003528,4,3,0,0,0,75.0,안전
37.50647502694946,126.9466692003528,4,3,0,0,0,75.0,안전
37.50737333812445,126.9466692003528,4,2,0,0,0,70.0,안전
37.508271649299445,126.9466692003528,4,3,0,0,0,75.0,안전
37.50916996047444,126.9466692003528,3,3,0,0,0,70.0,안전
37.51006827164943,126.9466692003528,3,3,0,0,0,70.0,안전
37.51096658282442,126.9466692003528,3,3,0,0,0,70.0,안전
37.511864893999416,126.9466692003528,4,3,0,0,0,75.0,안전
37.51276320517441,126.9466692003528,4,3,0,0,0,75.0,안전
37.5136615163494,126.9466692003528,0,3,0,0,0,55.0,보통
37.514559827524394,126.9466692003528,0,3,0,0,0,55.0,보통
37.51545813869939,126.9466692003528,0,0,0,0,0,40.0,위험
37.51635644987438,126.9466692003528,0,0,0,0,0,40.0,위험
37.51725476104937,126.9466692003528,0,3,0,0,0,55.0,보통
37.518153072224365,126.9466692003528,0,3,0,0,0,55.0,보통
37.51905138339936,126.9466692003528,0,0,0,0,0,40.0,위험
37.51994969457435,126.9466692003528,0,0,0,0,0,40.0,위험
37.52084800574934,126.9466692003528,0,0,0,0,0,40.0,위험
37.521746316924336,126.9466692003528,0,0,0,0,0,40.0,위험
37.52264462809933,126.9466692003528,0,0,0,0,0,40.0,위험
37.52354293927432,126.9466692003528,0,0,0,0,0,40.0,위험
37.524441250449314,126.9466692003528,0,0,0,0,0,40.0,위험
37.52533956162431,126.9466692003528,0,0,0,0,0,40.0,위험
37.44,126.94780104222147,0,0,0,0,0,40.0,위험
37.44089831117499,126.94780104222147,0,0,0,0,0,40.0,위험
37.44179662234998,126.94780104222147,0,0,0,0,0,40.0,위험
37.442694933524976,126.94780104222147,0,0,0,0,0,40.0,위험
37.44359324469997,126.94780104222147,0,0,0,0,0,40.0,위험
37.44449155587496,126.94780104222147,0,0,0,0,0,40.0,위험
37.445389867049954,126.94780104222147,0,0,0,0,0,40.0,위험
37.44628817822495,126.94780104222147,0,0,0,0,0,40.0,위험
37.44718648939994,126.94780104222147,0,0,0,0,0,40.0,위험
37.44808480057493,126.94780104222147,0,0,0,0,0,40.0,위험
37.448983111749925,126.94780104222147,0,0,0,0,0,40.0,위험
37.44988142292492,126.94780104222147,0,0,0,0,0,40.0,위험
37.45077973409991,126.94780104222147,0,0,0,0,0,40.0,위험
37.4516780452749,126.94780104222147,0,0,0,0,0,40.0,위험
37.452576356449896,126.94780104222147,1,0,0,0,0,45.0,보통
37.45347466762489,126.94780104222147,0,0,0,0,0,40.0,위험
37.45437297879988,126.94780104222147,1,0,0,0,0,45.0,보통
37.455271289974874,126.94780104222147,1,0,0,0,0,45.0,보통
37.45616960114987,126.94780104222147,1,0,1,0,0,50.0,보통
37.45706791232486,126.94780104222147,1,0,0,0,0,45.0,보통
37.45796622349985,126.94780104222147,1,0,0,0,0,45.0,보통
37.458864534674845,126.94780104222147,2,0,0,0,0,50.0,보통
37.45976284584984,126.94780104222147,0,0,0,0,0,40.0,위험
37.46066115702483,126.94780104222147,1,0,0,0,0,45.0,보통
37.46155946819982,126.94780104222147,4,0,0,0,0,60.0,안전
37.462457779374816,126.94780104222147,4,0,0,0,0,60.0,안전
37.46335609054981,126.94780104222147,3,0,0,0,0,55.0,보통
37.4642544017248,126.94780104222147,1,0,0,0,0,45.0,보통
37.465152712899794,126.94780104222147,0,0,0,0,0,40.0,위험
37.46605102407479,126.94780104222147,1,0,1,0,0,50.0,보통
37.46694933524978,126.94780104222147,1,0,1,0,0,50.0,보통
37.46784764642477,126.94780104222147,2,0,0,0,0,50.0,보통
37.468745957599765,126.94780104222147,1,0,0,0,0,45.0,보통
37.46964426877476,126.94780104222147,0,0,0,0,0,40.0,위험
37.47054257994975,126.94780104222147,0,0,0,0,0,40.0,위험
37.47144089112474,126.94780104222147,0,0,0,0,0,40.0,위험
37.472339202299736,126.94780104222147,0,0,0,0,0,40.0,위험
37.47323751347473,126.94780104222147,0,0,0,0,1,50.0,보통
37.47413582464972,126.94780104222147,1,0,0,0,1,55.0,보통
37.475034135824714,126.94780104222147,1,0,0,0,1,55.0,보통
37.47593244699971,126.94780104222147,1,0,0,0,0,45.0,보통
37.4768307581747,126.94780104222147,4,0,0,0,0,60.0,안전
37.47772906934969,126.94780104222147,4,0,0,0,0,60.0,안전
37.478627380524685,126.94780104222147,4,0,2,0,0,70.0,안전
37.47952569169968,126.94780104222147,4,0,2,0,0,70.0,안전
37.48042400287467,126.94780104222147,4,0,2,0,0,70.0,안전
37.48132231404966,126.94780104222147,4,0,2,0,0,70.0,안전
37.482220625224656,126.94780104222147,1,0,2,0,0,55.0,보통
37.48311893639965,126.94780104222147,4,0,1,0,0,65.0,안전
37.48401724757464,126.94780104222147,4,0,2,0,0,70.0,안전
37.484915558749634,126.94780104222147,4,0,1,0,0,65.0,안전
37.48581386992463,126.94780104222147,4,0,1,0,1,75.0,안전
37.48671218109962,126.94780104222147,4,0,1,1,1,72.0,안전
37.48761049227461,126.94780104222147,4,0,1,1,1,72.0,안전
37.488508803449605,126.94780104222147,4,0,1,0,1,75.0,안전
37.4894071146246,126.94780104222147,4,0,1,0,0,65.0,안전
37.49030542579959,126.94780104222147,4,0,0,0,0,60.0,안전
37.49120373697458,126.94780104222147,4,0,1,0,0,65.0,안전
37.492102048149576,126.94780104222147,4,0,1,0,0,65.0,안전
37.49300035932457,126.94780104222147,4,0,0,0,0,60.0,안전
37.49389867049956,126.94780104222147,1,0,0,0,0,45.0,보통
37.494796981674554,126.94780104222147,0,0,0,0,0,40.0,위험
37.49569529284955,126.94780104222147,1,0,0,0,0,45.0,보통
37.49659360402454,126.94780104222147,4,3,0,0,0,75.0,안전
37.49749191519953,126.94780104222147,3,3,0,0,0,70.0,안전
37.498390226374525,126.94780104222147,3,3,0,0,0,70.0,안전
37.49928853754952,126.94780104222147,0,3,0,0,0,55.0,보통
37.50018684872451,126.94780104222147,0,3,0,0,0,55.0,보통
37.5010851598995,126.94780104222147,1,3,1,0,0,65.0,안전
37.501983471074496,126.94780104222147,4,3,1,0,0,80.0,안전
37.50288178224949,126.94780104222147,4,3,2,0,0,85.0,안전
37.50378009342448,126.94780104222147,1,3,2,0,0,70.0,안전
37.504678404599474,126.94780104222147,1,3,1,0,0,65.0,안전
37.50557671577447,126.94780104222147,3,2,0,0,0,65.0,안전
37.50647502694946,126.94780104222147,4,3,0,0,0,75.0,안전
37.50737333812445,126.94780104222147,4,3,0,0,0,75.0,안전
37.508271649299445,126.94780104222147,4,3,0,0,0,75.0,안전
37.50916996047444,126.94780104222147,0,3,0,0,0,55.0,보통
37.51006827164943,126.94780104222147,3,3,0,0,0,70.0,안전
37.51096658282442,126.94780104222147,4,3,0,0,0,75.0,안전
37.511864893999416,126.94780104222147,4,3,0,0,0,75.0,안전
37.51276320517441,126.94780104222147,4,3,0,0,0,75.0,안전
37.5136615163494,126.94780104222147,0,3,0,0,0,55.0,보통
37.514559827524394,126.94780104222147,0,1,0,0,0,45.0,보통
37.51545813869939,126.94780104222147,0,0,0,0,0,40.0,위험
37.51635644987438,126.94780104222147,0,3,0,0,0,55.0,보통
37.51725476104937,126.94780104222147,0,3,0,0,0,55.0,보통
37.518153072224365,126.94780104222147,0,1,0,0,0,45.0,보통
37.51905138339936,126.94780104222147,0,0,0,0,0,40.0,위험
37.51994969457435,126.94780104222147,0,0,0,0,0,40.0,위험
37.52084800574934,126.94780104222147,0,0,0,0,0,40.0,위험
37.521746316924336,126.94780104222147,0,0,0,0,0,40.0,위험
37.52264462809933,126.94780104222147,0,0,0,0,0,40.0,위험
37.52354293927432,126.94780104222147,0,0,0,0,0,40.0,위험
37.524441250449314,126.94780104222147,0,0,0,0,0,40.0,위험
37.52533956162431,126.94780104222147,0,0,0,0,0,40.0,위험
37.44,126.94893288409014,0,0,0,0,0,40.0,위험
37.44089831117499,126.94893288409014,0,0,0,0,0,40.0,위험
37.44179662234998,126.94893288409014,0,0,0,0,0,40.0,위험
37.442694933524976,126.94893288409014,0,0,0,0,0,40.0,위험
37.44359324469997,126.94893288409014,0,0,0,0,0,40.0,위험
37.44449155587496,126.94893288409014,0,0,0,0,0,40.0,위험
37.445389867049954,126.94893288409014,0,0,0,0,0,40.0,위험
37.44628817822495,126.94893288409014,0,0,0,0,0,40.0,위험
37.44718648939994,126.94893288409014,0,0,0,0,0,40.0,위험
37.44808480057493,126.94893288409014,0,0,0,0,0,40.0,위험
37.448983111749925,126.94893288409014,0,0,0,0,0,40.0,위험
37.44988142292492,126.94893288409014,0,0,0,0,0,40.0,위험
37.45077973409991,126.94893288409014,0,0,0,0,0,40.0,위험
37.4516780452749,126.94893288409014,0,0,0,0,0,40.0,위험
37.452576356449896,126.94893288409014,0,0,0,0,0,40.0,위험
37.45347466762489,126.94893288409014,0,0,0,0,0,40.0,위험
37.45437297879988,126.94893288409014,1,0,0,0,0,45.0,보통
37.455271289974874,126.94893288409014,1,0,0,0,0,45.0,보통
37.45616960114987,126.94893288409014,0,0,1,0,0,45.0,보통
37.45706791232486,126.94893288409014,0,0,1,0,0,45.0,보통
37.45796622349985,126.94893288409014,0,0,0,0,0,40.0,위험
37.458864534674845,126.94893288409014,0,0,0,0,0,40.0,위험
37.45976284584984,126.94893288409014,0,0,0,0,0,40.0,위험
37.46066115702483,126.94893288409014,1,0,0,0,0,45.0,보통
37.46155946819982,126.94893288409014,3,0,0,0,0,55.0,보통
37.462457779374816,126.94893288409014,4,0,0,0,0,60.0,안전
37.46335609054981,126.94893288409014,2,0,0,0,0,50.0,보통
37.4642544017248,126.94893288409014,0,0,0,0,0,40.0,위험
37.465152712899794,126.94893288409014,0,0,0,0,0,40.0,위험
37.46605102407479,126.94893288409014,0,0,0,0,0,40.0,위험
37.46694933524978,126.94893288409014,0,0,0,0,0,40.0,위험
37.46784764642477,126.94893288409014,2,0,0,0,0,50.0,보통
37.468745957599765,126.94893288409014,2,0,0,0,0,50.0,보통
37.46964426877476,126.94893288409014,0,0,0,0,0,40.0,위험
37.47054257994975,126.94893288409014,0,0,0,0,0,40.0,위험
37.47144089112474,126.94893288409014,0,0,0,0,0,40.0,위험
37.472339202299736,126.94893288409014,0,0,0,0,1,50.0,보통
37.47323751347473,126.94893288409014,2,0,0,0,1,60.0,안전
37.47413582464972,126.94893288409014,4,0,0,0,1,70.0,안전
37.475034135824714,126.94893288409014,4,0,0,0,1,70.0,안전
37.47593244699971,126.94893288409014,0,0,0,0,1,50.0,보통
37.4768307581747,126.94893288409014,4,0,0,0,1,70.0,안전
37.47772906934969,126.94893288409014,4,0,0,0,1,70.0,안전
37.478627380524685,126.94893288409014,4,0,1,0,0,65.0,안전
37.47952569169968,126.94893288409014,4,0,2,0,0,70.0,안전
37.48042400287467,126.94893288409014,4,0,2,0,0,70.0,안전
37.48132231404966,126.94893288409014,4,0,2,0,0,70.0,안전
37.482220625224656,126.94893288409014,4,0,2,0,0,70.0,안전
37.48311893639965,126.94893288409014,4,0,2,0,0,70.0,안전
37.48401724757464,126.94893288409014,4,0,1,0,0,65.0,안전
37.484915558749634,126.94893288409014,4,0,1,0,0,65.0,안전
37.48581386992463,126.94893288409014,4,0,0,0,0,60.0,안전
37.48671218109962,126.94893288409014,4,0,1,1,0,62.0,안전
37.48761049227461,126.94893288409014,4,0,2,0,0,70.0,안전
37.488508803449605,126.94893288409014,4,0,2,0,0,70.0,안전
37.4894071146246,126.94893288409014,4,0,2,0,0,70.0,안전
37.49030542579959,126.94893288409014,3,0,0,0,0,55.0,보통
37.49120373697458,126.94893288409014,0,0,0,0,0,40.0,위험
37.492102048149576,126.94893288409014,4,0,0,0,0,60.0,안전
37.49300035932457,126.94893288409014,4,2,0,0,0,70.0,안전
37.49389867049956,126.94893288409014,1,3,0,0,0,60.0,안전
37.494796981674554,126.94893288409014,0,0,1,0,0,45.0,보통
37.49569529284955,126.94893288409014,0,0,1,0,0,45.0,보통
37.49659360402454,126.94893288409014,0,2,1,0,0,55.0,보통
37.49749191519953,126.94893288409014,0,1,1,0,0,50.0,보통
37.498390226374525,126.94893288409014,0,1,0,0,0,45.0,보통
37.49928853754952,126.94893288409014,0,1,0,0,0,45.0,보통
37.50018684872451,126.94893288409014,4,3,0,0,0,75.0,안전
37.5010851598995,126.94893288409014,4,3,2,0,0,85.0,안전
37.501983471074496,126.94893288409014,4,3,2,0,0,85.0,안전
37.50288178224949,126.94893288409014,4,3,0,0,0,75.0,안전
37.50378009342448,126.94893288409014,0,3,1,0,0,60.0,안전
37.504678404599474,126.94893288409014,0,3,1,0,0,60.0,안전
37.50557671577447,126.94893288409014,0,0,0,0,0,40.0,위험
37.50647502694946,126.94893288409014,4,3,0,0,0,75.0,안전
37.50737333812445,126.94893288409014,4,3,0,0,0,75.0,안전
37.508271649299445,126.94893288409014,3,3,0,0,0,70.0,안전
37.50916996047444,126.94893288409014,3,3,0,0,0,70.0,안전
37.51006827164943,126.94893288409014,4,3,0,0,0,75.0,안전
37.51096658282442,126.94893288409014,4,3,0,0,0,75.0,안전
37.511864893999416,126.94893288409014,1,3,0,0,0,60.0,안전
37.51276320517441,126.94893288409014,3,3,0,0,0,70.0,안전
37.5136615163494,126.94893288409014,3,2,0,0,0,65.0,안전
37.514559827524394,126.94893288409014,0,1,0,0,0,45.0,보통
37.51545813869939,126.94893288409014,0,0,0,0,0,40.0,위험
37.51635644987438,126.94893288409014,0,3,0,0,0,55.0,보통
37.51725476104937,126.94893288409014,0,3,0,0,0,55.0,보통
37.518153072224365,126.94893288409014,0,0,0,0,0,40.0,위험
37.51905138339936,126.94893288409014,0,0,0,0,0,40.0,위험
37.51994969457435,126.94893288409014,0,0,0,0,0,40.0,위험
37.52084800574934,126.94893288409014,0,0,0,0,0,40.0,위험
37.521746316924336,126.94893288409014,0,0,0,0,0,40.0,위험
37.52264462809933,126.94893288409014,0,0,0,0,0,40.0,위험
37.52354293927432,126.94893288409014,0,0,0,0,0,40.0,위험
37.524441250449314,126.94893288409014,0,0,0,0,0,40.0,위험
37.52533956162431,126.94893288409014,0,0,0,0,0,40.0,위험
37.44,126.95006472595881,0,0,0,0,0,40.0,위험
37.44089831117499,126.95006472595881,0,0,0,0,0,40.0,위험
37.44179662234998,126.95006472595881,0,0,0,0,0,40.0,위험
37.442694933524976,126.95006472595881,0,0,0,0,0,40.0,위험
37.44359324469997,126.95006472595881,0,0,0,0,0,40.0,위험
37.44449155587496,126.95006472595881,0,0,0,0,0,40.0,위험
37.445389867049954,126.95006472595881,0,0,0,0,0,40.0,위험
37.44628817822495,126.95006472595881,0,0,0,0,0,40.0,위험
37.44718648939994,126.95006472595881,0,0,0,0,0,40.0,위험
37.44808480057493,126.95006472595881,0,0,0,0,0,40.0,위험
37.448983111749925,126.95006472595881,0,0,0,0,0,40.0,위험
37.44988142292492,126.95006472595881,0,0,0,0,0,40.0,위험
37.45077973409991,126.95006472595881,0,0,0,0,0,40.0,위험
37.4516780452749,126.95006472595881,0,0,0,0,0,40.0,위험
37.452576356449896,126.95006472595881,0,0,0,0,0,40.0,위험
37.45347466762489,126.95006472595881,0,0,0,0,0,40.0,위험
37.45437297879988,126.95006472595881,0,0,0,0,0,40.0,위험
37.455271289974874,126.95006472595881,0,0,0,0,0,40.0,위험
37.45616960114987,126.95006472595881,0,0,0,0,0,40.0,위험
37.45706791232486,126.95006472595881,0,0,0,0,0,40.0,위험
37.45796622349985,126.95006472595881,0,0,0,0,0,40.0,위험
37.458864534674845,126.95006472595881,0,0,1,0,0,45.0,보통
37.45976284584984,126.95006472595881,0,0,1,0,0,45.0,보통
37.46066115702483,126.95006472595881,0,0,0,0,0,40.0,위험
37.46155946819982,126.95006472595881,0,0,0,0,0,40.0,위험
37.462457779374816,126.95006472595881,0,0,0,0,0,40.0,위험
37.46335609054981,126.95006472595881,0,0,0,0,0,40.0,위험
37.4642544017248,126.95006472595881,0,0,0,0,0,40.0,위험
37.465152712899794,126.95006472595881,0,0,0,0,0,40.0,위험
37.46605102407479,126.95006472595881,0,0,0,0,0,40.0,위험
37.46694933524978,126.95006472595881,0,0,0,0,0,40.0,위험
37.46784764642477,126.95006472595881,0,0,0,0,0,40.0,위험
37.468745957599765,126.95006472595881,0,0,0,0,0,40.0,위험
37.46964426877476,126.95006472595881,0,0,0,0,0,40.0,위험
37.47054257994975,126.95006472595881,0,0,0,0,0,40.0,위험
37.47144089112474,126.95006472595881,0,0,0,0,0,40.0,위험
37.472339202299736,126.95006472595881,0,0,0,0,1,50.0,보통
37.47323751347473,126.95006472595881,2,0,0,0,1,60.0,안전
37.47413582464972,126.95006472595881,4,0,0,0,1,70.0,안전
37.475034135824714,126.95006472595881,4,0,0,0,1,70.0,안전
37.47593244699971,126.95006472595881,2,0,0,0,1,60.0,안전
37.4768307581747,126.95006472595881,4,0,0,0,1,70.0,안전
37.47772906934969,126.95006472595881,4,0,0,0,1,70.0,안전
37.478627380524685,126.95006472595881,4,0,2,0,1,80.0,안전
37.47952569169968,126.95006472595881,4,0,2,0,0,70.0,안전
37.48042400287467,126.95006472595881,4,0,2,0,0,70.0,안전
37.48132231404966,126.95006472595881,4,0,2,1,0,67.0,안전
37.482220625224656,126.95006472595881,4,0,2,2,0,64.0,안전
37.48311893639965,126.95006472595881,4,0,2,1,0,67.0,안전
37.48401724757464,126.95006472595881,4,0,1,0,0,65.0,안전
37.484915558749634,126.95006472595881,4,0,1,0,0,65.0,안전
37.48581386992463,126.95006472595881,4,0,1,0,0,65.0,안전
37.48671218109962,126.95006472595881,4,0,0,0,0,60.0,안전
37.48761049227461,126.95006472595881,2,0,1,0,0,55.0,보통
37.488508803449605,126.95006472595881,4,0,2,0,0,70.0,안전
37.4894071146246,126.95006472595881,3,0,1,0,0,60.0,안전
37.49030542579959,126.95006472595881,0,0,0,0,0,40.0,위험
37.49120373697458,126.95006472595881,0,0,0,0,0,40.0,위험
37.492102048149576,126.95006472595881,2,0,0,0,0,50.0,보통
37.49300035932457,126.95006472595881,0,2,0,0,0,50.0,보통
37.49389867049956,126.95006472595881,0,3,0,0,0,55.0,보통
37.494796981674554,126.95006472595881,0,1,1,0,0,50.0,보통
37.49569529284955,126.95006472595881,0,1,1,0,0,50.0,보통
37.49659360402454,126.95006472595881,4,0,1,0,0,65.0,안전
37.49749191519953,126.95006472595881,4,3,1,0,0,80.0,안전
37.498390226374525,126.95006472595881,2,3,0,0,0,65.0,안전
37.49928853754952,126.95006472595881,4,3,0,0,0,75.0,안전
37.50018684872451,126.95006472595881,4,3,0,0,0,75.0,안전
37.5010851598995,126.95006472595881,4,3,1,0,0,80.0,안전
37.501983471074496,126.95006472595881,4,3,1,0,0,80.0,안전
37.50288178224949,126.95006472595881,4,3,0,0,0,75.0,안전
37.50378009342448,126.95006472595881,4,3,1,0,0,80.0,안전
37.504678404599474,126.95006472595881,4,3,1,0,0,80.0,안전
37.50557671577447,126.95006472595881,0,3,0,0,0,55.0,보통
37.50647502694946,126.95006472595881,4,3,0,0,0,75.0,안전
37.50737333812445,126.95006472595881,4,3,0,0,0,75.0,안전
37.508271649299445,126.95006472595881,0,2,0,0,0,50.0,보통
37.50916996047444,126.95006472595881,4,3,0,0,0,75.0,안전
37.51006827164943,126.95006472595881,0,3,0,0,0,55.0,보통
37.51096658282442,126.95006472595881,0,3,0,0,0,55.0,보통
37.511864893999416,126.95006472595881,3,3,0,0,0,70.0,안전
37.51276320517441,126.95006472595881,0,3,0,0,0,55.0,보통
37.5136615163494,126.95006472595881,3,0,0,0,0,55.0,보통
37.514559827524394,126.95006472595881,0,3,0,0,0,55.0,보통
37.51545813869939,126.95006472595881,4,3,0,0,0,75.0,안전
37.51635644987438,126.95006472595881,0,3,0,0,0,55.0,보통
37.51725476104937,126.95006472595881,0,1,0,0,0,45.0,보통
37.518153072224365,126.95006472595881,0,0,0,0,0,40.0,위험
37.51905138339936,126.95006472595881,0,0,0,0,0,40.0,위험
37.51994969457435,126.95006472595881,0,0,0,0,0,40.0,위험
37.52084800574934,126.95006472595881,0,0,0,0,0,40.0,위험
37.521746316924336,126.95006472595881,0,0,0,0,0,40.0,위험
37.52264462809933,126.95006472595881,0,0,0,0,0,40.0,위험
37.52354293927432,126.95006472595881,0,0,0,0,0,40.0,위험
37.524441250449314,126.95006472595881,0,0,0,0,0,40.0,위험
37.52533956162431,126.95006472595881,0,0,0,0,0,40.0,위험
37.44,126.95119656782748,0,0,0,0,0,40.0,위험
37.44089831117499,126.95119656782748,0,0,0,0,0,40.0,위험
37.44179662234998,126.95119656782748,0,0,0,0,0,40.0,위험
37.442694933524976,126.95119656782748,0,0,0,0,0,40.0,위험
37.44359324469997,126.95119656782748,0,0,0,0,0,40.0,위험
37.44449155587496,126.95119656782748,0,0,0,0,0,40.0,위험
37.445389867049954,126.95119656782748,0,0,0,0,0,40.0,위험
37.44628817822495,126.95119656782748,0,0,0,0,0,40.0,위험
37.44718648939994,126.95119656782748,0,0,0,0,0,40.0,위험
37.44808480057493,126.95119656782748,0,0,0,0,0,40.0,위험
37.448983111749925,126.95119656782748,0,0,0,0,0,40.0,위험
37.44988142292492,126.95119656782748,0,0,0,0,0,40.0,위험
37.45077973409991,126.95119656782748,0,0,0,0,0,40.0,위험
37.4516780452749,126.95119656782748,0,0,0,0,0,40.0,위험
37.452576356449896,126.95119656782748,0,0,0,0,0,40.0,위험
37.45347466762489,126.95119656782748,0,0,0,0,0,40.0,위험
37.45437297879988,126.95119656782748,0,0,0,0,0,40.0,위험
37.455271289974874,126.95119656782748,0,0,2,0,0,50.0,보통
37.45616960114987,126.95119656782748,0,0,1,0,0,45.0,보통
37.45706791232486,126.95119656782748,0,0,0,0,0,40.0,위험
37.45796622349985,126.95119656782748,0,0,0,0,0,40.0,위험
37.458864534674845,126.95119656782748,0,0,2,0,0,50.0,보통
37.45976284584984,126.95119656782748,0,0,2,0,0,50.0,보통
37.46066115702483,126.95119656782748,0,0,0,0,0,40.0,위험
37.46155946819982,126.95119656782748,0,0,0,0,0,40.0,위험
37.462457779374816,126.95119656782748,0,0,1,0,0,45.0,보통
37.46335609054981,126.95119656782748,0,0,1,0,0,45.0,보통
37.4642544017248,126.95119656782748,0,0,1,0,0,45.0,보통
37.465152712899794,126.95119656782748,0,0,1,0,0,45.0,보통
37.46605102407479,126.95119656782748,0,0,0,0,0,40.0,위험
37.46694933524978,126.95119656782748,0,0,0,0,0,40.0,위험
37.46784764642477,126.95119656782748,0,0,0,0,0,40.0,위험
37.468745957599765,126.95119656782748,0,0,0,0,0,40.0,위험
37.46964426877476,126.95119656782748,0,0,0,0,0,40.0,위험
37.47054257994975,126.95119656782748,0,0,0,0,0,40.0,위험
37.47144089112474,126.95119656782748,0,0,0,0,0,40.0,위험
37.472339202299736,126.95119656782748,0,0,0,0,1,50.0,보통
37.47323751347473,126.95119656782748,2,0,0,0,1,60.0,안전
37.47413582464972,126.95119656782748,0,0,0,0,1,50.0,보통
37.475034135824714,126.95119656782748,4,0,0,0,1,70.0,안전
37.47593244699971,126.95119656782748,4,0,0,0,1,70.0,안전
37.4768307581747,126.95119656782748,4,0,1,0,1,75.0,안전
37.47772906934969,126.95119656782748,4,0,0,0,1,70.0,안전
37.478627380524685,126.95119656782748,4,0,2,0,1,80.0,안전
37.47952569169968,126.95119656782748,4,0,2,0,0,70.0,안전
37.48042400287467,126.95119656782748,4,0,2,0,0,70.0,안전
37.48132231404966,126.95119656782748,4,0,2,0,0,70.0,안전
37.482220625224656,126.95119656782748,4,0,2,1,0,67.0,안전
37.48311893639965,126.95119656782748,4,0,2,1,0,67.0,안전
37.48401724757464,126.95119656782748,4,0,1,0,0,65.0,안전
37.484915558749634,126.95119656782748,4,0,1,0,0,65.0,안전
37.48581386992463,126.95119656782748,4,0,2,0,0,70.0,안전
37.48671218109962,126.95119656782748,4,0,1,0,0,65.0,안전
37.48761049227461,126.95119656782748,1,0,0,0,0,45.0,보통
37.488508803449605,126.95119656782748,0,0,0,0,0,40.0,위험
37.4894071146246,126.95119656782748,0,0,0,0,0,40.0,위험
37.49030542579959,126.95119656782748,0,0,0,0,0,40.0,위험
37.49120373697458,126.95119656782748,1,0,0,0,0,45.0,보통
37.492102048149576,126.95119656782748,1,0,0,0,0,45.0,보통
37.49300035932457,126.95119656782748,0,1,0,0,0,45.0,보통
37.49389867049956,126.95119656782748,0,0,0,0,0,40.0,위험
37.494796981674554,126.95119656782748,3,1,0,0,0,60.0,안전
37.49569529284955,126.95119656782748,3,3,0,0,0,70.0,안전
37.49659360402454,126.95119656782748,0,2,1,0,0,55.0,보통
37.49749191519953,126.95119656782748,4,3,1,0,0,80.0,안전
37.498390226374525,126.95119656782748,4,3,1,0,0,80.0,안전
37.49928853754952,126.95119656782748,4,3,2,0,0,85.0,안전
37.50018684872451,126.95119656782748,4,3,2,0,0,85.0,안전
37.5010851598995,126.95119656782748,4,3,0,0,0,75.0,안전
37.501983471074496,126.95119656782748,4,3,1,0,0,80.0,안전
37.50288178224949,126.95119656782748,4,3,2,0,0,85.0,안전
37.50378009342448,126.95119656782748,4,3,1,0,0,80.0,안전
37.504678404599474,126.95119656782748,4,3,1,0,0,80.0,안전
37.50557671577447,126.95119656782748,4,3,0,0,0,75.0,안전
37.50647502694946,126.95119656782748,4,3,0,0,0,75.0,안전
37.50737333812445,126.95119656782748,4,3,0,0,0,75.0,안전
37.508271649299445,126.95119656782748,1,3,0,0,0,60.0,안전
37.50916996047444,126.95119656782748,4,3,0,0,0,75.0,안전
37.51006827164943,126.95119656782748,3,3,0,0,0,70.0,안전
37.51096658282442,126.95119656782748,3,3,0,0,0,70.0,안전
37.511864893999416,126.95119656782748,3,3,0,0,0,70.0,안전
37.51276320517441,126.95119656782748,3,3,0,0,0,70.0,안전
37.5136615163494,126.95119656782748,0,3,0,0,0,55.0,보통
37.514559827524394,126.95119656782748,4,3,0,0,0,75.0,안전
37.51545813869939,126.95119656782748,4,3,0,0,0,75.0,안전
37.51635644987438,126.95119656782748,0,3,0,0,0,55.0,보통
37.51725476104937,126.95119656782748,0,0,0,0,0,40.0,위험
37.518153072224365,126.95119656782748,0,0,0,0,0,40.0,위험
37.51905138339936,126.95119656782748,0,0,0,0,0,40.0,위험
37.51994969457435,126.95119656782748,0,0,0,0,0,40.0,위험
37.52084800574934,126.95119656782748,0,0,0,0,0,40.0,위험
37.521746316924336,126.95119656782748,0,0,0,0,0,40.0,위험
37.52264462809933,126.95119656782748,0,0,0,0,0,40.0,위험
37.52354293927432,126.95119656782748,0,0,0,0,0,40.0,위험
37.524441250449314,126.95119656782748,0,0,0,0,0,40.0,위험
37.52533956162431,126.95119656782748,0,0,0,0,0,40.0,위험
37.44,126.95232840969615,0,0,0,0,0,40.0,위험
37.44089831117499,126.95232840969615,0,0,0,0,0,40.0,위험
37.44179662234998,126.95232840969615,0,0,0,0,0,40.0,위험
37.442694933524976,126.95232840969615,0,0,0,0,0,40.0,위험
37.44359324469997,126.95232840969615,0,0,0,0,0,40.0,위험
37.44449155587496,126.95232840969615,0,0,0,0,0,40.0,위험
37.445389867049954,126.95232840969615,0,0,0,0,0,40.0,위험
37.44628817822495,126.95232840969615,0,0,0,0,0,40.0,위험
37.44718648939994,126.95232840969615,0,0,0,0,0,40.0,위험
37.44808480057493,126.95232840969615,0,0,0,0,0,40.0,위험
37.448983111749925,126.95232840969615,0,0,0,0,0,40.0,위험
37.44988142292492,126.95232840969615,0,0,1,0,0,45.0,보통
37.45077973409991,126.95232840969615,0,0,1,0,0,45.0,보통
37.4516780452749,126.95232840969615,0,0,0,0,0,40.0,위험
37.452576356449896,126.95232840969615,0,0,0,0,0,40.0,위험
37.45347466762489,126.95232840969615,0,0,0,0,0,40.0,위험
37.45437297879988,126.95232840969615,0,0,1,0,0,45.0,보통
37.455271289974874,126.95232840969615,0,0,1,0,0,45.0,보통
37.45616960114987,126.95232840969615,0,0,1,0,0,45.0,보통
37.45706791232486,126.95232840969615,0,0,0,0,0,40.0,위험
37.45796622349985,126.95232840969615,0,0,0,0,0,40.0,위험
37.458864534674845,126.95232840969615,0,0,2,0,0,50.0,보통
37.45976284584984,126.95232840969615,0,0,2,0,0,50.0,보통
37.46066115702483,126.95232840969615,0,0,0,0,0,40.0,위험
37.46155946819982,126.95232840969615,0,0,0,0,0,40.0,위험
37.462457779374816,126.95232840969615,0,0,0,0,0,40.0,위험
37.46335609054981,126.95232840969615,0,0,0,0,0,40.0,위험
37.4642544017248,126.95232840969615,0,0,0,0,0,40.0,위험
37.465152712899794,126.95232840969615,0,0,1,0,0,45.0,보통
37.46605102407479,126.95232840969615,0,0,1,0,0,45.0,보통
37.46694933524978,126.95232840969615,0,0,0,0,0,40.0,위험
37.46784764642477,126.95232840969615,0,0,0,0,0,40.0,위험
37.468745957599765,126.95232840969615,0,0,0,0,0,40.0,위험
37.46964426877476,126.95232840969615,0,0,0,0,0,40.0,위험
37.47054257994975,126.95232840969615,0,0,0,0,0,40.0,위험
37.47144089112474,126.95232840969615,0,0,0,0,0,40.0,위험
37.472339202299736,126.95232840969615,0,0,0,0,1,50.0,보통
37.47323751347473,126.95232840969615,2,0,0,0,1,60.0,안전
37.47413582464972,126.95232840969615,2,0,1,0,1,65.0,안전
37.475034135824714,126.95232840969615,4,0,0,0,1,70.0,안전
37.47593244699971,126.95232840969615,4,0,1,0,1,75.0,안전
37.4768307581747,126.95232840969615,4,0,2,0,1,80.0,안전
37.47772906934969,126.95232840969615,4,0,2,0,1,80.0,안전
37.478627380524685,126.95232840969615,4,0,2,2,1,74.0,안전
37.47952569169968,126.95232840969615,4,0,2,2,0,64.0,안전
37.48042400287467,126.95232840969615,4,0,2,2,0,64.0,안전
37.48132231404966,126.95232840969615,3,0,2,3,0,56.0,안전
37.482220625224656,126.95232840969615,4,0,1,2,0,59.0,안전
37.48311893639965,126.95232840969615,4,0,1,1,0,62.0,안전
37.48401724757464,126.95232840969615,4,0,1,0,0,65.0,안전
37.484915558749634,126.95232840969615,4,0,1,0,0,65.0,안전
37.48581386992463,126.95232840969615,4,0,1,0,0,65.0,안전
37.48671218109962,126.95232840969615,4,0,2,0,0,70.0,안전
37.48761049227461,126.95232840969615,4,0,0,0,0,60.0,안전
37.488508803449605,126.95232840969615,4,0,0,0,0,60.0,안전
37.4894071146246,126.95232840969615,1,0,0,0,0,45.0,보통
37.49030542579959,126.95232840969615,0,0,0,0,0,40.0,위험
37.49120373697458,126.95232840969615,1,0,0,0,0,45.0,보통
37.492102048149576,126.95232840969615,2,0,0,0,0,50.0,보통
37.49300035932457,126.95232840969615,0,1,0,0,0,45.0,보통
37.49389867049956,126.95232840969615,1,2,0,0,0,55.0,보통
37.494796981674554,126.95232840969615,4,3,0,0,0,75.0,안전
37.49569529284955,126.95232840969615,4,3,1,0,0,80.0,안전
37.49659360402454,126.95232840969615,4,3,2,0,0,85.0,안전
37.49749191519953,126.95232840969615,4,3,1,0,0,80.0,안전
37.498390226374525,126.95232840969615,4,3,1,0,0,80.0,안전
37.49928853754952,126.95232840969615,4,3,1,0,0,80.0,안전
37.50018684872451,126.95232840969615,1,3,1,0,0,65.0,안전
37.5010851598995,126.95232840969615,4,3,2,0,0,85.0,안전
37.501983471074496,126.95232840969615,4,3,0,0,0,75.0,안전
37.50288178224949,126.95232840969615,4,3,1,0,0,80.0,안전
37.50378009342448,126.95232840969615,3,3,2,0,0,80.0,안전
37.504678404599474,126.95232840969615,4,3,1,0,0,80.0,안전
37.50557671577447,126.95232840969615,4,3,0,0,0,75.0,안전
37.50647502694946,126.95232840969615,4,3,0,0,0,75.0,안전
37.50737333812445,126.95232840969615,4,3,0,0,0,75.0,안전
37.508271649299445,126.95232840969615,1,3,0,0,0,60.0,안전
37.50916996047444,126.95232840969615,0,2,0,0,0,50.0,보통
37.51006827164943,126.95232840969615,1,3,0,0,0,60.0,안전
37.51096658282442,126.95232840969615,0,0,0,0,0,40.0,위험
37.511864893999416,126.95232840969615,0,3,0,0,0,55.0,보통
37.51276320517441,126.95232840969615,0,3,0,0,0,55.0,보통
37.5136615163494,126.95232840969615,0,3,0,0,0,55.0,보통
37.514559827524394,126.95232840969615,0,3,0,0,0,55.0,보통
37.51545813869939,126.95232840969615,0,3,0,0,0,55.0,보통
37.51635644987438,126.95232840969615,0,0,0,0,0,40.0,위험
37.51725476104937,126.95232840969615,0,0,0,0,0,40.0,위험
37.518153072224365,126.95232840969615,0,0,0,0,0,40.0,위험
37.51905138339936,126.95232840969615,0,0,0,0,0,40.0,위험
37.51994969457435,126.95232840969615,0,0,0,0,0,40.0,위험
37.52084800574934,126.95232840969615,0,0,0,0,0,40.0,위험
37.521746316924336,126.95232840969615,0,0,0,0,0,40.0,위험
37.52264462809933,126.95232840969615,0,0,0,0,0,40.0,위험
37.52354293927432,126.95232840969615,0,0,0,0,0,40.0,위험
37.524441250449314,126.95232840969615,0,0,0,0,0,40.0,위험
37.52533956162431,126.95232840969615,0,0,0,0,0,40.0,위험
37.44,126.95346025156482,0,0,0,0,0,40.0,위험
37.44089831117499,126.95346025156482,0,0,0,0,0,40.0,위험
37.44179662234998,126.95346025156482,0,0,0,0,0,40.0,위험
37.442694933524976,126.95346025156482,0,0,0,0,0,40.0,위험
37.44359324469997,126.95346025156482,0,0,0,0,0,40.0,위험
37.44449155587496,126.95346025156482,0,0,0,0,0,40.0,위험
37.445389867049954,126.95346025156482,0,0,0,0,0,40.0,위험
37.44628817822495,126.95346025156482,0,0,0,0,0,40.0,위험
37.44718648939994,126.95346025156482,0,0,0,0,0,40.0,위험
37.44808480057493,126.95346025156482,0,0,0,0,0,40.0,위험
37.448983111749925,126.95346025156482,0,0,0,0,0,40.0,위험
37.44988142292492,126.95346025156482,0,0,1,0,0,45.0,보통
37.45077973409991,126.95346025156482,0,0,0,0,0,40.0,위험
37.4516780452749,126.95346025156482,0,0,0,0,0,40.0,위험
37.452576356449896,126.95346025156482,0,0,0,0,0,40.0,위험
37.45347466762489,126.95346025156482,0,0,0,0,0,40.0,위험
37.45437297879988,126.95346025156482,0,0,0,0,0,40.0,위험
37.455271289974874,126.95346025156482,0,0,0,0,0,40.0,위험
37.45616960114987,126.95346025156482,0,0,0,0,0,40.0,위험
37.45706791232486,126.95346025156482,0,0,0,0,0,40.0,위험
37.45796622349985,126.95346025156482,0,0,0,0,0,40.0,위험
37.458864534674845,126.95346025156482,0,0,0,0,0,40.0,위험
37.45976284584984,126.95346025156482,0,0,0,0,0,40.0,위험
37.46066115702483,126.95346025156482,0,0,0,0,0,40.0,위험
37.46155946819982,126.95346025156482,0,0,0,0,0,40.0,위험
37.462457779374816,126.95346025156482,0,0,0,0,0,40.0,위험
37.46335609054981,126.95346025156482,0,0,0,0,0,40.0,위험
37.4642544017248,126.95346025156482,0,0,1,0,0,45.0,보통
37.465152712899794,126.95346025156482,0,0,0,0,0,40.0,위험
37.46605102407479,126.95346025156482,0,0,1,0,0,45.0,보통
37.46694933524978,126.95346025156482,0,0,2,0,0,50.0,보통
37.46784764642477,126.95346025156482,0,0,2,0,0,50.0,보통
37.468745957599765,126.95346025156482,0,0,0,0,0,40.0,위험
37.46964426877476,126.95346025156482,0,0,0,0,0,40.0,위험
37.47054257994975,126.95346025156482,0,0,0,0,0,40.0,위험
37.47144089112474,126.95346025156482,0,0,0,0,0,40.0,위험
37.472339202299736,126.95346025156482,0,0,0,0,1,50.0,보통
37.47323751347473,126.95346025156482,0,0,0,0,1,50.0,보통
37.47413582464972,126.95346025156482,3,0,1,0,1,70.0,안전
37.475034135824714,126.95346025156482,4,0,1,0,1,75.0,안전
37.47593244699971,126.95346025156482,4,0,0,0,1,70.0,안전
37.4768307581747,126.95346025156482,4,0,1,0,1,75.0,안전
37.47772906934969,126.95346025156482,4,0,2,0,1,80.0,안전
37.478627380524685,126.95346025156482,4,0,2,2,1,74.0,안전
37.47952569169968,126.95346025156482,4,0,2,3,0,61.0,안전
37.48042400287467,126.95346025156482,4,0,2,3,0,61.0,안전
37.48132231404966,126.95346025156482,4,0,2,3,0,61.0,안전
37.482220625224656,126.95346025156482,4,0,1,3,0,56.0,안전
37.48311893639965,126.95346025156482,4,0,1,3,0,56.0,안전
37.48401724757464,126.95346025156482,4,0,2,1,0,67.0,안전
37.484915558749634,126.95346025156482,4,0,1,0,0,65.0,안전
37.48581386992463,126.95346025156482,4,0,0,0,0,60.0,안전
37.48671218109962,126.95346025156482,4,0,2,0,0,70.0,안전
37.48761049227461,126.95346025156482,4,0,1,0,0,65.0,안전
37.488508803449605,126.95346025156482,4,0,0,0,0,60.0,안전
37.4894071146246,126.95346025156482,4,0,0,0,0,60.0,안전
37.49030542579959,126.95346025156482,4,0,0,0,0,60.0,안전
37.49120373697458,126.95346025156482,1,3,0,0,0,60.0,안전
37.492102048149576,126.95346025156482,0,3,0,0,0,55.0,보통
37.49300035932457,126.95346025156482,2,3,0,0,0,65.0,안전
37.49389867049956,126.95346025156482,2,3,1,0,0,70.0,안전
37.494796981674554,126.95346025156482,0,3,1,0,0,60.0,안전
37.49569529284955,126.95346025156482,4,3,2,0,0,85.0,안전
37.49659360402454,126.95346025156482,4,3,2,0,0,85.0,안전
37.49749191519953,126.95346025156482,1,3,0,0,0,60.0,안전
37.498390226374525,126.95346025156482,0,3,0,0,0,55.0,보통
37.49928853754952,126.95346025156482,0,3,0,0,0,55.0,보통
37.50018684872451,126.95346025156482,1,3,0,0,0,60.0,안전
37.5010851598995,126.95346025156482,4,3,1,0,0,80.0,안전
37.501983471074496,126.95346025156482,4,3,1,0,0,80.0,안전
37.50288178224949,126.95346025156482,4,3,0,0,0,75.0,안전
37.50378009342448,126.95346025156482,4,3,0,0,0,75.0,안전
37.504678404599474,126.95346025156482,4,3,0,0,0,75.0,안전
37.50557671577447,126.95346025156482,4,3,0,0,0,75.0,안전
37.50647502694946,126.95346025156482,0,3,0,0,0,55.0,보통
37.50737333812445,126.95346025156482,1,3,0,0,0,60.0,안전
37.508271649299445,126.95346025156482,0,3,0,0,0,55.0,보통
37.50916996047444,126.95346025156482,0,3,0,0,0,55.0,보통
37.51006827164943,126.95346025156482,4,3,0,0,0,75.0,안전
37.51096658282442,126.95346025156482,4,3,0,0,0,75.0,안전
37.511864893999416,126.95346025156482,0,3,0,0,0,55.0,보통
37.51276320517441,126.95346025156482,0,3,0,0,0,55.0,보통
37.5136615163494,126.95346025156482,0,2,0,0,0,50.0,보통
37.514559827524394,126.95346025156482,0,3,0,0,0,55.0,보통
37.51545813869939,126.95346025156482,0,3,0,0,0,55.0,보통
37.51635644987438,126.95346025156482,0,0,0,0,0,40.0,위험
37.51725476104937,126.95346025156482,0,0,0,0,0,40.0,위험
37.518153072224365,126.95346025156482,0,0,0,0,0,40.0,위험
37.51905138339936,126.95346025156482,0,0,0,0,0,40.0,위험
37.51994969457435,126.95346025156482,0,0,0,0,0,40.0,위험
37.52084800574934,126.95346025156482,0,0,0,0,0,40.0,위험
37.521746316924336,126.95346025156482,0,0,0,0,0,40.0,위험
37.52264462809933,126.95346025156482,0,0,0,0,0,40.0,위험
37.52354293927432,126.95346025156482,0,0,0,0,0,40.0,위험
37.524441250449314,126.95346025156482,0,2,0,0,0,50.0,보통
37.52533956162431,126.95346025156482,0,3,0,0,0,55.0,보통
37.44,126.95459209343349,0,0,0,0,0,40.0,위험
37.44089831117499,126.95459209343349,0,0,0,0,0,40.0,위험
37.44179662234998,126.95459209343349,0,0,0,0,0,40.0,위험
37.442694933524976,126.95459209343349,0,0,0,0,0,40.0,위험
37.44359324469997,126.95459209343349,0,0,0,0,0,40.0,위험
37.44449155587496,126.95459209343349,0,0,0,0,0,40.0,위험
37.445389867049954,126.95459209343349,0,0,0,0,0,40.0,위험
37.44628817822495,126.95459209343349,0,0,0,0,0,40.0,위험
37.44718648939994,126.95459209343349,0,0,0,0,0,40.0,위험
37.44808480057493,126.95459209343349,0,0,0,0,0,40.0,위험
37.448983111749925,126.95459209343349,0,0,0,0,0,40.0,위험
37.44988142292492,126.95459209343349,0,0,0,0,0,40.0,위험
37.45077973409991,126.95459209343349,0,0,0,0,0,40.0,위험
37.4516780452749,126.95459209343349,0,0,0,0,0,40.0,위험
37.452576356449896,126.95459209343349,0,0,0,0,0,40.0,위험
37.45347466762489,126.95459209343349,0,0,0,0,0,40.0,위험
37.45437297879988,126.95459209343349,0,0,0,0,0,40.0,위험
37.455271289974874,126.95459209343349,0,0,0,0,0,40.0,위험
37.45616960114987,126.95459209343349,0,0,0,0,0,40.0,위험
37.45706791232486,126.95459209343349,0,0,0,0,0,40.0,위험
37.45796622349985,126.95459209343349,0,0,0,0,0,40.0,위험
37.458864534674845,126.95459209343349,0,0,0,0,0,40.0,위험
37.45976284584984,126.95459209343349,0,0,0,0,0,40.0,위험
37.46066115702483,126.95459209343349,0,0,0,0,0,40.0,위험
37.46155946819982,126.95459209343349,0,0,0,0,0,40.0,위험
37.462457779374816,126.95459209343349,0,0,0,0,0,40.0,위험
37.46335609054981,126.95459209343349,0,0,0,0,0,40.0,위험
37.4642544017248,126.95459209343349,0,0,1,0,0,45.0,보통
37.465152712899794,126.95459209343349,0,0,1,0,0,45.0,보통
37.46605102407479,126.95459209343349,0,0,0,0,0,40.0,위험
37.46694933524978,126.95459209343349,1,0,1,0,0,50.0,보통
37.46784764642477,126.95459209343349,0,0,1,0,0,45.0,보통
37.468745957599765,126.95459209343349,0,0,0,0,0,40.0,위험
37.46964426877476,126.95459209343349,0,0,0,0,0,40.0,위험
37.47054257994975,126.95459209343349,0,0,0,0,0,40.0,위험
37.47144089112474,126.95459209343349,0,0,0,0,0,40.0,위험
37.472339202299736,126.95459209343349,0,0,0,0,0,40.0,위험
37.47323751347473,126.95459209343349,0,0,0,0,1,50.0,보통
37.47413582464972,126.95459209343349,2,0,0,0,1,60.0,안전
37.475034135824714,126.95459209343349,4,0,0,0,1,70.0,안전
37.47593244699971,126.95459209343349,4,0,0,0,1,70.0,안전
37.4768307581747,126.95459209343349,4,0,1,0,1,75.0,안전
37.47772906934969,126.95459209343349,4,0,1,0,1,75.0,안전
37.478627380524685,126.95459209343349,4,0,1,0,1,75.0,안전
37.47952569169968,126.95459209343349,4,0,2,2,1,74.0,안전
37.48042400287467,126.95459209343349,4,0,1,2,0,59.0,안전
37.48132231404966,126.95459209343349,4,0,1,1,0,62.0,안전
37.482220625224656,126.95459209343349,4,0,1,2,0,59.0,안전
37.48311893639965,126.95459209343349,4,0,2,3,0,61.0,안전
37.48401724757464,126.95459209343349,4,0,1,3,0,56.0,안전
37.484915558749634,126.95459209343349,4,0,1,0,0,65.0,안전
37.48581386992463,126.95459209343349,4,0,1,0,0,65.0,안전
37.48671218109962,126.95459209343349,4,0,2,0,0,70.0,안전
37.48761049227461,126.95459209343349,4,0,1,0,0,65.0,안전
37.488508803449605,126.95459209343349,4,0,0,0,0,60.0,안전
37.4894071146246,126.95459209343349,0,0,0,0,0,40.0,위험
37.49030542579959,126.95459209343349,4,0,0,0,0,60.0,안전
37.49120373697458,126.95459209343349,4,3,0,0,0,75.0,안전
37.492102048149576,126.95459209343349,4,3,0,0,0,75.0,안전
37.49300035932457,126.95459209343349,4,3,2,0,0,85.0,안전
37.49389867049956,126.95459209343349,4,3,2,0,0,85.0,안전
37.494796981674554,126.95459209343349,0,3,1,0,0,60.0,안전
37.49569529284955,126.95459209343349,0,3,2,0,0,65.0,안전
37.49659360402454,126.95459209343349,0,3,2,0,0,65.0,안전
37.49749191519953,126.95459209343349,3,3,1,0,0,75.0,안전
37.498390226374525,126.95459209343349,3,0,0,0,0,55.0,보통
37.49928853754952,126.95459209343349,0,0,0,0,0,40.0,위험
37.50018684872451,126.95459209343349,0,0,0,0,0,40.0,위험
37.5010851598995,126.95459209343349,0,0,0,0,0,40.0,위험
37.501983471074496,126.95459209343349,0,0,0,0,0,40.0,위험
37.50288178224949,126.95459209343349,2,1,0,0,0,55.0,보통
37.50378009342448,126.95459209343349,4,2,0,0,0,70.0,안전
37.504678404599474,126.95459209343349,4,3,0,0,0,75.0,안전
37.50557671577447,126.95459209343349,4,3,0,0,0,75.0,안전
37.50647502694946,126.95459209343349,3,3,0,0,0,70.0,안전
37.50737333812445,126.95459209343349,1,3,0,0,0,60.0,안전
37.508271649299445,126.95459209343349,1,1,0,0,0,50.0,보통
37.50916996047444,126.95459209343349,1,3,0,0,0,60.0,안전
37.51006827164943,126.95459209343349,4,3,0,0,0,75.0,안전
37.51096658282442,126.95459209343349,4,3,0,0,0,75.0,안전
37.511864893999416,126.95459209343349,4,3,0,0,0,75.0,안전
37.51276320517441,126.95459209343349,0,3,0,0,0,55.0,보통
37.5136615163494,126.95459209343349,0,3,0,0,0,55.0,보통
37.514559827524394,126.95459209343349,0,3,0,0,0,55.0,보통
37.51545813869939,126.95459209343349,0,3,0,0,0,55.0,보통
37.51635644987438,126.95459209343349,0,0,0,0,0,40.0,위험
37.51725476104937,126.95459209343349,0,0,0,0,0,40.0,위험
37.518153072224365,126.95459209343349,0,0,0,0,0,40.0,위험
37.51905138339936,126.95459209343349,0,0,0,0,0,40.0,위험
37.51994969457435,126.95459209343349,0,0,0,0,0,40.0,위험
37.52084800574934,126.95459209343349,0,0,0,0,0,40.0,위험
37.521746316924336,126.95459209343349,0,0,0,0,0,40.0,위험
37.52264462809933,126.95459209343349,0,0,0,0,0,40.0,위험
37.52354293927432,126.95459209343349,0,2,0,0,0,50.0,보통
37.524441250449314,126.95459209343349,0,3,0,0,0,55.0,보통
37.52533956162431,126.95459209343349,0,3,0,0,0,55.0,보통
37.44,126.95572393530216,0,0,0,0,0,40.0,위험
37.44089831117499,126.95572393530216,0,0,0,0,0,40.0,위험
37.44179662234998,126.95572393530216,0,0,0,0,0,40.0,위험
37.442694933524976,126.95572393530216,0,0,0,0,0,40.0,위험
37.44359324469997,126.95572393530216,0,0,0,0,0,40.0,위험
37.44449155587496,126.95572393530216,0,0,0,0,0,40.0,위험
37.445389867049954,126.95572393530216,0,0,0,0,0,40.0,위험
37.44628817822495,126.95572393530216,0,0,0,0,0,40.0,위험
37.44718648939994,126.95572393530216,0,0,0,0,0,40.0,위험
37.44808480057493,126.95572393530216,0,0,0,0,0,40.0,위험
37.448983111749925,126.95572393530216,0,0,0,0,0,40.0,위험
37.44988142292492,126.95572393530216,0,0,0,0,0,40.0,위험
37.45077973409991,126.95572393530216,0,0,0,0,0,40.0,위험
37.4516780452749,126.95572393530216,0,0,0,0,0,40.0,위험
37.452576356449896,126.95572393530216,0,0,0,0,0,40.0,위험
37.45347466762489,126.95572393530216,0,0,0,0,0,40.0,위험
37.45437297879988,126.95572393530216,0,0,0,0,0,40.0,위험
37.455271289974874,126.95572393530216,0,0,0,0,0,40.0,위험
37.45616960114987,126.95572393530216,0,0,0,0,0,40.0,위험
37.45706791232486,126.95572393530216,0,0,0,0,0,40.0,위험
37.45796622349985,126.95572393530216,0,0,0,0,0,40.0,위험
37.458864534674845,126.95572393530216,0,0,0,0,0,40.0,위험
37.45976284584984,126.95572393530216,0,0,0,0,0,40.0,위험
37.46066115702483,126.95572393530216,0,0,0,0,0,40.0,위험
37.46155946819982,126.95572393530216,0,0,0,0,0,40.0,위험
37.462457779374816,126.95572393530216,0,0,0,0,0,40.0,위험
37.46335609054981,126.95572393530216,0,0,0,0,0,40.0,위험
37.4642544017248,126.95572393530216,0,0,0,0,0,40.0,위험
37.465152712899794,126.95572393530216,0,0,0,0,0,40.0,위험
37.46605102407479,126.95572393530216,0,0,0,0,0,40.0,위험
37.46694933524978,126.95572393530216,1,0,0,0,0,45.0,보통
37.46784764642477,126.95572393530216,0,0,0,0,0,40.0,위험
37.468745957599765,126.95572393530216,0,0,0,0,0,40.0,위험
37.46964426877476,126.95572393530216,0,0,0,0,0,40.0,위험
37.47054257994975,126.95572393530216,1,0,0,0,0,45.0,보통
37.47144089112474,126.95572393530216,0,0,0,0,0,40.0,위험
37.472339202299736,126.95572393530216,0,0,0,0,0,40.0,위험
37.47323751347473,126.95572393530216,0,0,0,0,0,40.0,위험
37.47413582464972,126.95572393530216,0,0,0,0,0,40.0,위험
37.475034135824714,126.95572393530216,4,0,0,0,0,60.0,안전
37.47593244699971,126.95572393530216,4,0,1,0,0,65.0,안전
37.4768307581747,126.95572393530216,4,0,1,0,1,75.0,안전
37.47772906934969,126.95572393530216,4,0,1,0,1,75.0,안전
37.478627380524685,126.95572393530216,4,0,0,1,1,67.0,안전
37.47952569169968,126.95572393530216,4,0,0,1,1,67.0,안전
37.48042400287467,126.95572393530216,4,0,0,1,1,67.0,안전
37.48132231404966,126.95572393530216,4,0,0,0,0,60.0,안전
37.482220625224656,126.95572393530216,4,0,1,0,0,65.0,안전
37.48311893639965,126.95572393530216,4,0,2,3,0,61.0,안전
37.48401724757464,126.95572393530216,4,0,1,2,0,59.0,안전
37.484915558749634,126.95572393530216,4,0,1,1,0,62.0,안전
37.48581386992463,126.95572393530216,4,0,0,0,0,60.0,안전
37.48671218109962,126.95572393530216,4,0,1,0,0,65.0,안전
37.48761049227461,126.95572393530216,4,0,0,0,0,60.0,안전
37.488508803449605,126.95572393530216,4,0,0,0,0,60.0,안전
37.4894071146246,126.95572393530216,0,0,0,0,0,40.0,위험
37.49030542579959,126.95572393530216,4,0,0,0,0,60.0,안전
37.49120373697458,126.95572393530216,4,1,1,0,0,70.0,안전
37.492102048149576,126.95572393530216,4,3,0,0,0,75.0,안전
37.49300035932457,126.95572393530216,4,3,0,0,0,75.0,안전
37.49389867049956,126.95572393530216,3,3,0,0,0,70.0,안전
37.494796981674554,126.95572393530216,4,3,2,0,0,85.0,안전
37.49569529284955,126.95572393530216,0,3,2,0,0,65.0,안전
37.49659360402454,126.95572393530216,0,0,1,0,0,45.0,보통
37.49749191519953,126.95572393530216,3,3,0,0,0,70.0,안전
37.498390226374525,126.95572393530216,3,3,0,0,0,70.0,안전
37.49928853754952,126.95572393530216,0,0,0,0,0,40.0,위험
37.50018684872451,126.95572393530216,0,0,0,0,0,40.0,위험
37.5010851598995,126.95572393530216,0,0,0,0,0,40.0,위험
37.501983471074496,126.95572393530216,0,0,1,0,0,45.0,보통
37.50288178224949,126.95572393530216,0,0,1,0,0,45.0,보통
37.50378009342448,126.95572393530216,0,0,1,0,0,45.0,보통
37.504678404599474,126.95572393530216,1,3,1,0,0,65.0,안전
37.50557671577447,126.95572393530216,4,3,0,0,0,75.0,안전
37.50647502694946,126.95572393530216,4,3,0,0,0,75.0,안전
37.50737333812445,126.95572393530216,0,3,0,0,0,55.0,보통
37.508271649299445,126.95572393530216,4,3,0,0,0,75.0,안전
37.50916996047444,126.95572393530216,4,3,0,0,0,75.0,안전
37.51006827164943,126.95572393530216,4,3,0,0,0,75.0,안전
37.51096658282442,126.95572393530216,4,3,0,0,0,75.0,안전
37.511864893999416,126.95572393530216,3,3,0,0,0,70.0,안전
37.51276320517441,126.95572393530216,4,3,0,0,0,75.0,안전
37.5136615163494,126.95572393530216,4,3,0,0,0,75.0,안전
37.514559827524394,126.95572393530216,0,3,0,0,0,55.0,보통
37.51545813869939,126.95572393530216,0,0,0,0,0,40.0,위험
37.51635644987438,126.95572393530216,0,0,0,0,0,40.0,위험
37.51725476104937,126.95572393530216,0,0,0,0,0,40.0,위험
37.518153072224365,126.95572393530216,0,0,0,0,0,40.0,위험
37.51905138339936,126.95572393530216,0,0,0,0,0,40.0,위험
37.51994969457435,126.95572393530216,0,0,0,0,0,40.0,위험
37.52084800574934,126.95572393530216,0,0,0,0,0,40.0,위험
37.521746316924336,126.95572393530216,0,0,0,0,0,40.0,위험
37.52264462809933,126.95572393530216,0,1,0,0,0,45.0,보통
37.52354293927432,126.95572393530216,0,3,0,0,0,55.0,보통
37.524441250449314,126.95572393530216,0,3,0,0,0,55.0,보통
37.52533956162431,126.95572393530216,0,0,0,0,0,40.0,위험
37.44,126.95685577717083,0,0,0,0,0,40.0,위험
37.44089831117499,126.95685577717083,0,0,0,0,0,40.0,위험
37.44179662234998,126.95685577717083,0,0,0,0,0,40.0,위험
37.442694933524976,126.95685577717083,0,0,0,0,0,40.0,위험
37.44359324469997,126.95685577717083,0,0,0,0,0,40.0,위험
37.44449155587496,126.95685577717083,0,0,0,0,0,40.0,위험
37.445389867049954,126.95685577717083,0,0,0,0,0,40.0,위험
37.44628817822495,126.95685577717083,0,0,0,0,0,40.0,위험
37.44718648939994,126.95685577717083,0,0,0,0,0,40.0,위험
37.44808480057493,126.95685577717083,0,0,0,0,0,40.0,위험
37.448983111749925,126.95685577717083,0,0,0,0,0,40.0,위험
37.44988142292492,126.95685577717083,0,0,0,0,0,40.0,위험
37.45077973409991,126.95685577717083,0,0,0,0,0,40.0,위험
37.4516780452749,126.95685577717083,0,0,0,0,0,40.0,위험
37.452576356449896,126.95685577717083,0,0,0,0,0,40.0,위험
37.45347466762489,126.95685577717083,0,0,0,0,0,40.0,위험
37.45437297879988,126.95685577717083,0,0,0,0,0,40.0,위험
37.455271289974874,126.95685577717083,0,0,0,0,0,40.0,위험
37.45616960114987,126.95685577717083,0,0,0,0,0,40.0,위험
37.45706791232486,126.95685577717083,0,0,0,0,0,40.0,위험
37.45796622349985,126.95685577717083,0,0,0,0,0,40.0,위험
37.458864534674845,126.95685577717083,0,0,0,0,0,40.0,위험
37.45976284584984,126.95685577717083,0,0,0,0,0,40.0,위험
37.46066115702483,126.95685577717083,0,0,0,0,0,40.0,위험
37.46155946819982,126.95685577717083,0,0,0,0,0,40.0,위험
37.462457779374816,126.95685577717083,0,0,0,0,0,40.0,위험
37.46335609054981,126.95685577717083,0,0,0,0,0,40.0,위험
37.4642544017248,126.95685577717083,0,0,1,0,0,45.0,보통
37.465152712899794,126.95685577717083,0,0,1,0,0,45.0,보통
37.46605102407479,126.95685577717083,0,0,0,0,0,40.0,위험
37.46694933524978,126.95685577717083,0,0,0,0,0,40.0,위험
37.46784764642477,126.95685577717083,0,0,0,0,0,40.0,위험
37.468745957599765,126.95685577717083,0,0,0,0,0,40.0,위험
37.46964426877476,126.95685577717083,2,0,0,0,0,50.0,보통
37.47054257994975,126.95685577717083,4,0,0,0,0,60.0,안전
37.47144089112474,126.95685577717083,3,0,0,0,0,55.0,보통
37.472339202299736,126.95685577717083,0,0,0,0,0,40.0,위험
37.47323751347473,126.95685577717083,0,0,0,0,0,40.0,위험
37.47413582464972,126.95685577717083,4,0,0,0,0,60.0,안전
37.475034135824714,126.95685577717083,4,0,0,0,0,60.0,안전
37.47593244699971,126.95685577717083,4,0,0,0,1,70.0,안전
37.4768307581747,126.95685577717083,4,0,0,0,1,70.0,안전
37.47772906934969,126.95685577717083,4,0,1,0,1,75.0,안전
37.478627380524685,126.95685577717083,4,0,1,0,1,75.0,안전
37.47952569169968,126.95685577717083,4,0,1,2,1,69.0,안전
37.48042400287467,126.95685577717083,4,0,0,1,1,67.0,안전
37.48132231404966,126.95685577717083,4,0,0,0,0,60.0,안전
37.482220625224656,126.95685577717083,4,0,1,0,0,65.0,안전
37.48311893639965,126.95685577717083,4,0,0,0,0,60.0,안전
37.48401724757464,126.95685577717083,4,0,1,0,0,65.0,안전
37.484915558749634,126.95685577717083,4,0,1,0,0,65.0,안전
37.48581386992463,126.95685577717083,4,0,1,0,0,65.0,안전
37.48671218109962,126.95685577717083,4,0,0,0,0,60.0,안전
37.48761049227461,126.95685577717083,4,0,0,0,0,60.0,안전
37.488508803449605,126.95685577717083,4,0,1,0,0,65.0,안전
37.4894071146246,126.95685577717083,3,0,1,0,0,60.0,안전
37.49030542579959,126.95685577717083,4,0,1,0,0,65.0,안전
37.49120373697458,126.95685577717083,4,0,1,0,0,65.0,안전
37.492102048149576,126.95685577717083,0,1,0,0,0,45.0,보통
37.49300035932457,126.95685577717083,0,3,1,0,0,60.0,안전
37.49389867049956,126.95685577717083,4,3,2,0,0,85.0,안전
37.494796981674554,126.95685577717083,4,3,2,0,0,85.0,안전
37.49569529284955,126.95685577717083,0,1,2,0,0,55.0,보통
37.49659360402454,126.95685577717083,0,0,2,0,0,50.0,보통
37.49749191519953,126.95685577717083,0,3,1,0,0,60.0,안전
37.498390226374525,126.95685577717083,0,3,0,0,0,55.0,보통
37.49928853754952,126.95685577717083,0,0,0,0,0,40.0,위험
37.50018684872451,126.95685577717083,0,0,0,0,0,40.0,위험
37.5010851598995,126.95685577717083,0,0,0,0,0,40.0,위험
37.501983471074496,126.95685577717083,0,0,2,0,0,50.0,보통
37.50288178224949,126.95685577717083,0,0,2,0,0,50.0,보통
37.50378009342448,126.95685577717083,0,0,1,0,0,45.0,보통
37.504678404599474,126.95685577717083,0,1,0,0,0,45.0,보통
37.50557671577447,126.95685577717083,4,3,0,0,0,75.0,안전
37.50647502694946,126.95685577717083,4,3,0,0,0,75.0,안전
37.50737333812445,126.95685577717083,4,3,0,0,0,75.0,안전
37.508271649299445,126.95685577717083,4,3,0,0,0,75.0,안전
37.50916996047444,126.95685577717083,4,3,0,0,0,75.0,안전
37.51006827164943,126.95685577717083,4,3,0,0,0,75.0,안전
37.51096658282442,126.95685577717083,4,3,0,0,0,75.0,안전
37.511864893999416,126.95685577717083,4,3,0,0,0,75.0,안전
37.51276320517441,126.95685577717083,4,3,0,0,0,75.0,안전
37.5136615163494,126.95685577717083,3,3,0,0,0,70.0,안전
37.514559827524394,126.95685577717083,0,3,0,0,0,55.0,보통
37.51545813869939,126.95685577717083,0,3,0,0,0,55.0,보통
37.51635644987438,126.95685577717083,0,3,0,0,0,55.0,보통
37.51725476104937,126.95685577717083,0,0,0,0,0,40.0,위험
37.518153072224365,126.95685577717083,0,0,0,0,0,40.0,위험
37.51905138339936,126.95685577717083,0,0,0,0,0,40.0,위험
37.51994969457435,126.95685577717083,0,0,0,0,0,40.0,위험
37.52084800574934,126.95685577717083,0,0,0,0,0,40.0,위험
37.521746316924336,126.95685577717083,0,0,0,0,0,40.0,위험
37.52264462809933,126.95685577717083,0,3,0,0,0,55.0,보통
37.52354293927432,126.95685577717083,0,3,0,0,0,55.0,보통
37.524441250449314,126.95685577717083,0,0,0,0,0,40.0,위험
37.52533956162431,126.95685577717083,0,0,0,0,0,40.0,위험
37.44,126.9579876190395,0,0,0,0,0,40.0,위험
37.44089831117499,126.9579876190395,0,0,0,0,0,40.0,위험
37.44179662234998,126.9579876190395,0,0,0,0,0,40.0,위험
37.442694933524976,126.9579876190395,0,0,0,0,0,40.0,위험
37.44359324469997,126.9579876190395,0,0,0,0,0,40.0,위험
37.44449155587496,126.9579876190395,0,0,0,0,0,40.0,위험
37.445389867049954,126.9579876190395,0,0,0,0,0,40.0,위험
37.44628817822495,126.9579876190395,0,0,0,0,0,40.0,위험
37.44718648939994,126.9579876190395,0,0,0,0,0,40.0,위험
37.44808480057493,126.9579876190395,0,0,0,0,0,40.0,위험
37.448983111749925,126.9579876190395,0,0,0,0,0,40.0,위험
37.44988142292492,126.9579876190395,0,0,0,0,0,40.0,위험
37.45077973409991,126.9579876190395,0,0,0,0,0,40.0,위험
37.4516780452749,126.9579876190395,0,0,0,0,0,40.0,위험
37.452576356449896,126.9579876190395,0,0,0,0,0,40.0,위험
37.45347466762489,126.9579876190395,0,0,0,0,0,40.0,위험
37.45437297879988,126.9579876190395,0,0,0,0,0,40.0,위험
37.455271289974874,126.9579876190395,0,0,0,0,0,40.0,위험
37.45616960114987,126.9579876190395,0,0,0,0,0,40.0,위험
37.45706791232486,126.9579876190395,0,0,0,0,0,40.0,위험
37.45796622349985,126.9579876190395,0,0,0,0,0,40.0,위험
37.458864534674845,126.9579876190395,0,0,0,0,0,40.0,위험
37.45976284584984,126.9579876190395,0,0,0,0,0,40.0,위험
37.46066115702483,126.9579876190395,0,0,1,0,0,45.0,보통
37.46155946819982,126.9579876190395,0,0,1,0,0,45.0,보통
37.462457779374816,126.9579876190395,0,0,0,0,0,40.0,위험
37.46335609054981,126.9579876190395,0,0,1,0,0,45.0,보통
37.4642544017248,126.9579876190395,0,0,2,0,0,50.0,보통
37.465152712899794,126.9579876190395,0,0,1,0,0,45.0,보통
37.46605102407479,126.9579876190395,0,0,0,0,0,40.0,위험
37.46694933524978,126.9579876190395,0,0,0,0,0,40.0,위험
37.46784764642477,126.9579876190395,2,0,0,0,0,50.0,보통
37.468745957599765,126.9579876190395,3,0,0,0,0,55.0,보통
37.46964426877476,126.9579876190395,1,0,0,0,0,45.0,보통
37.47054257994975,126.9579876190395,4,0,0,0,0,60.0,안전
37.47144089112474,126.9579876190395,4,0,0,0,0,60.0,안전
37.472339202299736,126.9579876190395,0,0,0,0,0,40.0,위험
37.47323751347473,126.9579876190395,0,0,0,0,0,40.0,위험
37.47413582464972,126.9579876190395,2,0,0,0,0,50.0,보통
37.475034135824714,126.9579876190395,4,0,0,0,0,60.0,안전
37.47593244699971,126.9579876190395,4,0,0,0,1,70.0,안전
37.4768307581747,126.9579876190395,4,0,1,0,1,75.0,안전
37.47772906934969,126.9579876190395,4,0,1,0,1,75.0,안전
37.478627380524685,126.9579876190395,4,0,1,0,1,75.0,안전
37.47952569169968,126.9579876190395,4,0,1,1,1,72.0,안전
37.48042400287467,126.9579876190395,4,0,1,1,1,72.0,안전
37.48132231404966,126.9579876190395,4,0,1,0,0,65.0,안전
37.482220625224656,126.9579876190395,4,0,1,0,0,65.0,안전
37.48311893639965,126.9579876190395,4,0,0,0,0,60.0,안전
37.48401724757464,126.9579876190395,1,0,0,0,0,45.0,보통
37.484915558749634,126.9579876190395,4,0,1,0,0,65.0,안전
37.48581386992463,126.9579876190395,4,0,0,0,0,60.0,안전
37.48671218109962,126.9579876190395,4,0,1,0,0,65.0,안전
37.48761049227461,126.9579876190395,4,0,0,0,0,60.0,안전
37.488508803449605,126.9579876190395,4,0,1,0,0,65.0,안전
37.4894071146246,126.9579876190395,4,0,1,0,0,65.0,안전
37.49030542579959,126.9579876190395,4,0,0,0,0,60.0,안전
37.49120373697458,126.9579876190395,4,0,0,0,0,60.0,안전
37.492102048149576,126.9579876190395,0,0,0,0,0,40.0,위험
37.49300035932457,126.9579876190395,0,0,1,0,0,45.0,보통
37.49389867049956,126.9579876190395,4,3,0,0,0,75.0,안전
37.494796981674554,126.9579876190395,4,3,2,0,0,85.0,안전
37.49569529284955,126.9579876190395,0,1,1,0,0,50.0,보통
37.49659360402454,126.9579876190395,0,0,2,0,0,50.0,보통
37.49749191519953,126.9579876190395,0,3,2,0,0,65.0,안전
37.498390226374525,126.9579876190395,0,1,0,0,0,45.0,보통
37.49928853754952,126.9579876190395,0,1,0,0,0,45.0,보통
37.50018684872451,126.9579876190395,0,0,0,0,0,40.0,위험
37.5010851598995,126.9579876190395,0,0,0,0,0,40.0,위험
37.501983471074496,126.9579876190395,0,0,0,0,0,40.0,위험
37.50288178224949,126.9579876190395,0,0,1,0,0,45.0,보통
37.50378009342448,126.9579876190395,0,0,0,0,0,40.0,위험
37.504678404599474,126.9579876190395,0,0,0,0,0,40.0,위험
37.50557671577447,126.9579876190395,0,0,0,0,0,40.0,위험
37.50647502694946,126.9579876190395,4,3,0,0,0,75.0,안전
37.50737333812445,126.9579876190395,4,3,0,0,0,75.0,안전
37.508271649299445,126.9579876190395,4,3,0,0,0,75.0,안전
37.50916996047444,126.9579876190395,4,3,0,0,0,75.0,안전
37.51006827164943,126.9579876190395,4,3,0,0,0,75.0,안전
37.51096658282442,126.9579876190395,4,3,0,0,0,75.0,안전
37.511864893999416,126.9579876190395,4,2,0,0,0,70.0,안전
37.51276320517441,126.9579876190395,0,3,0,0,0,55.0,보통
37.5136615163494,126.9579876190395,0,3,0,0,0,55.0,보통
37.514559827524394,126.9579876190395,0,3,0,0,0,55.0,보통
37.51545813869939,126.9579876190395,0,3,0,0,0,55.0,보통
37.51635644987438,126.9579876190395,0,3,0,0,0,55.0,보통
37.51725476104937,126.9579876190395,0,3,0,0,0,55.0,보통
37.518153072224365,126.9579876190395,0,2,0,0,0,50.0,보통
37.51905138339936,126.9579876190395,0,0,0,0,0,40.0,위험
37.51994969457435,126.9579876190395,0,0,0,0,0,40.0,위험
37.52084800574934,126.9579876190395,0,0,0,0,0,40.0,위험
37.521746316924336,126.9579876190395,0,2,0,0,0,50.0,보통
37.52264462809933,126.9579876190395,0,3,0,0,0,55.0,보통
37.52354293927432,126.9579876190395,0,2,0,0,0,50.0,보통
37.524441250449314,126.9579876190395,0,0,0,0,0,40.0,위험
37.52533956162431,126.9579876190395,0,0,0,0,0,40.0,위험
37.44,126.95911946090817,0,0,0,0,0,40.0,위험
37.44089831117499,126.95911946090817,0,0,0,0,0,40.0,위험
37.44179662234998,126.95911946090817,0,0,0,0,0,40.0,위험
37.442694933524976,126.95911946090817,0,0,0,0,0,40.0,위험
37.44359324469997,126.95911946090817,0,0,0,0,0,40.0,위험
37.44449155587496,126.95911946090817,0,0,0,0,0,40.0,위험
37.445389867049954,126.95911946090817,0,0,0,0,0,40.0,위험
37.44628817822495,126.95911946090817,0,0,0,0,0,40.0,위험
37.44718648939994,126.95911946090817,0,0,0,0,0,40.0,위험
37.44808480057493,126.95911946090817,0,0,0,0,0,40.0,위험
37.448983111749925,126.95911946090817,0,0,0,0,0,40.0,위험
37.44988142292492,126.95911946090817,0,0,0,0,0,40.0,위험
37.45077973409991,126.95911946090817,0,0,0,0,0,40.0,위험
37.4516780452749,126.95911946090817,0,0,0,0,0,40.0,위험
37.452576356449896,126.95911946090817,0,0,0,0,0,40.0,위험
37.45347466762489,126.95911946090817,0,0,0,0,0,40.0,위험
37.45437297879988,126.95911946090817,0,0,0,0,0,40.0,위험
37.455271289974874,126.95911946090817,0,0,0,0,0,40.0,위험
37.45616960114987,126.95911946090817,0,0,0,0,0,40.0,위험
37.45706791232486,126.95911946090817,0,0,0,0,0,40.0,위험
37.45796622349985,126.95911946090817,0,0,0,0,0,40.0,위험
37.458864534674845,126.95911946090817,0,0,0,0,0,40.0,위험
37.45976284584984,126.95911946090817,0,0,0,0,0,40.0,위험
37.46066115702483,126.95911946090817,0,0,0,0,0,40.0,위험
37.46155946819982,126.95911946090817,0,0,1,0,0,45.0,보통
37.462457779374816,126.95911946090817,0,0,0,0,0,40.0,위험
37.46335609054981,126.95911946090817,0,0,1,0,0,45.0,보통
37.4642544017248,126.95911946090817,0,0,0,0,0,40.0,위험
37.465152712899794,126.95911946090817,0,0,1,0,0,45.0,보통
37.46605102407479,126.95911946090817,0,0,1,0,0,45.0,보통
37.46694933524978,126.95911946090817,0,0,0,0,0,40.0,위험
37.46784764642477,126.95911946090817,0,0,0,0,0,40.0,위험
37.468745957599765,126.95911946090817,2,0,0,0,0,50.0,보통
37.46964426877476,126.95911946090817,0,0,0,0,0,40.0,위험
37.47054257994975,126.95911946090817,4,0,0,0,0,60.0,안전
37.47144089112474,126.95911946090817,4,0,0,0,0,60.0,안전
37.472339202299736,126.95911946090817,4,0,0,0,0,60.0,안전
37.47323751347473,126.95911946090817,3,0,0,0,0,55.0,보통
37.47413582464972,126.95911946090817,4,0,0,0,0,60.0,안전
37.475034135824714,126.95911946090817,4,0,0,0,0,60.0,안전
37.47593244699971,126.95911946090817,4,0,0,0,0,60.0,안전
37.4768307581747,126.95911946090817,4,0,1,0,1,75.0,안전
37.47772906934969,126.95911946090817,4,0,2,0,1,80.0,안전
37.478627380524685,126.95911946090817,4,0,1,0,1,75.0,안전
37.47952569169968,126.95911946090817,4,0,1,0,1,75.0,안전
37.48042400287467,126.95911946090817,4,0,1,0,1,75.0,안전
37.48132231404966,126.95911946090817,4,0,2,0,0,70.0,안전
37.482220625224656,126.95911946090817,4,0,1,0,0,65.0,안전
37.48311893639965,126.95911946090817,4,0,0,0,0,60.0,안전
37.48401724757464,126.95911946090817,4,0,1,0,0,65.0,안전
37.484915558749634,126.95911946090817,1,0,1,0,0,50.0,보통
37.48581386992463,126.95911946090817,4,0,1,0,0,65.0,안전
37.48671218109962,126.95911946090817,4,0,1,0,0,65.0,안전
37.48761049227461,126.95911946090817,4,0,1,0,0,65.0,안전
37.488508803449605,126.95911946090817,4,0,1,0,0,65.0,안전
37.4894071146246,126.95911946090817,4,0,0,0,0,60.0,안전
37.49030542579959,126.95911946090817,4,0,0,0,0,60.0,안전
37.49120373697458,126.95911946090817,4,0,1,0,0,65.0,안전
37.492102048149576,126.95911946090817,4,0,1,0,0,65.0,안전
37.49300035932457,126.95911946090817,0,0,0,0,0,40.0,위험
37.49389867049956,126.95911946090817,0,3,1,0,0,60.0,안전
37.494796981674554,126.95911946090817,0,3,2,0,0,65.0,안전
37.49569529284955,126.95911946090817,0,3,1,0,0,60.0,안전
37.49659360402454,126.95911946090817,0,3,1,0,0,60.0,안전
37.49749191519953,126.95911946090817,0,3,1,0,0,60.0,안전
37.498390226374525,126.95911946090817,0,2,0,0,0,50.0,보통
37.49928853754952,126.95911946090817,0,3,0,0,0,55.0,보통
37.50018684872451,126.95911946090817,0,3,0,0,0,55.0,보통
37.5010851598995,126.95911946090817,4,3,0,0,0,75.0,안전
37.501983471074496,126.95911946090817,0,0,1,0,0,45.0,보통
37.50288178224949,126.95911946090817,0,0,0,0,0,40.0,위험
37.50378009342448,126.95911946090817,0,0,0,0,0,40.0,위험
37.504678404599474,126.95911946090817,0,0,0,0,0,40.0,위험
37.50557671577447,126.95911946090817,0,0,0,0,0,40.0,위험
37.50647502694946,126.95911946090817,3,3,0,0,0,70.0,안전
37.50737333812445,126.95911946090817,4,3,0,0,0,75.0,안전
37.508271649299445,126.95911946090817,4,3,0,0,0,75.0,안전
37.50916996047444,126.95911946090817,4,3,0,0,0,75.0,안전
37.51006827164943,126.95911946090817,4,3,0,0,0,75.0,안전
37.51096658282442,126.95911946090817,0,1,0,0,0,45.0,보통
37.511864893999416,126.95911946090817,0,3,0,0,0,55.0,보통
37.51276320517441,126.95911946090817,0,3,0,0,0,55.0,보통
37.5136615163494,126.95911946090817,0,3,0,0,0,55.0,보통
37.514559827524394,126.95911946090817,0,0,0,0,0,40.0,위험
37.51545813869939,126.95911946090817,0,0,0,0,0,40.0,위험
37.51635644987438,126.95911946090817,0,3,0,0,0,55.0,보통
37.51725476104937,126.95911946090817,0,3,0,0,0,55.0,보통
37.518153072224365,126.95911946090817,0,3,0,0,0,55.0,보통
37.51905138339936,126.95911946090817,0,3,0,0,0,55.0,보통
37.51994969457435,126.95911946090817,0,1,0,0,0,45.0,보통
37.52084800574934,126.95911946090817,0,0,0,0,0,40.0,위험
37.521746316924336,126.95911946090817,0,3,0,0,0,55.0,보통
37.52264462809933,126.95911946090817,0,3,0,0,0,55.0,보통
37.52354293927432,126.95911946090817,0,0,0,0,0,40.0,위험
37.524441250449314,126.95911946090817,0,0,0,0,0,40.0,위험
37.52533956162431,126.95911946090817,0,0,0,0,0,40.0,위험
37.44,126.96025130277684,0,0,0,0,0,40.0,위험
37.44089831117499,126.96025130277684,0,0,0,0,0,40.0,위험
37.44179662234998,126.96025130277684,0,0,0,0,0,40.0,위험
37.442694933524976,126.96025130277684,0,0,0,0,0,40.0,위험
37.44359324469997,126.96025130277684,0,0,0,0,0,40.0,위험
37.44449155587496,126.96025130277684,0,0,0,0,0,40.0,위험
37.445389867049954,126.96025130277684,0,0,0,0,0,40.0,위험
37.44628817822495,126.96025130277684,0,0,0,0,0,40.0,위험
37.44718648939994,126.96025130277684,0,0,0,0,0,40.0,위험
37.44808480057493,126.96025130277684,0,0,0,0,0,40.0,위험
37.448983111749925,126.96025130277684,0,0,0,0,0,40.0,위험
37.44988142292492,126.96025130277684,0,0,0,0,0,40.0,위험
37.45077973409991,126.96025130277684,0,0,0,0,0,40.0,위험
37.4516780452749,126.96025130277684,0,0,0,0,0,40.0,위험
37.452576356449896,126.96025130277684,0,0,0,0,0,40.0,위험
37.45347466762489,126.96025130277684,0,0,0,0,0,40.0,위험
37.45437297879988,126.96025130277684,0,0,0,0,0,40.0,위험
37.455271289974874,126.96025130277684,0,0,0,0,0,40.0,위험
37.45616960114987,126.96025130277684,0,0,0,0,0,40.0,위험
37.45706791232486,126.96025130277684,0,0,0,0,0,40.0,위험
37.45796622349985,126.96025130277684,0,0,0,0,0,40.0,위험
37.458864534674845,126.96025130277684,0,0,0,0,0,40.0,위험
37.45976284584984,126.96025130277684,0,0,0,0,0,40.0,위험
37.46066115702483,126.96025130277684,0,0,0,0,0,40.0,위험
37.46155946819982,126.96025130277684,0,0,0,0,0,40.0,위험
37.462457779374816,126.96025130277684,0,0,0,0,0,40.0,위험
37.46335609054981,126.96025130277684,0,0,0,0,0,40.0,위험
37.4642544017248,126.96025130277684,0,0,0,0,0,40.0,위험
37.465152712899794,126.96025130277684,0,0,1,0,0,45.0,보통
37.46605102407479,126.96025130277684,0,0,1,0,0,45.0,보통
37.46694933524978,126.96025130277684,0,0,0,0,0,40.0,위험
37.46784764642477,126.96025130277684,0,0,0,0,0,40.0,위험
37.468745957599765,126.96025130277684,0,0,0,0,0,40.0,위험
37.46964426877476,126.96025130277684,0,0,0,0,0,40.0,위험
37.47054257994975,126.96025130277684,4,0,0,0,0,60.0,안전
37.47144089112474,126.96025130277684,4,0,0,0,0,60.0,안전
37.472339202299736,126.96025130277684,4,0,0,0,0,60.0,안전
37.47323751347473,126.96025130277684,4,0,0,0,0,60.0,안전
37.47413582464972,126.96025130277684,4,0,0,0,0,60.0,안전
37.475034135824714,126.96025130277684,4,0,0,0,0,60.0,안전
37.47593244699971,126.96025130277684,4,0,0,0,0,60.0,안전
37.4768307581747,126.96025130277684,3,0,1,0,1,70.0,안전
37.47772906934969,126.96025130277684,4,0,2,0,1,80.0,안전
37.478627380524685,126.96025130277684,4,0,2,0,1,80.0,안전
37.47952569169968,126.96025130277684,4,0,1,0,1,75.0,안전
37.48042400287467,126.96025130277684,4,0,1,0,0,65.0,안전
37.48132231404966,126.96025130277684,4,0,1,0,0,65.0,안전
37.482220625224656,126.96025130277684,4,0,1,0,0,65.0,안전
37.48311893639965,126.96025130277684,4,0,1,0,0,65.0,안전
37.48401724757464,126.96025130277684,4,0,0,0,0,60.0,안전
37.484915558749634,126.96025130277684,1,0,0,0,0,45.0,보통
37.48581386992463,126.96025130277684,0,0,0,0,0,40.0,위험
37.48671218109962,126.96025130277684,4,0,0,0,0,60.0,안전
37.48761049227461,126.96025130277684,4,0,0,0,0,60.0,안전
37.488508803449605,126.96025130277684,4,0,1,0,0,65.0,안전
37.4894071146246,126.96025130277684,4,0,0,0,0,60.0,안전
37.49030542579959,126.96025130277684,4,0,0,0,0,60.0,안전
37.49120373697458,126.96025130277684,4,0,1,0,0,65.0,안전
37.492102048149576,126.96025130277684,4,0,1,0,0,65.0,안전
37.49300035932457,126.96025130277684,3,0,0,0,0,55.0,보통
37.49389867049956,126.96025130277684,3,3,1,0,0,75.0,안전
37.494796981674554,126.96025130277684,0,3,2,0,0,65.0,안전
37.49569529284955,126.96025130277684,0,3,2,0,0,65.0,안전
37.49659360402454,126.96025130277684,0,3,0,0,0,55.0,보통
37.49749191519953,126.96025130277684,0,0,0,0,0,40.0,위험
37.498390226374525,126.96025130277684,0,1,0,0,0,45.0,보통
37.49928853754952,126.96025130277684,3,3,0,0,0,70.0,안전
37.50018684872451,126.96025130277684,3,3,0,0,0,70.0,안전
37.5010851598995,126.96025130277684,4,3,0,0,0,75.0,안전
37.501983471074496,126.96025130277684,4,3,1,0,0,80.0,안전
37.50288178224949,126.96025130277684,0,3,1,0,0,60.0,안전
37.50378009342448,126.96025130277684,3,3,1,0,0,75.0,안전
37.504678404599474,126.96025130277684,1,1,1,0,0,55.0,보통
37.50557671577447,126.96025130277684,1,1,0,0,0,50.0,보통
37.50647502694946,126.96025130277684,4,3,0,0,0,75.0,안전
37.50737333812445,126.96025130277684,4,3,0,0,0,75.0,안전
37.508271649299445,126.96025130277684,4,3,0,0,0,75.0,안전
37.50916996047444,126.96025130277684,4,3,0,0,0,75.0,안전
37.51006827164943,126.96025130277684,1,1,0,0,0,50.0,보통
37.51096658282442,126.96025130277684,0,3,0,0,0,55.0,보통
37.511864893999416,126.96025130277684,0,3,0,0,0,55.0,보통
37.51276320517441,126.96025130277684,0,3,0,0,0,55.0,보통
37.5136615163494,126.96025130277684,0,0,0,0,0,40.0,위험
37.514559827524394,126.96025130277684,0,0,0,0,0,40.0,위험
37.51545813869939,126.96025130277684,0,0,0,0,0,40.0,위험
37.51635644987438,126.96025130277684,0,0,0,0,0,40.0,위험
37.51725476104937,126.96025130277684,0,0,0,0,0,40.0,위험
37.518153072224365,126.96025130277684,0,3,0,0,0,55.0,보통
37.51905138339936,126.96025130277684,0,3,0,0,0,55.0,보통
37.51994969457435,126.96025130277684,0,3,0,0,0,55.0,보통
37.52084800574934,126.96025130277684,0,3,0,0,0,55.0,보통
37.521746316924336,126.96025130277684,0,3,0,0,0,55.0,보통
37.52264462809933,126.96025130277684,0,3,0,0,0,55.0,보통
37.52354293927432,126.96025130277684,0,0,0,0,0,40.0,위험
37.524441250449314,126.96025130277684,0,0,0,0,0,40.0,위험
37.52533956162431,126.96025130277684,0,0,0,0,0,40.0,위험
37.44,126.96138314464551,0,0,0,0,0,40.0,위험
37.44089831117499,126.96138314464551,0,0,0,0,0,40.0,위험
37.44179662234998,126.96138314464551,0,0,0,0,0,40.0,위험
37.442694933524976,126.96138314464551,0,0,0,0,0,40.0,위험
37.44359324469997,126.96138314464551,0,0,0,0,0,40.0,위험
37.44449155587496,126.96138314464551,0,0,0,0,0,40.0,위험
37.445389867049954,126.96138314464551,0,0,0,0,0,40.0,위험
37.44628817822495,126.96138314464551,0,0,0,0,0,40.0,위험
37.44718648939994,126.96138314464551,0,0,0,0,0,40.0,위험
37.44808480057493,126.96138314464551,0,0,0,0,0,40.0,위험
37.448983111749925,126.96138314464551,0,0,0,0,0,40.0,위험
37.44988142292492,126.96138314464551,0,0,0,0,0,40.0,위험
37.45077973409991,126.96138314464551,0,0,0,0,0,40.0,위험
37.4516780452749,126.96138314464551,0,0,0,0,0,40.0,위험
37.452576356449896,126.96138314464551,0,0,0,0,0,40.0,위험
37.45347466762489,126.96138314464551,0,0,0,0,0,40.0,위험
37.45437297879988,126.96138314464551,0,0,0,0,0,40.0,위험
37.455271289974874,126.96138314464551,0,0,0,0,0,40.0,위험
37.45616960114987,126.96138314464551,0,0,0,0,0,40.0,위험
37.45706791232486,126.96138314464551,0,0,0,0,0,40.0,위험
37.45796622349985,126.96138314464551,0,0,0,0,0,40.0,위험
37.458864534674845,126.96138314464551,0,0,0,0,0,40.0,위험
37.45976284584984,126.96138314464551,0,0,0,0,0,40.0,위험
37.46066115702483,126.96138314464551,0,0,0,0,0,40.0,위험
37.46155946819982,126.96138314464551,0,0,0,0,0,40.0,위험
37.462457779374816,126.96138314464551,0,0,0,0,0,40.0,위험
37.46335609054981,126.96138314464551,0,0,0,0,0,40.0,위험
37.4642544017248,126.96138314464551,0,0,0,0,0,40.0,위험
37.465152712899794,126.96138314464551,0,0,0,0,0,40.0,위험
37.46605102407479,126.96138314464551,0,0,0,0,0,40.0,위험
37.46694933524978,126.96138314464551,0,0,0,0,0,40.0,위험
37.46784764642477,126.96138314464551,0,0,0,0,0,40.0,위험
37.468745957599765,126.96138314464551,0,0,0,0,0,40.0,위험
37.46964426877476,126.96138314464551,0,0,0,0,0,40.0,위험
37.47054257994975,126.96138314464551,4,0,0,0,0,60.0,안전
37.47144089112474,126.96138314464551,4,0,0,0,0,60.0,안전
37.472339202299736,126.96138314464551,1,0,0,0,0,45.0,보통
37.47323751347473,126.96138314464551,4,0,0,0,0,60.0,안전
37.47413582464972,126.96138314464551,4,0,0,0,0,60.0,안전
37.475034135824714,126.96138314464551,4,0,0,0,0,60.0,안전
37.47593244699971,126.96138314464551,4,0,1,0,0,65.0,안전
37.4768307581747,126.96138314464551,4,0,1,0,0,65.0,안전
37.47772906934969,126.96138314464551,4,0,2,0,0,70.0,안전
37.478627380524685,126.96138314464551,4,0,2,0,0,70.0,안전
37.47952569169968,126.96138314464551,4,0,0,0,0,60.0,안전
37.48042400287467,126.96138314464551,4,0,0,0,0,60.0,안전
37.48132231404966,126.96138314464551,4,0,1,0,0,65.0,안전
37.482220625224656,126.96138314464551,4,0,1,0,0,65.0,안전
37.48311893639965,126.96138314464551,2,0,0,0,0,50.0,보통
37.48401724757464,126.96138314464551,0,0,0,0,0,40.0,위험
37.484915558749634,126.96138314464551,3,0,0,0,0,55.0,보통
37.48581386992463,126.96138314464551,3,0,0,0,0,55.0,보통
37.48671218109962,126.96138314464551,3,0,0,0,0,55.0,보통
37.48761049227461,126.96138314464551,1,0,0,0,0,45.0,보통
37.488508803449605,126.96138314464551,2,0,0,0,0,50.0,보통
37.4894071146246,126.96138314464551,2,3,0,0,0,65.0,안전
37.49030542579959,126.96138314464551,2,3,0,0,0,65.0,안전
37.49120373697458,126.96138314464551,0,0,0,0,0,40.0,위험
37.492102048149576,126.96138314464551,0,0,0,0,0,40.0,위험
37.49300035932457,126.96138314464551,3,3,0,0,0,70.0,안전
37.49389867049956,126.96138314464551,3,3,0,0,0,70.0,안전
37.494796981674554,126.96138314464551,0,3,1,0,0,60.0,안전
37.49569529284955,126.96138314464551,0,3,0,0,0,55.0,보통
37.49659360402454,126.96138314464551,0,0,0,0,0,40.0,위험
37.49749191519953,126.96138314464551,0,0,0,0,0,40.0,위험
37.498390226374525,126.96138314464551,0,0,0,0,0,40.0,위험
37.49928853754952,126.96138314464551,4,0,0,0,0,60.0,안전
37.50018684872451,126.96138314464551,4,0,0,0,0,60.0,안전
37.5010851598995,126.96138314464551,0,0,0,0,0,40.0,위험
37.501983471074496,126.96138314464551,0,0,1,0,0,45.0,보통
37.50288178224949,126.96138314464551,4,2,1,0,0,75.0,안전
37.50378009342448,126.96138314464551,4,3,1,0,0,80.0,안전
37.504678404599474,126.96138314464551,1,1,1,0,0,55.0,보통
37.50557671577447,126.96138314464551,4,2,0,0,0,70.0,안전
37.50647502694946,126.96138314464551,4,3,0,0,0,75.0,안전
37.50737333812445,126.96138314464551,4,3,0,0,0,75.0,안전
37.508271649299445,126.96138314464551,4,3,0,0,0,75.0,안전
37.50916996047444,126.96138314464551,4,3,0,0,0,75.0,안전
37.51006827164943,126.96138314464551,1,1,0,0,0,50.0,보통
37.51096658282442,126.96138314464551,0,3,0,0,0,55.0,보통
37.511864893999416,126.96138314464551,0,3,0,0,0,55.0,보통
37.51276320517441,126.96138314464551,0,3,0,0,0,55.0,보통
37.5136615163494,126.96138314464551,0,0,0,0,0,40.0,위험
37.514559827524394,126.96138314464551,0,0,0,0,0,40.0,위험
37.51545813869939,126.96138314464551,0,0,0,0,0,40.0,위험
37.51635644987438,126.96138314464551,0,0,0,0,0,40.0,위험
37.51725476104937,126.96138314464551,0,0,0,0,0,40.0,보통
37.518153072224365,126.96138314464551,0,0,0,0,0,40.0,보통
37.51905138339936,126.96138314464551,0,0,0,0,0,40.0,보통
37.51994969457435,126.96138314464551,0,2,0,0,0,50.0,보통
37.52084800574934,126.96138314464551,0,3,0,0,0,55.0,보통
37.521746316924336,126.96138314464551,0,3,0,0,0,55.0,보통
37.52264462809933,126.96138314464551,0,2,0,0,0,50.0,보통
37.52354293927432,126.96138314464551,0,0,0,0,0,40.0,보통
37.524441250449314,126.96138314464551,0,0,0,0,0,40.0,보통
37.52533956162431,126.96138314464551,0,0,0,0,0,40.0,보통
37.44,126.96251498651418,0,0,0,0,0,40.0,보통
37.44089831117499,126.96251498651418,0,0,0,0,0,40.0,보통
37.44179662234998,126.96251498651418,0,0,0,0,0,40.0,보통
37.442694933524976,126.96251498651418,0,0,0,0,0,40.0,보통
37.44359324469997,126.96251498651418,0,0,0,0,0,40.0,보통
37.44449155587496,126.96251498651418,0,0,0,0,0,40.0,보통
37.445389867049954,126.96251498651418,0,0,0,0,0,40.0,보통
37.44628817822495,126.96251498651418,0,0,0,0,0,40.0,보통
37.44718648939994,126.96251498651418,0,0,0,0,0,40.0,보통
37.44808480057493,126.96251498651418,0,0,0,0,0,40.0,보통
37.448983111749925,126.96251498651418,0,0,0,0,0,40.0,보통
37.44988142292492,126.96251498651418,0,0,0,0,0,40.0,보통
37.45077973409991,126.96251498651418,0,0,0,0,0,40.0,보통
37.4516780452749,126.96251498651418,0,0,0,0,0,40.0,보통
37.452576356449896,126.96251498651418,0,0,0,0,0,40.0,보통
37.45347466762489,126.96251498651418,0,0,0,0,0,40.0,보통
37.45437297879988,126.96251498651418,0,0,0,0,0,40.0,보통
37.455271289974874,126.96251498651418,0,0,0,0,0,40.0,보통
37.45616960114987,126.96251498651418,0,0,0,0,0,40.0,보통
37.45706791232486,126.96251498651418,0,0,0,0,0,40.0,보통
37.45796622349985,126.96251498651418,0,0,0,0,0,40.0,보통
37.458864534674845,126.96251498651418,0,0,0,0,0,40.0,보통
37.45976284584984,126.96251498651418,0,0,0,0,0,40.0,보통
37.46066115702483,126.96251498651418,0,0,0,0,0,40.0,보통
37.46155946819982,126.96251498651418,0,0,0,0,0,40.0,보통
37.462457779374816,126.96251498651418,0,0,0,0,0,40.0,보통
37.46335609054981,126.96251498651418,0,0,0,0,0,40.0,보통
37.4642544017248,126.96251498651418,0,0,0,0,0,40.0,보통
37.465152712899794,126.96251498651418,0,0,0,0,0,40.0,보통
37.46605102407479,126.96251498651418,0,0,0,0,0,40.0,보통
37.46694933524978,126.96251498651418,0,0,0,0,0,40.0,보통
37.46784764642477,126.96251498651418,0,0,0,0,0,40.0,보통
37.468745957599765,126.96251498651418,0,0,0,0,0,40.0,보통
37.46964426877476,126.96251498651418,0,0,0,0,0,40.0,보통
37.47054257994975,126.96251498651418,0,0,0,0,0,40.0,보통
37.47144089112474,126.96251498651418,0,0,0,0,0,40.0,보통
37.472339202299736,126.96251498651418,4,0,0,0,0,60.0,안전
37.47323751347473,126.96251498651418,4,0,0,0,0,60.0,안전
37.47413582464972,126.96251498651418,4,0,1,0,0,65.0,안전
37.475034135824714,126.96251498651418,4,0,2,0,0,70.0,안전
37.47593244699971,126.96251498651418,4,0,2,0,0,70.0,안전
37.4768307581747,126.96251498651418,4,0,1,0,0,65.0,안전
37.47772906934969,126.96251498651418,4,0,1,1,0,62.0,안전
37.478627380524685,126.96251498651418,4,0,2,1,0,67.0,안전
37.47952569169968,126.96251498651418,4,0,0,0,0,60.0,안전
37.48042400287467,126.96251498651418,4,0,1,0,0,65.0,안전
37.48132231404966,126.96251498651418,4,0,0,0,0,60.0,안전
37.482220625224656,126.96251498651418,4,0,1,0,0,65.0,안전
37.48311893639965,126.96251498651418,1,0,0,0,0,45.0,보통
37.48401724757464,126.96251498651418,0,0,0,0,0,40.0,보통
37.484915558749634,126.96251498651418,3,0,0,0,0,55.0,보통
37.48581386992463,126.96251498651418,3,0,0,0,0,55.0,보통
37.48671218109962,126.96251498651418,3,0,0,0,0,55.0,보통
37.48761049227461,126.96251498651418,1,0,0,0,0,45.0,보통
37.488508803449605,126.96251498651418,2,1,0,0,0,55.0,보통
37.4894071146246,126.96251498651418,4,3,1,0,0,80.0,안전
37.49030542579959,126.96251498651418,3,3,1,0,0,75.0,안전
37.49120373697458,126.96251498651418,3,0,0,0,0,55.0,보통
37.492102048149576,126.96251498651418,0,2,1,0,0,55.0,보통
37.49300035932457,126.96251498651418,0,2,1,0,0,55.0,보통
37.49389867049956,126.96251498651418,0,3,0,0,0,55.0,보통
37.494796981674554,126.96251498651418,0,3,0,0,0,55.0,보통
37.49569529284955,126.96251498651418,0,0,0,0,0,40.0,보통
37.49659360402454,126.96251498651418,0,0,0,0,0,40.0,보통
37.49749191519953,126.96251498651418,0,0,0,0,0,40.0,보통
37.498390226374525,126.96251498651418,0,0,0,0,0,40.0,보통
37.49928853754952,126.96251498651418,4,0,0,0,0,60.0,안전
37.50018684872451,126.96251498651418,4,3,0,0,0,75.0,안전
37.5010851598995,126.96251498651418,1,3,0,0,0,60.0,안전
37.501983471074496,126.96251498651418,0,0,0,0,0,40.0,보통
37.50288178224949,126.96251498651418,4,0,1,0,0,65.0,안전
37.50378009342448,126.96251498651418,4,0,0,0,0,60.0,안전
37.504678404599474,126.96251498651418,1,0,0,0,0,45.0,보통
37.50557671577447,126.96251498651418,3,0,0,0,0,55.0,보통
37.50647502694946,126.96251498651418,4,3,0,0,0,75.0,안전
37.50737333812445,126.96251498651418,4,3,0,0,0,75.0,안전
37.508271649299445,126.96251498651418,4,3,0,0,0,75.0,안전
37.50916996047444,126.96251498651418,4,3,0,0,0,75.0,안전
37.51006827164943,126.96251498651418,4,3,0,0,0,75.0,안전
37.51096658282442,126.96251498651418,0,3,0,0,0,55.0,보통
37.511864893999416,126.96251498651418,0,3,0,0,0,55.0,보통
37.51276320517441,126.96251498651418,0,0,0,0,0,40.0,보통
37.5136615163494,126.96251498651418,0,0,0,0,0,40.0,보통
37.514559827524394,126.96251498651418,0,0,0,0,0,40.0,보통
37.51545813869939,126.96251498651418,0,0,0,0,0,40.0,보통
37.51635644987438,126.96251498651418,0,0,0,0,0,40.0,보통
37.51725476104937,126.96251498651418,0,0,0,0,0,40.0,보통
37.518153072224365,126.96251498651418,0,0,0,0,0,40.0,보통
37.51905138339936,126.96251498651418,0,0,0,0,0,40.0,보통
37.51994969457435,126.96251498651418,0,0,0,0,0,40.0,보통
37.52084800574934,126.96251498651418,0,3,0,0,0,55.0,보통
37.521746316924336,126.96251498651418,0,3,0,0,0,55.0,보통
37.52264462809933,126.96251498651418,0,3,0,0,0,55.0,보통
37.52354293927432,126.96251498651418,0,0,0,0,0,40.0,보통
37.524441250449314,126.96251498651418,0,0,0,0,0,40.0,보통
37.52533956162431,126.96251498651418,0,0,0,0,0,40.0,보통
37.44,126.96364682838285,0,0,0,0,0,40.0,보통
37.44089831117499,126.96364682838285,0,0,0,0,0,40.0,보통
37.44179662234998,126.96364682838285,0,0,0,0,0,40.0,보통
37.442694933524976,126.96364682838285,0,0,0,0,0,40.0,보통
37.44359324469997,126.96364682838285,0,0,0,0,0,40.0,보통
37.44449155587496,126.96364682838285,0,0,0,0,0,40.0,보통
37.445389867049954,126.96364682838285,0,0,0,0,0,40.0,보통
37.44628817822495,126.96364682838285,0,0,0,0,0,40.0,보통
37.44718648939994,126.96364682838285,0,0,0,0,0,40.0,보통
37.44808480057493,126.96364682838285,0,0,0,0,0,40.0,보통
37.448983111749925,126.96364682838285,0,0,0,0,0,40.0,보통
37.44988142292492,126.96364682838285,0,0,0,0,0,40.0,보통
37.45077973409991,126.96364682838285,0,0,0,0,0,40.0,보통
37.4516780452749,126.96364682838285,0,0,0,0,0,40.0,보통
37.452576356449896,126.96364682838285,0,0,0,0,0,40.0,보통
37.45347466762489,126.96364682838285,0,0,0,0,0,40.0,보통
37.45437297879988,126.96364682838285,0,0,0,0,0,40.0,보통
37.455271289974874,126.96364682838285,0,0,0,0,0,40.0,보통
37.45616960114987,126.96364682838285,0,0,0,0,0,40.0,보통
37.45706791232486,126.96364682838285,0,0,0,0,0,40.0,보통
37.45796622349985,126.96364682838285,0,0,0,0,0,40.0,보통
37.458864534674845,126.96364682838285,0,0,0,0,0,40.0,보통
37.45976284584984,126.96364682838285,0,0,0,0,0,40.0,보통
37.46066115702483,126.96364682838285,0,0,0,0,0,40.0,보통
37.46155946819982,126.96364682838285,0,0,0,0,0,40.0,보통
37.462457779374816,126.96364682838285,0,0,0,0,0,40.0,보통
37.46335609054981,126.96364682838285,0,0,0,0,0,40.0,보통
37.4642544017248,126.96364682838285,0,0,0,0,0,40.0,보통
37.465152712899794,126.96364682838285,0,0,0,0,0,40.0,보통
37.46605102407479,126.96364682838285,0,0,0,0,0,40.0,보통
37.46694933524978,126.96364682838285,0,0,0,0,0,40.0,보통
37.46784764642477,126.96364682838285,1,0,0,0,0,45.0,보통
37.468745957599765,126.96364682838285,2,0,0,0,0,50.0,보통
37.46964426877476,126.96364682838285,1,0,0,0,0,45.0,보통
37.47054257994975,126.96364682838285,0,0,0,0,0,40.0,보통
37.47144089112474,126.96364682838285,0,0,0,0,0,40.0,보통
37.472339202299736,126.96364682838285,3,0,0,0,0,55.0,보통
37.47323751347473,126.96364682838285,4,0,0,0,0,60.0,안전
37.47413582464972,126.96364682838285,4,0,2,0,0,70.0,안전
37.475034135824714,126.96364682838285,4,0,2,0,0,70.0,안전
37.47593244699971,126.96364682838285,4,0,2,1,0,67.0,안전
37.4768307581747,126.96364682838285,4,0,2,0,0,70.0,안전
37.47772906934969,126.96364682838285,4,0,1,1,0,62.0,안전
37.478627380524685,126.96364682838285,4,0,1,0,0,65.0,안전
37.47952569169968,126.96364682838285,4,0,1,0,0,65.0,안전
37.48042400287467,126.96364682838285,4,0,1,0,0,65.0,안전
37.48132231404966,126.96364682838285,0,0,0,0,0,40.0,보통
37.482220625224656,126.96364682838285,0,0,0,0,0,40.0,보통
37.48311893639965,126.96364682838285,0,0,0,0,0,40.0,보통
37.48401724757464,126.96364682838285,0,0,0,0,0,40.0,보통
37.484915558749634,126.96364682838285,0,0,0,0,0,40.0,보통
37.48581386992463,126.96364682838285,1,0,0,0,0,45.0,보통
37.48671218109962,126.96364682838285,0,1,0,0,0,45.0,보통
37.48761049227461,126.96364682838285,4,0,0,0,0,60.0,안전
37.488508803449605,126.96364682838285,4,3,0,0,0,75.0,안전
37.4894071146246,126.96364682838285,4,3,1,0,0,80.0,안전
37.49030542579959,126.96364682838285,4,3,1,0,0,80.0,안전
37.49120373697458,126.96364682838285,3,3,0,0,0,70.0,안전
37.492102048149576,126.96364682838285,3,3,1,0,0,75.0,안전
37.49300035932457,126.96364682838285,0,0,0,0,0,40.0,보통
37.49389867049956,126.96364682838285,0,0,0,0,0,40.0,보통
37.494796981674554,126.96364682838285,0,0,0,0,0,40.0,보통
37.49569529284955,126.96364682838285,0,0,0,0,0,40.0,보통
37.49659360402454,126.96364682838285,0,0,0,0,0,40.0,보통
37.49749191519953,126.96364682838285,0,0,0,0,0,40.0,보통
37.498390226374525,126.96364682838285,0,0,0,0,0,40.0,보통
37.49928853754952,126.96364682838285,0,0,0,0,0,40.0,보통
37.50018684872451,126.96364682838285,0,3,0,0,0,55.0,보통
37.5010851598995,126.96364682838285,4,3,0,0,0,75.0,안전
37.501983471074496,126.96364682838285,4,3,0,0,0,75.0,안전
37.50288178224949,126.96364682838285,4,0,0,0,0,60.0,안전
37.50378009342448,126.96364682838285,4,0,0,0,0,60.0,안전
37.504678404599474,126.96364682838285,4,0,0,0,0,60.0,안전
37.50557671577447,126.96364682838285,0,0,0,0,0,40.0,보통
37.50647502694946,126.96364682838285,2,3,0,0,0,65.0,안전
37.50737333812445,126.96364682838285,4,3,0,0,0,75.0,안전
37.508271649299445,126.96364682838285,4,3,0,0,0,75.0,안전
37.50916996047444,126.96364682838285,1,3,0,0,0,60.0,안전
37.51006827164943,126.96364682838285,4,3,0,0,0,75.0,안전
37.51096658282442,126.96364682838285,0,3,0,0,0,55.0,보통
37.511864893999416,126.96364682838285,0,0,0,0,0,40.0,보통
37.51276320517441,126.96364682838285,0,0,0,0,0,40.0,보통
37.5136615163494,126.96364682838285,0,0,0,0,0,40.0,보통
37.514559827524394,126.96364682838285,0,0,0,0,0,40.0,보통
37.51545813869939,126.96364682838285,0,0,0,0,0,40.0,보통
37.51635644987438,126.96364682838285,0,0,0,0,0,40.0,보통
37.51725476104937,126.96364682838285,0,0,0,0,0,40.0,보통
37.518153072224365,126.96364682838285,0,0,0,0,0,40.0,보통
37.51905138339936,126.96364682838285,0,0,0,0,0,40.0,보통
37.51994969457435,126.96364682838285,0,2,0,0,0,50.0,보통
37.52084800574934,126.96364682838285,0,3,0,0,0,55.0,보통
37.521746316924336,126.96364682838285,0,3,0,0,0,55.0,보통
37.52264462809933,126.96364682838285,0,0,0,0,0,40.0,보통
37.52354293927432,126.96364682838285,0,0,0,0,0,40.0,보통
37.524441250449314,126.96364682838285,0,0,0,0,0,40.0,보통
37.52533956162431,126.96364682838285,0,0,0,0,0,40.0,보통
37.44,126.96477867025152,0,0,0,0,0,40.0,보통
37.44089831117499,126.96477867025152,0,0,0,0,0,40.0,보통
37.44179662234998,126.96477867025152,1,0,0,0,0,45.0,보통
37.442694933524976,126.96477867025152,1,0,0,0,0,45.0,보통
37.44359324469997,126.96477867025152,0,0,0,0,0,40.0,보통
37.44449155587496,126.96477867025152,0,0,0,0,0,40.0,보통
37.445389867049954,126.96477867025152,0,0,0,0,0,40.0,보통
37.44628817822495,126.96477867025152,0,0,0,0,0,40.0,보통
37.44718648939994,126.96477867025152,0,0,0,0,0,40.0,보통
37.44808480057493,126.96477867025152,0,0,0,0,0,40.0,보통
37.448983111749925,126.96477867025152,0,0,0,0,0,40.0,보통
37.44988142292492,126.96477867025152,0,0,0,0,0,40.0,보통
37.45077973409991,126.96477867025152,0,0,0,0,0,40.0,보통
37.4516780452749,126.96477867025152,0,0,0,0,0,40.0,보통
37.452576356449896,126.96477867025152,0,0,0,0,0,40.0,보통
37.45347466762489,126.96477867025152,0,0,0,0,0,40.0,보통
37.45437297879988,126.96477867025152,0,0,0,0,0,40.0,보통
37.455271289974874,126.96477867025152,0,0,0,0,0,40.0,보통
37.45616960114987,126.96477867025152,0,0,0,0,0,40.0,보통
37.45706791232486,126.96477867025152,0,0,0,0,0,40.0,보통
37.45796622349985,126.96477867025152,0,0,0,0,0,40.0,보통
37.458864534674845,126.96477867025152,0,0,0,0,0,40.0,보통
37.45976284584984,126.96477867025152,0,0,0,0,0,40.0,보통
37.46066115702483,126.96477867025152,0,0,0,0,0,40.0,보통
37.46155946819982,126.96477867025152,0,0,0,0,0,40.0,보통
37.462457779374816,126.96477867025152,0,0,0,0,0,40.0,보통
37.46335609054981,126.96477867025152,0,0,0,0,0,40.0,보통
37.4642544017248,126.96477867025152,0,0,0,0,0,40.0,보통
37.465152712899794,126.96477867025152,0,0,0,0,0,40.0,보통
37.46605102407479,126.96477867025152,0,0,0,0,0,40.0,보통
37.46694933524978,126.96477867025152,0,0,0,0,0,40.0,보통
37.46784764642477,126.96477867025152,0,0,0,0,0,40.0,보통
37.468745957599765,126.96477867025152,4,0,1,0,0,65.0,안전
37.46964426877476,126.96477867025152,4,0,1,0,0,65.0,안전
37.47054257994975,126.96477867025152,1,0,1,0,0,50.0,보통
37.47144089112474,126.96477867025152,3,0,1,0,0,60.0,안전
37.472339202299736,126.96477867025152,4,0,0,0,0,60.0,안전
37.47323751347473,126.96477867025152,4,0,1,0,0,65.0,안전
37.47413582464972,126.96477867025152,4,0,1,0,0,65.0,안전
37.475034135824714,126.96477867025152,4,0,1,0,0,65.0,안전
37.47593244699971,126.96477867025152,4,0,2,1,0,67.0,안전
37.4768307581747,126.96477867025152,4,0,1,1,0,62.0,안전
37.47772906934969,126.96477867025152,4,0,2,0,0,70.0,안전
37.478627380524685,126.96477867025152,4,0,0,0,0,60.0,안전
37.47952569169968,126.96477867025152,3,0,1,0,0,60.0,안전
37.48042400287467,126.96477867025152,1,1,0,0,0,50.0,보통
37.48132231404966,126.96477867025152,3,1,0,0,0,60.0,안전
37.482220625224656,126.96477867025152,0,0,0,0,0,40.0,보통
37.48311893639965,126.96477867025152,0,0,0,0,0,40.0,보통
37.48401724757464,126.96477867025152,0,0,0,0,0,40.0,보통
37.484915558749634,126.96477867025152,0,0,0,0,0,40.0,보통
37.48581386992463,126.96477867025152,3,0,0,0,0,55.0,보통
37.48671218109962,126.96477867025152,3,3,0,0,0,70.0,안전
37.48761049227461,126.96477867025152,4,3,0,0,0,75.0,안전
37.488508803449605,126.96477867025152,4,3,0,0,0,75.0,안전
37.4894071146246,126.96477867025152,4,3,0,0,0,75.0,안전
37.49030542579959,126.96477867025152,3,3,1,0,0,75.0,안전
37.49120373697458,126.96477867025152,0,3,0,0,0,55.0,보통
37.492102048149576,126.96477867025152,0,1,0,0,0,45.0,보통
37.49300035932457,126.96477867025152,0,0,0,0,0,40.0,보통
37.49389867049956,126.96477867025152,0,0,0,0,0,40.0,보통
37.494796981674554,126.96477867025152,0,0,0,0,0,40.0,보통
37.49569529284955,126.96477867025152,0,0,0,0,0,40.0,보통
37.49659360402454,126.96477867025152,0,0,0,0,0,40.0,보통
37.49749191519953,126.96477867025152,0,0,0,0,0,40.0,보통
37.498390226374525,126.96477867025152,0,0,0,0,0,40.0,보통
37.49928853754952,126.96477867025152,0,0,0,0,0,40.0,보통
37.50018684872451,126.96477867025152,0,0,0,0,0,40.0,보통
37.5010851598995,126.96477867025152,0,3,0,0,0,55.0,보통
37.501983471074496,126.96477867025152,0,1,0,0,0,45.0,보통
37.50288178224949,126.96477867025152,4,0,1,0,0,65.0,안전
37.50378009342448,126.96477867025152,4,3,1,0,0,80.0,안전
37.504678404599474,126.96477867025152,4,2,0,0,0,70.0,안전
37.50557671577447,126.96477867025152,0,1,0,0,0,45.0,보통
37.50647502694946,126.96477867025152,2,3,0,0,0,65.0,안전
37.50737333812445,126.96477867025152,1,3,0,0,0,60.0,안전
37.508271649299445,126.96477867025152,1,3,0,0,0,60.0,안전
37.50916996047444,126.96477867025152,1,3,0,0,0,60.0,안전
37.51006827164943,126.96477867025152,0,3,0,0,0,55.0,보통
37.51096658282442,126.96477867025152,0,2,0,0,0,50.0,보통
37.511864893999416,126.96477867025152,0,0,0,0,0,40.0,보통
37.51276320517441,126.96477867025152,0,0,0,0,0,40.0,보통
37.5136615163494,126.96477867025152,0,0,0,0,0,40.0,보통
37.514559827524394,126.96477867025152,0,0,0,0,0,40.0,보통
37.51545813869939,126.96477867025152,0,0,0,0,0,40.0,보통
37.51635644987438,126.96477867025152,0,0,0,0,0,40.0,보통
37.51725476104937,126.96477867025152,0,0,0,0,0,40.0,보통
37.518153072224365,126.96477867025152,0,0,0,0,0,40.0,보통
37.51905138339936,126.96477867025152,0,0,0,0,0,40.0,보통
37.51994969457435,126.96477867025152,0,3,0,0,0,55.0,보통
37.52084800574934,126.96477867025152,0,3,0,0,0,55.0,보통
37.521746316924336,126.96477867025152,0,0,0,0,0,40.0,보통
37.52264462809933,126.96477867025152,0,0,0,0,0,40.0,보통
37.52354293927432,126.96477867025152,0,0,0,0,0,40.0,보통
37.524441250449314,126.96477867025152,0,0,0,0,0,40.0,보통
37.52533956162431,126.96477867025152,0,0,0,0,0,40.0,보통
37.44,126.96591051212019,0,0,0,0,0,40.0,보통
37.44089831117499,126.96591051212019,0,0,0,0,0,40.0,보통
37.44179662234998,126.96591051212019,1,0,0,0,0,45.0,보통
37.442694933524976,126.96591051212019,1,0,0,0,0,45.0,보통
37.44359324469997,126.96591051212019,0,0,0,0,0,40.0,보통
37.44449155587496,126.96591051212019,0,0,0,0,0,40.0,보통
37.445389867049954,126.96591051212019,0,0,0,0,0,40.0,보통
37.44628817822495,126.96591051212019,0,0,0,0,0,40.0,보통
37.44718648939994,126.96591051212019,0,0,0,0,0,40.0,보통
37.44808480057493,126.96591051212019,0,0,0,0,0,40.0,보통
37.448983111749925,126.96591051212019,0,0,0,0,0,40.0,보통
37.44988142292492,126.96591051212019,0,0,0,0,0,40.0,보통
37.45077973409991,126.96591051212019,0,0,0,0,0,40.0,보통
37.4516780452749,126.96591051212019,0,0,0,0,0,40.0,보통
37.452576356449896,126.96591051212019,0,0,0,0,0,40.0,보통
37.45347466762489,126.96591051212019,0,0,0,0,0,40.0,보통
37.45437297879988,126.96591051212019,0,0,0,0,0,40.0,보통
37.455271289974874,126.96591051212019,0,0,0,0,0,40.0,보통
37.45616960114987,126.96591051212019,0,0,0,0,0,40.0,보통
37.45706791232486,126.96591051212019,0,0,0,0,0,40.0,보통
37.45796622349985,126.96591051212019,0,0,0,0,0,40.0,보통
37.458864534674845,126.96591051212019,0,0,0,0,0,40.0,보통
37.45976284584984,126.96591051212019,0,0,0,0,0,40.0,보통
37.46066115702483,126.96591051212019,0,0,0,0,0,40.0,보통
37.46155946819982,126.96591051212019,0,0,0,0,0,40.0,보통
37.462457779374816,126.96591051212019,0,0,0,0,0,40.0,보통
37.46335609054981,126.96591051212019,0,0,0,0,0,40.0,보통
37.4642544017248,126.96591051212019,0,0,0,0,0,40.0,보통
37.465152712899794,126.96591051212019,0,0,0,0,0,40.0,보통
37.46605102407479,126.96591051212019,0,0,0,0,0,40.0,보통
37.46694933524978,126.96591051212019,0,0,0,0,0,40.0,보통
37.46784764642477,126.96591051212019,0,0,0,0,0,40.0,보통
37.468745957599765,126.96591051212019,4,0,1,0,0,65.0,안전
37.46964426877476,126.96591051212019,4,0,1,0,0,65.0,안전
37.47054257994975,126.96591051212019,4,0,1,0,0,65.0,안전
37.47144089112474,126.96591051212019,4,0,0,0,0,60.0,안전
37.472339202299736,126.96591051212019,4,0,1,0,0,65.0,안전
37.47323751347473,126.96591051212019,4,0,0,0,0,60.0,안전
37.47413582464972,126.96591051212019,4,0,1,0,0,65.0,안전
37.475034135824714,126.96591051212019,4,0,1,0,0,65.0,안전
37.47593244699971,126.96591051212019,4,0,0,0,0,60.0,안전
37.4768307581747,126.96591051212019,4,0,0,0,0,60.0,안전
37.47772906934969,126.96591051212019,4,0,0,0,0,60.0,안전
37.478627380524685,126.96591051212019,4,0,0,0,0,60.0,안전
37.47952569169968,126.96591051212019,0,0,0,0,0,40.0,보통
37.48042400287467,126.96591051212019,4,1,0,0,0,65.0,안전
37.48132231404966,126.96591051212019,3,3,1,0,0,75.0,안전
37.482220625224656,126.96591051212019,4,3,1,0,0,80.0,안전
37.48311893639965,126.96591051212019,0,0,0,0,0,40.0,보통
37.48401724757464,126.96591051212019,0,0,0,0,0,40.0,보통
37.484915558749634,126.96591051212019,0,0,0,0,0,40.0,보통
37.48581386992463,126.96591051212019,2,3,0,0,0,65.0,안전
37.48671218109962,126.96591051212019,4,3,1,0,0,80.0,안전
37.48761049227461,126.96591051212019,4,3,1,0,0,80.0,안전
37.488508803449605,126.96591051212019,4,3,0,0,0,75.0,안전
37.4894071146246,126.96591051212019,0,3,1,0,0,60.0,안전
37.49030542579959,126.96591051212019,0,2,1,0,0,55.0,보통
37.49120373697458,126.96591051212019,0,0,0,0,0,40.0,보통
37.492102048149576,126.96591051212019,0,0,0,0,0,40.0,보통
37.49300035932457,126.96591051212019,0,0,0,0,0,40.0,보통
37.49389867049956,126.96591051212019,0,0,0,0,0,40.0,보통
37.494796981674554,126.96591051212019,0,0,0,0,0,40.0,보통
37.49569529284955,126.96591051212019,0,0,0,0,0,40.0,보통
37.49659360402454,126.96591051212019,0,0,0,0,0,40.0,보통
37.49749191519953,126.96591051212019,0,0,0,0,0,40.0,보통
37.498390226374525,126.96591051212019,0,0,0,0,0,40.0,보통
37.49928853754952,126.96591051212019,0,0,0,0,0,40.0,보통
37.50018684872451,126.96591051212019,0,0,0,0,0,40.0,보통
37.5010851598995,126.96591051212019,0,0,0,0,0,40.0,보통
37.501983471074496,126.96591051212019,0,0,0,0,0,40.0,보통
37.50288178224949,126.96591051212019,0,1,0,0,0,45.0,보통
37.50378009342448,126.96591051212019,3,3,0,0,0,70.0,안전
37.504678404599474,126.96591051212019,3,1,0,0,0,60.0,안전
37.50557671577447,126.96591051212019,4,2,0,0,0,70.0,안전
37.50647502694946,126.96591051212019,0,3,0,0,0,55.0,보통
37.50737333812445,126.96591051212019,1,3,0,0,0,60.0,안전
37.508271649299445,126.96591051212019,0,0,0,0,0,40.0,보통
37.50916996047444,126.96591051212019,0,3,0,0,0,55.0,보통
37.51006827164943,126.96591051212019,0,3,0,0,0,55.0,보통
37.51096658282442,126.96591051212019,0,0,0,0,0,40.0,보통
37.511864893999416,126.96591051212019,0,0,0,0,0,40.0,보통
37.51276320517441,126.96591051212019,0,0,0,0,0,40.0,보통
37.5136615163494,126.96591051212019,0,0,0,0,0,40.0,보통
37.514559827524394,126.96591051212019,0,0,0,0,0,40.0,보통
37.51545813869939,126.96591051212019,0,0,0,0,0,40.0,보통
37.51635644987438,126.96591051212019,0,0,0,0,0,40.0,보통
37.51725476104937,126.96591051212019,0,0,0,0,0,40.0,보통
37.518153072224365,126.96591051212019,0,0,0,0,0,40.0,보통
37.51905138339936,126.96591051212019,0,1,0,0,0,45.0,보통
37.51994969457435,126.96591051212019,0,3,0,0,0,55.0,보통
37.52084800574934,126.96591051212019,0,3,0,0,0,55.0,보통
37.521746316924336,126.96591051212019,0,0,0,0,0,40.0,보통
37.52264462809933,126.96591051212019,0,0,0,0,0,40.0,보통
37.52354293927432,126.96591051212019,0,0,0,0,0,40.0,보통
37.524441250449314,126.96591051212019,0,0,0,0,0,40.0,보통
37.52533956162431,126.96591051212019,0,0,0,0,0,40.0,보통
37.44,126.96704235398886,0,0,0,0,0,40.0,보통
37.44089831117499,126.96704235398886,0,0,0,0,0,40.0,보통
37.44179662234998,126.96704235398886,0,0,0,0,0,40.0,보통
37.442694933524976,126.96704235398886,0,0,0,0,0,40.0,보통
37.44359324469997,126.96704235398886,0,0,0,0,0,40.0,보통
37.44449155587496,126.96704235398886,0,0,0,0,0,40.0,보통
37.445389867049954,126.96704235398886,0,0,0,0,0,40.0,보통
37.44628817822495,126.96704235398886,0,0,0,0,0,40.0,보통
37.44718648939994,126.96704235398886,0,0,0,0,0,40.0,보통
37.44808480057493,126.96704235398886,0,0,0,0,0,40.0,보통
37.448983111749925,126.96704235398886,0,0,0,0,0,40.0,보통
37.44988142292492,126.96704235398886,0,0,0,0,0,40.0,보통
37.45077973409991,126.96704235398886,0,0,0,0,0,40.0,보통
37.4516780452749,126.96704235398886,0,0,0,0,0,40.0,보통
37.452576356449896,126.96704235398886,0,0,0,0,0,40.0,보통
37.45347466762489,126.96704235398886,0,0,0,0,0,40.0,보통
37.45437297879988,126.96704235398886,0,0,0,0,0,40.0,보통
37.455271289974874,126.96704235398886,0,0,0,0,0,40.0,보통
37.45616960114987,126.96704235398886,0,0,0,0,0,40.0,보통
37.45706791232486,126.96704235398886,0,0,0,0,0,40.0,보통
37.45796622349985,126.96704235398886,0,0,0,0,0,40.0,보통
37.458864534674845,126.96704235398886,0,0,0,0,0,40.0,보통
37.45976284584984,126.96704235398886,0,0,0,0,0,40.0,보통
37.46066115702483,126.96704235398886,0,0,0,0,0,40.0,보통
37.46155946819982,126.96704235398886,0,0,0,0,0,40.0,보통
37.462457779374816,126.96704235398886,0,0,0,0,0,40.0,보통
37.46335609054981,126.96704235398886,0,0,0,0,0,40.0,보통
37.4642544017248,126.96704235398886,0,0,0,0,0,40.0,보통
37.465152712899794,126.96704235398886,0,0,0,0,0,40.0,보통
37.46605102407479,126.96704235398886,0,0,0,0,0,40.0,보통
37.46694933524978,126.96704235398886,0,0,0,0,0,40.0,보통
37.46784764642477,126.96704235398886,1,0,0,0,0,45.0,보통
37.468745957599765,126.96704235398886,1,0,0,0,0,45.0,보통
37.46964426877476,126.96704235398886,4,0,0,0,0,60.0,안전
37.47054257994975,126.96704235398886,4,0,1,0,0,65.0,안전
37.47144089112474,126.96704235398886,4,0,1,0,0,65.0,안전
37.472339202299736,126.96704235398886,4,0,1,0,0,65.0,안전
37.47323751347473,126.96704235398886,4,0,1,0,0,65.0,안전
37.47413582464972,126.96704235398886,4,0,2,0,0,70.0,안전
37.475034135824714,126.96704235398886,4,0,1,0,0,65.0,안전
37.47593244699971,126.96704235398886,4,0,0,0,0,60.0,안전
37.4768307581747,126.96704235398886,4,0,0,0,0,60.0,안전
37.47772906934969,126.96704235398886,2,0,0,0,0,50.0,보통
37.478627380524685,126.96704235398886,0,0,0,0,0,40.0,보통
37.47952569169968,126.96704235398886,0,0,0,0,0,40.0,보통
37.48042400287467,126.96704235398886,0,3,0,0,0,55.0,보통
37.48132231404966,126.96704235398886,4,2,1,0,0,75.0,안전
37.482220625224656,126.96704235398886,4,3,1,0,0,80.0,안전
37.48311893639965,126.96704235398886,4,3,0,0,0,75.0,안전
37.48401724757464,126.96704235398886,4,3,0,0,0,75.0,안전
37.484915558749634,126.96704235398886,1,3,0,0,0,60.0,안전
37.48581386992463,126.96704235398886,1,3,1,0,0,65.0,안전
37.48671218109962,126.96704235398886,1,3,2,0,0,70.0,안전
37.48761049227461,126.96704235398886,0,3,0,0,0,55.0,보통
37.488508803449605,126.96704235398886,3,3,0,0,0,70.0,안전
37.4894071146246,126.96704235398886,0,1,1,0,0,50.0,보통
37.49030542579959,126.96704235398886,0,0,1,0,0,45.0,보통
37.49120373697458,126.96704235398886,0,0,0,0,0,40.0,보통
37.492102048149576,126.96704235398886,3,1,0,0,0,60.0,안전
37.49300035932457,126.96704235398886,3,3,0,0,0,70.0,안전
37.49389867049956,126.96704235398886,0,0,0,0,0,40.0,보통
37.494796981674554,126.96704235398886,0,0,0,0,0,40.0,보통
37.49569529284955,126.96704235398886,0,0,0,0,0,40.0,보통
37.49659360402454,126.96704235398886,0,0,0,0,0,40.0,보통
37.49749191519953,126.96704235398886,0,0,0,0,0,40.0,보통
37.498390226374525,126.96704235398886,0,0,0,0,0,40.0,보통
37.49928853754952,126.96704235398886,0,0,0,0,0,40.0,보통
37.50018684872451,126.96704235398886,0,0,0,0,0,40.0,보통
37.5010851598995,126.96704235398886,0,0,0,0,0,40.0,보통
37.501983471074496,126.96704235398886,0,0,0,0,0,40.0,보통
37.50288178224949,126.96704235398886,0,0,0,0,0,40.0,보통
37.50378009342448,126.96704235398886,4,1,0,0,0,65.0,안전
37.504678404599474,126.96704235398886,4,1,0,0,0,65.0,안전
37.50557671577447,126.96704235398886,4,1,0,0,0,65.0,안전
37.50647502694946,126.96704235398886,0,3,0,0,0,55.0,보통
37.50737333812445,126.96704235398886,0,0,0,0,0,40.0,보통
37.508271649299445,126.96704235398886,0,3,0,0,0,55.0,보통
37.50916996047444,126.96704235398886,0,3,0,0,0,55.0,보통
37.51006827164943,126.96704235398886,0,0,0,0,0,40.0,보통
37.51096658282442,126.96704235398886,0,0,0,0,0,40.0,보통
37.511864893999416,126.96704235398886,0,0,0,0,0,40.0,보통
37.51276320517441,126.96704235398886,0,0,0,0,0,40.0,보통
37.5136615163494,126.96704235398886,0,0,0,0,0,40.0,보통
37.514559827524394,126.96704235398886,0,0,0,0,0,40.0,보통
37.51545813869939,126.96704235398886,0,0,0,0,0,40.0,보통
37.51635644987438,126.96704235398886,0,0,0,0,0,40.0,보통
37.51725476104937,126.96704235398886,0,0,0,0,0,40.0,보통
37.518153072224365,126.96704235398886,0,0,0,0,0,40.0,보통
37.51905138339936,126.96704235398886,0,3,0,0,0,55.0,보통
37.51994969457435,126.96704235398886,0,3,0,0,0,55.0,보통
37.52084800574934,126.96704235398886,0,1,0,0,0,45.0,보통
37.521746316924336,126.96704235398886,0,0,0,0,0,40.0,보통
37.52264462809933,126.96704235398886,0,0,0,0,0,40.0,보통
37.52354293927432,126.96704235398886,0,0,0,0,0,40.0,보통
37.524441250449314,126.96704235398886,0,0,0,0,0,40.0,보통
37.52533956162431,126.96704235398886,0,0,0,0,0,40.0,보통
37.44,126.96817419585753,0,0,0,0,0,40.0,보통
37.44089831117499,126.96817419585753,0,0,0,0,0,40.0,보통
37.44179662234998,126.96817419585753,0,0,0,0,0,40.0,보통
37.442694933524976,126.96817419585753,0,0,0,0,0,40.0,보통
37.44359324469997,126.96817419585753,0,0,0,0,0,40.0,보통
37.44449155587496,126.96817419585753,0,0,0,0,0,40.0,보통
37.445389867049954,126.96817419585753,0,0,0,0,0,40.0,보통
37.44628817822495,126.96817419585753,0,0,0,0,0,40.0,보통
37.44718648939994,126.96817419585753,0,0,0,0,0,40.0,보통
37.44808480057493,126.96817419585753,0,0,0,0,0,40.0,보통
37.448983111749925,126.96817419585753,0,0,0,0,0,40.0,보통
37.44988142292492,126.96817419585753,0,0,0,0,0,40.0,보통
37.45077973409991,126.96817419585753,0,0,0,0,0,40.0,보통
37.4516780452749,126.96817419585753,0,0,0,0,0,40.0,보통
37.452576356449896,126.96817419585753,0,0,0,0,0,40.0,보통
37.45347466762489,126.96817419585753,0,0,0,0,0,40.0,보통
37.45437297879988,126.96817419585753,0,0,0,0,0,40.0,보통
37.455271289974874,126.96817419585753,0,0,0,0,0,40.0,보통
37.45616960114987,126.96817419585753,0,0,0,0,0,40.0,보통
37.45706791232486,126.96817419585753,0,0,0,0,0,40.0,보통
37.45796622349985,126.96817419585753,0,0,0,0,0,40.0,보통
37.458864534674845,126.96817419585753,0,0,0,0,0,40.0,보통
37.45976284584984,126.96817419585753,0,0,0,0,0,40.0,보통
37.46066115702483,126.96817419585753,0,0,0,0,0,40.0,보통
37.46155946819982,126.96817419585753,0,0,0,0,0,40.0,보통
37.462457779374816,126.96817419585753,0,0,0,0,0,40.0,보통
37.46335609054981,126.96817419585753,0,0,0,0,0,40.0,보통
37.4642544017248,126.96817419585753,0,0,0,0,0,40.0,보통
37.465152712899794,126.96817419585753,0,0,0,0,0,40.0,보통
37.46605102407479,126.96817419585753,0,0,0,0,0,40.0,보통
37.46694933524978,126.96817419585753,0,0,0,0,0,40.0,보통
37.46784764642477,126.96817419585753,1,0,0,0,0,45.0,보통
37.468745957599765,126.96817419585753,4,0,1,0,0,65.0,안전
37.46964426877476,126.96817419585753,4,0,1,0,0,65.0,안전
37.47054257994975,126.96817419585753,4,0,0,0,0,60.0,안전
37.47144089112474,126.96817419585753,4,0,1,0,0,65.0,안전
37.472339202299736,126.96817419585753,4,0,1,0,0,65.0,안전
37.47323751347473,126.96817419585753,4,0,1,0,0,65.0,안전
37.47413582464972,126.96817419585753,4,0,1,0,0,65.0,안전
37.475034135824714,126.96817419585753,4,0,1,0,0,65.0,안전
37.47593244699971,126.96817419585753,4,0,1,0,0,65.0,안전
37.4768307581747,126.96817419585753,2,0,0,0,0,50.0,보통
37.47772906934969,126.96817419585753,0,0,0,0,0,40.0,보통
37.478627380524685,126.96817419585753,0,0,0,0,0,40.0,보통
37.47952569169968,126.96817419585753,0,3,0,0,0,55.0,보통
37.48042400287467,126.96817419585753,4,3,0,0,0,75.0,안전
37.48132231404966,126.96817419585753,4,3,0,0,0,75.0,안전
37.482220625224656,126.96817419585753,4,3,0,0,0,75.0,안전
37.48311893639965,126.96817419585753,4,3,0,0,0,75.0,안전
37.48401724757464,126.96817419585753,4,3,1,0,0,80.0,안전
37.484915558749634,126.96817419585753,4,3,1,0,0,80.0,안전
37.48581386992463,126.96817419585753,4,3,2,0,0,85.0,안전
37.48671218109962,126.96817419585753,4,3,2,0,0,85.0,안전
37.48761049227461,126.96817419585753,3,3,1,0,0,75.0,안전
37.488508803449605,126.96817419585753,0,0,0,0,0,40.0,보통
37.4894071146246,126.96817419585753,0,0,0,0,0,40.0,보통
37.49030542579959,126.96817419585753,0,0,0,0,0,40.0,보통
37.49120373697458,126.96817419585753,0,3,0,0,0,55.0,보통
37.492102048149576,126.96817419585753,1,3,0,0,0,60.0,안전
37.49300035932457,126.96817419585753,4,3,0,0,0,75.0,안전
37.49389867049956,126.96817419585753,0,0,0,0,0,40.0,보통
37.494796981674554,126.96817419585753,0,0,0,0,0,40.0,보통
37.49569529284955,126.96817419585753,0,0,0,0,0,40.0,보통
37.49659360402454,126.96817419585753,0,0,0,0,0,40.0,보통
37.49749191519953,126.96817419585753,0,0,0,0,0,40.0,보통
37.498390226374525,126.96817419585753,0,0,0,0,0,40.0,보통
37.49928853754952,126.96817419585753,0,0,0,0,0,40.0,보통
37.50018684872451,126.96817419585753,0,0,0,0,0,40.0,보통
37.5010851598995,126.96817419585753,0,0,0,0,0,40.0,보통
37.501983471074496,126.96817419585753,0,0,0,0,0,40.0,보통
37.50288178224949,126.96817419585753,0,0,0,0,0,40.0,보통
37.50378009342448,126.96817419585753,4,0,0,0,0,60.0,안전
37.504678404599474,126.96817419585753,4,0,0,0,0,60.0,안전
37.50557671577447,126.96817419585753,3,1,0,0,0,60.0,안전
37.50647502694946,126.96817419585753,0,3,0,0,0,55.0,보통
37.50737333812445,126.96817419585753,0,1,0,0,0,45.0,보통
37.508271649299445,126.96817419585753,0,3,0,0,0,55.0,보통
37.50916996047444,126.96817419585753,0,3,0,0,0,55.0,보통
37.51006827164943,126.96817419585753,0,0,0,0,0,40.0,보통
37.51096658282442,126.96817419585753,0,0,0,0,0,40.0,보통
37.511864893999416,126.96817419585753,0,0,0,0,0,40.0,보통
37.51276320517441,126.96817419585753,0,0,0,0,0,40.0,보통
37.5136615163494,126.96817419585753,0,0,0,0,0,40.0,보통
37.514559827524394,126.96817419585753,0,0,0,0,0,40.0,보통
37.51545813869939,126.96817419585753,0,0,0,0,0,40.0,보통
37.51635644987438,126.96817419585753,0,0,0,0,0,40.0,보통
37.51725476104937,126.96817419585753,0,0,0,0,0,40.0,보통
37.518153072224365,126.96817419585753,0,1,0,0,0,45.0,보통
37.51905138339936,126.96817419585753,0,3,0,0,0,55.0,보통
37.51994969457435,126.96817419585753,0,3,0,0,0,55.0,보통
37.52084800574934,126.96817419585753,0,0,0,0,0,40.0,보통
37.521746316924336,126.96817419585753,0,0,0,0,0,40.0,보통
37.52264462809933,126.96817419585753,0,0,0,0,0,40.0,보통
37.52354293927432,126.96817419585753,0,0,0,0,0,40.0,보통
37.524441250449314,126.96817419585753,0,0,0,0,0,40.0,보통
37.52533956162431,126.96817419585753,0,0,0,0,0,40.0,보통
37.44,126.9693060377262,0,0,0,0,0,40.0,보통
37.44089831117499,126.9693060377262,0,0,0,0,0,40.0,보통
37.44179662234998,126.9693060377262,0,0,0,0,0,40.0,보통
37.442694933524976,126.9693060377262,0,0,0,0,0,40.0,보통
37.44359324469997,126.9693060377262,0,0,0,0,0,40.0,보통
37.44449155587496,126.9693060377262,0,0,0,0,0,40.0,보통
37.445389867049954,126.9693060377262,0,0,0,0,0,40.0,보통
37.44628817822495,126.9693060377262,0,0,0,0,0,40.0,보통
37.44718648939994,126.9693060377262,0,0,0,0,0,40.0,보통
37.44808480057493,126.9693060377262,0,0,0,0,0,40.0,보통
37.448983111749925,126.9693060377262,0,0,0,0,0,40.0,보통
37.44988142292492,126.9693060377262,0,0,0,0,0,40.0,보통
37.45077973409991,126.9693060377262,0,0,0,0,0,40.0,보통
37.4516780452749,126.9693060377262,0,0,0,0,0,40.0,보통
37.452576356449896,126.9693060377262,0,0,0,0,0,40.0,보통
37.45347466762489,126.9693060377262,0,0,0,0,0,40.0,보통
37.45437297879988,126.9693060377262,0,0,0,0,0,40.0,보통
37.455271289974874,126.9693060377262,0,0,0,0,0,40.0,보통
37.45616960114987,126.9693060377262,0,0,0,0,0,40.0,보통
37.45706791232486,126.9693060377262,0,0,0,0,0,40.0,보통
37.45796622349985,126.9693060377262,0,0,0,0,0,40.0,보통
37.458864534674845,126.9693060377262,0,0,0,0,0,40.0,보통
37.45976284584984,126.9693060377262,0,0,0,0,0,40.0,보통
37.46066115702483,126.9693060377262,0,0,0,0,0,40.0,보통
37.46155946819982,126.9693060377262,0,0,0,0,0,40.0,보통
37.462457779374816,126.9693060377262,0,0,0,0,0,40.0,보통
37.46335609054981,126.9693060377262,0,0,0,0,0,40.0,보통
37.4642544017248,126.9693060377262,0,0,0,0,0,40.0,보통
37.465152712899794,126.9693060377262,0,0,0,0,0,40.0,보통
37.46605102407479,126.9693060377262,0,0,0,0,0,40.0,보통
37.46694933524978,126.9693060377262,0,0,0,0,0,40.0,보통
37.46784764642477,126.9693060377262,3,0,0,0,0,55.0,보통
37.468745957599765,126.9693060377262,4,0,0,0,0,60.0,안전
37.46964426877476,126.9693060377262,4,0,1,0,0,65.0,안전
37.47054257994975,126.9693060377262,4,0,0,0,0,60.0,안전
37.47144089112474,126.9693060377262,4,0,0,0,0,60.0,안전
37.472339202299736,126.9693060377262,4,0,0,0,0,60.0,안전
37.47323751347473,126.9693060377262,4,0,0,0,0,60.0,안전
37.47413582464972,126.9693060377262,4,0,1,0,0,65.0,안전
37.475034135824714,126.9693060377262,4,0,1,0,0,65.0,안전
37.47593244699971,126.9693060377262,4,0,1,0,0,65.0,안전
37.4768307581747,126.9693060377262,3,3,0,0,0,70.0,안전
37.47772906934969,126.9693060377262,4,3,0,0,0,75.0,안전
37.478627380524685,126.9693060377262,4,0,0,0,0,60.0,안전
37.47952569169968,126.9693060377262,4,3,0,0,0,75.0,안전
37.48042400287467,126.9693060377262,4,3,0,0,0,75.0,안전
37.48132231404966,126.9693060377262,4,3,0,0,0,75.0,안전
37.482220625224656,126.9693060377262,4,3,0,0,0,75.0,안전
37.48311893639965,126.9693060377262,4,3,0,0,0,75.0,안전
37.48401724757464,126.9693060377262,4,3,2,0,0,85.0,안전
37.484915558749634,126.9693060377262,4,3,2,0,0,85.0,안전
37.48581386992463,126.9693060377262,4,3,1,0,0,80.0,안전
37.48671218109962,126.9693060377262,4,3,0,0,0,75.0,안전
37.48761049227461,126.9693060377262,4,3,0,0,0,75.0,안전
37.488508803449605,126.9693060377262,0,0,0,0,0,40.0,보통
37.4894071146246,126.9693060377262,0,0,0,0,0,40.0,보통
37.49030542579959,126.9693060377262,0,3,0,0,0,55.0,보통
37.49120373697458,126.9693060377262,3,3,0,0,0,70.0,안전
37.492102048149576,126.9693060377262,4,3,0,0,0,75.0,안전
37.49300035932457,126.9693060377262,4,3,0,0,0,75.0,안전
37.49389867049956,126.9693060377262,0,0,0,0,0,40.0,보통
37.494796981674554,126.9693060377262,0,0,0,0,0,40.0,보통
37.49569529284955,126.9693060377262,0,0,0,0,0,40.0,보통
37.49659360402454,126.9693060377262,0,0,0,0,0,40.0,보통
37.49749191519953,126.9693060377262,0,0,0,0,0,40.0,보통
37.498390226374525,126.9693060377262,0,0,0,0,0,40.0,보통
37.49928853754952,126.9693060377262,0,0,0,0,0,40.0,보통
37.50018684872451,126.9693060377262,0,0,0,0,0,40.0,보통
37.5010851598995,126.9693060377262,0,0,0,0,0,40.0,보통
37.501983471074496,126.9693060377262,0,0,0,0,0,40.0,보통
37.50288178224949,126.9693060377262,0,0,0,0,0,40.0,보통
37.50378009342448,126.9693060377262,1,0,0,0,0,45.0,보통
37.504678404599474,126.9693060377262,4,0,0,0,0,60.0,안전
37.50557671577447,126.9693060377262,1,3,0,0,0,60.0,안전
37.50647502694946,126.9693060377262,0,1,0,0,0,45.0,보통
37.50737333812445,126.9693060377262,0,2,0,0,0,50.0,보통
37.508271649299445,126.9693060377262,0,3,0,0,0,55.0,보통
37.50916996047444,126.9693060377262,0,0,0,0,0,40.0,보통
37.51006827164943,126.9693060377262,0,0,0,0,0,40.0,보통
37.51096658282442,126.9693060377262,0,0,0,0,0,40.0,보통
37.511864893999416,126.9693060377262,0,0,0,0,0,40.0,보통
37.51276320517441,126.9693060377262,0,0,0,0,0,40.0,보통
37.5136615163494,126.9693060377262,0,0,0,0,0,40.0,보통
37.514559827524394,126.9693060377262,0,0,0,0,0,40.0,보통
37.51545813869939,126.9693060377262,0,0,0,0,0,40.0,보통
37.51635644987438,126.9693060377262,0,0,0,0,0,40.0,보통
37.51725476104937,126.9693060377262,0,0,0,0,0,40.0,보통
37.518153072224365,126.9693060377262,0,3,0,0,0,55.0,보통
37.51905138339936,126.9693060377262,0,3,0,0,0,55.0,보통
37.51994969457435,126.9693060377262,0,0,0,0,0,40.0,보통
37.52084800574934,126.9693060377262,0,0,0,0,0,40.0,보통
37.521746316924336,126.9693060377262,0,0,0,0,0,40.0,보통
37.52264462809933,126.9693060377262,0,0,0,0,0,40.0,보통
37.52354293927432,126.9693060377262,0,0,0,0,0,40.0,보통
37.524441250449314,126.9693060377262,0,0,0,0,0,40.0,보통
37.52533956162431,126.9693060377262,0,0,0,0,0,40.0,보통
37.44,126.97043787959487,0,0,0,0,0,40.0,보통
37.44089831117499,126.97043787959487,0,0,0,0,0,40.0,보통
37.44179662234998,126.97043787959487,0,0,0,0,0,40.0,보통
37.442694933524976,126.97043787959487,0,0,0,0,0,40.0,보통
37.44359324469997,126.97043787959487,0,0,0,0,0,40.0,보통
37.44449155587496,126.97043787959487,0,0,0,0,0,40.0,보통
37.445389867049954,126.97043787959487,0,0,0,0,0,40.0,보통
37.44628817822495,126.97043787959487,0,0,0,0,0,40.0,보통
37.44718648939994,126.97043787959487,0,0,0,0,0,40.0,보통
37.44808480057493,126.97043787959487,0,0,0,0,0,40.0,보통
37.448983111749925,126.97043787959487,0,0,0,0,0,40.0,보통
37.44988142292492,126.97043787959487,0,0,0,0,0,40.0,보통
37.45077973409991,126.97043787959487,0,0,0,0,0,40.0,보통
37.4516780452749,126.97043787959487,0,0,0,0,0,40.0,보통
37.452576356449896,126.97043787959487,0,0,0,0,0,40.0,보통
37.45347466762489,126.97043787959487,0,0,0,0,0,40.0,보통
37.45437297879988,126.97043787959487,0,0,0,0,0,40.0,보통
37.455271289974874,126.97043787959487,0,0,0,0,0,40.0,보통
37.45616960114987,126.97043787959487,0,0,0,0,0,40.0,보통
37.45706791232486,126.97043787959487,0,0,0,0,0,40.0,보통
37.45796622349985,126.97043787959487,0,0,0,0,0,40.0,보통
37.458864534674845,126.97043787959487,0,0,0,0,0,40.0,보통
37.45976284584984,126.97043787959487,0,0,0,0,0,40.0,보통
37.46066115702483,126.97043787959487,0,0,0,0,0,40.0,보통
37.46155946819982,126.97043787959487,0,0,0,0,0,40.0,보통
37.462457779374816,126.97043787959487,0,0,0,0,0,40.0,보통
37.46335609054981,126.97043787959487,0,0,0,0,0,40.0,보통
37.4642544017248,126.97043787959487,0,0,0,0,0,40.0,보통
37.465152712899794,126.97043787959487,0,0,0,0,0,40.0,보통
37.46605102407479,126.97043787959487,0,0,0,0,0,40.0,보통
37.46694933524978,126.97043787959487,0,0,0,0,0,40.0,보통
37.46784764642477,126.97043787959487,2,0,0,0,0,50.0,보통
37.468745957599765,126.97043787959487,2,0,0,0,0,50.0,보통
37.46964426877476,126.97043787959487,4,0,0,0,0,60.0,안전
37.47054257994975,126.97043787959487,2,0,0,0,0,50.0,보통
37.47144089112474,126.97043787959487,1,0,0,0,0,45.0,보통
37.472339202299736,126.97043787959487,4,0,0,0,0,60.0,안전
37.47323751347473,126.97043787959487,4,0,0,0,0,60.0,안전
37.47413582464972,126.97043787959487,4,0,0,0,0,60.0,안전
37.475034135824714,126.97043787959487,4,0,0,0,0,60.0,안전
37.47593244699971,126.97043787959487,4,3,0,0,0,75.0,안전
37.4768307581747,126.97043787959487,4,3,0,0,0,75.0,안전
37.47772906934969,126.97043787959487,4,3,0,0,0,75.0,안전
37.478627380524685,126.97043787959487,4,3,1,0,0,80.0,안전
37.47952569169968,126.97043787959487,4,3,1,0,0,80.0,안전
37.48042400287467,126.97043787959487,4,3,0,0,0,75.0,안전
37.48132231404966,126.97043787959487,1,3,0,0,0,60.0,안전
37.482220625224656,126.97043787959487,4,3,1,0,0,80.0,안전
37.48311893639965,126.97043787959487,4,3,2,0,0,85.0,안전
37.48401724757464,126.97043787959487,4,3,2,0,0,85.0,안전
37.484915558749634,126.97043787959487,0,3,2,0,0,65.0,안전
37.48581386992463,126.97043787959487,4,3,1,0,0,80.0,안전
37.48671218109962,126.97043787959487,4,3,0,0,0,75.0,안전
37.48761049227461,126.97043787959487,4,3,0,0,0,75.0,안전
37.488508803449605,126.97043787959487,0,1,0,0,0,45.0,보통
37.4894071146246,126.97043787959487,4,3,1,0,0,80.0,안전
37.49030542579959,126.97043787959487,4,3,1,0,0,80.0,안전
37.49120373697458,126.97043787959487,4,3,0,0,0,75.0,안전
37.492102048149576,126.97043787959487,4,3,0,0,0,75.0,안전
37.49300035932457,126.97043787959487,0,1,0,0,0,45.0,보통
37.49389867049956,126.97043787959487,0,0,0,0,0,40.0,보통
37.494796981674554,126.97043787959487,0,0,0,0,0,40.0,보통
37.49569529284955,126.97043787959487,0,0,0,0,0,40.0,보통
37.49659360402454,126.97043787959487,0,0,0,0,0,40.0,보통
37.49749191519953,126.97043787959487,0,0,0,0,0,40.0,보통
37.498390226374525,126.97043787959487,0,0,0,0,0,40.0,보통
37.49928853754952,126.97043787959487,0,0,0,0,0,40.0,보통
37.50018684872451,126.97043787959487,0,0,0,0,0,40.0,보통
37.5010851598995,126.97043787959487,0,0,0,0,0,40.0,보통
37.501983471074496,126.97043787959487,0,0,0,0,0,40.0,보통
37.50288178224949,126.97043787959487,0,0,0,0,0,40.0,보통
37.50378009342448,126.97043787959487,3,0,0,0,0,55.0,보통
37.504678404599474,126.97043787959487,4,0,0,0,0,60.0,안전
37.50557671577447,126.97043787959487,2,3,0,0,0,65.0,안전
37.50647502694946,126.97043787959487,0,0,0,0,0,40.0,보통
37.50737333812445,126.97043787959487,0,3,0,0,0,55.0,보통
37.508271649299445,126.97043787959487,0,3,0,0,0,55.0,보통
37.50916996047444,126.97043787959487,0,0,0,0,0,40.0,보통
37.51006827164943,126.97043787959487,0,0,0,0,0,40.0,보통
37.51096658282442,126.97043787959487,0,0,0,0,0,40.0,보통
37.511864893999416,126.97043787959487,0,0,0,0,0,40.0,보통
37.51276320517441,126.97043787959487,0,0,0,0,0,40.0,보통
37.5136615163494,126.97043787959487,0,0,0,0,0,40.0,보통
37.514559827524394,126.97043787959487,0,0,0,0,0,40.0,보통
37.51545813869939,126.97043787959487,0,0,0,0,0,40.0,보통
37.51635644987438,126.97043787959487,0,0,0,0,0,40.0,보통
37.51725476104937,126.97043787959487,0,0,0,0,0,40.0,보통
37.518153072224365,126.97043787959487,0,3,0,0,0,55.0,보통
37.51905138339936,126.97043787959487,0,3,0,0,0,55.0,보통
37.51994969457435,126.97043787959487,0,0,0,0,0,40.0,보통
37.52084800574934,126.97043787959487,0,0,0,0,0,40.0,보통
37.521746316924336,126.97043787959487,0,0,0,0,0,40.0,보통
37.52264462809933,126.97043787959487,0,0,0,0,0,40.0,보통
37.52354293927432,126.97043787959487,0,0,0,0,0,40.0,보통
37.524441250449314,126.97043787959487,0,0,0,0,0,40.0,보통
37.52533956162431,126.97043787959487,0,0,0,0,0,40.0,보통
37.44,126.97156972146354,0,0,0,0,0,40.0,보통
37.44089831117499,126.97156972146354,0,0,0,0,0,40.0,보통
37.44179662234998,126.97156972146354,0,0,0,0,0,40.0,보통
37.442694933524976,126.97156972146354,0,0,0,0,0,40.0,보통
37.44359324469997,126.97156972146354,0,0,0,0,0,40.0,보통
37.44449155587496,126.97156972146354,0,0,0,0,0,40.0,보통
37.445389867049954,126.97156972146354,0,0,0,0,0,40.0,보통
37.44628817822495,126.97156972146354,0,0,0,0,0,40.0,보통
37.44718648939994,126.97156972146354,0,0,0,0,0,40.0,보통
37.44808480057493,126.97156972146354,0,0,0,0,0,40.0,보통
37.448983111749925,126.97156972146354,0,0,0,0,0,40.0,보통
37.44988142292492,126.97156972146354,0,0,0,0,0,40.0,보통
37.45077973409991,126.97156972146354,0,0,0,0,0,40.0,보통
37.4516780452749,126.97156972146354,0,0,0,0,0,40.0,보통
37.452576356449896,126.97156972146354,0,0,0,0,0,40.0,보통
37.45347466762489,126.97156972146354,0,0,0,0,0,40.0,보통
37.45437297879988,126.97156972146354,0,0,0,0,0,40.0,보통
37.455271289974874,126.97156972146354,0,0,0,0,0,40.0,보통
37.45616960114987,126.97156972146354,0,0,0,0,0,40.0,보통
37.45706791232486,126.97156972146354,0,0,0,0,0,40.0,보통
37.45796622349985,126.97156972146354,0,0,0,0,0,40.0,보통
37.458864534674845,126.97156972146354,0,0,0,0,0,40.0,보통
37.45976284584984,126.97156972146354,0,0,0,0,0,40.0,보통
37.46066115702483,126.97156972146354,0,0,0,0,0,40.0,보통
37.46155946819982,126.97156972146354,0,0,0,0,0,40.0,보통
37.462457779374816,126.97156972146354,0,0,0,0,0,40.0,보통
37.46335609054981,126.97156972146354,0,0,0,0,0,40.0,보통
37.4642544017248,126.97156972146354,0,0,0,0,0,40.0,보통
37.465152712899794,126.97156972146354,0,0,0,0,0,40.0,보통
37.46605102407479,126.97156972146354,0,0,0,0,0,40.0,보통
37.46694933524978,126.97156972146354,0,0,0,0,0,40.0,보통
37.46784764642477,126.97156972146354,0,0,0,0,0,40.0,보통
37.468745957599765,126.97156972146354,0,0,0,0,0,40.0,보통
37.46964426877476,126.97156972146354,0,0,0,0,0,40.0,보통
37.47054257994975,126.97156972146354,1,0,0,0,0,45.0,보통
37.47144089112474,126.97156972146354,4,0,0,0,0,60.0,안전
37.472339202299736,126.97156972146354,4,0,0,0,0,60.0,안전
37.47323751347473,126.97156972146354,3,0,0,0,0,55.0,보통
37.47413582464972,126.97156972146354,4,0,1,0,0,65.0,안전
37.475034135824714,126.97156972146354,4,0,1,0,0,65.0,안전
37.47593244699971,126.97156972146354,4,3,1,0,0,80.0,안전
37.4768307581747,126.97156972146354,4,3,1,0,0,80.0,안전
37.47772906934969,126.97156972146354,4,3,1,0,0,80.0,안전
37.478627380524685,126.97156972146354,4,3,2,0,0,85.0,안전
37.47952569169968,126.97156972146354,4,3,1,0,0,80.0,안전
37.48042400287467,126.97156972146354,0,3,1,0,0,60.0,안전
37.48132231404966,126.97156972146354,4,3,2,0,0,85.0,안전
37.482220625224656,126.97156972146354,4,3,2,0,0,85.0,안전
37.48311893639965,126.97156972146354,4,3,2,0,0,85.0,안전
37.48401724757464,126.97156972146354,4,3,2,0,0,85.0,안전
37.484915558749634,126.97156972146354,4,3,2,0,0,85.0,안전
37.48581386992463,126.97156972146354,4,3,2,0,0,85.0,안전
37.48671218109962,126.97156972146354,4,3,1,0,0,80.0,안전
37.48761049227461,126.97156972146354,0,2,0,0,0,50.0,보통
37.488508803449605,126.97156972146354,0,3,0,0,0,55.0,보통
37.4894071146246,126.97156972146354,4,3,0,0,0,75.0,안전
37.49030542579959,126.97156972146354,4,3,2,0,0,85.0,안전
37.49120373697458,126.97156972146354,0,3,1,0,0,60.0,안전
37.492102048149576,126.97156972146354,3,1,0,0,0,60.0,안전
37.49300035932457,126.97156972146354,0,0,0,0,0,40.0,보통
37.49389867049956,126.97156972146354,0,0,0,0,0,40.0,보통
37.494796981674554,126.97156972146354,0,0,0,0,0,40.0,보통
37.49569529284955,126.97156972146354,0,0,0,0,0,40.0,보통
37.49659360402454,126.97156972146354,0,0,0,0,0,40.0,보통
37.49749191519953,126.97156972146354,0,0,0,0,0,40.0,보통
37.498390226374525,126.97156972146354,0,0,0,0,0,40.0,보통
37.49928853754952,126.97156972146354,0,0,0,0,0,40.0,보통
37.50018684872451,126.97156972146354,0,0,0,0,0,40.0,보통
37.5010851598995,126.97156972146354,0,0,0,0,0,40.0,보통
37.501983471074496,126.97156972146354,0,0,0,0,0,40.0,보통
37.50288178224949,126.97156972146354,0,0,0,0,0,40.0,보통
37.50378009342448,126.97156972146354,0,0,0,0,0,40.0,보통
37.504678404599474,126.97156972146354,4,0,0,0,0,60.0,안전
37.50557671577447,126.97156972146354,4,1,0,0,0,65.0,안전
37.50647502694946,126.97156972146354,0,3,0,0,0,55.0,보통
37.50737333812445,126.97156972146354,0,3,0,0,0,55.0,보통
37.508271649299445,126.97156972146354,0,1,0,0,0,45.0,보통
37.50916996047444,126.97156972146354,0,0,0,0,0,40.0,보통
37.51006827164943,126.97156972146354,0,0,0,0,0,40.0,보통
37.51096658282442,126.97156972146354,0,0,0,0,0,40.0,보통
37.511864893999416,126.97156972146354,0,0,0,0,0,40.0,보통
37.51276320517441,126.97156972146354,0,0,0,0,0,40.0,보통
37.5136615163494,126.97156972146354,0,0,0,0,0,40.0,보통
37.514559827524394,126.97156972146354,0,0,0,0,0,40.0,보통
37.51545813869939,126.97156972146354,0,0,0,0,0,40.0,보통
37.51635644987438,126.97156972146354,0,0,0,0,0,40.0,보통
37.51725476104937,126.97156972146354,0,3,0,0,0,55.0,보통
37.518153072224365,126.97156972146354,0,3,0,0,0,55.0,보통
37.51905138339936,126.97156972146354,0,0,0,0,0,40.0,보통
37.51994969457435,126.97156972146354,0,0,0,0,0,40.0,보통
37.52084800574934,126.97156972146354,0,0,0,0,0,40.0,보통
37.521746316924336,126.97156972146354,0,0,0,0,0,40.0,보통
37.52264462809933,126.97156972146354,0,0,0,0,0,40.0,보통
37.52354293927432,126.97156972146354,0,0,0,0,0,40.0,보통
37.524441250449314,126.97156972146354,0,0,0,0,0,40.0,보통
37.52533956162431,126.97156972146354,0,0,0,0,0,40.0,보통
37.44,126.97270156333221,0,0,0,0,0,40.0,보통
37.44089831117499,126.97270156333221,0,0,0,0,0,40.0,보통
37.44179662234998,126.97270156333221,0,0,0,0,0,40.0,보통
37.442694933524976,126.97270156333221,0,0,0,0,0,40.0,보통
37.44359324469997,126.97270156333221,0,0,0,0,0,40.0,보통
37.44449155587496,126.97270156333221,0,0,0,0,0,40.0,보통
37.445389867049954,126.97270156333221,0,0,0,0,0,40.0,보통
37.44628817822495,126.97270156333221,0,0,0,0,0,40.0,보통
37.44718648939994,126.97270156333221,0,0,0,0,0,40.0,보통
37.44808480057493,126.97270156333221,0,0,0,0,0,40.0,보통
37.448983111749925,126.97270156333221,0,0,0,0,0,40.0,보통
37.44988142292492,126.97270156333221,0,0,0,0,0,40.0,보통
37.45077973409991,126.97270156333221,0,0,0,0,0,40.0,보통
37.4516780452749,126.97270156333221,0,0,0,0,0,40.0,보통
37.452576356449896,126.97270156333221,0,0,0,0,0,40.0,보통
37.45347466762489,126.97270156333221,0,0,0,0,0,40.0,보통
37.45437297879988,126.97270156333221,0,0,0,0,0,40.0,보통
37.455271289974874,126.97270156333221,0,0,0,0,0,40.0,보통
37.45616960114987,126.97270156333221,0,0,0,0,0,40.0,보통
37.45706791232486,126.97270156333221,0,0,0,0,0,40.0,보통
37.45796622349985,126.97270156333221,0,0,0,0,0,40.0,보통
37.458864534674845,126.97270156333221,0,0,0,0,0,40.0,보통
37.45976284584984,126.97270156333221,0,0,0,0,0,40.0,보통
37.46066115702483,126.97270156333221,0,0,0,0,0,40.0,보통
37.46155946819982,126.97270156333221,0,0,0,0,0,40.0,보통
37.462457779374816,126.97270156333221,0,0,0,0,0,40.0,보통
37.46335609054981,126.97270156333221,0,0,0,0,0,40.0,보통
37.4642544017248,126.97270156333221,0,0,0,0,0,40.0,보통
37.465152712899794,126.97270156333221,0,0,0,0,0,40.0,보통
37.46605102407479,126.97270156333221,0,0,0,0,0,40.0,보통
37.46694933524978,126.97270156333221,0,0,0,0,0,40.0,보통
37.46784764642477,126.97270156333221,0,0,0,0,0,40.0,보통
37.468745957599765,126.97270156333221,0,0,0,0,0,40.0,보통
37.46964426877476,126.97270156333221,0,0,0,0,0,40.0,보통
37.47054257994975,126.97270156333221,2,0,0,0,0,50.0,보통
37.47144089112474,126.97270156333221,4,0,0,0,0,60.0,안전
37.472339202299736,126.97270156333221,4,0,0,0,0,60.0,안전
37.47323751347473,126.97270156333221,4,0,0,0,0,60.0,안전
37.47413582464972,126.97270156333221,4,0,1,0,0,65.0,안전
37.475034135824714,126.97270156333221,4,0,2,0,0,70.0,안전
37.47593244699971,126.97270156333221,4,3,2,0,0,85.0,안전
37.4768307581747,126.97270156333221,4,3,1,0,0,80.0,안전
37.47772906934969,126.97270156333221,4,3,1,0,0,80.0,안전
37.478627380524685,126.97270156333221,4,3,1,0,0,80.0,안전
37.47952569169968,126.97270156333221,4,3,0,0,0,75.0,안전
37.48042400287467,126.97270156333221,4,3,1,0,0,80.0,안전
37.48132231404966,126.97270156333221,4,3,2,0,0,85.0,안전
37.482220625224656,126.97270156333221,4,3,1,0,0,80.0,안전
37.48311893639965,126.97270156333221,4,3,2,0,0,85.0,안전
37.48401724757464,126.97270156333221,4,3,1,0,0,80.0,안전
37.484915558749634,126.97270156333221,4,3,2,0,0,85.0,안전
37.48581386992463,126.97270156333221,4,3,1,0,0,80.0,안전
37.48671218109962,126.97270156333221,0,3,1,0,0,60.0,안전
37.48761049227461,126.97270156333221,1,1,1,0,0,55.0,보통
37.488508803449605,126.97270156333221,2,3,1,0,0,70.0,안전
37.4894071146246,126.97270156333221,3,3,0,0,0,70.0,안전
37.49030542579959,126.97270156333221,3,3,0,0,0,70.0,안전
37.49120373697458,126.97270156333221,0,0,0,0,0,40.0,보통
37.492102048149576,126.97270156333221,0,0,0,0,0,40.0,보통
37.49300035932457,126.97270156333221,0,0,0,0,0,40.0,보통
37.49389867049956,126.97270156333221,0,0,0,0,0,40.0,보통
37.494796981674554,126.97270156333221,0,0,0,0,0,40.0,보통
37.49569529284955,126.97270156333221,0,0,0,0,0,40.0,보통
37.49659360402454,126.97270156333221,0,0,0,0,0,40.0,보통
37.49749191519953,126.97270156333221,0,0,0,0,0,40.0,보통
37.498390226374525,126.97270156333221,0,0,0,0,0,40.0,보통
37.49928853754952,126.97270156333221,0,0,0,0,0,40.0,보통
37.50018684872451,126.97270156333221,0,0,0,0,0,40.0,보통
37.5010851598995,126.97270156333221,0,0,0,0,0,40.0,보통
37.501983471074496,126.97270156333221,0,0,0,0,0,40.0,보통
37.50288178224949,126.97270156333221,0,0,0,0,0,40.0,보통
37.50378009342448,126.97270156333221,0,0,0,0,0,40.0,보통
37.504678404599474,126.97270156333221,0,0,0,0,0,40.0,보통
37.50557671577447,126.97270156333221,0,3,0,0,0,55.0,보통
37.50647502694946,126.97270156333221,0,3,0,0,0,55.0,보통
37.50737333812445,126.97270156333221,0,3,0,0,0,55.0,보통
37.508271649299445,126.97270156333221,0,0,0,0,0,40.0,보통
37.50916996047444,126.97270156333221,0,0,0,0,0,40.0,보통
37.51006827164943,126.97270156333221,0,0,0,0,0,40.0,보통
37.51096658282442,126.97270156333221,0,0,0,0,0,40.0,보통
37.511864893999416,126.97270156333221,0,0,0,0,0,40.0,보통
37.51276320517441,126.97270156333221,0,0,0,0,0,40.0,보통
37.5136615163494,126.97270156333221,0,0,0,0,0,40.0,보통
37.514559827524394,126.97270156333221,0,0,0,0,0,40.0,보통
37.51545813869939,126.97270156333221,0,0,0,0,0,40.0,보통
37.51635644987438,126.97270156333221,0,0,0,0,0,40.0,보통
37.51725476104937,126.97270156333221,0,3,0,0,0,55.0,보통
37.518153072224365,126.97270156333221,0,3,0,0,0,55.0,보통
37.51905138339936,126.97270156333221,0,0,0,0,0,40.0,보통
37.51994969457435,126.97270156333221,0,0,0,0,0,40.0,보통
37.52084800574934,126.97270156333221,0,0,0,0,0,40.0,보통
37.521746316924336,126.97270156333221,0,0,0,0,0,40.0,보통
37.52264462809933,126.97270156333221,0,0,0,0,0,40.0,보통
37.52354293927432,126.97270156333221,0,0,0,0,0,40.0,보통
37.524441250449314,126.97270156333221,0,0,0,0,0,40.0,보통
37.52533956162431,126.97270156333221,0,0,0,0,0,40.0,보통
37.44,126.97383340520088,0,0,0,0,0,40.0,보통
37.44089831117499,126.97383340520088,0,0,0,0,0,40.0,보통
37.44179662234998,126.97383340520088,0,0,0,0,0,40.0,보통
37.442694933524976,126.97383340520088,0,0,0,0,0,40.0,보통
37.44359324469997,126.97383340520088,0,0,0,0,0,40.0,보통
37.44449155587496,126.97383340520088,0,0,0,0,0,40.0,보통
37.445389867049954,126.97383340520088,0,0,0,0,0,40.0,보통
37.44628817822495,126.97383340520088,0,0,0,0,0,40.0,보통
37.44718648939994,126.97383340520088,0,0,0,0,0,40.0,보통
37.44808480057493,126.97383340520088,0,0,0,0,0,40.0,보통
37.448983111749925,126.97383340520088,0,0,0,0,0,40.0,보통
37.44988142292492,126.97383340520088,0,0,0,0,0,40.0,보통
37.45077973409991,126.97383340520088,0,0,0,0,0,40.0,보통
37.4516780452749,126.97383340520088,0,0,0,0,0,40.0,보통
37.452576356449896,126.97383340520088,0,0,0,0,0,40.0,보통
37.45347466762489,126.97383340520088,0,0,0,0,0,40.0,보통
37.45437297879988,126.97383340520088,0,0,0,0,0,40.0,보통
37.455271289974874,126.97383340520088,0,0,0,0,0,40.0,보통
37.45616960114987,126.97383340520088,0,0,0,0,0,40.0,보통
37.45706791232486,126.97383340520088,0,0,0,0,0,40.0,보통
37.45796622349985,126.97383340520088,0,0,0,0,0,40.0,보통
37.458864534674845,126.97383340520088,0,0,0,0,0,40.0,보통
37.45976284584984,126.97383340520088,0,0,0,0,0,40.0,보통
37.46066115702483,126.97383340520088,0,0,0,0,0,40.0,보통
37.46155946819982,126.97383340520088,0,0,0,0,0,40.0,보통
37.462457779374816,126.97383340520088,0,0,0,0,0,40.0,보통
37.46335609054981,126.97383340520088,0,0,0,0,0,40.0,보통
37.4642544017248,126.97383340520088,0,0,0,0,0,40.0,보통
37.465152712899794,126.97383340520088,0,0,0,0,0,40.0,보통
37.46605102407479,126.97383340520088,0,0,0,0,0,40.0,보통
37.46694933524978,126.97383340520088,0,0,0,0,0,40.0,보통
37.46784764642477,126.97383340520088,0,0,0,0,0,40.0,보통
37.468745957599765,126.97383340520088,0,0,0,0,0,40.0,보통
37.46964426877476,126.97383340520088,0,0,0,0,0,40.0,보통
37.47054257994975,126.97383340520088,1,0,0,0,0,45.0,보통
37.47144089112474,126.97383340520088,4,0,0,0,0,60.0,안전
37.472339202299736,126.97383340520088,4,0,1,0,0,65.0,안전
37.47323751347473,126.97383340520088,4,0,1,0,0,65.0,안전
37.47413582464972,126.97383340520088,4,0,0,0,0,60.0,안전
37.475034135824714,126.97383340520088,4,0,1,0,0,65.0,안전
37.47593244699971,126.97383340520088,4,3,1,0,0,80.0,안전
37.4768307581747,126.97383340520088,4,3,0,0,0,75.0,안전
37.47772906934969,126.97383340520088,4,3,0,0,0,75.0,안전
37.478627380524685,126.97383340520088,0,3,0,0,0,55.0,보통
37.47952569169968,126.97383340520088,2,3,1,0,0,70.0,안전
37.48042400287467,126.97383340520088,4,3,0,0,0,75.0,안전
37.48132231404966,126.97383340520088,4,3,1,0,0,80.0,안전
37.482220625224656,126.97383340520088,4,3,2,0,0,85.0,안전
37.48311893639965,126.97383340520088,4,3,1,0,0,80.0,안전
37.48401724757464,126.97383340520088,4,3,0,0,0,75.0,안전
37.484915558749634,126.97383340520088,4,3,0,0,0,75.0,안전
37.48581386992463,126.97383340520088,4,2,0,0,0,70.0,안전
37.48671218109962,126.97383340520088,4,3,0,0,0,75.0,안전
37.48761049227461,126.97383340520088,4,3,1,0,0,80.0,안전
37.488508803449605,126.97383340520088,3,2,2,0,0,75.0,안전
37.4894071146246,126.97383340520088,1,1,1,0,0,55.0,보통
37.49030542579959,126.97383340520088,0,0,0,0,0,40.0,보통
37.49120373697458,126.97383340520088,0,0,1,0,0,45.0,보통
37.492102048149576,126.97383340520088,0,0,1,0,0,45.0,보통
37.49300035932457,126.97383340520088,0,0,0,0,0,40.0,보통
37.49389867049956,126.97383340520088,0,0,0,0,0,40.0,보통
37.494796981674554,126.97383340520088,0,0,0,0,0,40.0,보통
37.49569529284955,126.97383340520088,0,0,0,0,0,40.0,보통
37.49659360402454,126.97383340520088,0,0,0,0,0,40.0,보통
37.49749191519953,126.97383340520088,0,0,0,0,0,40.0,보통
37.498390226374525,126.97383340520088,0,0,0,0,0,40.0,보통
37.49928853754952,126.97383340520088,0,0,0,0,0,40.0,보통
37.50018684872451,126.97383340520088,0,0,0,0,0,40.0,보통
37.5010851598995,126.97383340520088,0,0,0,0,0,40.0,보통
37.501983471074496,126.97383340520088,0,0,0,0,0,40.0,보통
37.50288178224949,126.97383340520088,0,0,0,0,0,40.0,보통
37.50378009342448,126.97383340520088,0,0,0,0,0,40.0,보통
37.504678404599474,126.97383340520088,0,2,0,0,0,50.0,보통
37.50557671577447,126.97383340520088,0,3,0,0,0,55.0,보통
37.50647502694946,126.97383340520088,0,3,0,0,0,55.0,보통
37.50737333812445,126.97383340520088,0,0,0,0,0,40.0,보통
37.508271649299445,126.97383340520088,0,0,0,0,0,40.0,보통
37.50916996047444,126.97383340520088,0,0,0,0,0,40.0,보통
37.51006827164943,126.97383340520088,0,0,0,0,0,40.0,보통
37.51096658282442,126.97383340520088,0,0,0,0,0,40.0,보통
37.511864893999416,126.97383340520088,0,0,0,0,0,40.0,보통
37.51276320517441,126.97383340520088,0,0,0,0,0,40.0,보통
37.5136615163494,126.97383340520088,0,0,0,0,0,40.0,보통
37.514559827524394,126.97383340520088,0,0,0,0,0,40.0,보통
37.51545813869939,126.97383340520088,0,0,0,0,0,40.0,보통
37.51635644987438,126.97383340520088,0,3,0,0,0,55.0,보통
37.51725476104937,126.97383340520088,0,3,0,0,0,55.0,보통
37.518153072224365,126.97383340520088,0,0,0,0,0,40.0,보통
37.51905138339936,126.97383340520088,0,0,0,0,0,40.0,보통
37.51994969457435,126.97383340520088,0,0,0,0,0,40.0,보통
37.52084800574934,126.97383340520088,0,0,0,0,0,40.0,보통
37.521746316924336,126.97383340520088,0,0,0,0,0,40.0,보통
37.52264462809933,126.97383340520088,0,0,0,0,0,40.0,보통
37.52354293927432,126.97383340520088,0,0,0,0,0,40.0,보통
37.524441250449314,126.97383340520088,0,0,0,0,0,40.0,보통
37.52533956162431,126.97383340520088,0,0,0,0,0,40.0,보통
37.44,126.97496524706955,0,0,0,0,0,40.0,보통
37.44089831117499,126.97496524706955,0,0,0,0,0,40.0,보통
37.44179662234998,126.97496524706955,0,0,0,0,0,40.0,보통
37.442694933524976,126.97496524706955,0,0,0,0,0,40.0,보통
37.44359324469997,126.97496524706955,0,0,0,0,0,40.0,보통
37.44449155587496,126.97496524706955,0,0,0,0,0,40.0,보통
37.445389867049954,126.97496524706955,0,0,0,0,0,40.0,보통
37.44628817822495,126.97496524706955,0,0,0,0,0,40.0,보통
37.44718648939994,126.97496524706955,0,0,0,0,0,40.0,보통
37.44808480057493,126.97496524706955,0,0,0,0,0,40.0,보통
37.448983111749925,126.97496524706955,0,0,0,0,0,40.0,보통
37.44988142292492,126.97496524706955,0,0,0,0,0,40.0,보통
37.45077973409991,126.97496524706955,0,0,0,0,0,40.0,보통
37.4516780452749,126.97496524706955,0,0,0,0,0,40.0,보통
37.452576356449896,126.97496524706955,0,0,0,0,0,40.0,보통
37.45347466762489,126.97496524706955,0,0,0,0,0,40.0,보통
37.45437297879988,126.97496524706955,0,0,0,0,0,40.0,보통
37.455271289974874,126.97496524706955,0,0,0,0,0,40.0,보통
37.45616960114987,126.97496524706955,0,0,0,0,0,40.0,보통
37.45706791232486,126.97496524706955,0,0,0,0,0,40.0,보통
37.45796622349985,126.97496524706955,0,0,0,0,0,40.0,보통
37.458864534674845,126.97496524706955,0,0,0,0,0,40.0,보통
37.45976284584984,126.97496524706955,0,0,0,0,0,40.0,보통
37.46066115702483,126.97496524706955,0,0,0,0,0,40.0,보통
37.46155946819982,126.97496524706955,0,0,0,0,0,40.0,보통
37.462457779374816,126.97496524706955,0,0,0,0,0,40.0,보통
37.46335609054981,126.97496524706955,0,0,0,0,0,40.0,보통
37.4642544017248,126.97496524706955,0,0,0,0,0,40.0,보통
37.465152712899794,126.97496524706955,0,0,0,0,0,40.0,보통
37.46605102407479,126.97496524706955,0,0,0,0,0,40.0,보통
37.46694933524978,126.97496524706955,0,0,0,0,0,40.0,보통
37.46784764642477,126.97496524706955,0,0,0,0,0,40.0,보통
37.468745957599765,126.97496524706955,1,0,0,0,0,45.0,보통
37.46964426877476,126.97496524706955,0,0,0,0,0,40.0,보통
37.47054257994975,126.97496524706955,0,0,0,0,0,40.0,보통
37.47144089112474,126.97496524706955,3,0,0,0,0,55.0,보통
37.472339202299736,126.97496524706955,4,0,0,0,0,60.0,안전
37.47323751347473,126.97496524706955,4,0,2,0,1,80.0,안전
37.47413582464972,126.97496524706955,4,0,1,0,1,75.0,안전
37.475034135824714,126.97496524706955,4,0,1,0,1,75.0,안전
37.47593244699971,126.97496524706955,4,1,1,0,1,80.0,안전
37.4768307581747,126.97496524706955,4,3,1,0,0,80.0,안전
37.47772906934969,126.97496524706955,4,3,0,0,0,75.0,안전
37.478627380524685,126.97496524706955,4,3,0,0,0,75.0,안전
37.47952569169968,126.97496524706955,4,3,1,0,0,80.0,안전
37.48042400287467,126.97496524706955,2,3,1,0,0,70.0,안전
37.48132231404966,126.97496524706955,4,3,1,0,0,80.0,안전
37.482220625224656,126.97496524706955,4,3,2,0,0,85.0,안전
37.48311893639965,126.97496524706955,4,3,1,0,0,80.0,안전
37.48401724757464,126.97496524706955,1,3,0,0,0,60.0,안전
37.484915558749634,126.97496524706955,3,0,0,0,0,55.0,보통
37.48581386992463,126.97496524706955,4,2,0,0,0,70.0,안전
37.48671218109962,126.97496524706955,4,3,0,0,0,75.0,안전
37.48761049227461,126.97496524706955,4,3,1,0,0,80.0,안전
37.488508803449605,126.97496524706955,4,2,1,0,0,75.0,안전
37.4894071146246,126.97496524706955,0,1,0,0,0,45.0,보통
37.49030542579959,126.97496524706955,0,0,0,0,0,40.0,보통
37.49120373697458,126.97496524706955,0,0,0,0,0,40.0,보통
37.492102048149576,126.97496524706955,0,0,1,0,0,45.0,보통
37.49300035932457,126.97496524706955,1,1,0,0,0,50.0,보통
37.49389867049956,126.97496524706955,0,0,0,0,0,40.0,보통
37.494796981674554,126.97496524706955,0,0,0,0,0,40.0,보통
37.49569529284955,126.97496524706955,0,0,0,0,0,40.0,보통
37.49659360402454,126.97496524706955,0,0,0,0,0,40.0,보통
37.49749191519953,126.97496524706955,0,0,0,0,0,40.0,보통
37.498390226374525,126.97496524706955,0,0,0,0,0,40.0,보통
37.49928853754952,126.97496524706955,0,0,0,0,0,40.0,보통
37.50018684872451,126.97496524706955,0,0,0,0,0,40.0,보통
37.5010851598995,126.97496524706955,0,0,0,0,0,40.0,보통
37.501983471074496,126.97496524706955,0,0,0,0,0,40.0,보통
37.50288178224949,126.97496524706955,0,0,0,0,0,40.0,보통
37.50378009342448,126.97496524706955,0,2,0,0,0,50.0,보통
37.504678404599474,126.97496524706955,0,3,0,0,0,55.0,보통
37.50557671577447,126.97496524706955,0,3,0,0,0,55.0,보통
37.50647502694946,126.97496524706955,0,0,0,0,0,40.0,보통
37.50737333812445,126.97496524706955,0,0,0,0,0,40.0,보통
37.508271649299445,126.97496524706955,0,0,0,0,0,40.0,보통
37.50916996047444,126.97496524706955,0,0,0,0,0,40.0,보통
37.51006827164943,126.97496524706955,0,0,0,0,0,40.0,보통
37.51096658282442,126.97496524706955,0,0,0,0,0,40.0,보통
37.511864893999416,126.97496524706955,0,0,0,0,0,40.0,보통
37.51276320517441,126.97496524706955,0,0,0,0,0,40.0,보통
37.5136615163494,126.97496524706955,0,0,0,0,0,40.0,보통
37.514559827524394,126.97496524706955,0,0,0,0,0,40.0,보통
37.51545813869939,126.97496524706955,0,0,0,0,0,40.0,보통
37.51635644987438,126.97496524706955,0,3,0,0,0,55.0,보통
37.51725476104937,126.97496524706955,0,3,0,0,0,55.0,보통
37.518153072224365,126.97496524706955,0,0,0,0,0,40.0,보통
37.51905138339936,126.97496524706955,0,0,0,0,0,40.0,보통
37.51994969457435,126.97496524706955,0,0,0,0,0,40.0,보통
37.52084800574934,126.97496524706955,0,0,0,0,0,40.0,보통
37.521746316924336,126.97496524706955,0,0,0,0,0,40.0,보통
37.52264462809933,126.97496524706955,0,0,0,0,0,40.0,보통
37.52354293927432,126.97496524706955,0,0,0,0,0,40.0,보통
37.524441250449314,126.97496524706955,0,0,0,0,0,40.0,보통
37.52533956162431,126.97496524706955,0,0,0,0,0,40.0,보통
37.44,126.97609708893822,0,0,0,0,0,40.0,보통
37.44089831117499,126.97609708893822,0,0,0,0,0,40.0,보통
37.44179662234998,126.97609708893822,0,0,0,0,0,40.0,보통
37.442694933524976,126.97609708893822,0,0,0,0,0,40.0,보통
37.44359324469997,126.97609708893822,0,0,0,0,0,40.0,보통
37.44449155587496,126.97609708893822,0,0,0,0,0,40.0,보통
37.445389867049954,126.97609708893822,0,0,0,0,0,40.0,보통
37.44628817822495,126.97609708893822,0,0,0,0,0,40.0,보통
37.44718648939994,126.97609708893822,0,0,0,0,0,40.0,보통
37.44808480057493,126.97609708893822,0,0,0,0,0,40.0,보통
37.448983111749925,126.97609708893822,0,0,0,0,0,40.0,보통
37.44988142292492,126.97609708893822,0,0,0,0,0,40.0,보통
37.45077973409991,126.97609708893822,0,0,0,0,0,40.0,보통
37.4516780452749,126.97609708893822,0,0,0,0,0,40.0,보통
37.452576356449896,126.97609708893822,0,0,0,0,0,40.0,보통
37.45347466762489,126.97609708893822,0,0,0,0,0,40.0,보통
37.45437297879988,126.97609708893822,0,0,0,0,0,40.0,보통
37.455271289974874,126.97609708893822,0,0,0,0,0,40.0,보통
37.45616960114987,126.97609708893822,0,0,0,0,0,40.0,보통
37.45706791232486,126.97609708893822,0,0,0,0,0,40.0,보통
37.45796622349985,126.97609708893822,0,0,0,0,0,40.0,보통
37.458864534674845,126.97609708893822,0,0,0,0,0,40.0,보통
37.45976284584984,126.97609708893822,0,0,0,0,0,40.0,보통
37.46066115702483,126.97609708893822,0,0,0,0,0,40.0,보통
37.46155946819982,126.97609708893822,0,0,0,0,0,40.0,보통
37.462457779374816,126.97609708893822,0,0,0,0,0,40.0,보통
37.46335609054981,126.97609708893822,0,0,0,0,0,40.0,보통
37.4642544017248,126.97609708893822,0,0,0,0,0,40.0,보통
37.465152712899794,126.97609708893822,0,0,0,0,0,40.0,보통
37.46605102407479,126.97609708893822,0,0,0,0,0,40.0,보통
37.46694933524978,126.97609708893822,0,0,0,0,0,40.0,보통
37.46784764642477,126.97609708893822,2,0,0,0,0,50.0,보통
37.468745957599765,126.97609708893822,1,0,0,0,0,45.0,보통
37.46964426877476,126.97609708893822,0,0,0,0,0,40.0,보통
37.47054257994975,126.97609708893822,0,0,0,0,0,40.0,보통
37.47144089112474,126.97609708893822,0,0,0,0,0,40.0,보통
37.472339202299736,126.97609708893822,4,0,0,0,0,60.0,안전
37.47323751347473,126.97609708893822,4,0,1,0,1,75.0,안전
37.47413582464972,126.97609708893822,4,0,2,0,1,80.0,안전
37.475034135824714,126.97609708893822,4,0,1,0,1,75.0,안전
37.47593244699971,126.97609708893822,4,0,2,0,1,80.0,안전
37.4768307581747,126.97609708893822,4,3,1,0,1,90.0,안전
37.47772906934969,126.97609708893822,4,3,1,0,0,80.0,안전
37.478627380524685,126.97609708893822,4,3,1,0,0,80.0,안전
37.47952569169968,126.97609708893822,4,3,0,0,0,75.0,안전
37.48042400287467,126.97609708893822,4,3,1,0,1,90.0,안전
37.48132231404966,126.97609708893822,4,3,1,0,1,90.0,안전
37.482220625224656,126.97609708893822,4,3,1,0,0,80.0,안전
37.48311893639965,126.97609708893822,3,3,2,0,0,80.0,안전
37.48401724757464,126.97609708893822,0,3,0,0,0,55.0,보통
37.484915558749634,126.97609708893822,0,3,0,0,0,55.0,보통
37.48581386992463,126.97609708893822,4,3,0,0,0,75.0,안전
37.48671218109962,126.97609708893822,3,3,0,0,0,70.0,안전
37.48761049227461,126.97609708893822,4,3,1,0,0,80.0,안전
37.488508803449605,126.97609708893822,4,2,1,0,0,75.0,안전
37.4894071146246,126.97609708893822,0,3,0,0,0,55.0,보통
37.49030542579959,126.97609708893822,0,3,1,0,0,60.0,안전
37.49120373697458,126.97609708893822,0,3,1,0,0,60.0,안전
37.492102048149576,126.97609708893822,4,3,0,0,0,75.0,안전
37.49300035932457,126.97609708893822,4,3,0,0,0,75.0,안전
37.49389867049956,126.97609708893822,1,3,0,0,0,60.0,안전
37.494796981674554,126.97609708893822,0,0,0,0,0,40.0,보통
37.49569529284955,126.97609708893822,0,0,0,0,0,40.0,보통
37.49659360402454,126.97609708893822,0,0,0,0,0,40.0,보통
37.49749191519953,126.97609708893822,0,0,0,0,0,40.0,보통
37.498390226374525,126.97609708893822,0,0,0,0,0,40.0,보통
37.49928853754952,126.97609708893822,0,0,0,0,0,40.0,보통
37.50018684872451,126.97609708893822,0,0,0,0,0,40.0,보통
37.5010851598995,126.97609708893822,0,0,0,0,0,40.0,보통
37.501983471074496,126.97609708893822,0,0,0,0,0,40.0,보통
37.50288178224949,126.97609708893822,0,1,0,0,0,45.0,보통
37.50378009342448,126.97609708893822,0,2,0,0,0,50.0,보통
37.504678404599474,126.97609708893822,0,3,0,0,0,55.0,보통
37.50557671577447,126.97609708893822,0,3,0,0,0,55.0,보통
37.50647502694946,126.97609708893822,0,0,0,0,0,40.0,보통
37.50737333812445,126.97609708893822,0,0,0,0,0,40.0,보통
37.508271649299445,126.97609708893822,0,0,0,0,0,40.0,보통
37.50916996047444,126.97609708893822,0,0,0,0,0,40.0,보통
37.51006827164943,126.97609708893822,0,0,0,0,0,40.0,보통
37.51096658282442,126.97609708893822,0,0,0,0,0,40.0,보통
37.511864893999416,126.97609708893822,0,0,0,0,0,40.0,보통
37.51276320517441,126.97609708893822,0,0,0,0,0,40.0,보통
37.5136615163494,126.97609708893822,0,0,0,0,0,40.0,보통
37.514559827524394,126.97609708893822,0,0,0,0,0,40.0,보통
37.51545813869939,126.97609708893822,0,0,0,0,0,40.0,보통
37.51635644987438,126.97609708893822,0,3,0,0,0,55.0,보통
37.51725476104937,126.97609708893822,0,3,0,0,0,55.0,보통
37.518153072224365,126.97609708893822,0,0,0,0,0,40.0,보통
37.51905138339936,126.97609708893822,0,0,0,0,0,40.0,보통
37.51994969457435,126.97609708893822,0,0,0,0,0,40.0,보통
37.52084800574934,126.97609708893822,0,0,0,0,0,40.0,보통
37.521746316924336,126.97609708893822,0,0,0,0,0,40.0,보통
37.52264462809933,126.97609708893822,0,0,0,0,0,40.0,보통
37.52354293927432,126.97609708893822,0,0,0,0,0,40.0,보통
37.524441250449314,126.97609708893822,0,0,0,0,0,40.0,보통
37.52533956162431,126.97609708893822,0,0,0,0,0,40.0,보통
37.44,126.97722893080689,0,0,0,0,0,40.0,보통
37.44089831117499,126.97722893080689,0,0,0,0,0,40.0,보통
37.44179662234998,126.97722893080689,0,0,0,0,0,40.0,보통
37.442694933524976,126.97722893080689,0,0,0,0,0,40.0,보통
37.44359324469997,126.97722893080689,0,0,0,0,0,40.0,보통
37.44449155587496,126.97722893080689,0,0,0,0,0,40.0,보통
37.445389867049954,126.97722893080689,0,0,0,0,0,40.0,보통
37.44628817822495,126.97722893080689,0,0,0,0,0,40.0,보통
37.44718648939994,126.97722893080689,0,0,0,0,0,40.0,보통
37.44808480057493,126.97722893080689,0,0,0,0,0,40.0,보통
37.448983111749925,126.97722893080689,0,0,0,0,0,40.0,보통
37.44988142292492,126.97722893080689,0,0,0,0,0,40.0,보통
37.45077973409991,126.97722893080689,0,0,0,0,0,40.0,보통
37.4516780452749,126.97722893080689,0,0,0,0,0,40.0,보통
37.452576356449896,126.97722893080689,0,0,0,0,0,40.0,보통
37.45347466762489,126.97722893080689,0,0,0,0,0,40.0,보통
37.45437297879988,126.97722893080689,0,0,0,0,0,40.0,보통
37.455271289974874,126.97722893080689,0,0,0,0,0,40.0,보통
37.45616960114987,126.97722893080689,0,0,0,0,0,40.0,보통
37.45706791232486,126.97722893080689,0,0,0,0,0,40.0,보통
37.45796622349985,126.97722893080689,0,0,0,0,0,40.0,보통
37.458864534674845,126.97722893080689,0,0,0,0,0,40.0,보통
37.45976284584984,126.97722893080689,0,0,0,0,0,40.0,보통
37.46066115702483,126.97722893080689,0,0,0,0,0,40.0,보통
37.46155946819982,126.97722893080689,0,0,0,0,0,40.0,보통
37.462457779374816,126.97722893080689,0,0,0,0,0,40.0,보통
37.46335609054981,126.97722893080689,0,0,0,0,0,40.0,보통
37.4642544017248,126.97722893080689,0,0,0,0,0,40.0,보통
37.465152712899794,126.97722893080689,0,0,0,0,0,40.0,보통
37.46605102407479,126.97722893080689,0,0,0,0,0,40.0,보통
37.46694933524978,126.97722893080689,0,0,0,0,0,40.0,보통
37.46784764642477,126.97722893080689,1,0,0,0,0,45.0,보통
37.468745957599765,126.97722893080689,1,0,0,0,0,45.0,보통
37.46964426877476,126.97722893080689,1,0,0,0,0,45.0,보통
37.47054257994975,126.97722893080689,4,0,0,0,0,60.0,안전
37.47144089112474,126.97722893080689,4,0,0,0,0,60.0,안전
37.472339202299736,126.97722893080689,4,0,1,0,1,75.0,안전
37.47323751347473,126.97722893080689,4,0,0,0,1,70.0,안전
37.47413582464972,126.97722893080689,4,0,0,0,1,70.0,안전
37.475034135824714,126.97722893080689,4,0,0,0,1,70.0,안전
37.47593244699971,126.97722893080689,4,0,2,0,1,80.0,안전
37.4768307581747,126.97722893080689,4,3,2,0,1,95.0,안전
37.47772906934969,126.97722893080689,4,3,2,0,0,85.0,안전
37.478627380524685,126.97722893080689,4,3,1,0,0,80.0,안전
37.47952569169968,126.97722893080689,4,3,1,0,1,90.0,안전
37.48042400287467,126.97722893080689,4,3,0,0,1,85.0,안전
37.48132231404966,126.97722893080689,4,3,1,0,1,90.0,안전
37.482220625224656,126.97722893080689,4,3,2,0,1,95.0,안전
37.48311893639965,126.97722893080689,4,3,2,0,0,85.0,안전
37.48401724757464,126.97722893080689,3,3,0,0,0,70.0,안전
37.484915558749634,126.97722893080689,3,3,0,0,0,70.0,안전
37.48581386992463,126.97722893080689,3,3,0,0,0,70.0,안전
37.48671218109962,126.97722893080689,2,3,0,0,0,65.0,안전
37.48761049227461,126.97722893080689,2,3,0,0,0,65.0,안전
37.488508803449605,126.97722893080689,0,3,0,0,0,55.0,보통
37.4894071146246,126.97722893080689,0,3,0,0,0,55.0,보통
37.49030542579959,126.97722893080689,1,3,1,0,0,65.0,안전
37.49120373697458,126.97722893080689,4,3,0,0,0,75.0,안전
37.492102048149576,126.97722893080689,4,3,0,0,0,75.0,안전
37.49300035932457,126.97722893080689,4,3,0,0,0,75.0,안전
37.49389867049956,126.97722893080689,4,3,0,0,0,75.0,안전
37.494796981674554,126.97722893080689,4,3,0,0,0,75.0,안전
37.49569529284955,126.97722893080689,0,0,0,0,0,40.0,보통
37.49659360402454,126.97722893080689,0,0,0,0,0,40.0,보통
37.49749191519953,126.97722893080689,0,0,0,0,0,40.0,보통
37.498390226374525,126.97722893080689,0,0,0,0,0,40.0,보통
37.49928853754952,126.97722893080689,0,0,0,0,0,40.0,보통
37.50018684872451,126.97722893080689,0,0,0,0,0,40.0,보통
37.5010851598995,126.97722893080689,0,0,0,0,0,40.0,보통
37.501983471074496,126.97722893080689,0,2,0,0,0,50.0,보통
37.50288178224949,126.97722893080689,0,1,1,0,0,50.0,보통
37.50378009342448,126.97722893080689,0,0,0,0,0,40.0,보통
37.504678404599474,126.97722893080689,0,3,0,0,0,55.0,보통
37.50557671577447,126.97722893080689,0,3,0,0,0,55.0,보통
37.50647502694946,126.97722893080689,0,0,0,0,0,40.0,보통
37.50737333812445,126.97722893080689,0,0,0,0,0,40.0,보통
37.508271649299445,126.97722893080689,0,0,0,0,0,40.0,보통
37.50916996047444,126.97722893080689,0,0,0,0,0,40.0,보통
37.51006827164943,126.97722893080689,0,0,0,0,0,40.0,보통
37.51096658282442,126.97722893080689,0,0,0,0,0,40.0,보통
37.511864893999416,126.97722893080689,0,0,0,0,0,40.0,보통
37.51276320517441,126.97722893080689,0,0,0,0,0,40.0,보통
37.5136615163494,126.97722893080689,0,0,0,0,0,40.0,보통
37.514559827524394,126.97722893080689,0,0,0,0,0,40.0,보통
37.51545813869939,126.97722893080689,0,1,0,0,0,45.0,보통
37.51635644987438,126.97722893080689,0,3,0,0,0,55.0,보통
37.51725476104937,126.97722893080689,0,0,0,0,0,40.0,보통
37.518153072224365,126.97722893080689,0,0,0,0,0,40.0,보통
37.51905138339936,126.97722893080689,0,0,0,0,0,40.0,보통
37.51994969457435,126.97722893080689,0,0,0,0,0,40.0,보통
37.52084800574934,126.97722893080689,0,0,0,0,0,40.0,보통
37.521746316924336,126.97722893080689,0,0,0,0,0,40.0,보통
37.52264462809933,126.97722893080689,0,0,0,0,0,40.0,보통
37.52354293927432,126.97722893080689,0,0,0,0,0,40.0,보통
37.524441250449314,126.97722893080689,0,0,0,0,0,40.0,보통
37.52533956162431,126.97722893080689,0,0,0,0,0,40.0,보통
37.44,126.97836077267556,0,0,0,0,0,40.0,보통
37.44089831117499,126.97836077267556,0,0,0,0,0,40.0,보통
37.44179662234998,126.97836077267556,0,0,0,0,0,40.0,보통
37.442694933524976,126.97836077267556,0,0,0,0,0,40.0,보통
37.44359324469997,126.97836077267556,0,0,0,0,0,40.0,보통
37.44449155587496,126.97836077267556,0,0,0,0,0,40.0,보통
37.445389867049954,126.97836077267556,0,0,0,0,0,40.0,보통
37.44628817822495,126.97836077267556,0,0,0,0,0,40.0,보통
37.44718648939994,126.97836077267556,0,0,0,0,0,40.0,보통
37.44808480057493,126.97836077267556,0,0,0,0,0,40.0,보통
37.448983111749925,126.97836077267556,0,0,0,0,0,40.0,보통
37.44988142292492,126.97836077267556,0,0,0,0,0,40.0,보통
37.45077973409991,126.97836077267556,0,0,0,0,0,40.0,보통
37.4516780452749,126.97836077267556,0,0,0,0,0,40.0,보통
37.452576356449896,126.97836077267556,0,0,0,0,0,40.0,보통
37.45347466762489,126.97836077267556,0,0,0,0,0,40.0,보통
37.45437297879988,126.97836077267556,0,0,0,0,0,40.0,보통
37.455271289974874,126.97836077267556,0,0,0,0,0,40.0,보통
37.45616960114987,126.97836077267556,0,0,0,0,0,40.0,보통
37.45706791232486,126.97836077267556,0,0,0,0,0,40.0,보통
37.45796622349985,126.97836077267556,0,0,0,0,0,40.0,보통
37.458864534674845,126.97836077267556,0,0,0,0,0,40.0,보통
37.45976284584984,126.97836077267556,0,0,0,0,0,40.0,보통
37.46066115702483,126.97836077267556,0,0,0,0,0,40.0,보통
37.46155946819982,126.97836077267556,0,0,0,0,0,40.0,보통
37.462457779374816,126.97836077267556,0,0,0,0,0,40.0,보통
37.46335609054981,126.97836077267556,0,0,0,0,0,40.0,보통
37.4642544017248,126.97836077267556,0,0,0,0,0,40.0,보통
37.465152712899794,126.97836077267556,0,0,0,0,0,40.0,보통
37.46605102407479,126.97836077267556,0,0,0,0,0,40.0,보통
37.46694933524978,126.97836077267556,0,0,0,0,0,40.0,보통
37.46784764642477,126.97836077267556,0,0,0,0,0,40.0,보통
37.468745957599765,126.97836077267556,0,0,0,0,0,40.0,보통
37.46964426877476,126.97836077267556,1,0,0,0,0,45.0,보통
37.47054257994975,126.97836077267556,1,0,0,0,0,45.0,보통
37.47144089112474,126.97836077267556,4,0,0,0,0,60.0,안전
37.472339202299736,126.97836077267556,4,0,1,0,1,75.0,안전
37.47323751347473,126.97836077267556,4,0,1,0,1,75.0,안전
37.47413582464972,126.97836077267556,4,0,1,0,1,75.0,안전
37.475034135824714,126.97836077267556,4,0,1,0,1,75.0,안전
37.47593244699971,126.97836077267556,4,0,2,1,1,77.0,안전
37.4768307581747,126.97836077267556,4,3,2,0,1,95.0,안전
37.47772906934969,126.97836077267556,4,3,2,0,0,85.0,안전
37.478627380524685,126.97836077267556,4,3,1,0,1,90.0,안전
37.47952569169968,126.97836077267556,4,3,2,0,1,95.0,안전
37.48042400287467,126.97836077267556,3,3,2,0,1,90.0,안전
37.48132231404966,126.97836077267556,4,3,1,0,1,90.0,안전
37.482220625224656,126.97836077267556,4,3,2,0,1,95.0,안전
37.48311893639965,126.97836077267556,4,3,1,0,1,90.0,안전
37.48401724757464,126.97836077267556,4,3,0,0,0,75.0,안전
37.484915558749634,126.97836077267556,4,3,1,0,0,80.0,안전
37.48581386992463,126.97836077267556,3,3,0,0,0,70.0,안전
37.48671218109962,126.97836077267556,4,3,0,0,0,75.0,안전
37.48761049227461,126.97836077267556,0,3,0,0,0,55.0,보통
37.488508803449605,126.97836077267556,4,3,0,0,0,75.0,안전
37.4894071146246,126.97836077267556,4,3,0,0,0,75.0,안전
37.49030542579959,126.97836077267556,1,3,0,0,0,60.0,안전
37.49120373697458,126.97836077267556,4,3,0,0,0,75.0,안전
37.492102048149576,126.97836077267556,4,3,2,0,0,85.0,안전
37.49300035932457,126.97836077267556,4,3,1,0,0,80.0,안전
37.49389867049956,126.97836077267556,4,3,0,0,0,75.0,안전
37.494796981674554,126.97836077267556,4,3,0,0,0,75.0,안전
37.49569529284955,126.97836077267556,0,0,0,0,0,40.0,보통
37.49659360402454,126.97836077267556,2,0,0,0,0,50.0,보통
37.49749191519953,126.97836077267556,0,0,0,0,0,40.0,보통
37.498390226374525,126.97836077267556,0,0,0,0,0,40.0,보통
37.49928853754952,126.97836077267556,0,0,0,0,0,40.0,보통
37.50018684872451,126.97836077267556,0,0,0,0,0,40.0,보통
37.5010851598995,126.97836077267556,0,0,0,0,0,40.0,보통
37.501983471074496,126.97836077267556,4,3,0,0,0,75.0,안전
37.50288178224949,126.97836077267556,4,3,1,0,0,80.0,안전
37.50378009342448,126.97836077267556,0,3,1,0,0,60.0,안전
37.504678404599474,126.97836077267556,0,3,0,0,0,55.0,보통
37.50557671577447,126.97836077267556,0,3,0,0,0,55.0,보통
37.50647502694946,126.97836077267556,0,0,0,0,0,40.0,보통
37.50737333812445,126.97836077267556,0,0,0,0,0,40.0,보통
37.508271649299445,126.97836077267556,0,0,0,0,0,40.0,보통
37.50916996047444,126.97836077267556,0,0,0,0,0,40.0,보통
37.51006827164943,126.97836077267556,0,0,0,0,0,40.0,보통
37.51096658282442,126.97836077267556,0,0,0,0,0,40.0,보통
37.511864893999416,126.97836077267556,0,0,0,0,0,40.0,보통
37.51276320517441,126.97836077267556,0,0,0,0,0,40.0,보통
37.5136615163494,126.97836077267556,0,0,0,0,0,40.0,보통
37.514559827524394,126.97836077267556,0,0,0,0,0,40.0,보통
37.51545813869939,126.97836077267556,0,2,0,0,0,50.0,보통
37.51635644987438,126.97836077267556,0,3,0,0,0,55.0,보통
37.51725476104937,126.97836077267556,0,0,0,0,0,40.0,보통
37.518153072224365,126.97836077267556,0,0,0,0,0,40.0,보통
37.51905138339936,126.97836077267556,0,0,0,0,0,40.0,보통
37.51994969457435,126.97836077267556,0,0,0,0,0,40.0,보통
37.52084800574934,126.97836077267556,0,0,0,0,0,40.0,보통
37.521746316924336,126.97836077267556,0,0,0,0,0,40.0,보통
37.52264462809933,126.97836077267556,0,0,0,0,0,40.0,보통
37.52354293927432,126.97836077267556,0,0,0,0,0,40.0,보통
37.524441250449314,126.97836077267556,0,0,0,0,0,40.0,보통
37.52533956162431,126.97836077267556,0,0,0,0,0,40.0,보통
37.44,126.97949261454423,0,0,0,0,0,40.0,보통
37.44089831117499,126.97949261454423,0,0,0,0,0,40.0,보통
37.44179662234998,126.97949261454423,0,0,0,0,0,40.0,보통
37.442694933524976,126.97949261454423,0,0,0,0,0,40.0,보통
37.44359324469997,126.97949261454423,0,0,0,0,0,40.0,보통
37.44449155587496,126.97949261454423,0,0,0,0,0,40.0,보통
37.445389867049954,126.97949261454423,0,0,0,0,0,40.0,보통
37.44628817822495,126.97949261454423,0,0,0,0,0,40.0,보통
37.44718648939994,126.97949261454423,0,0,0,0,0,40.0,보통
37.44808480057493,126.97949261454423,0,0,0,0,0,40.0,보통
37.448983111749925,126.97949261454423,0,0,0,0,0,40.0,보통
37.44988142292492,126.97949261454423,0,0,0,0,0,40.0,보통
37.45077973409991,126.97949261454423,0,0,0,0,0,40.0,보통
37.4516780452749,126.97949261454423,0,0,0,0,0,40.0,보통
37.452576356449896,126.97949261454423,0,0,0,0,0,40.0,보통
37.45347466762489,126.97949261454423,0,0,0,0,0,40.0,보통
37.45437297879988,126.97949261454423,0,0,0,0,0,40.0,보통
37.455271289974874,126.97949261454423,0,0,0,0,0,40.0,보통
37.45616960114987,126.97949261454423,0,0,0,0,0,40.0,보통
37.45706791232486,126.97949261454423,0,0,0,0,0,40.0,보통
37.45796622349985,126.97949261454423,0,0,0,0,0,40.0,보통
37.458864534674845,126.97949261454423,0,0,0,0,0,40.0,보통
37.45976284584984,126.97949261454423,0,0,0,0,0,40.0,보통
37.46066115702483,126.97949261454423,0,0,0,0,0,40.0,보통
37.46155946819982,126.97949261454423,0,0,0,0,0,40.0,보통
37.462457779374816,126.97949261454423,0,0,0,0,0,40.0,보통
37.46335609054981,126.97949261454423,0,0,0,0,0,40.0,보통
37.4642544017248,126.97949261454423,0,0,0,0,0,40.0,보통
37.465152712899794,126.97949261454423,0,0,0,0,0,40.0,보통
37.46605102407479,126.97949261454423,0,0,0,0,0,40.0,보통
37.46694933524978,126.97949261454423,0,0,0,0,0,40.0,보통
37.46784764642477,126.97949261454423,0,0,0,0,0,40.0,보통
37.468745957599765,126.97949261454423,0,0,0,0,0,40.0,보통
37.46964426877476,126.97949261454423,0,0,0,0,0,40.0,보통
37.47054257994975,126.97949261454423,0,0,0,0,0,40.0,보통
37.47144089112474,126.97949261454423,4,0,0,0,0,60.0,안전
37.472339202299736,126.97949261454423,4,0,0,0,0,60.0,안전
37.47323751347473,126.97949261454423,4,0,0,0,1,70.0,안전
37.47413582464972,126.97949261454423,4,0,0,0,1,70.0,안전
37.475034135824714,126.97949261454423,4,0,2,0,1,80.0,안전
37.47593244699971,126.97949261454423,4,3,0,3,1,76.0,안전
37.4768307581747,126.97949261454423,4,3,2,0,1,95.0,안전
37.47772906934969,126.97949261454423,4,3,2,0,1,95.0,안전
37.478627380524685,126.97949261454423,4,3,0,0,1,85.0,안전
37.47952569169968,126.97949261454423,4,3,1,0,1,90.0,안전
37.48042400287467,126.97949261454423,4,3,2,0,1,95.0,안전
37.48132231404966,126.97949261454423,4,3,1,0,1,90.0,안전
37.482220625224656,126.97949261454423,4,3,0,0,1,85.0,안전
37.48311893639965,126.97949261454423,4,3,0,0,1,85.0,안전
37.48401724757464,126.97949261454423,4,3,1,0,0,80.0,안전
37.484915558749634,126.97949261454423,4,3,2,0,0,85.0,안전
37.48581386992463,126.97949261454423,4,3,2,0,0,85.0,안전
37.48671218109962,126.97949261454423,4,3,1,0,0,80.0,안전
37.48761049227461,126.97949261454423,4,3,1,0,0,80.0,안전
37.488508803449605,126.97949261454423,4,3,0,0,0,75.0,안전
37.4894071146246,126.97949261454423,4,3,0,0,0,75.0,안전
37.49030542579959,126.97949261454423,4,3,0,0,0,75.0,안전
37.49120373697458,126.97949261454423,4,3,0,0,0,75.0,안전
37.492102048149576,126.97949261454423,4,3,2,0,0,85.0,안전
37.49300035932457,126.97949261454423,4,3,2,0,0,85.0,안전
37.49389867049956,126.97949261454423,3,1,0,0,0,60.0,안전
37.494796981674554,126.97949261454423,0,2,0,0,0,50.0,보통
37.49569529284955,126.97949261454423,0,0,0,0,0,40.0,보통
37.49659360402454,126.97949261454423,4,3,0,0,0,75.0,안전
37.49749191519953,126.97949261454423,0,0,0,0,0,40.0,보통
37.498390226374525,126.97949261454423,0,0,0,0,0,40.0,보통
37.49928853754952,126.97949261454423,0,0,0,0,0,40.0,보통
37.50018684872451,126.97949261454423,0,0,0,0,0,40.0,보통
37.5010851598995,126.97949261454423,0,0,0,0,0,40.0,보통
37.501983471074496,126.97949261454423,0,3,0,0,0,55.0,보통
37.50288178224949,126.97949261454423,4,3,1,0,0,80.0,안전
37.50378009342448,126.97949261454423,0,3,0,0,0,55.0,보통
37.504678404599474,126.97949261454423,0,3,0,0,0,55.0,보통
37.50557671577447,126.97949261454423,0,3,0,0,0,55.0,보통
37.50647502694946,126.97949261454423,0,3,0,0,0,55.0,보통
37.50737333812445,126.97949261454423,0,0,0,0,0,40.0,보통
37.508271649299445,126.97949261454423,0,0,0,0,0,40.0,보통
37.50916996047444,126.97949261454423,0,0,0,0,0,40.0,보통
37.51006827164943,126.97949261454423,0,0,0,0,0,40.0,보통
37.51096658282442,126.97949261454423,0,0,0,0,0,40.0,보통
37.511864893999416,126.97949261454423,0,0,0,0,0,40.0,보통
37.51276320517441,126.97949261454423,0,0,0,0,0,40.0,보통
37.5136615163494,126.97949261454423,0,0,0,0,0,40.0,보통
37.514559827524394,126.97949261454423,0,0,0,0,0,40.0,보통
37.51545813869939,126.97949261454423,0,2,0,0,0,50.0,보통
37.51635644987438,126.97949261454423,0,3,0,0,0,55.0,보통
37.51725476104937,126.97949261454423,0,0,0,0,0,40.0,보통
37.518153072224365,126.97949261454423,0,0,0,0,0,40.0,보통
37.51905138339936,126.97949261454423,0,0,0,0,0,40.0,보통
37.51994969457435,126.97949261454423,0,0,0,0,0,40.0,보통
37.52084800574934,126.97949261454423,0,0,0,0,0,40.0,보통
37.521746316924336,126.97949261454423,0,0,0,0,0,40.0,보통
37.52264462809933,126.97949261454423,0,0,0,0,0,40.0,보통
37.52354293927432,126.97949261454423,0,0,0,0,0,40.0,보통
37.524441250449314,126.97949261454423,0,0,0,0,0,40.0,보통
37.52533956162431,126.97949261454423,0,0,0,0,0,40.0,보통
37.44,126.9806244564129,0,0,0,0,0,40.0,보통
37.44089831117499,126.9806244564129,0,0,0,0,0,40.0,보통
37.44179662234998,126.9806244564129,0,0,0,0,0,40.0,보통
37.442694933524976,126.9806244564129,0,0,0,0,0,40.0,보통
37.44359324469997,126.9806244564129,0,0,0,0,0,40.0,보통
37.44449155587496,126.9806244564129,0,0,0,0,0,40.0,보통
37.445389867049954,126.9806244564129,0,0,0,0,0,40.0,보통
37.44628817822495,126.9806244564129,0,0,0,0,0,40.0,보통
37.44718648939994,126.9806244564129,0,0,0,0,0,40.0,보통
37.44808480057493,126.9806244564129,0,0,0,0,0,40.0,보통
37.448983111749925,126.9806244564129,0,0,0,0,0,40.0,보통
37.44988142292492,126.9806244564129,0,0,0,0,0,40.0,보통
37.45077973409991,126.9806244564129,0,0,0,0,0,40.0,보통
37.4516780452749,126.9806244564129,0,0,0,0,0,40.0,보통
37.452576356449896,126.9806244564129,0,0,0,0,0,40.0,보통
37.45347466762489,126.9806244564129,0,0,0,0,0,40.0,보통
37.45437297879988,126.9806244564129,0,0,0,0,0,40.0,보통
37.455271289974874,126.9806244564129,0,0,0,0,0,40.0,보통
37.45616960114987,126.9806244564129,0,0,0,0,0,40.0,보통
37.45706791232486,126.9806244564129,0,0,0,0,0,40.0,보통
37.45796622349985,126.9806244564129,0,0,0,0,0,40.0,보통
37.458864534674845,126.9806244564129,0,0,0,0,0,40.0,보통
37.45976284584984,126.9806244564129,0,0,0,0,0,40.0,보통
37.46066115702483,126.9806244564129,0,0,0,0,0,40.0,보통
37.46155946819982,126.9806244564129,0,0,0,0,0,40.0,보통
37.462457779374816,126.9806244564129,0,0,0,0,0,40.0,보통
37.46335609054981,126.9806244564129,0,0,0,0,0,40.0,보통
37.4642544017248,126.9806244564129,0,0,0,0,0,40.0,보통
37.465152712899794,126.9806244564129,0,0,0,0,0,40.0,보통
37.46605102407479,126.9806244564129,0,0,0,0,0,40.0,보통
37.46694933524978,126.9806244564129,0,0,0,0,0,40.0,보통
37.46784764642477,126.9806244564129,0,0,0,0,0,40.0,보통
37.468745957599765,126.9806244564129,0,0,0,0,0,40.0,보통
37.46964426877476,126.9806244564129,0,0,0,0,0,40.0,보통
37.47054257994975,126.9806244564129,0,0,0,0,0,40.0,보통
37.47144089112474,126.9806244564129,0,0,0,0,0,40.0,보통
37.472339202299736,126.9806244564129,4,0,0,0,0,60.0,안전
37.47323751347473,126.9806244564129,4,0,0,0,1,70.0,안전
37.47413582464972,126.9806244564129,4,0,2,2,1,74.0,안전
37.475034135824714,126.9806244564129,4,0,2,3,1,71.0,안전
37.47593244699971,126.9806244564129,4,3,1,3,1,81.0,안전
37.4768307581747,126.9806244564129,4,3,2,0,1,95.0,안전
37.47772906934969,126.9806244564129,4,3,2,0,1,95.0,안전
37.478627380524685,126.9806244564129,2,3,1,0,1,80.0,안전
37.47952569169968,126.9806244564129,0,3,1,0,1,70.0,안전
37.48042400287467,126.9806244564129,4,3,2,0,1,95.0,안전
37.48132231404966,126.9806244564129,4,3,1,0,1,90.0,안전
37.482220625224656,126.9806244564129,4,3,2,0,1,95.0,안전
37.48311893639965,126.9806244564129,4,3,1,0,1,90.0,안전
37.48401724757464,126.9806244564129,4,3,2,0,0,85.0,안전
37.484915558749634,126.9806244564129,4,3,2,0,0,85.0,안전
37.48581386992463,126.9806244564129,4,3,2,0,0,85.0,안전
37.48671218109962,126.9806244564129,4,3,2,0,0,85.0,안전
37.48761049227461,126.9806244564129,4,3,2,0,0,85.0,안전
37.488508803449605,126.9806244564129,4,3,2,0,0,85.0,안전
37.4894071146246,126.9806244564129,4,3,1,0,0,80.0,안전
37.49030542579959,126.9806244564129,4,3,0,0,0,75.0,안전
37.49120373697458,126.9806244564129,4,3,1,0,0,80.0,안전
37.492102048149576,126.9806244564129,1,3,0,0,0,60.0,안전
37.49300035932457,126.9806244564129,0,0,0,0,0,40.0,보통
37.49389867049956,126.9806244564129,3,2,0,0,1,75.0,안전
37.494796981674554,126.9806244564129,0,3,0,0,1,65.0,안전
37.49569529284955,126.9806244564129,3,0,0,0,1,65.0,안전
37.49659360402454,126.9806244564129,4,3,0,0,0,75.0,안전
37.49749191519953,126.9806244564129,4,3,0,0,0,75.0,안전
37.498390226374525,126.9806244564129,0,0,0,0,0,40.0,보통
37.49928853754952,126.9806244564129,0,0,0,0,0,40.0,보통
37.50018684872451,126.9806244564129,0,0,0,0,0,40.0,보통
37.5010851598995,126.9806244564129,0,2,0,0,0,50.0,보통
37.501983471074496,126.9806244564129,0,3,0,0,0,55.0,보통
37.50288178224949,126.9806244564129,0,3,1,0,0,60.0,안전
37.50378009342448,126.9806244564129,0,3,0,0,0,55.0,보통
37.504678404599474,126.9806244564129,0,3,0,0,0,55.0,보통
37.50557671577447,126.9806244564129,0,3,0,0,0,55.0,보통
37.50647502694946,126.9806244564129,0,3,0,0,0,55.0,보통
37.50737333812445,126.9806244564129,0,3,0,0,0,55.0,보통
37.508271649299445,126.9806244564129,0,3,0,0,0,55.0,보통
37.50916996047444,126.9806244564129,0,3,0,0,0,55.0,보통
37.51006827164943,126.9806244564129,0,3,0,0,0,55.0,보통
37.51096658282442,126.9806244564129,0,0,0,0,0,40.0,보통
37.511864893999416,126.9806244564129,0,0,0,0,0,40.0,보통
37.51276320517441,126.9806244564129,0,0,0,0,0,40.0,보통
37.5136615163494,126.9806244564129,0,0,0,0,0,40.0,보통
37.514559827524394,126.9806244564129,0,0,0,0,0,40.0,보통
37.51545813869939,126.9806244564129,0,3,0,0,0,55.0,보통
37.51635644987438,126.9806244564129,0,3,0,0,0,55.0,보통
37.51725476104937,126.9806244564129,0,0,0,0,0,40.0,보통
37.518153072224365,126.9806244564129,0,0,0,0,0,40.0,보통
37.51905138339936,126.9806244564129,0,0,0,0,0,40.0,보통
37.51994969457435,126.9806244564129,0,3,0,0,0,55.0,보통
37.52084800574934,126.9806244564129,0,1,0,0,0,45.0,보통
37.521746316924336,126.9806244564129,0,0,0,0,0,40.0,보통
37.52264462809933,126.9806244564129,0,0,0,0,0,40.0,보통
37.52354293927432,126.9806244564129,0,0,0,0,0,40.0,보통
37.524441250449314,126.9806244564129,0,0,0,0,0,40.0,보통
37.52533956162431,126.9806244564129,0,0,0,0,0,40.0,보통
37.44,126.98175629828157,0,0,0,0,0,40.0,보통
37.44089831117499,126.98175629828157,0,0,0,0,0,40.0,보통
37.44179662234998,126.98175629828157,0,0,0,0,0,40.0,보통
37.442694933524976,126.98175629828157,0,0,0,0,0,40.0,보통
37.44359324469997,126.98175629828157,0,0,0,0,0,40.0,보통
37.44449155587496,126.98175629828157,0,0,0,0,0,40.0,보통
37.445389867049954,126.98175629828157,0,0,0,0,0,40.0,보통
37.44628817822495,126.98175629828157,0,0,0,0,0,40.0,보통
37.44718648939994,126.98175629828157,0,0,0,0,0,40.0,보통
37.44808480057493,126.98175629828157,0,0,0,0,0,40.0,보통
37.448983111749925,126.98175629828157,0,0,0,0,0,40.0,보통
37.44988142292492,126.98175629828157,0,0,0,0,0,40.0,보통
37.45077973409991,126.98175629828157,0,0,0,0,0,40.0,보통
37.4516780452749,126.98175629828157,0,0,0,0,0,40.0,보통
37.452576356449896,126.98175629828157,0,0,0,0,0,40.0,보통
37.45347466762489,126.98175629828157,0,0,0,0,0,40.0,보통
37.45437297879988,126.98175629828157,0,0,0,0,0,40.0,보통
37.455271289974874,126.98175629828157,0,0,0,0,0,40.0,보통
37.45616960114987,126.98175629828157,0,0,0,0,0,40.0,보통
37.45706791232486,126.98175629828157,0,0,0,0,0,40.0,보통
37.45796622349985,126.98175629828157,0,0,0,0,0,40.0,보통
37.458864534674845,126.98175629828157,0,0,0,0,0,40.0,보통
37.45976284584984,126.98175629828157,0,0,0,0,0,40.0,보통
37.46066115702483,126.98175629828157,0,0,0,0,0,40.0,보통
37.46155946819982,126.98175629828157,0,0,0,0,0,40.0,보통
37.462457779374816,126.98175629828157,0,0,0,0,0,40.0,보통
37.46335609054981,126.98175629828157,0,0,0,0,0,40.0,보통
37.4642544017248,126.98175629828157,0,0,0,0,0,40.0,보통
37.465152712899794,126.98175629828157,0,0,0,0,0,40.0,보통
37.46605102407479,126.98175629828157,0,0,0,0,0,40.0,보통
37.46694933524978,126.98175629828157,0,0,0,0,0,40.0,보통
37.46784764642477,126.98175629828157,0,0,0,0,0,40.0,보통
37.468745957599765,126.98175629828157,0,0,0,0,0,40.0,보통
37.46964426877476,126.98175629828157,0,0,0,0,0,40.0,보통
37.47054257994975,126.98175629828157,0,0,0,0,0,40.0,보통
37.47144089112474,126.98175629828157,3,0,0,0,0,55.0,보통
37.472339202299736,126.98175629828157,4,0,0,0,0,60.0,안전
37.47323751347473,126.98175629828157,4,0,1,0,0,65.0,안전
37.47413582464972,126.98175629828157,4,0,2,3,0,61.0,안전
37.475034135824714,126.98175629828157,4,0,2,3,1,71.0,안전
37.47593244699971,126.98175629828157,4,3,1,3,1,81.0,안전
37.4768307581747,126.98175629828157,4,3,1,0,1,90.0,안전
37.47772906934969,126.98175629828157,1,0,2,0,1,65.0,안전
37.478627380524685,126.98175629828157,1,3,2,0,1,80.0,안전
37.47952569169968,126.98175629828157,0,2,2,0,1,70.0,안전
37.48042400287467,126.98175629828157,4,3,2,0,1,95.0,안전
37.48132231404966,126.98175629828157,4,3,1,0,1,90.0,안전
37.482220625224656,126.98175629828157,4,3,2,0,1,95.0,안전
37.48311893639965,126.98175629828157,4,3,1,0,1,90.0,안전
37.48401724757464,126.98175629828157,4,3,1,0,1,90.0,안전
37.484915558749634,126.98175629828157,4,3,2,0,0,85.0,안전
37.48581386992463,126.98175629828157,4,3,2,0,0,85.0,안전
37.48671218109962,126.98175629828157,4,3,1,0,0,80.0,안전
37.48761049227461,126.98175629828157,4,3,2,0,0,85.0,안전
37.488508803449605,126.98175629828157,4,3,2,0,0,85.0,안전
37.4894071146246,126.98175629828157,4,3,2,0,0,85.0,안전
37.49030542579959,126.98175629828157,4,3,2,0,0,85.0,안전
37.49120373697458,126.98175629828157,4,3,1,0,0,80.0,안전
37.492102048149576,126.98175629828157,0,3,0,0,0,55.0,보통
37.49300035932457,126.98175629828157,0,1,1,0,1,60.0,안전
37.49389867049956,126.98175629828157,0,1,1,0,1,60.0,안전
37.494796981674554,126.98175629828157,0,3,0,0,1,65.0,안전
37.49569529284955,126.98175629828157,4,3,1,0,1,90.0,안전
37.49659360402454,126.98175629828157,4,3,1,0,1,90.0,안전
37.49749191519953,126.98175629828157,0,1,0,0,0,45.0,보통
37.498390226374525,126.98175629828157,0,0,0,0,0,40.0,보통
37.49928853754952,126.98175629828157,0,0,0,0,0,40.0,보통
37.50018684872451,126.98175629828157,0,0,0,0,0,40.0,보통
37.5010851598995,126.98175629828157,0,3,0,0,0,55.0,보통
37.501983471074496,126.98175629828157,0,3,0,0,0,55.0,보통
37.50288178224949,126.98175629828157,0,0,0,0,0,40.0,보통
37.50378009342448,126.98175629828157,0,3,0,0,0,55.0,보통
37.504678404599474,126.98175629828157,0,3,0,0,0,55.0,보통
37.50557671577447,126.98175629828157,0,3,0,0,0,55.0,보통
37.50647502694946,126.98175629828157,0,3,0,0,0,55.0,보통
37.50737333812445,126.98175629828157,0,3,0,0,0,55.0,보통
37.508271649299445,126.98175629828157,0,3,0,0,0,55.0,보통
37.50916996047444,126.98175629828157,0,3,0,0,0,55.0,보통
37.51006827164943,126.98175629828157,0,3,0,0,0,55.0,보통
37.51096658282442,126.98175629828157,0,3,0,0,0,55.0,보통
37.511864893999416,126.98175629828157,0,3,0,0,0,55.0,보통
37.51276320517441,126.98175629828157,0,3,0,0,0,55.0,보통
37.5136615163494,126.98175629828157,0,3,0,0,0,55.0,보통
37.514559827524394,126.98175629828157,0,2,0,0,0,50.0,보통
37.51545813869939,126.98175629828157,0,3,0,0,0,55.0,보통
37.51635644987438,126.98175629828157,0,3,0,0,0,55.0,보통
37.51725476104937,126.98175629828157,0,0,0,0,0,40.0,보통
37.518153072224365,126.98175629828157,0,0,0,0,0,40.0,보통
37.51905138339936,126.98175629828157,0,0,0,0,0,40.0,보통
37.51994969457435,126.98175629828157,0,3,0,0,0,55.0,보통
37.52084800574934,126.98175629828157,0,0,0,0,0,40.0,보통
37.521746316924336,126.98175629828157,0,0,0,0,0,40.0,보통
37.52264462809933,126.98175629828157,0,0,0,0,0,40.0,보통
37.52354293927432,126.98175629828157,0,0,0,0,0,40.0,보통
37.524441250449314,126.98175629828157,0,0,0,0,0,40.0,보통
37.52533956162431,126.98175629828157,0,0,0,0,0,40.0,보통
37.44,126.98288814015024,0,0,0,0,0,40.0,보통
37.44089831117499,126.98288814015024,0,0,0,0,0,40.0,보통
37.44179662234998,126.98288814015024,0,0,0,0,0,40.0,보통
37.442694933524976,126.98288814015024,0,0,0,0,0,40.0,보통
37.44359324469997,126.98288814015024,0,0,0,0,0,40.0,보통
37.44449155587496,126.98288814015024,0,0,0,0,0,40.0,보통
37.445389867049954,126.98288814015024,0,0,0,0,0,40.0,보통
37.44628817822495,126.98288814015024,0,0,0,0,0,40.0,보통
37.44718648939994,126.98288814015024,0,0,0,0,0,40.0,보통
37.44808480057493,126.98288814015024,0,0,0,0,0,40.0,보통
37.448983111749925,126.98288814015024,0,0,0,0,0,40.0,보통
37.44988142292492,126.98288814015024,0,0,0,0,0,40.0,보통
37.45077973409991,126.98288814015024,0,0,0,0,0,40.0,보통
37.4516780452749,126.98288814015024,0,0,0,0,0,40.0,보통
37.452576356449896,126.98288814015024,0,0,0,0,0,40.0,보통
37.45347466762489,126.98288814015024,0,0,0,0,0,40.0,보통
37.45437297879988,126.98288814015024,0,0,0,0,0,40.0,보통
37.455271289974874,126.98288814015024,0,0,0,0,0,40.0,보통
37.45616960114987,126.98288814015024,0,0,0,0,0,40.0,보통
37.45706791232486,126.98288814015024,0,0,0,0,0,40.0,보통
37.45796622349985,126.98288814015024,0,0,0,0,0,40.0,보통
37.458864534674845,126.98288814015024,0,0,0,0,0,40.0,보통
37.45976284584984,126.98288814015024,0,0,0,0,0,40.0,보통
37.46066115702483,126.98288814015024,0,0,0,0,0,40.0,보통
37.46155946819982,126.98288814015024,0,0,0,0,0,40.0,보통
37.462457779374816,126.98288814015024,0,0,0,0,0,40.0,보통
37.46335609054981,126.98288814015024,0,0,0,0,0,40.0,보통
37.4642544017248,126.98288814015024,0,0,0,0,0,40.0,보통
37.465152712899794,126.98288814015024,0,0,0,0,0,40.0,보통
37.46605102407479,126.98288814015024,0,0,0,0,0,40.0,보통
37.46694933524978,126.98288814015024,0,0,0,0,0,40.0,보통
37.46784764642477,126.98288814015024,0,0,0,0,0,40.0,보통
37.468745957599765,126.98288814015024,0,0,0,0,0,40.0,보통
37.46964426877476,126.98288814015024,0,0,0,0,0,40.0,보통
37.47054257994975,126.98288814015024,0,0,0,0,0,40.0,보통
37.47144089112474,126.98288814015024,0,0,0,0,0,40.0,보통
37.472339202299736,126.98288814015024,3,0,0,0,0,55.0,보통
37.47323751347473,126.98288814015024,0,0,1,0,0,45.0,보통
37.47413582464972,126.98288814015024,3,0,1,0,0,60.0,안전
37.475034135824714,126.98288814015024,0,0,1,0,1,55.0,보통
37.47593244699971,126.98288814015024,0,3,1,0,1,70.0,안전
37.4768307581747,126.98288814015024,0,3,2,0,1,75.0,안전
37.47772906934969,126.98288814015024,0,0,2,0,1,60.0,안전
37.478627380524685,126.98288814015024,0,0,1,0,1,55.0,보통
37.47952569169968,126.98288814015024,0,0,0,0,1,50.0,보통
37.48042400287467,126.98288814015024,0,0,1,0,1,55.0,보통
37.48132231404966,126.98288814015024,0,0,1,0,1,55.0,보통
37.482220625224656,126.98288814015024,0,0,1,0,1,55.0,보통
37.48311893639965,126.98288814015024,0,0,1,0,1,55.0,보통
37.48401724757464,126.98288814015024,0,0,1,0,1,55.0,보통
37.484915558749634,126.98288814015024,0,0,1,0,0,45.0,보통
37.48581386992463,126.98288814015024,0,0,2,0,0,50.0,보통
37.48671218109962,126.98288814015024,0,0,1,0,0,45.0,보통
37.48761049227461,126.98288814015024,4,2,2,0,0,80.0,안전
37.488508803449605,126.98288814015024,4,2,1,0,0,75.0,안전
37.4894071146246,126.98288814015024,0,2,1,0,0,55.0,보통
37.49030542579959,126.98288814015024,0,3,1,0,0,60.0,안전
37.49120373697458,126.98288814015024,4,3,0,0,0,75.0,안전
37.492102048149576,126.98288814015024,0,3,0,0,1,65.0,안전
37.49300035932457,126.98288814015024,0,2,1,0,1,65.0,안전
37.49389867049956,126.98288814015024,0,0,2,0,1,60.0,안전
37.494796981674554,126.98288814015024,3,3,1,0,1,85.0,안전
37.49569529284955,126.98288814015024,4,3,1,0,1,90.0,안전
37.49659360402454,126.98288814015024,4,3,2,0,1,95.0,안전
37.49749191519953,126.98288814015024,0,3,1,0,0,60.0,안전
37.498390226374525,126.98288814015024,0,1,0,0,0,45.0,보통
37.49928853754952,126.98288814015024,0,0,0,0,0,40.0,보통
37.50018684872451,126.98288814015024,0,3,0,0,0,55.0,보통
37.5010851598995,126.98288814015024,0,3,0,0,0,55.0,보통
37.501983471074496,126.98288814015024,0,3,0,0,0,55.0,보통
37.50288178224949,126.98288814015024,0,0,0,0,0,40.0,보통
37.50378009342448,126.98288814015024,0,3,0,0,0,55.0,보통
37.504678404599474,126.98288814015024,0,3,0,0,0,55.0,보통
37.50557671577447,126.98288814015024,0,3,0,0,0,55.0,보통
37.50647502694946,126.98288814015024,0,0,0,0,0,40.0,보통
37.50737333812445,126.98288814015024,0,0,0,0,0,40.0,보통
37.508271649299445,126.98288814015024,0,0,0,0,0,40.0,보통
37.50916996047444,126.98288814015024,0,0,0,0,0,40.0,보통
37.51006827164943,126.98288814015024,0,0,0,0,0,40.0,보통
37.51096658282442,126.98288814015024,0,2,0,0,0,50.0,보통
37.511864893999416,126.98288814015024,0,3,0,0,0,55.0,보통
37.51276320517441,126.98288814015024,0,3,0,0,0,55.0,보통
37.5136615163494,126.98288814015024,0,3,0,0,0,55.0,보통
37.514559827524394,126.98288814015024,0,3,0,0,0,55.0,보통
37.51545813869939,126.98288814015024,0,3,0,0,0,55.0,보통
37.51635644987438,126.98288814015024,0,3,0,0,0,55.0,안전
37.51725476104937,126.98288814015024,0,3,0,0,0,55.0,안전
37.518153072224365,126.98288814015024,0,3,0,0,0,55.0,안전
37.51905138339936,126.98288814015024,0,3,0,0,0,55.0,안전
37.51994969457435,126.98288814015024,0,3,0,0,0,55.0,안전
37.52084800574934,126.98288814015024,0,0,0,0,0,40.0,보통
37.521746316924336,126.98288814015024,0,0,0,0,0,40.0,보통
37.52264462809933,126.98288814015024,0,0,0,0,0,40.0,보통
37.52354293927432,126.98288814015024,0,0,0,0,0,40.0,보통
37.524441250449314,126.98288814015024,0,0,0,0,0,40.0,보통
37.52533956162431,126.98288814015024,0,0,0,0,0,40.0,보통
37.44,126.9840199820189,0,0,0,0,0,40.0,보통
37.44089831117499,126.9840199820189,0,0,0,0,0,40.0,보통
37.44179662234998,126.9840199820189,0,0,0,0,0,40.0,보통
37.442694933524976,126.9840199820189,0,0,0,0,0,40.0,보통
37.44359324469997,126.9840199820189,0,0,0,0,0,40.0,보통
37.44449155587496,126.9840199820189,0,0,0,0,0,40.0,보통
37.445389867049954,126.9840199820189,0,0,0,0,0,40.0,보통
37.44628817822495,126.9840199820189,0,0,0,0,0,40.0,보통
37.44718648939994,126.9840199820189,0,0,0,0,0,40.0,보통
37.44808480057493,126.9840199820189,0,0,0,0,0,40.0,보통
37.448983111749925,126.9840199820189,0,0,0,0,0,40.0,보통
37.44988142292492,126.9840199820189,0,0,0,0,0,40.0,보통
37.45077973409991,126.9840199820189,0,0,0,0,0,40.0,보통
37.4516780452749,126.9840199820189,0,0,0,0,0,40.0,보통
37.452576356449896,126.9840199820189,0,0,0,0,0,40.0,보통
37.45347466762489,126.9840199820189,0,0,0,0,0,40.0,보통
37.45437297879988,126.9840199820189,0,0,0,0,0,40.0,보통
37.455271289974874,126.9840199820189,0,0,0,0,0,40.0,보통
37.45616960114987,126.9840199820189,0,0,0,0,0,40.0,보통
37.45706791232486,126.9840199820189,0,0,0,0,0,40.0,보통
37.45796622349985,126.9840199820189,0,0,0,0,0,40.0,보통
37.458864534674845,126.9840199820189,0,0,0,0,0,40.0,보통
37.45976284584984,126.9840199820189,0,0,0,0,0,40.0,보통
37.46066115702483,126.9840199820189,0,0,0,0,0,40.0,보통
37.46155946819982,126.9840199820189,0,0,0,0,0,40.0,보통
37.462457779374816,126.9840199820189,0,0,0,0,0,40.0,보통
37.46335609054981,126.9840199820189,0,0,0,0,0,40.0,보통
37.4642544017248,126.9840199820189,0,0,0,0,0,40.0,보통
37.465152712899794,126.9840199820189,0,0,0,0,0,40.0,보통
37.46605102407479,126.9840199820189,0,0,0,0,0,40.0,보통
37.46694933524978,126.9840199820189,0,0,0,0,0,40.0,보통
37.46784764642477,126.9840199820189,0,0,0,0,0,40.0,보통
37.468745957599765,126.9840199820189,0,0,0,0,0,40.0,보통
37.46964426877476,126.9840199820189,0,0,0,0,0,40.0,보통
37.47054257994975,126.9840199820189,0,0,0,0,0,40.0,보통
37.47144089112474,126.9840199820189,0,0,0,0,0,40.0,보통
37.472339202299736,126.9840199820189,0,0,0,0,0,40.0,보통
37.47323751347473,126.9840199820189,0,0,1,0,0,45.0,보통
37.47413582464972,126.9840199820189,0,0,1,0,0,45.0,보통
37.475034135824714,126.9840199820189,0,0,0,0,1,50.0,보통
37.47593244699971,126.9840199820189,0,3,0,0,1,65.0,안전
37.4768307581747,126.9840199820189,0,3,1,0,1,70.0,안전
37.47772906934969,126.9840199820189,0,0,1,0,1,55.0,안전
37.478627380524685,126.9840199820189,0,0,2,0,1,60.0,안전
37.47952569169968,126.9840199820189,0,0,2,0,1,60.0,안전
37.48042400287467,126.9840199820189,0,0,1,0,1,55.0,안전
37.48132231404966,126.9840199820189,0,0,0,0,1,50.0,보통
37.482220625224656,126.9840199820189,0,0,1,0,1,55.0,안전
37.48311893639965,126.9840199820189,0,0,1,0,1,55.0,안전
37.48401724757464,126.9840199820189,0,0,1,0,1,55.0,안전
37.484915558749634,126.9840199820189,0,0,1,0,0,45.0,보통
37.48581386992463,126.9840199820189,0,0,2,0,0,50.0,보통
37.48671218109962,126.9840199820189,0,0,2,0,0,50.0,보통
37.48761049227461,126.9840199820189,0,0,2,0,0,50.0,보통
37.488508803449605,126.9840199820189,0,0,1,0,0,45.0,보통
37.4894071146246,126.9840199820189,0,0,1,0,0,45.0,보통
37.49030542579959,126.9840199820189,0,0,1,0,0,45.0,보통
37.49120373697458,126.9840199820189,0,0,2,0,0,50.0,보통
37.492102048149576,126.9840199820189,0,0,1,0,1,55.0,안전
37.49300035932457,126.9840199820189,0,0,0,0,1,50.0,보통
37.49389867049956,126.9840199820189,0,0,1,0,1,55.0,안전
37.494796981674554,126.9840199820189,0,0,1,0,1,55.0,안전
37.49569529284955,126.9840199820189,0,0,2,0,1,60.0,안전
37.49659360402454,126.9840199820189,0,0,2,0,1,60.0,안전
37.49749191519953,126.9840199820189,0,3,1,0,0,60.0,안전
37.498390226374525,126.9840199820189,0,3,0,0,0,55.0,안전
37.49928853754952,126.9840199820189,0,3,0,0,0,55.0,안전
37.50018684872451,126.9840199820189,0,3,0,0,0,55.0,안전
37.5010851598995,126.9840199820189,0,3,0,0,0,55.0,안전
37.501983471074496,126.9840199820189,0,0,0,0,0,40.0,보통
37.50288178224949,126.9840199820189,0,0,0,0,0,40.0,보통
37.50378009342448,126.9840199820189,0,0,0,0,0,40.0,보통
37.504678404599474,126.9840199820189,0,3,0,0,0,55.0,안전
37.50557671577447,126.9840199820189,0,3,0,0,0,55.0,안전
37.50647502694946,126.9840199820189,0,0,0,0,0,40.0,보통
37.50737333812445,126.9840199820189,0,0,0,0,0,40.0,보통
37.508271649299445,126.9840199820189,0,0,0,0,0,40.0,보통
37.50916996047444,126.9840199820189,0,0,0,0,0,40.0,보통
37.51006827164943,126.9840199820189,0,0,0,0,0,40.0,보통
37.51096658282442,126.9840199820189,0,0,0,0,0,40.0,보통
37.511864893999416,126.9840199820189,0,0,0,0,0,40.0,보통
37.51276320517441,126.9840199820189,0,0,0,0,0,40.0,보통
37.5136615163494,126.9840199820189,0,0,0,0,0,40.0,보통
37.514559827524394,126.9840199820189,0,0,0,0,0,40.0,보통
37.51545813869939,126.9840199820189,0,3,0,0,0,55.0,안전
37.51635644987438,126.9840199820189,0,3,0,0,0,55.0,안전
37.51725476104937,126.9840199820189,0,3,0,0,0,55.0,안전
37.518153072224365,126.9840199820189,0,3,0,0,0,55.0,안전
37.51905138339936,126.9840199820189,0,3,0,0,0,55.0,안전
37.51994969457435,126.9840199820189,0,3,0,0,0,55.0,안전
37.52084800574934,126.9840199820189,0,0,0,0,0,40.0,보통
37.521746316924336,126.9840199820189,0,0,0,0,0,40.0,보통
37.52264462809933,126.9840199820189,0,0,0,0,0,40.0,보통
37.52354293927432,126.9840199820189,0,0,0,0,0,40.0,보통
37.524441250449314,126.9840199820189,0,0,0,0,0,40.0,보통
37.52533956162431,126.9840199820189,0,0,0,0,0,40.0,보통
37.44,126.98515182388758,0,0,0,0,0,40.0,보통
37.44089831117499,126.98515182388758,0,0,0,0,0,40.0,보통
37.44179662234998,126.98515182388758,0,0,0,0,0,40.0,보통
37.442694933524976,126.98515182388758,0,0,0,0,0,40.0,보통
37.44359324469997,126.98515182388758,0,0,0,0,0,40.0,보통
37.44449155587496,126.98515182388758,0,0,0,0,0,40.0,보통
37.445389867049954,126.98515182388758,0,0,0,0,0,40.0,보통
37.44628817822495,126.98515182388758,0,0,0,0,0,40.0,보통
37.44718648939994,126.98515182388758,0,0,0,0,0,40.0,보통
37.44808480057493,126.98515182388758,0,0,0,0,0,40.0,보통
37.448983111749925,126.98515182388758,0,0,0,0,0,40.0,보통
37.44988142292492,126.98515182388758,0,0,0,0,0,40.0,보통
37.45077973409991,126.98515182388758,0,0,0,0,0,40.0,보통
37.4516780452749,126.98515182388758,0,0,0,0,0,40.0,보통
37.452576356449896,126.98515182388758,0,0,0,0,0,40.0,보통
37.45347466762489,126.98515182388758,0,0,0,0,0,40.0,보통
37.45437297879988,126.98515182388758,0,0,0,0,0,40.0,보통
37.455271289974874,126.98515182388758,0,0,0,0,0,40.0,보통
37.45616960114987,126.98515182388758,0,0,0,0,0,40.0,보통
37.45706791232486,126.98515182388758,0,0,0,0,0,40.0,보통
37.45796622349985,126.98515182388758,0,0,0,0,0,40.0,보통
37.458864534674845,126.98515182388758,0,0,0,0,0,40.0,보통
37.45976284584984,126.98515182388758,0,0,0,0,0,40.0,보통
37.46066115702483,126.98515182388758,0,0,0,0,0,40.0,보통
37.46155946819982,126.98515182388758,0,0,0,0,0,40.0,보통
37.462457779374816,126.98515182388758,0,0,0,0,0,40.0,보통
37.46335609054981,126.98515182388758,0,0,0,0,0,40.0,보통
37.4642544017248,126.98515182388758,0,0,0,0,0,40.0,보통
37.465152712899794,126.98515182388758,0,0,0,0,0,40.0,보통
37.46605102407479,126.98515182388758,0,0,0,0,0,40.0,보통
37.46694933524978,126.98515182388758,0,0,0,0,0,40.0,보통
37.46784764642477,126.98515182388758,0,0,0,0,0,40.0,보통
37.468745957599765,126.98515182388758,0,0,0,0,0,40.0,보통
37.46964426877476,126.98515182388758,0,0,0,0,0,40.0,보통
37.47054257994975,126.98515182388758,0,0,0,0,0,40.0,보통
37.47144089112474,126.98515182388758,0,0,0,0,0,40.0,보통
37.472339202299736,126.98515182388758,0,0,0,0,0,40.0,보통
37.47323751347473,126.98515182388758,0,0,0,0,0,40.0,보통
37.47413582464972,126.98515182388758,0,0,0,0,0,40.0,보통
37.475034135824714,126.98515182388758,0,0,0,0,0,40.0,보통
37.47593244699971,126.98515182388758,0,3,0,0,1,65.0,안전
37.4768307581747,126.98515182388758,0,1,0,0,1,55.0,안전
37.47772906934969,126.98515182388758,0,0,0,0,1,50.0,보통
37.478627380524685,126.98515182388758,0,0,2,0,1,60.0,안전
37.47952569169968,126.98515182388758,0,0,2,0,1,60.0,안전
37.48042400287467,126.98515182388758,0,0,0,0,1,50.0,보통
37.48132231404966,126.98515182388758,0,0,0,0,1,50.0,보통
37.482220625224656,126.98515182388758,0,0,0,0,1,50.0,보통
37.48311893639965,126.98515182388758,0,0,0,0,1,50.0,보통
37.48401724757464,126.98515182388758,0,0,0,0,0,40.0,보통
37.484915558749634,126.98515182388758,0,0,1,0,0,45.0,보통
37.48581386992463,126.98515182388758,0,0,1,0,0,45.0,보통
37.48671218109962,126.98515182388758,0,0,0,0,0,40.0,보통
37.48761049227461,126.98515182388758,0,0,1,0,0,45.0,보통
37.488508803449605,126.98515182388758,0,0,0,0,0,40.0,보통
37.4894071146246,126.98515182388758,0,0,0,0,0,40.0,보통
37.49030542579959,126.98515182388758,0,0,1,0,0,45.0,보통
37.49120373697458,126.98515182388758,0,0,2,0,0,50.0,보통
37.492102048149576,126.98515182388758,0,0,2,0,0,50.0,보통
37.49300035932457,126.98515182388758,0,0,1,0,1,55.0,안전
37.49389867049956,126.98515182388758,0,0,0,0,1,50.0,보통
37.494796981674554,126.98515182388758,0,0,1,0,1,55.0,안전
37.49569529284955,126.98515182388758,0,0,1,0,1,55.0,안전
37.49659360402454,126.98515182388758,0,0,0,0,1,50.0,보통
37.49749191519953,126.98515182388758,0,0,1,0,0,45.0,보통
37.498390226374525,126.98515182388758,0,3,0,0,0,55.0,안전
37.49928853754952,126.98515182388758,0,3,0,0,0,55.0,안전
37.50018684872451,126.98515182388758,0,3,0,0,0,55.0,안전
37.5010851598995,126.98515182388758,0,0,0,0,0,40.0,보통
37.501983471074496,126.98515182388758,0,0,0,0,0,40.0,보통
37.50288178224949,126.98515182388758,0,0,0,0,0,40.0,보통
37.50378009342448,126.98515182388758,0,0,0,0,0,40.0,보통
37.504678404599474,126.98515182388758,0,3,0,0,0,55.0,안전
37.50557671577447,126.98515182388758,0,3,0,0,0,55.0,안전
37.50647502694946,126.98515182388758,0,0,0,0,0,40.0,보통
37.50737333812445,126.98515182388758,0,0,0,0,0,40.0,보통
37.508271649299445,126.98515182388758,0,0,0,0,0,40.0,보통
37.50916996047444,126.98515182388758,0,0,0,0,0,40.0,보통
37.51006827164943,126.98515182388758,0,0,0,0,0,40.0,보통
37.51096658282442,126.98515182388758,0,0,0,0,0,40.0,보통
37.511864893999416,126.98515182388758,0,0,0,0,0,40.0,보통
37.51276320517441,126.98515182388758,0,0,0,0,0,40.0,보통
37.5136615163494,126.98515182388758,0,0,0,0,0,40.0,보통
37.514559827524394,126.98515182388758,0,0,0,0,0,40.0,보통
37.51545813869939,126.98515182388758,0,2,0,0,0,50.0,보통
37.51635644987438,126.98515182388758,0,3,0,0,0,55.0,안전
37.51725476104937,126.98515182388758,0,0,0,0,0,40.0,보통
37.518153072224365,126.98515182388758,0,0,0,0,0,40.0,보통
37.51905138339936,126.98515182388758,0,3,0,0,0,55.0,안전
37.51994969457435,126.98515182388758,0,3,0,0,0,55.0,안전
37.52084800574934,126.98515182388758,0,0,0,0,0,40.0,보통
37.521746316924336,126.98515182388758,0,0,0,0,0,40.0,보통
37.52264462809933,126.98515182388758,0,0,0,0,0,40.0,보통
37.52354293927432,126.98515182388758,0,0,0,0,0,40.0,보통
37.524441250449314,126.98515182388758,0,0,0,0,0,40.0,보통
37.52533956162431,126.98515182388758,0,0,0,0,0,40.0,보통
37.44,126.98628366575625,0,0,0,0,0,40.0,보통
37.44089831117499,126.98628366575625,0,0,0,0,0,40.0,보통
37.44179662234998,126.98628366575625,0,0,0,0,0,40.0,보통
37.442694933524976,126.98628366575625,0,0,0,0,0,40.0,보통
37.44359324469997,126.98628366575625,0,0,0,0,0,40.0,보통
37.44449155587496,126.98628366575625,0,0,0,0,0,40.0,보통
37.445389867049954,126.98628366575625,0,0,0,0,0,40.0,보통
37.44628817822495,126.98628366575625,0,0,0,0,0,40.0,보통
37.44718648939994,126.98628366575625,0,0,0,0,0,40.0,보통
37.44808480057493,126.98628366575625,0,0,0,0,0,40.0,보통
37.448983111749925,126.98628366575625,0,0,0,0,0,40.0,보통
37.44988142292492,126.98628366575625,0,0,0,0,0,40.0,보통
37.45077973409991,126.98628366575625,0,0,0,0,0,40.0,보통
37.4516780452749,126.98628366575625,0,0,0,0,0,40.0,보통
37.452576356449896,126.98628366575625,0,0,0,0,0,40.0,보통
37.45347466762489,126.98628366575625,0,0,0,0,0,40.0,보통
37.45437297879988,126.98628366575625,0,0,0,0,0,40.0,보통
37.455271289974874,126.98628366575625,0,0,0,0,0,40.0,보통
37.45616960114987,126.98628366575625,0,0,0,0,0,40.0,보통
37.45706791232486,126.98628366575625,0,0,0,0,0,40.0,보통
37.45796622349985,126.98628366575625,0,0,0,0,0,40.0,보통
37.458864534674845,126.98628366575625,0,0,0,0,0,40.0,보통
37.45976284584984,126.98628366575625,0,0,0,0,0,40.0,보통
37.46066115702483,126.98628366575625,0,0,0,0,0,40.0,보통
37.46155946819982,126.98628366575625,0,0,0,0,0,40.0,보통
37.462457779374816,126.98628366575625,0,0,0,0,0,40.0,보통
37.46335609054981,126.98628366575625,0,0,0,0,0,40.0,보통
37.4642544017248,126.98628366575625,0,0,0,0,0,40.0,보통
37.465152712899794,126.98628366575625,0,0,0,0,0,40.0,보통
37.46605102407479,126.98628366575625,0,0,0,0,0,40.0,보통
37.46694933524978,126.98628366575625,0,0,0,0,0,40.0,보통
37.46784764642477,126.98628366575625,0,0,0,0,0,40.0,보통
37.468745957599765,126.98628366575625,0,0,0,0,0,40.0,보통
37.46964426877476,126.98628366575625,0,0,0,0,0,40.0,보통
37.47054257994975,126.98628366575625,0,0,0,0,0,40.0,보통
37.47144089112474,126.98628366575625,0,0,0,0,0,40.0,보통
37.472339202299736,126.98628366575625,0,0,0,0,0,40.0,보통
37.47323751347473,126.98628366575625,0,0,0,0,0,40.0,보통
37.47413582464972,126.98628366575625,0,0,0,0,0,40.0,보통
37.475034135824714,126.98628366575625,0,0,0,0,0,40.0,보통
37.47593244699971,126.98628366575625,0,0,0,0,0,40.0,보통
37.4768307581747,126.98628366575625,0,0,1,0,0,45.0,보통
37.47772906934969,126.98628366575625,0,0,2,0,0,50.0,보통
37.478627380524685,126.98628366575625,0,0,2,0,0,50.0,보통
37.47952569169968,126.98628366575625,0,0,0,0,0,40.0,보통
37.48042400287467,126.98628366575625,0,0,0,0,0,40.0,보통
37.48132231404966,126.98628366575625,0,0,0,0,1,50.0,보통
37.482220625224656,126.98628366575625,0,0,1,0,1,55.0,안전
37.48311893639965,126.98628366575625,0,0,1,0,0,45.0,보통
37.48401724757464,126.98628366575625,0,0,1,0,0,45.0,보통
37.484915558749634,126.98628366575625,0,0,0,0,0,40.0,보통
37.48581386992463,126.98628366575625,0,0,1,0,0,45.0,보통
37.48671218109962,126.98628366575625,0,0,1,0,0,45.0,보통
37.48761049227461,126.98628366575625,0,0,1,0,0,45.0,보통
37.488508803449605,126.98628366575625,0,0,0,0,0,40.0,보통
37.4894071146246,126.98628366575625,0,0,1,0,0,45.0,보통
37.49030542579959,126.98628366575625,0,0,1,0,0,45.0,보통
37.49120373697458,126.98628366575625,0,0,1,0,0,45.0,보통
37.492102048149576,126.98628366575625,0,0,1,0,0,45.0,보통
37.49300035932457,126.98628366575625,0,0,1,0,0,45.0,보통
37.49389867049956,126.98628366575625,0,0,1,0,1,55.0,안전
37.494796981674554,126.98628366575625,0,0,2,0,1,60.0,안전
37.49569529284955,126.98628366575625,0,0,1,0,1,55.0,안전
37.49659360402454,126.98628366575625,0,0,0,0,0,40.0,보통
37.49749191519953,126.98628366575625,0,0,1,0,0,45.0,보통
37.498390226374525,126.98628366575625,0,3,1,0,0,60.0,안전
37.49928853754952,126.98628366575625,0,3,0,0,0,55.0,안전
37.50018684872451,126.98628366575625,0,0,0,0,0,40.0,보통
37.5010851598995,126.98628366575625,0,0,0,0,0,40.0,보통
37.501983471074496,126.98628366575625,0,0,0,0,0,40.0,보통
37.50288178224949,126.98628366575625,0,0,0,0,0,40.0,보통
37.50378009342448,126.98628366575625,0,0,0,0,0,40.0,보통
37.504678404599474,126.98628366575625,0,3,0,0,0,55.0,안전
37.50557671577447,126.98628366575625,0,3,0,0,0,55.0,안전
37.50647502694946,126.98628366575625,0,0,0,0,0,40.0,보통
37.50737333812445,126.98628366575625,0,0,0,0,0,40.0,보통
37.508271649299445,126.98628366575625,0,0,0,0,0,40.0,보통
37.50916996047444,126.98628366575625,0,0,0,0,0,40.0,보통
37.51006827164943,126.98628366575625,0,0,0,0,0,40.0,보통
37.51096658282442,126.98628366575625,0,0,0,0,0,40.0,보통
37.511864893999416,126.98628366575625,0,0,0,0,0,40.0,보통
37.51276320517441,126.98628366575625,0,0,0,0,0,40.0,보통
37.5136615163494,126.98628366575625,0,0,0,0,0,40.0,보통
37.514559827524394,126.98628366575625,0,0,0,0,0,40.0,보통
37.51545813869939,126.98628366575625,0,0,0,0,0,40.0,보통
37.51635644987438,126.98628366575625,0,3,0,0,0,55.0,안전
37.51725476104937,126.98628366575625,0,3,0,0,0,55.0,안전
37.518153072224365,126.98628366575625,0,0,0,0,0,40.0,보통
37.51905138339936,126.98628366575625,0,0,0,0,0,40.0,보통
37.51994969457435,126.98628366575625,0,2,0,0,0,50.0,보통
37.52084800574934,126.98628366575625,0,0,0,0,0,40.0,보통
37.521746316924336,126.98628366575625,0,0,0,0,0,40.0,보통
37.52264462809933,126.98628366575625,0,0,0,0,0,40.0,보통
37.52354293927432,126.98628366575625,0,0,0,0,0,40.0,보통
37.524441250449314,126.98628366575625,0,0,0,0,0,40.0,보통
37.52533956162431,126.98628366575625,0,0,0,0,0,40.0,보통
37.44,126.98741550762492,0,0,0,0,0,40.0,보통
37.44089831117499,126.98741550762492,0,0,0,0,0,40.0,보통
37.44179662234998,126.98741550762492,0,0,0,0,0,40.0,보통
37.442694933524976,126.98741550762492,0,0,0,0,0,40.0,보통
37.44359324469997,126.98741550762492,0,0,0,0,0,40.0,보통
37.44449155587496,126.98741550762492,0,0,0,0,0,40.0,보통
37.445389867049954,126.98741550762492,0,0,0,0,0,40.0,보통
37.44628817822495,126.98741550762492,0,0,0,0,0,40.0,보통
37.44718648939994,126.98741550762492,0,0,0,0,0,40.0,보통
37.44808480057493,126.98741550762492,0,0,0,0,0,40.0,보통
37.448983111749925,126.98741550762492,0,0,0,0,0,40.0,보통
37.44988142292492,126.98741550762492,0,0,0,0,0,40.0,보통
37.45077973409991,126.98741550762492,0,0,0,0,0,40.0,보통
37.4516780452749,126.98741550762492,0,0,0,0,0,40.0,보통
37.452576356449896,126.98741550762492,0,0,0,0,0,40.0,보통
37.45347466762489,126.98741550762492,0,0,0,0,0,40.0,보통
37.45437297879988,126.98741550762492,0,0,0,0,0,40.0,보통
37.455271289974874,126.98741550762492,0,0,0,0,0,40.0,보통
37.45616960114987,126.98741550762492,0,0,0,0,0,40.0,보통
37.45706791232486,126.98741550762492,0,0,0,0,0,40.0,보통
37.45796622349985,126.98741550762492,0,0,0,0,0,40.0,보통
37.458864534674845,126.98741550762492,0,0,0,0,0,40.0,보통
37.45976284584984,126.98741550762492,0,0,0,0,0,40.0,보통
37.46066115702483,126.98741550762492,0,0,0,0,0,40.0,보통
37.46155946819982,126.98741550762492,0,0,0,0,0,40.0,보통
37.462457779374816,126.98741550762492,0,0,0,0,0,40.0,보통
37.46335609054981,126.98741550762492,0,0,0,0,0,40.0,보통
37.4642544017248,126.98741550762492,0,0,0,0,0,40.0,보통
37.465152712899794,126.98741550762492,0,0,0,0,0,40.0,보통
37.46605102407479,126.98741550762492,0,0,0,0,0,40.0,보통
37.46694933524978,126.98741550762492,0,0,0,0,0,40.0,보통
37.46784764642477,126.98741550762492,0,0,0,0,0,40.0,보통
37.468745957599765,126.98741550762492,0,0,0,0,0,40.0,보통
37.46964426877476,126.98741550762492,0,0,0,0,0,40.0,보통
37.47054257994975,126.98741550762492,0,0,0,0,0,40.0,보통
37.47144089112474,126.98741550762492,0,0,0,0,0,40.0,보통
37.472339202299736,126.98741550762492,0,0,0,0,0,40.0,보통
37.47323751347473,126.98741550762492,0,0,0,0,0,40.0,보통
37.47413582464972,126.98741550762492,0,0,0,0,0,40.0,보통
37.475034135824714,126.98741550762492,0,0,0,0,0,40.0,보통
37.47593244699971,126.98741550762492,0,0,0,0,0,40.0,보통
37.4768307581747,126.98741550762492,0,0,1,0,0,45.0,보통
37.47772906934969,126.98741550762492,0,0,1,0,0,45.0,보통
37.478627380524685,126.98741550762492,0,0,0,0,0,40.0,보통
37.47952569169968,126.98741550762492,0,0,0,0,0,40.0,보통
37.48042400287467,126.98741550762492,0,0,0,0,0,40.0,보통
37.48132231404966,126.98741550762492,0,0,0,0,0,40.0,보통
37.482220625224656,126.98741550762492,0,0,1,0,0,45.0,보통
37.48311893639965,126.98741550762492,0,0,1,0,0,45.0,보통
37.48401724757464,126.98741550762492,0,0,1,0,0,45.0,보통
37.484915558749634,126.98741550762492,0,0,0,0,0,40.0,보통
37.48581386992463,126.98741550762492,0,0,0,0,0,40.0,보통
37.48671218109962,126.98741550762492,0,0,0,0,0,40.0,보통
37.48761049227461,126.98741550762492,0,0,0,0,0,40.0,보통
37.488508803449605,126.98741550762492,0,0,1,0,0,45.0,보통
37.4894071146246,126.98741550762492,0,0,1,0,0,45.0,보통
37.49030542579959,126.98741550762492,0,0,1,0,0,45.0,보통
37.49120373697458,126.98741550762492,0,0,0,0,0,40.0,보통
37.492102048149576,126.98741550762492,0,0,0,0,0,40.0,보통
37.49300035932457,126.98741550762492,0,0,0,0,0,40.0,보통
37.49389867049956,126.98741550762492,0,0,1,0,0,45.0,보통
37.494796981674554,126.98741550762492,0,0,0,0,0,40.0,보통
37.49569529284955,126.98741550762492,0,0,1,0,0,45.0,보통
37.49659360402454,126.98741550762492,0,0,0,0,0,40.0,보통
37.49749191519953,126.98741550762492,0,0,0,0,0,40.0,보통
37.498390226374525,126.98741550762492,0,3,0,0,0,55.0,안전
37.49928853754952,126.98741550762492,0,0,0,0,0,40.0,보통
37.50018684872451,126.98741550762492,0,0,0,0,0,40.0,보통
37.5010851598995,126.98741550762492,0,0,1,0,0,45.0,보통
37.501983471074496,126.98741550762492,0,0,1,0,0,45.0,보통
37.50288178224949,126.98741550762492,0,0,0,0,0,40.0,보통
37.50378009342448,126.98741550762492,0,0,0,0,0,40.0,보통
37.504678404599474,126.98741550762492,0,3,0,0,0,55.0,안전
37.50557671577447,126.98741550762492,0,3,0,0,0,55.0,안전
37.50647502694946,126.98741550762492,0,3,0,0,0,55.0,안전
37.50737333812445,126.98741550762492,0,0,0,0,0,40.0,보통
37.508271649299445,126.98741550762492,0,0,0,0,0,40.0,보통
37.50916996047444,126.98741550762492,0,0,0,0,0,40.0,보통
37.51006827164943,126.98741550762492,0,0,0,0,0,40.0,보통
37.51096658282442,126.98741550762492,0,0,0,0,0,40.0,보통
37.511864893999416,126.98741550762492,0,0,0,0,0,40.0,보통
37.51276320517441,126.98741550762492,0,0,0,0,0,40.0,보통
37.5136615163494,126.98741550762492,0,0,0,0,0,40.0,보통
37.514559827524394,126.98741550762492,0,0,0,0,0,40.0,보통
37.51545813869939,126.98741550762492,0,0,0,0,0,40.0,보통
37.51635644987438,126.98741550762492,0,3,0,0,0,55.0,안전
37.51725476104937,126.98741550762492,0,3,0,0,0,55.0,안전
37.518153072224365,126.98741550762492,0,0,0,0,0,40.0,보통
37.51905138339936,126.98741550762492,0,0,0,0,0,40.0,보통
37.51994969457435,126.98741550762492,0,0,0,0,0,40.0,보통
37.52084800574934,126.98741550762492,0,0,0,0,0,40.0,보통
37.521746316924336,126.98741550762492,0,0,0,0,0,40.0,보통
37.52264462809933,126.98741550762492,0,0,0,0,0,40.0,보통
37.52354293927432,126.98741550762492,0,0,0,0,0,40.0,보통
37.524441250449314,126.98741550762492,0,0,0,0,0,40.0,보통
37.52533956162431,126.98741550762492,0,0,0,0,0,40.0,보통
37.44,126.98854734949359,0,0,0,0,0,40.0,보통
37.44089831117499,126.98854734949359,0,0,0,0,0,40.0,보통
37.44179662234998,126.98854734949359,0,0,0,0,0,40.0,보통
37.442694933524976,126.98854734949359,0,0,0,0,0,40.0,보통
37.44359324469997,126.98854734949359,0,0,0,0,0,40.0,보통
37.44449155587496,126.98854734949359,0,0,0,0,0,40.0,보통
37.445389867049954,126.98854734949359,0,0,0,0,0,40.0,보통
37.44628817822495,126.98854734949359,0,0,0,0,0,40.0,보통
37.44718648939994,126.98854734949359,0,0,0,0,0,40.0,보통
37.44808480057493,126.98854734949359,0,0,0,0,0,40.0,보통
37.448983111749925,126.98854734949359,0,0,0,0,0,40.0,보통
37.44988142292492,126.98854734949359,0,0,0,0,0,40.0,보통
37.45077973409991,126.98854734949359,0,0,0,0,0,40.0,보통
37.4516780452749,126.98854734949359,0,0,0,0,0,40.0,보통
37.452576356449896,126.98854734949359,0,0,0,0,0,40.0,보통
37.45347466762489,126.98854734949359,0,0,0,0,0,40.0,보통
37.45437297879988,126.98854734949359,0,0,0,0,0,40.0,보통
37.455271289974874,126.98854734949359,0,0,0,0,0,40.0,보통
37.45616960114987,126.98854734949359,0,0,0,0,0,40.0,보통
37.45706791232486,126.98854734949359,0,0,0,0,0,40.0,보통
37.45796622349985,126.98854734949359,0,0,0,0,0,40.0,보통
37.458864534674845,126.98854734949359,0,0,0,0,0,40.0,보통
37.45976284584984,126.98854734949359,0,0,0,0,0,40.0,보통
37.46066115702483,126.98854734949359,0,0,0,0,0,40.0,보통
37.46155946819982,126.98854734949359,0,0,0,0,0,40.0,보통
37.462457779374816,126.98854734949359,0,0,0,0,0,40.0,보통
37.46335609054981,126.98854734949359,0,0,0,0,0,40.0,보통
37.4642544017248,126.98854734949359,0,0,0,0,0,40.0,보통
37.465152712899794,126.98854734949359,0,0,0,0,0,40.0,보통
37.46605102407479,126.98854734949359,0,0,1,0,0,45.0,보통
37.46694933524978,126.98854734949359,0,0,0,0,0,40.0,보통
37.46784764642477,126.98854734949359,0,0,0,0,0,40.0,보통
37.468745957599765,126.98854734949359,0,0,0,0,0,40.0,보통
37.46964426877476,126.98854734949359,0,0,0,0,0,40.0,보통
37.47054257994975,126.98854734949359,0,0,0,0,0,40.0,보통
37.47144089112474,126.98854734949359,0,0,0,0,0,40.0,보통
37.472339202299736,126.98854734949359,0,0,0,0,0,40.0,보통
37.47323751347473,126.98854734949359,0,0,0,0,0,40.0,보통
37.47413582464972,126.98854734949359,0,0,0,0,0,40.0,보통
37.475034135824714,126.98854734949359,0,0,0,0,0,40.0,보통
37.47593244699971,126.98854734949359,0,0,0,0,0,40.0,보통
37.4768307581747,126.98854734949359,0,0,0,0,0,40.0,보통
37.47772906934969,126.98854734949359,0,0,0,0,0,40.0,보통
37.478627380524685,126.98854734949359,0,0,0,0,0,40.0,보통
37.47952569169968,126.98854734949359,0,0,0,0,0,40.0,보통
37.48042400287467,126.98854734949359,0,0,0,0,0,40.0,보통
37.48132231404966,126.98854734949359,0,0,0,0,0,40.0,보통
37.482220625224656,126.98854734949359,0,0,0,0,0,40.0,보통
37.48311893639965,126.98854734949359,0,0,0,0,0,40.0,보통
37.48401724757464,126.98854734949359,0,0,0,0,0,40.0,보통
37.484915558749634,126.98854734949359,0,0,0,0,0,40.0,보통
37.48581386992463,126.98854734949359,0,0,0,0,0,40.0,보통
37.48671218109962,126.98854734949359,0,0,0,0,0,40.0,보통
37.48761049227461,126.98854734949359,0,0,0,0,0,40.0,보통
37.488508803449605,126.98854734949359,0,0,0,0,0,40.0,보통
37.4894071146246,126.98854734949359,0,0,1,0,0,45.0,보통
37.49030542579959,126.98854734949359,0,0,0,0,0,40.0,보통
37.49120373697458,126.98854734949359,0,0,1,0,0,45.0,보통
37.492102048149576,126.98854734949359,0,0,1,0,0,45.0,보통
37.49300035932457,126.98854734949359,0,0,1,0,0,45.0,보통
37.49389867049956,126.98854734949359,0,0,1,0,0,45.0,보통
37.494796981674554,126.98854734949359,0,0,0,0,0,40.0,보통
37.49569529284955,126.98854734949359,0,0,0,0,0,40.0,보통
37.49659360402454,126.98854734949359,0,0,0,0,0,40.0,보통
37.49749191519953,126.98854734949359,0,1,0,0,0,45.0,보통
37.498390226374525,126.98854734949359,0,3,0,0,0,55.0,안전
37.49928853754952,126.98854734949359,0,0,0,0,0,40.0,보통
37.50018684872451,126.98854734949359,0,0,0,0,0,40.0,보통
37.5010851598995,126.98854734949359,0,0,0,0,0,40.0,보통
37.501983471074496,126.98854734949359,0,0,0,0,0,40.0,보통
37.50288178224949,126.98854734949359,0,0,0,0,0,40.0,보통
37.50378009342448,126.98854734949359,0,0,0,0,0,40.0,보통
37.504678404599474,126.98854734949359,0,1,0,0,0,45.0,보통
37.50557671577447,126.98854734949359,0,3,0,0,0,55.0,안전
37.50647502694946,126.98854734949359,0,3,0,0,0,55.0,안전
37.50737333812445,126.98854734949359,0,0,0,0,0,40.0,보통
37.508271649299445,126.98854734949359,0,0,0,0,0,40.0,보통
37.50916996047444,126.98854734949359,0,0,0,0,0,40.0,보통
37.51006827164943,126.98854734949359,0,0,0,0,0,40.0,보통
37.51096658282442,126.98854734949359,0,0,0,0,0,40.0,보통
37.511864893999416,126.98854734949359,0,0,0,0,0,40.0,보통
37.51276320517441,126.98854734949359,0,0,0,0,0,40.0,보통
37.5136615163494,126.98854734949359,0,0,0,0,0,40.0,보통
37.514559827524394,126.98854734949359,0,0,0,0,0,40.0,보통
37.51545813869939,126.98854734949359,0,0,0,0,0,40.0,보통
37.51635644987438,126.98854734949359,0,3,0,0,0,55.0,안전
37.51725476104937,126.98854734949359,0,3,0,0,0,55.0,안전
37.518153072224365,126.98854734949359,0,0,0,0,0,40.0,보통
37.51905138339936,126.98854734949359,0,0,0,0,0,40.0,보통
37.51994969457435,126.98854734949359,0,0,0,0,0,40.0,보통
37.52084800574934,126.98854734949359,0,0,0,0,0,40.0,보통
37.521746316924336,126.98854734949359,0,0,0,0,0,40.0,보통
37.52264462809933,126.98854734949359,0,0,0,0,0,40.0,보통
37.52354293927432,126.98854734949359,0,0,0,0,0,40.0,보통
37.524441250449314,126.98854734949359,0,0,0,0,0,40.0,보통
37.52533956162431,126.98854734949359,0,0,0,0,0,40.0,보통
37.44,126.98967919136226,0,0,0,0,0,40.0,보통
37.44089831117499,126.98967919136226,0,0,0,0,0,40.0,보통
37.44179662234998,126.98967919136226,0,0,0,0,0,40.0,보통
37.442694933524976,126.98967919136226,0,0,0,0,0,40.0,보통
37.44359324469997,126.98967919136226,0,0,0,0,0,40.0,보통
37.44449155587496,126.98967919136226,0,0,0,0,0,40.0,보통
37.445389867049954,126.98967919136226,0,0,0,0,0,40.0,보통
37.44628817822495,126.98967919136226,0,0,0,0,0,40.0,보통
37.44718648939994,126.98967919136226,0,0,0,0,0,40.0,보통
37.44808480057493,126.98967919136226,0,0,0,0,0,40.0,보통
37.448983111749925,126.98967919136226,0,0,0,0,0,40.0,보통
37.44988142292492,126.98967919136226,0,0,0,0,0,40.0,보통
37.45077973409991,126.98967919136226,0,0,0,0,0,40.0,보통
37.4516780452749,126.98967919136226,0,0,0,0,0,40.0,보통
37.452576356449896,126.98967919136226,0,0,0,0,0,40.0,보통
37.45347466762489,126.98967919136226,0,0,0,0,0,40.0,보통
37.45437297879988,126.98967919136226,0,0,0,0,0,40.0,보통
37.455271289974874,126.98967919136226,0,0,0,0,0,40.0,보통
37.45616960114987,126.98967919136226,0,0,0,0,0,40.0,보통
37.45706791232486,126.98967919136226,0,0,0,0,0,40.0,보통
37.45796622349985,126.98967919136226,0,0,0,0,0,40.0,보통
37.458864534674845,126.98967919136226,0,0,0,0,0,40.0,보통
37.45976284584984,126.98967919136226,0,0,0,0,0,40.0,보통
37.46066115702483,126.98967919136226,0,0,0,0,0,40.0,보통
37.46155946819982,126.98967919136226,0,0,0,0,0,40.0,보통
37.462457779374816,126.98967919136226,0,0,0,0,0,40.0,보통
37.46335609054981,126.98967919136226,0,0,0,0,0,40.0,보통
37.4642544017248,126.98967919136226,0,0,0,0,0,40.0,보통
37.465152712899794,126.98967919136226,0,0,0,0,0,40.0,보통
37.46605102407479,126.98967919136226,0,0,1,0,0,45.0,보통
37.46694933524978,126.98967919136226,0,0,0,0,0,40.0,보통
37.46784764642477,126.98967919136226,0,0,0,0,0,40.0,보통
37.468745957599765,126.98967919136226,0,0,0,0,0,40.0,보통
37.46964426877476,126.98967919136226,0,0,0,0,0,40.0,보통
37.47054257994975,126.98967919136226,0,0,0,0,0,40.0,보통
37.47144089112474,126.98967919136226,0,0,0,0,0,40.0,보통
37.472339202299736,126.98967919136226,0,0,0,0,0,40.0,보통
37.47323751347473,126.98967919136226,0,0,0,0,0,40.0,보통
37.47413582464972,126.98967919136226,0,0,0,0,0,40.0,보통
37.475034135824714,126.98967919136226,0,0,1,0,0,45.0,보통
37.47593244699971,126.98967919136226,0,0,1,0,0,45.0,보통
37.4768307581747,126.98967919136226,0,0,0,0,0,40.0,보통
37.47772906934969,126.98967919136226,0,0,0,0,0,40.0,보통
37.478627380524685,126.98967919136226,0,0,0,0,0,40.0,보통
37.47952569169968,126.98967919136226,0,0,0,0,0,40.0,보통
37.48042400287467,126.98967919136226,0,0,0,0,0,40.0,보통
37.48132231404966,126.98967919136226,0,0,0,0,0,40.0,보통
37.482220625224656,126.98967919136226,0,0,0,0,0,40.0,보통
37.48311893639965,126.98967919136226,0,0,0,0,0,40.0,보통
37.48401724757464,126.98967919136226,0,0,0,0,0,40.0,보통
37.484915558749634,126.98967919136226,0,0,1,0,0,45.0,보통
37.48581386992463,126.98967919136226,0,0,0,0,0,40.0,보통
37.48671218109962,126.98967919136226,0,0,0,0,0,40.0,보통
37.48761049227461,126.98967919136226,0,0,0,0,0,40.0,보통
37.488508803449605,126.98967919136226,0,0,0,0,0,40.0,보통
37.4894071146246,126.98967919136226,0,0,0,0,0,40.0,보통
37.49030542579959,126.98967919136226,0,0,0,0,0,40.0,보통
37.49120373697458,126.98967919136226,0,0,2,0,0,50.0,보통
37.492102048149576,126.98967919136226,0,0,2,0,0,50.0,보통
37.49300035932457,126.98967919136226,0,0,1,0,0,45.0,보통
37.49389867049956,126.98967919136226,0,0,2,0,0,50.0,보통
37.494796981674554,126.98967919136226,0,0,1,0,0,45.0,보통
37.49569529284955,126.98967919136226,0,0,0,0,0,40.0,보통
37.49659360402454,126.98967919136226,0,0,0,0,0,40.0,보통
37.49749191519953,126.98967919136226,0,1,0,0,0,45.0,보통
37.498390226374525,126.98967919136226,0,3,0,0,0,55.0,안전
37.49928853754952,126.98967919136226,0,0,0,0,0,40.0,보통
37.50018684872451,126.98967919136226,0,0,0,0,0,40.0,보통
37.5010851598995,126.98967919136226,0,0,0,0,0,40.0,보통
37.501983471074496,126.98967919136226,0,0,0,0,0,40.0,보통
37.50288178224949,126.98967919136226,0,0,0,0,0,40.0,보통
37.50378009342448,126.98967919136226,0,0,0,0,0,40.0,보통
37.504678404599474,126.98967919136226,0,0,0,0,0,40.0,보통
37.50557671577447,126.98967919136226,0,3,0,0,0,55.0,안전
37.50647502694946,126.98967919136226,0,3,0,0,0,55.0,안전
37.50737333812445,126.98967919136226,0,0,0,0,0,40.0,보통
37.508271649299445,126.98967919136226,0,0,0,0,0,40.0,보통
37.50916996047444,126.98967919136226,0,0,0,0,0,40.0,보통
37.51006827164943,126.98967919136226,0,0,0,0,0,40.0,보통
37.51096658282442,126.98967919136226,0,0,0,0,0,40.0,보통
37.511864893999416,126.98967919136226,0,0,0,0,0,40.0,보통
37.51276320517441,126.98967919136226,0,0,0,0,0,40.0,보통
37.5136615163494,126.98967919136226,0,0,0,0,0,40.0,보통
37.514559827524394,126.98967919136226,0,0,0,0,0,40.0,보통
37.51545813869939,126.98967919136226,0,0,0,0,0,40.0,보통
37.51635644987438,126.98967919136226,0,3,0,0,0,55.0,안전
37.51725476104937,126.98967919136226,0,3,0,0,0,55.0,안전
37.518153072224365,126.98967919136226,0,0,0,0,0,40.0,보통
37.51905138339936,126.98967919136226,0,0,0,0,0,40.0,보통
37.51994969457435,126.98967919136226,0,0,0,0,0,40.0,보통
37.52084800574934,126.98967919136226,0,0,0,0,0,40.0,보통
37.521746316924336,126.98967919136226,0,0,0,0,0,40.0,보통
37.52264462809933,126.98967919136226,0,0,0,0,0,40.0,보통
37.52354293927432,126.98967919136226,0,0,0,0,0,40.0,보통
37.524441250449314,126.98967919136226,0,0,0,0,0,40.0,보통
37.52533956162431,126.98967919136226,0,0,0,0,0,40.0,보통
37.44,126.99081103323093,0,0,0,0,0,40.0,보통
37.44089831117499,126.99081103323093,0,0,0,0,0,40.0,보통
37.44179662234998,126.99081103323093,0,0,0,0,0,40.0,보통
37.442694933524976,126.99081103323093,0,0,0,0,0,40.0,보통
37.44359324469997,126.99081103323093,0,0,0,0,0,40.0,보통
37.44449155587496,126.99081103323093,0,0,0,0,0,40.0,보통
37.445389867049954,126.99081103323093,0,0,0,0,0,40.0,보통
37.44628817822495,126.99081103323093,0,0,0,0,0,40.0,보통
37.44718648939994,126.99081103323093,0,0,0,0,0,40.0,보통
37.44808480057493,126.99081103323093,0,0,0,0,0,40.0,보통
37.448983111749925,126.99081103323093,0,0,0,0,0,40.0,보통
37.44988142292492,126.99081103323093,0,0,0,0,0,40.0,보통
37.45077973409991,126.99081103323093,0,0,0,0,0,40.0,보통
37.4516780452749,126.99081103323093,0,0,0,0,0,40.0,보통
37.452576356449896,126.99081103323093,0,0,0,0,0,40.0,보통
37.45347466762489,126.99081103323093,0,0,0,0,0,40.0,보통
37.45437297879988,126.99081103323093,0,0,0,0,0,40.0,보통
37.455271289974874,126.99081103323093,0,0,0,0,0,40.0,보통
37.45616960114987,126.99081103323093,0,0,0,0,0,40.0,보통
37.45706791232486,126.99081103323093,0,0,0,0,0,40.0,보통
37.45796622349985,126.99081103323093,0,0,0,0,0,40.0,보통
37.458864534674845,126.99081103323093,0,0,0,0,0,40.0,보통
37.45976284584984,126.99081103323093,0,0,0,0,0,40.0,보통
37.46066115702483,126.99081103323093,0,0,0,0,0,40.0,보통
37.46155946819982,126.99081103323093,0,0,0,0,0,40.0,보통
37.462457779374816,126.99081103323093,0,0,0,0,0,40.0,보통
37.46335609054981,126.99081103323093,0,0,0,0,0,40.0,보통
37.4642544017248,126.99081103323093,0,0,0,0,0,40.0,보통
37.465152712899794,126.99081103323093,0,0,0,0,0,40.0,보통
37.46605102407479,126.99081103323093,0,0,0,0,0,40.0,보통
37.46694933524978,126.99081103323093,0,0,0,0,0,40.0,보통
37.46784764642477,126.99081103323093,0,0,0,0,0,40.0,보통
37.468745957599765,126.99081103323093,0,0,0,0,0,40.0,보통
37.46964426877476,126.99081103323093,0,0,0,0,0,40.0,보통
37.47054257994975,126.99081103323093,0,0,0,0,0,40.0,보통
37.47144089112474,126.99081103323093,0,0,0,0,0,40.0,보통
37.472339202299736,126.99081103323093,0,0,0,0,0,40.0,보통
37.47323751347473,126.99081103323093,0,0,0,0,0,40.0,보통
37.47413582464972,126.99081103323093,0,0,0,0,0,40.0,보통
37.475034135824714,126.99081103323093,0,0,1,0,0,45.0,보통
37.47593244699971,126.99081103323093,0,0,1,0,0,45.0,보통
37.4768307581747,126.99081103323093,0,0,0,0,0,40.0,보통
37.47772906934969,126.99081103323093,0,0,0,0,0,40.0,보통
37.478627380524685,126.99081103323093,0,0,0,0,0,40.0,보통
37.47952569169968,126.99081103323093,0,0,0,0,0,40.0,보통
37.48042400287467,126.99081103323093,0,0,0,0,0,40.0,보통
37.48132231404966,126.99081103323093,0,0,0,0,0,40.0,보통
37.482220625224656,126.99081103323093,0,0,0,0,0,40.0,보통
37.48311893639965,126.99081103323093,0,0,0,0,0,40.0,보통
37.48401724757464,126.99081103323093,0,0,0,0,0,40.0,보통
37.484915558749634,126.99081103323093,0,0,1,0,0,45.0,보통
37.48581386992463,126.99081103323093,0,0,1,0,0,45.0,보통
37.48671218109962,126.99081103323093,0,0,0,0,0,40.0,보통
37.48761049227461,126.99081103323093,0,0,1,0,0,45.0,보통
37.488508803449605,126.99081103323093,0,0,1,0,0,45.0,보통
37.4894071146246,126.99081103323093,0,0,0,0,0,40.0,보통
37.49030542579959,126.99081103323093,0,0,1,0,0,45.0,보통
37.49120373697458,126.99081103323093,0,0,2,0,0,50.0,보통
37.492102048149576,126.99081103323093,0,0,1,0,0,45.0,보통
37.49300035932457,126.99081103323093,0,0,0,0,0,40.0,보통
37.49389867049956,126.99081103323093,0,0,1,0,0,45.0,보통
37.494796981674554,126.99081103323093,0,0,1,0,0,45.0,보통
37.49569529284955,126.99081103323093,0,0,0,0,0,40.0,보통
37.49659360402454,126.99081103323093,0,0,0,0,0,40.0,보통
37.49749191519953,126.99081103323093,0,0,1,0,0,45.0,보통
37.498390226374525,126.99081103323093,0,1,1,0,0,50.0,보통
37.49928853754952,126.99081103323093,0,0,0,0,0,40.0,보통
37.50018684872451,126.99081103323093,0,0,0,0,0,40.0,보통
37.5010851598995,126.99081103323093,0,0,0,0,0,40.0,보통
37.501983471074496,126.99081103323093,0,0,0,0,0,40.0,보통
37.50288178224949,126.99081103323093,0,0,0,0,0,40.0,보통
37.50378009342448,126.99081103323093,0,0,0,0,0,40.0,보통
37.504678404599474,126.99081103323093,0,0,0,0,0,40.0,보통
37.50557671577447,126.99081103323093,0,2,0,0,0,50.0,보통
37.50647502694946,126.99081103323093,0,3,0,0,0,55.0,안전
37.50737333812445,126.99081103323093,0,3,0,0,0,55.0,안전
37.508271649299445,126.99081103323093,0,0,0,0,0,40.0,보통
37.50916996047444,126.99081103323093,0,0,0,0,0,40.0,보통
37.51006827164943,126.99081103323093,0,0,0,0,0,40.0,보통
37.51096658282442,126.99081103323093,0,0,0,0,0,40.0,보통
37.511864893999416,126.99081103323093,0,0,0,0,0,40.0,보통
37.51276320517441,126.99081103323093,0,0,0,0,0,40.0,보통
37.5136615163494,126.99081103323093,0,0,0,0,0,40.0,보통
37.514559827524394,126.99081103323093,0,0,0,0,0,40.0,보통
37.51545813869939,126.99081103323093,0,0,0,0,0,40.0,보통
37.51635644987438,126.99081103323093,0,0,0,0,0,40.0,보통
37.51725476104937,126.99081103323093,0,3,0,0,0,55.0,안전
37.518153072224365,126.99081103323093,0,3,0,0,0,55.0,안전
37.51905138339936,126.99081103323093,0,0,0,0,0,40.0,보통
37.51994969457435,126.99081103323093,0,3,0,0,0,55.0,안전
37.52084800574934,126.99081103323093,0,0,0,0,0,40.0,보통
37.521746316924336,126.99081103323093,0,0,0,0,0,40.0,보통
37.52264462809933,126.99081103323093,0,0,0,0,0,40.0,보통
37.52354293927432,126.99081103323093,0,0,0,0,0,40.0,보통
37.524441250449314,126.99081103323093,0,0,0,0,0,40.0,보통
37.52533956162431,126.99081103323093,0,0,0,0,0,40.0,보통
