보안등위치명,소재지도로명주소,소재지지번주소,위도,경도,설치년도,설치형태,관리기관전화번호,관리기관명,데이터기준일자
01-001,서울특별시 동작구 장승배기로128,노량진동 231-4,37.50863809,126.9405646,2011-08-24,한전주,02-820-9923,서울특별시 동작구청,2026-04-06
01-002,서울특별시 동작구 장승배기로128,노량진동 231-4,37.50872374,126.9406748,2011-08-24,한전주,02-820-9923,서울특별시 동작구청,2026-04-06
01-003,서울특별시 동작구 장승배기로20길 15,노량진동 230-39,37.50887927,126.9408839,2011-08-24,벽부주,02-820-9923,서울특별시 동작구청,2026-04-06
01-004,서울특별시 동작구 장승배기로22길 23,노량진동 232-247,37.50918118,126.941025,2011-08-24,한전주,02-820-9923,서울특별시 동작구청,2026-04-06
01-005,서울특별시 동작구 장승배기로22길 22,노량진동 231-164,37.50923964,126.9408101,2011-08-24,벽부주,02-820-9923,서울특별시 동작구청,2026-04-06
01-006,서울특별시 동작구 장승배기로22길 15,노량진동 232-94,37.5094379,126.9408948,2011-08-24,한전주,02-820-9923,서울특별시 동작구청,2026-04-06
01-007,서울특별시 동작구 장승배기로22길 15-4,노량진동 232-35,37.50956638,126.9410643,2011-08-24,벽부주,02-820-9923,서울특별시 동작구청,2026-04-06
01-008,서울특별시 동작구 장승배기로22길 12-1,노량진동 231-159,37.50952558,126.9405695,2011-08-24,벽부주,02-820-9923,서울특별시 동작구청,2026-04-06
01-009,서울특별시 동작구 장승배기로22길 7,노량진동 232-291,37.50967878,126.9406146,2011-08-24,한전주,02-820-9923,서울특별시 동작구청,2026-04-06
01-010,서울특별시 동작구 장승배기로22길 9-6,노량진동 232-293,37.50975317,126.9407305,2011-08-24,벽부주,02-820-9923,서울특별시 동작구청,2026-04-06
01-011,서울특별시 동작구 장승배기로22길 11-2,노량진동 232-232,37.50963158,126.9408296,2011-08-24,벽부주,02-820-9923,서울특별시 동작구청,2026-04-06
01-012,서울특별시 동작구 장승배기로22길 21-5,노량진동 232-247,37.50937279,126.9413274,2011-08-24,한전주,02-820-9923,서울특별시 동작구청,2026-04-06
01-013,서울특별시 동작구 장승배기로20다길 2,노량진동 232-167,37.50947876,126.9415253,2011-08-24,전용주,02-820-9923,서울특별시 동작구청,2026-04-06
01-014,서울특별시 동작구 장승배기로20다길 6,노량진동 232-109,37.50961839,126.9414828,2011-08-24,전용주,02-820-9923,서울특별시 동작구청,2026-04-06
01-015,서울특별시 동작구 장승배기로20다길 10,노량진동 232-9,37.50973998,126.9413752,2011-08-24,벽부주,02-820-9923,서울특별시 동작구청,2026-04-06
01-016,서울특별시 동작구 노량진로26길 39,본동 48-14,37.51085652,126.9552185,2021-02-22,한전주,02-820-9923,서울특별시 동작구청,2026-04-06
01-018,서울특별시 동작구 장승배기로24길 20-1,노량진동 232-285,37.50988393,126.9409707,2011-08-24,벽부주,02-820-9923,서울특별시 동작구청,2026-04-06
01-019,서울특별시 동작구 장승배기로24길 34,노량진동 232-10,37.51030776,126.9416773,2021-04-26,통신주,02-820-9923,서울특별시 동작구청,2026-04-06
01-020,서울특별시 동작구 장승배기로24길 18-1,노량진동 232-281,37.50996045,126.9408293,2011-08-24,벽부주,02-820-9923,서울특별시 동작구청,2026-04-06
01-023,서울특별시 동작구 노량진로 지하 238,본동 475-1,37.51359614,126.9567269,2020-10-21,전용주,02-820-9923,서울특별시 동작구청,2026-04-06
01-024,서울특별시 동작구 장승배기로24길 8,노량진동 232-141,37.51029143,126.9405576,2011-08-24,벽부주,02-820-9923,서울특별시 동작구청,2026-04-06
01-025,서울특별시 동작구 노량진로26길 5,본동 48-14,37.51212664,126.954443,2011-08-24,한전주,02-820-9923,서울특별시 동작구청,2026-04-06
01-026,서울특별시 동작구 노량진로26길 16-31,본동 50,37.51138547,126.9541861,2011-08-24,한전주,02-820-9923,서울특별시 동작구청,2026-04-06
01-027,서울특별시 동작구 장승배기로24가길 8,노량진동 237,37.51075995,126.9405544,2011-08-24,한전주,02-820-9923,서울특별시 동작구청,2026-04-06
01-028,서울특별시 동작구 장승배기로24가길 10,노량진동 237,37.510938,126.9407578,2011-08-24,한전주,02-820-9923,서울특별시 동작구청,2026-04-06
01-029,서울특별시 동작구 장승배기로24가길 14,노량진동 237,37.51090208,126.9409982,2011-08-24,전용주,02-820-9923,서울특별시 동작구청,2026-04-06
01-030,서울특별시 동작구 장승배기로24나길 17,노량진동 237,37.51085489,126.9412245,2011-08-24,한전주,02-820-9923,서울특별시 동작구청,2026-04-06
01-031,서울특별시 동작구 장승배기로24나길 15,노량진동 232-63,37.51069492,126.9411341,2022-11-01,벽부주,02-820-9923,서울특별시 동작구청,2026-04-06
01-032,서울특별시 동작구 장승배기로24나길 16-5,노량진동 232-67,37.51065447,126.9413179,2022-11-01,벽부주,02-820-9923,서울특별시 동작구청,2026-04-06
01-033,서울특별시 동작구 장승배기로24나길 16-7,노량진동 232-68,37.51056661,126.9413095,2022-11-01,한전주,02-820-9923,서울특별시 동작구청,2026-04-06
01-034,서울특별시 동작구 장승배기로24나길 14,노량진동 232-179,37.51053725,126.9411371,2011-08-24,한전주,02-820-9923,서울특별시 동작구청,2026-04-06
01-035,서울특별시 동작구 장승배기로24나길 5,노량진동 232-168,37.51032998,126.9410581,2011-08-24,벽부주,02-820-9923,서울특별시 동작구청,2026-04-06
01-036,서울특별시 동작구 장승배기로24나길 4,노량진동 232-204,37.51019935,126.9410921,2011-08-24,벽부주,02-820-9923,서울특별시 동작구청,2026-04-06
01-039,서울특별시 동작구 장승배기로24길 32-9,노량진동 232-125,37.5102133,126.9419743,2011-08-24,한전주,02-820-9923,서울특별시 동작구청,2026-04-06
01-040,서울특별시 동작구 장승배기로20라길 34,노량진동 232-116,37.51035066,126.9418865,2011-08-24,한전주,02-820-9923,서울특별시 동작구청,2026-04-06
01-041,서울특별시 동작구 장승배기로20라길 28,노량진동 232-241,37.51032467,126.9421671,2022-04-06,벽부주,02-820-9923,서울특별시 동작구청,2026-04-06
01-042,서울특별시 동작구 장승배기로20라길 26,노량진동 232-242,37.51027654,126.9423164,2011-08-24,벽부주,02-820-9923,서울특별시 동작구청,2026-04-06
01-043,서울특별시 동작구 장승배기로20라길 21,노량진동 232-123,37.51009406,126.94226,2011-08-24,벽부주,02-820-9923,서울특별시 동작구청,2026-04-06
01-044,서울특별시 동작구 장승배기로16길 127,노량진동 232-243,37.51021361,126.9426049,2011-08-24,한전주,02-820-9923,서울특별시 동작구청,2026-04-06
01-045,서울특별시 동작구 장승배기로20라길 11,노량진동 232-276,37.50992971,126.9424382,2011-08-24,한전주,02-820-9923,서울특별시 동작구청,2026-04-06
01-047,서울특별시 동작구 장승배기로20라길 12,노량진동 225-17,37.50978098,126.9423111,2011-08-24,벽부주,02-820-9923,서울특별시 동작구청,2026-04-06
01-048,서울특별시 동작구 장승배기로20길 44,노량진동 225-9,37.50966602,126.94215,2011-08-24,벽부주,02-820-9923,서울특별시 동작구청,2026-04-06
01-049,서울특별시 동작구 장승배기로20라길 15-3,노량진동 232-132,37.5098706,126.9422534,2011-08-24,한전주,02-820-9923,서울특별시 동작구청,2026-04-06
01-050,서울특별시 동작구 장승배기로24길 46,노량진동 232-6,37.51050604,126.9418044,2020-07-16,한전주,02-820-9923,서울특별시 동작구청,2026-04-06
01-051,서울특별시 동작구 노량진로28길16-18,본동 48-34,37.51175067,126.9549635,2020-05-07,벽부주,02-820-9923,서울특별시 동작구청,2026-04-06
01-056,서울특별시 동작구 장승배기로24길 60,노량진동 232-45,37.51107176,126.9425024,2011-08-24,벽부주,02-820-9923,서울특별시 동작구청,2026-04-06
01-060,서울특별시 동작구 노량진로14길 44,노량진동 84-33,37.51165077,126.9427282,2011-08-24,전용주,02-820-9923,서울특별시 동작구청,2026-04-06
01-061,서울특별시 동작구 노량진로14길 46-16,노량진동 84-77,37.51154928,126.9424681,2011-08-24,벽부주,02-820-9923,서울특별시 동작구청,2026-04-06
01-064,서울특별시 동작구 노량진로14길 37-8,노량진동 83-14,37.51198872,126.9428806,2011-08-24,전용주,02-820-9923,서울특별시 동작구청,2026-04-06
01-065,서울특별시 동작구 노량진로14길 37-12,노량진동 119-209,37.51186404,126.9431069,2011-08-24,한전주,02-820-9923,서울특별시 동작구청,2026-04-06
01-079,서울특별시 동작구 장승배기로26길 32-9,노량진동 237-4,37.51119072,126.9416427,2022-11-01,벽부주,02-820-9923,서울특별시 동작구청,2026-04-06
01-083,서울특별시 동작구 장승배기로24가길 35,노량진동 232-51,37.51103318,126.941903,2011-08-24,전용주,02-820-9923,서울특별시 동작구청,2026-04-06
01-084,서울특별시 동작구 장승배기로24가길 30,노량진동 232-50,37.510738,126.9417024,2011-08-24,한전주,02-820-9923,서울특별시 동작구청,2026-04-06
01-085,서울특별시 동작구 장승배기로24가길 26,노량진동 232-280,37.51081899,126.9415016,2011-08-24,한전주,02-820-9923,서울특별시 동작구청,2026-04-06
01-090,서울특별시 동작구 장승배기로28길 2-11,노량진동 52-36,37.51208225,126.9406919,2011-08-24,전용주,02-820-9923,서울특별시 동작구청,2026-04-06
01-091,서울특별시 동작구 장승배기로28길 2-9,노량진동 53-4,37.51215837,126.9406636,2011-08-24,전용주,02-820-9923,서울특별시 동작구청,2026-04-06
01-093,서울특별시 동작구 장승배기로30길 3,노량진동 56-19,37.51274678,126.9407875,2011-08-24,전용주,02-820-9923,서울특별시 동작구청,2026-04-06
01-094,서울특별시 동작구 장승배기로30길 8,노량진동 56-19,37.51274239,126.9410053,2011-08-24,한전주,02-820-9923,서울특별시 동작구청,2026-04-06
01-095,서울특별시 동작구 장승배기로30길 11,노량진동 56-20,37.51321317,126.9410275,2011-08-24,한전주,02-820-9923,서울특별시 동작구청,2026-04-06
01-096,서울특별시 동작구 장승배기로30길 11,노량진동 56-20,37.51331226,126.9409765,2011-08-24,벽부주,02-820-9923,서울특별시 동작구청,2026-04-06
01-097,서울특별시 동작구 장승배기로30길 1-9,노량진동 54-3,37.51324223,126.940575,2011-08-24,통신주,02-820-9923,서울특별시 동작구청,2026-04-06
01-1000,서울특별시 동작구 만양로14길 13,노량진동 118-18,37.51157081,126.9451204,2025-04-17,통신주,02-820-9923,서울특별시 동작구청,2026-04-06
01-1001,서울특별시 동작구 만양로14길 6,노량진동 123-9,37.51132737,126.9447587,2025-04-17,벽부주,02-820-9923,서울특별시 동작구청,2026-04-06
01-1002,서울특별시 동작구 만양로14가길 23,노량진동 117-14,37.51268795,126.9448849,2025-04-17,통신주,02-820-9923,서울특별시 동작구청,2026-04-06
01-1003,서울특별시 동작구 만양로14길 39,노량진동 118-14,37.51225384,126.9462312,2025-04-17,통신주,02-820-9923,서울특별시 동작구청,2026-04-06
01-1004,서울특별시 동작구 만양로14길 7,노량진동 119-186,37.51146259,126.9449085,2025-04-17,벽부주,02-820-9923,서울특별시 동작구청,2026-04-06
01-1005,서울특별시 동작구 만양로14사길 1,노량진동 202-14,37.5123173,126.9471163,2025-04-17,통신주,02-820-9923,서울특별시 동작구청,2026-04-06
01-1006,서울특별시 동작구 만양로14길 55-1,노량진동 202-3,37.51250207,126.9472434,2025-05-02,전용주,02-820-9923,서울특별시 동작구청,2026-04-06
01-1007,서울특별시 동작구 만양로12가길 22,노량진동 205-46,37.51144154,126.948149,2025-04-10,벽부주,02-820-9923,서울특별시 동작구청,2026-04-06
01-1008,서울특별시 동작구 만양로14가길 4,노량진동 124-10,37.51176009,126.9452645,2025-04-18,벽부주,02-820-9923,서울특별시 동작구청,2026-04-06
01-1009,서울특별시 동작구 만양로14가길 9,노량진동 118-3,37.51209339,126.9451059,2025-04-18,벽부주,02-820-9923,서울특별시 동작구청,2026-04-06
01-1010,서울특별시 동작구 장승배기로26길 56,노량진동 84-141,37.51119349,126.9426861,2025-05-22,전용주,02-820-9923,서울특별시 동작구청,2026-04-06
01-1011,서울특별시 동작구 장승배기로24가길 39,노량진동 232-51,37.5112202,126.9420244,2025-05-20,통신주,02-820-9923,서울특별시 동작구청,2026-04-06
01-1012,서울특별시 동작구 만양로11길 12,노량진동 219-16,37.50852575,126.9458494,2026-02-09,전용주,02-820-9923,서울특별시 동작구청,2026-04-06
01-103,서울특별시 동작구 장승배기로28길 16-10,노량진동 52-35,37.51210489,126.9409209,2011-08-24,전용주,02-820-9923,서울특별시 동작구청,2026-04-06
01-106,서울특별시 동작구 노량진로14길 9-6,노량진동 72-24,37.51310116,126.942269,2011-08-24,벽부주,02-820-9923,서울특별시 동작구청,2026-04-06
01-107,서울특별시 동작구 노량진로14길 9-6,노량진동 72-16,37.51318679,126.9423424,2011-08-24,벽부주,02-820-9923,서울특별시 동작구청,2026-04-06
01-112,서울특별시 동작구 노량진로32길 62,본동 12-12,37.51123117,126.9571835,2011-08-24,전용주,02-820-9923,서울특별시 동작구청,2026-04-06
01-114,서울특별시 동작구 노량진로16길 12-14,노량진동 72-10,37.51307468,126.9434057,2011-08-24,벽부주,02-820-9923,서울특별시 동작구청,2026-04-06
01-115,서울특별시 동작구 노량진로16길 12-15,노량진동 72-13,37.51299216,126.9432463,2011-08-24,전용주,02-820-9923,서울특별시 동작구청,2026-04-06
01-117,서울특별시 동작구 노량진로16길 34,노량진동 119-16,37.5121154,126.9440031,2011-08-24,벽부주,02-820-9923,서울특별시 동작구청,2026-04-06
01-118,서울특별시 동작구 노량진로14다길 14,노량진동 119-58,37.51224821,126.9438192,2011-08-24,한전주,02-820-9923,서울특별시 동작구청,2026-04-06
01-119,서울특별시 동작구 노량진로14다길 11,노량진동 119-69,37.5123135,126.9437654,2011-08-24,한전주,02-820-9923,서울특별시 동작구청,2026-04-06
01-120,서울특별시 동작구 노량진로14나길 9-1,노량진동 86-5,37.51224137,126.9436439,2011-08-24,통신주,02-820-9923,서울특별시 동작구청,2026-04-06
01-122,서울특별시 동작구 노량진로14나길 11,노량진동 84-92,37.512194,126.9435167,2011-08-24,통신주,02-820-9923,서울특별시 동작구청,2026-04-06
01-123,서울특별시 동작구 노량진로14나길 6,노량진동 85-42,37.51246872,126.9433383,2011-08-24,한전주,02-820-9923,서울특별시 동작구청,2026-04-06
01-124,서울특별시 동작구 만양로14라길 26,노량진동 123-43,37.51050579,126.9460176,2021-03-03,통신주,02-820-9923,서울특별시 동작구청,2026-04-06
01-125,서울특별시 동작구 노량진로14나길 22,노량진동 119-111,37.51186057,126.9433897,2020-05-07,한전주,02-820-9923,서울특별시 동작구청,2026-04-06
01-126,서울특별시 동작구 노량진로14나길 19-3,노량진동 119-59,37.51175255,126.9435905,2011-08-24,벽부주,02-820-9923,서울특별시 동작구청,2026-04-06
01-127,서울특별시 동작구 노량진로14나길 19-12,노량진동 119-31,37.5114417,126.9435851,2011-08-24,전용주,02-820-9923,서울특별시 동작구청,2026-04-06
01-128,서울특별시 동작구 노량진로14나길 24-1,노량진동 119-49,37.51171634,126.9432456,2011-08-24,벽부주,02-820-9923,서울특별시 동작구청,2026-04-06
01-129,서울특별시 동작구 노량진로14나길 27,노량진동 119-38,37.51161279,126.9433701,2011-08-24,한전주,02-820-9923,서울특별시 동작구청,2026-04-06
01-130,서울특별시 동작구 노량진로14나길 33,노량진동 119-44,37.51128164,126.9433223,2011-08-24,한전주,02-820-9923,서울특별시 동작구청,2026-04-06
01-132,서울특별시 동작구 장승배기로26길 68,노량진동 119-122,37.51102252,126.9431387,2011-08-24,전용주,02-820-9923,서울특별시 동작구청,2026-04-06
01-133,서울특별시 동작구 장승배기로26길 68-8,노량진동 119-117,37.51077917,126.9429918,2011-08-24,벽부주,02-820-9923,서울특별시 동작구청,2026-04-06
01-136,서울특별시 동작구 장승배기로16길 139,노량진동 122-48,37.51061491,126.9433341,2011-08-24,전용주,02-820-9923,서울특별시 동작구청,2026-04-06
01-138,서울특별시 동작구 장승배기로16길 143-3,노량진동 119-135,37.5107861,126.9433424,2011-08-24,전용주,02-820-9923,서울특별시 동작구청,2026-04-06
01-142,서울특별시 동작구 만양로 85-6,노량진동 120-15,37.51102982,126.9442839,2011-08-24,전용주,02-820-9923,서울특별시 동작구청,2026-04-06
01-143,서울특별시 동작구 만양로15길 10,노량진동 120-25,37.51116031,126.9439501,2011-08-24,한전주,02-820-9923,서울특별시 동작구청,2026-04-06
01-144,서울특별시 동작구 만양로15길 10,노량진동 120-10,37.51099374,126.9442047,2011-08-24,전용주,02-820-9923,서울특별시 동작구청,2026-04-06
01-145,서울특별시 동작구 만양로15길 14,노량진동 120-20,37.51098909,126.9438993,2011-08-24,전용주,02-820-9923,서울특별시 동작구청,2026-04-06
01-146,서울특별시 동작구 만양로15길 15,노량진동 119-12,37.51089212,126.943659,2011-08-24,벽부주,02-820-9923,서울특별시 동작구청,2026-04-06
01-147,서울특별시 동작구 노량진로16길 54,노량진동 119-74,37.51152753,126.9440884,2011-08-24,전용주,02-820-9923,서울특별시 동작구청,2026-04-06
01-151,서울특별시 동작구 장승배기로20길 41,노량진동 225-35,37.50952179,126.9420088,2011-08-24,전용주,02-820-9923,서울특별시 동작구청,2026-04-06
01-153,서울특별시 동작구 만양로16길 34,노량진동 119-174,37.5116113,126.9449988,2011-08-24,벽부주,02-820-9923,서울특별시 동작구청,2026-04-06
01-154,서울특별시 동작구 만양로16길 27,노량진동 119-169,37.51187034,126.9449958,2011-08-24,한전주,02-820-9923,서울특별시 동작구청,2026-04-06
01-155,서울특별시 동작구 장승배기로26길 65,노량진동 119-118,37.51214962,126.9449277,2011-08-24,벽부주,02-820-9923,서울특별시 동작구청,2026-04-06
01-156,서울특별시 동작구 만양로14가길 17,노량진동 118-6,37.51222615,126.9448117,2011-08-24,한전주,02-820-9923,서울특별시 동작구청,2026-04-06
01-157,서울특별시 동작구 만양로 102-6,노량진동 118-2,37.51245583,126.9446504,2011-08-24,한전주,02-820-9923,서울특별시 동작구청,2026-04-06
01-158,서울특별시 동작구 만양로 102-2,노량진동 118-8,37.51262025,126.9446135,2011-08-24,한전주,02-820-9923,서울특별시 동작구청,2026-04-06
01-159,서울특별시 동작구 만양로14가길 19,노량진동 118-11,37.51249871,126.9448144,2011-08-24,전용주,02-820-9923,서울특별시 동작구청,2026-04-06
01-161,서울특별시 동작구 만양로14가길 27,노량진동 117-14,37.51284839,126.9447823,2019-04-29,한전주,02-820-9923,서울특별시 동작구청,2026-04-06
01-167,서울특별시 동작구 만양로18길 19-7,노량진동 148-83,37.51320249,126.9457576,2011-08-24,벽부주,02-820-9923,서울특별시 동작구청,2026-04-06
01-168,서울특별시 동작구 만양로18길 19-13,노량진동 148-59,37.51310742,126.945979,2011-08-24,전용주,02-820-9923,서울특별시 동작구청,2026-04-06
01-170,서울특별시 동작구 만양로18길 27,노량진동 148-53,37.51300881,126.9458369,2011-08-24,전용주,02-820-9923,서울특별시 동작구청,2026-04-06
01-172,서울특별시 동작구 만양로14가길 30-13,노량진동 126-8,37.51278956,126.9454221,2015-02-24,한전주,02-820-9923,서울특별시 동작구청,2026-04-06
01-173,서울특별시 동작구 만양로14나길 4,노량진동 118-14,37.5124747,126.9452689,2011-08-24,전용주,02-820-9923,서울특별시 동작구청,2026-04-06
01-174,서울특별시 동작구 만양로14나길 2-5,노량진동 125-4,37.51213461,126.9453427,2011-08-24,한전주,02-820-9923,서울특별시 동작구청,2026-04-06
01-175,서울특별시 동작구 만양로14나길 8,노량진동 118-14,37.51248603,126.9454132,2019-05-09,한전주,02-820-9923,서울특별시 동작구청,2026-04-06
01-176,서울특별시 동작구 만양로14나길 4,노량진동 118-14,37.51243429,126.9455659,2011-08-24,전용주,02-820-9923,서울특별시 동작구청,2026-04-06
01-177,서울특별시 동작구 만양로14길 35,노량진동 118-14,37.51231449,126.9458777,2011-08-24,통신주,02-820-9923,서울특별시 동작구청,2026-04-06
01-178,서울특별시 동작구 만양로14나길 19,노량진동 127-3,37.51233489,126.9461492,2011-08-24,통신주,02-820-9923,서울특별시 동작구청,2026-04-06
01-188,서울특별시 동작구 만양로14다길 17,노량진동 123-12,37.51088173,126.9455225,2011-08-24,한전주,02-820-9923,서울특별시 동작구청,2026-04-06
01-190,서울특별시 동작구 만양로14다길 23,노량진동 330,37.51057547,126.9457037,2011-08-24,통신주,02-820-9923,서울특별시 동작구청,2026-04-06
01-191,서울특별시 동작구 만양로14길 5,노량진동 119-163,37.51141751,126.9448293,2019-05-09,벽부주,02-820-9923,서울특별시 동작구청,2026-04-06
01-192,서울특별시 동작구 만양로14라길 23,노량진동 211-27,37.51072427,126.9459976,2011-08-24,벽부주,02-820-9923,서울특별시 동작구청,2026-04-06
01-194,서울특별시 동작구 만양로14라길 14,노량진동 211-34,37.51115436,126.9456778,2024-09-30,통신주,02-820-9923,서울특별시 동작구청,2026-04-06
01-195,서울특별시 동작구 만양로14라길 11-3,노량진동 211-4,37.51126265,126.9460538,2011-08-24,벽부주,02-820-9923,서울특별시 동작구청,2026-04-06
01-197,서울특별시 동작구 만양로14라길 5-4,노량진동 206-27,37.51143596,126.9457624,2011-08-24,벽부주,02-820-9923,서울특별시 동작구청,2026-04-06
01-198,서울특별시 동작구 만양로14라길 3,노량진동 211-12,37.51154172,126.9455305,2011-08-24,전용주,02-820-9923,서울특별시 동작구청,2026-04-06
01-199,서울특별시 동작구 만양로14라길 1-3,노량진동 210-2,37.51161157,126.94557,2015-02-10,한전주,02-820-9923,서울특별시 동작구청,2026-04-06
01-200,서울특별시 동작구 만양로14마길 2,노량진동 207-7,37.51206232,126.9461154,2011-08-24,벽부주,02-820-9923,서울특별시 동작구청,2026-04-06
01-211,서울특별시 동작구 만양로96,노량진동 119-163,37.51202109,126.9446422,2019-05-09,벽부주,02-820-9923,서울특별시 동작구청,2026-04-06
01-217,서울특별시 동작구 만양로14라길 21-5,노량진동 205-44,37.51084828,126.9462549,2011-08-24,벽부주,02-820-9923,서울특별시 동작구청,2026-04-06
01-231,서울특별시 동작구 만양로12가길 16-5,노량진동 205-274,37.51124778,126.9480643,2011-08-24,벽부주,02-820-9923,서울특별시 동작구청,2026-04-06
01-234,서울특별시 동작구 만양로12가길 2,노량진동 205-35,37.51096136,126.9472699,2011-08-24,전용주,02-820-9923,서울특별시 동작구청,2026-04-06
01-259,서울특별시 동작구 노량진로192-1,노량진동 147-6,37.51291196,126.9470989,2015-02-10,전용주,02-820-9923,서울특별시 동작구청,2026-04-06
01-261,서울특별시 동작구 만양로14길 60-1,노량진동 202-16,37.51236694,126.9472859,2011-08-24,전용주,02-820-9923,서울특별시 동작구청,2026-04-06
01-265,서울특별시 동작구 노량진로 194-3,노량진동 146-3,37.51283994,126.9472431,2011-08-24,한전주,02-820-9923,서울특별시 동작구청,2026-04-06
01-268,서울특별시 동작구 만양로14길 39-5,노량진동 127-5,37.5124543,126.9462226,2011-08-24,전용주,02-820-9923,서울특별시 동작구청,2026-04-06
01-269,서울특별시 동작구 만양로14길 39-8,노량진동 127-2,37.51247236,126.9463074,2019-04-29,전용주,02-820-9923,서울특별시 동작구청,2026-04-06
01-270,서울특별시 동작구 노량진로 220,본동 374-3,37.5125844,126.9501106,2011-08-24,벽부주,02-820-9923,서울특별시 동작구청,2026-04-06
01-271,서울특별시 동작구 노량진로20길 4,본동 383-1,37.51248084,126.9502238,2014-02-22,벽부주,02-820-9923,서울특별시 동작구청,2026-04-06
01-273,서울특별시 동작구 만양로 69,노량진동 221-44,37.50987694,126.9451415,2020-10-28,한전주,02-820-9923,서울특별시 동작구청,2026-04-06
01-276,서울특별시 동작구 노량진로18길 10,본동 344-36,37.5122579,126.950371,2011-08-24,한전주,02-820-9923,서울특별시 동작구청,2026-04-06
01-281,서울특별시 동작구 노량진로22길 33,본동 435-3,37.51127865,126.9504494,2011-08-24,한전주,02-820-9923,서울특별시 동작구청,2026-04-06
01-282,서울특별시 동작구 매봉로 139,본동 455-5,37.51072422,126.9510506,2021-10-20,벽부주,02-820-9923,서울특별시 동작구청,2026-04-06
01-283,서울특별시 동작구 노량진로22길 44,본동 443-3,37.51094677,126.9499703,2011-08-24,한전주,02-820-9923,서울특별시 동작구청,2026-04-06
01-286,서울특별시 동작구 노량진로22길 27,본동 344-12,37.51153047,126.950674,2011-08-24,한전주,02-820-9923,서울특별시 동작구청,2026-04-06
01-289,서울특별시 동작구 노량진로20길 17-3,본동 344-12,37.51184119,126.9503826,2011-08-24,벽부주,02-820-9923,서울특별시 동작구청,2026-04-06
01-291,서울특별시 동작구 노량진로22길 25-5,본동 192-2,37.51150356,126.9509794,2011-08-24,벽부주,02-820-9923,서울특별시 동작구청,2026-04-06
01-294,서울특별시 동작구 노량진로22길 19-4,본동 190-22,37.51164549,126.9510359,2011-08-24,벽부주,02-820-9923,서울특별시 동작구청,2026-04-06
01-295,서울특별시 동작구 매봉로 157,본동 190-13,37.5116163,126.9512565,2011-08-24,벽부주,02-820-9923,서울특별시 동작구청,2026-04-06
01-296,서울특별시 동작구 매봉로 157,본동 190-13,37.51155778,126.9513611,2011-08-24,벽부주,02-820-9923,서울특별시 동작구청,2026-04-06
01-297,서울특별시 동작구 매봉로 149,본동 455-173,37.51117248,126.9510786,2011-08-24,한전주,02-820-9923,서울특별시 동작구청,2026-04-06
01-298,서울특별시 동작구 노량진로22길 19-10,본동 190-16,37.51182355,126.9512846,2011-08-24,전용주,02-820-9923,서울특별시 동작구청,2026-04-06
01-299,서울특별시 동작구 노량진로22길 19-16,본동 191-1,37.51196148,126.9514723,2011-08-24,벽부주,02-820-9923,서울특별시 동작구청,2026-04-06
01-3008,서울특별시 동작구 만양로14가길 15,노량진동 119,37.51224424,126.9449588,2021-03-30,벽부주,02-820-9923,서울특별시 동작구청,2026-04-06
01-301,서울특별시 동작구 노량진로18길 14,본동 417-1,37.51216786,126.9505266,2011-08-24,전용주,02-820-9923,서울특별시 동작구청,2026-04-06
01-302,서울특별시 동작구 만양로14길 7,노량진동 119-163,37.51146705,126.9448038,2019-05-09,벽부주,02-820-9923,서울특별시 동작구청,2026-04-06
01-3022,서울특별시 동작구 매봉로 123,본동 492,37.51042187,126.9498293,2011-08-24,전용주,02-820-9923,서울특별시 동작구청,2026-04-06
01-3026,서울특별시 동작구 매봉로 149,본동 455,37.51110263,126.9510051,2021-07-22,벽부주,02-820-9923,서울특별시 동작구청,2026-04-06
01-3027,서울특별시 동작구 매봉로 149,본동 455,37.51106204,126.9509119,2021-07-22,벽부주,02-820-9923,서울특별시 동작구청,2026-04-06
01-3028,서울특별시 동작구 노량진로28길 48-24,본동 24-50,37.51048284,126.9558493,2022-11-01,벽부주,02-820-9923,서울특별시 동작구청,2026-04-06
01-303,서울특별시 동작구 노량진로226,본동 402-1,37.51221769,126.9511713,2011-08-24,한전주,02-820-9923,서울특별시 동작구청,2026-04-06
01-3030,서울특별시 동작구 노량진로30길 9,본동 10-18,37.51225777,126.9557012,2021-08-18,벽부주,02-820-9923,서울특별시 동작구청,2026-04-06
01-3034,서울특별시 동작구 노량진로28길 21-3,본동 47-17,37.51205727,126.9556363,2021-09-30,벽부주,02-820-9923,서울특별시 동작구청,2026-04-06
01-304,서울특별시 동작구 노량진로226,본동 402-1,37.51233262,126.9513041,2011-08-24,한전주,02-820-9923,서울특별시 동작구청,2026-04-06
01-305,서울특별시 동작구 노량진로228,본동 400,37.51245429,126.9513775,2011-08-24,벽부주,02-820-9923,서울특별시 동작구청,2026-04-06
01-306,서울특별시 동작구 노량진로18길30,본동 201-4,37.51206463,126.9514372,2011-08-24,한전주,02-820-9923,서울특별시 동작구청,2026-04-06
01-307,서울특별시 동작구 매봉로 177,본동 187-2,37.51223146,126.951799,2011-08-24,한전주,02-820-9923,서울특별시 동작구청,2026-04-06
01-308,서울특별시 동작구 만양로8길 50,본동 441-11,37.51037396,126.9484155,2011-08-24,한전주,02-820-9923,서울특별시 동작구청,2026-04-06
01-309,서울특별시 동작구 만양로8길 50,본동 441-106,37.51015997,126.9484128,2011-08-24,전용주,02-820-9923,서울특별시 동작구청,2026-04-06
01-310,서울특별시 동작구 만양로8길 50,노량진동 323,37.50995726,126.9484469,2011-08-24,전용주,02-820-9923,서울특별시 동작구청,2026-04-06
01-311,서울특별시 동작구 만양로8길 50,노량진동 323-5,37.50968023,126.948515,2011-08-24,전용주,02-820-9923,서울특별시 동작구청,2026-04-06
01-312,서울특별시 동작구 만양로8길 50,노량진동 323,37.50960373,126.9486988,2011-08-24,전용주,02-820-9923,서울특별시 동작구청,2026-04-06
01-313,서울특별시 동작구 만양로8길 50,노량진동 323,37.50939202,126.948764,2011-08-24,전용주,02-820-9923,서울특별시 동작구청,2026-04-06
01-314,서울특별시 동작구 만양로8길 50,노량진동 323,37.50913751,126.9488151,2011-08-24,전용주,02-820-9923,서울특별시 동작구청,2026-04-06
01-315,서울특별시 동작구 만양로8길 50,노량진동 323,37.5089776,126.9488689,2011-08-24,전용주,02-820-9923,서울특별시 동작구청,2026-04-06
01-316,서울특별시 동작구 만양로8길 50,노량진동 323,37.50875464,126.948951,2011-08-24,전용주,02-820-9923,서울특별시 동작구청,2026-04-06
01-317,서울특별시 동작구 매봉로 123,본동 492,37.51099422,126.9503322,2011-08-24,전용주,02-820-9923,서울특별시 동작구청,2026-04-06
01-318,서울특별시 동작구 매봉로 123,본동 492,37.51072613,126.9502334,2011-08-24,전용주,02-820-9923,서울특별시 동작구청,2026-04-06
01-319,서울특별시 동작구 매봉로 123,본동 492-1,37.51060897,126.95016,2011-08-24,전용주,02-820-9923,서울특별시 동작구청,2026-04-06
01-320,서울특별시 동작구 매봉로 123,본동 492,37.51040844,126.9500244,2011-08-24,전용주,02-820-9923,서울특별시 동작구청,2026-04-06
01-321,서울특별시 동작구 노량진로26길39-18옆,본동 47-42,37.51123288,126.9557131,2019-06-13,전용주,02-820-9923,서울특별시 동작구청,2026-04-06
01-322,서울특별시 동작구 매봉로 123,본동 492,37.51050283,126.9495097,2011-08-24,전용주,02-820-9923,서울특별시 동작구청,2026-04-06
01-323,서울특별시 동작구 매봉로 123,본동 492,37.51038109,126.9492723,2011-08-24,전용주,02-820-9923,서울특별시 동작구청,2026-04-06
01-324,서울특별시 동작구 매봉로 123,본동 492-1,37.51014678,126.949148,2011-08-24,전용주,02-820-9923,서울특별시 동작구청,2026-04-06
01-325,서울특별시 동작구 매봉로 123,본동 492-1,37.50991698,126.9490634,2011-08-24,전용주,02-820-9923,서울특별시 동작구청,2026-04-06
01-326,서울특별시 동작구 매봉로 123,본동 492-1,37.50972098,126.9489815,2011-08-24,전용주,02-820-9923,서울특별시 동작구청,2026-04-06
01-327,서울특별시 동작구 매봉로 123,본동 492-1,37.5095836,126.949024,2011-08-24,전용주,02-820-9923,서울특별시 동작구청,2026-04-06
01-328,서울특별시 동작구 매봉로 123,본동 492-1,37.50953863,126.9492276,2011-08-24,전용주,02-820-9923,서울특별시 동작구청,2026-04-06
01-329,서울특별시 동작구 매봉로 123,본동 492-1,37.50946442,126.9495019,2011-08-24,전용주,02-820-9923,서울특별시 동작구청,2026-04-06
01-330,서울특별시 동작구 매봉로 123,본동 492-1,37.50939246,126.9497989,2011-08-24,전용주,02-820-9923,서울특별시 동작구청,2026-04-06
01-331,서울특별시 동작구 매봉로 123,본동 492-1,37.50932501,126.950093,2011-08-24,전용주,02-820-9923,서울특별시 동작구청,2026-04-06
01-332,서울특별시 동작구 매봉로 123,본동 492,37.50929584,126.9503588,2011-08-24,전용주,02-820-9923,서울특별시 동작구청,2026-04-06
01-333,서울특별시 동작구 매봉로 123,본동 492-1,37.50925768,126.9506755,2011-08-24,전용주,02-820-9923,서울특별시 동작구청,2026-04-06
01-334,서울특별시 동작구 만양로8길 6-10,노량진동 323-1,37.50807861,126.948321,2011-08-24,한전주,02-820-9923,서울특별시 동작구청,2026-04-06
01-335,서울특별시 동작구 만양로8길 4-4,노량진동 214-6,37.50829012,126.9477921,2011-08-24,한전주,02-820-9923,서울특별시 동작구청,2026-04-06
01-336,서울특별시 동작구 만양로8길 4-5,노량진동 214-172,37.50820232,126.9479024,2011-08-24,벽부주,02-820-9923,서울특별시 동작구청,2026-04-06
01-337,서울특별시 동작구 만양로8길 4-8,노량진동 214-9,37.50806494,126.9479562,2011-08-24,한전주,02-820-9923,서울특별시 동작구청,2026-04-06
01-338,서울특별시 동작구 만양로8길 4-10,노량진동 215-133,37.50797938,126.9480411,2011-08-24,전용주,02-820-9923,서울특별시 동작구청,2026-04-06
01-339,서울특별시 동작구 만양로8길 7,노량진동 323-1,37.50845908,126.9478428,2011-08-24,한전주,02-820-9923,서울특별시 동작구청,2026-04-06
01-340,서울특별시 동작구 만양로8길 11,노량진동 323-1,37.50864823,126.9477098,2011-08-24,한전주,02-820-9923,서울특별시 동작구청,2026-04-06
01-341,서울특별시 동작구 만양로8길 17,노량진동 214-125,37.50888692,126.9475372,2011-08-24,한전주,02-820-9923,서울특별시 동작구청,2026-04-06
01-342,서울특별시 동작구 만양로6길 28,노량진동 323-1,37.50925396,126.9472796,2011-08-24,한전주,02-820-9923,서울특별시 동작구청,2026-04-06
01-343,서울특별시 동작구 만양로8길 33,노량진동 323-1,37.50935528,126.9471862,2011-08-24,전용주,02-820-9923,서울특별시 동작구청,2026-04-06
01-344,서울특별시 동작구 만양로8길 33,노량진동 323-1,37.5094386,126.9471183,2014-02-22,전용주,02-820-9923,서울특별시 동작구청,2026-04-06
01-345,서울특별시 동작구 만양로8길 37,노량진동 215-145,37.50961651,126.9470305,2011-08-24,전용주,02-820-9923,서울특별시 동작구청,2026-04-06
01-346,서울특별시 동작구 만양로8길 37,노량진동 215-145,37.50976289,126.9469682,2011-08-24,전용주,02-820-9923,서울특별시 동작구청,2026-04-06
01-349,서울특별시 동작구 만양로6길 45,노량진동 215-152,37.50976935,126.9463009,2011-08-24,전용주,02-820-9923,서울특별시 동작구청,2026-04-06
01-350,서울특별시 동작구 만양로 67-4,노량진동 221-34,37.50948964,126.9454274,2020-08-26,벽부주,02-820-9923,서울특별시 동작구청,2026-04-06
01-354,서울특별시 동작구 만양로6길 18,노량진동 215-125,37.50884844,126.9471272,2011-08-24,전용주,02-820-9923,서울특별시 동작구청,2026-04-06
01-357,서울특별시 동작구 만양로 56,노량진동 215-186,37.50910723,126.9465671,2011-08-24,전용주,02-820-9923,서울특별시 동작구청,2026-04-06
01-358,서울특별시 동작구 만양로10길 9,노량진동 215-154,37.50936403,126.9465896,2011-08-24,한전주,02-820-9923,서울특별시 동작구청,2026-04-06
01-359,서울특별시 동작구 만양로10길 15,노량진동 215-152,37.50952617,126.946499,2011-08-24,전용주,02-820-9923,서울특별시 동작구청,2026-04-06
01-360,서울특별시 동작구 만양로12길 6-8,노량진동 222-51,37.5096183,126.9460211,2011-08-24,통신주,02-820-9923,서울특별시 동작구청,2026-04-06
01-361,서울특별시 동작구 만양로12가길 16-5,노량진동 205-262,37.51120051,126.948135,2019-03-20,전용주,02-820-9923,서울특별시 동작구청,2026-04-06
01-362,서울특별시 동작구 만양로12길 5-6,노량진동 222-65,37.51006861,126.9455881,2011-08-24,한전주,02-820-9923,서울특별시 동작구청,2026-04-06
01-364,서울특별시 동작구 만양로 76,노량진동 222-73,37.51034773,126.9451949,2011-08-24,전용주,02-820-9923,서울특별시 동작구청,2026-04-06
01-368,서울특별시 동작구 만양로13길 4,노량진동 122-2,37.51056591,126.9445189,2011-08-24,한전주,02-820-9923,서울특별시 동작구청,2026-04-06
01-369,서울특별시 동작구 만양로13길 8,노량진동 122-24,37.5102595,126.9443777,2011-08-24,한전주,02-820-9923,서울특별시 동작구청,2026-04-06
01-370,서울특별시 동작구 만양로13길 17,노량진동 221-139,37.50997356,126.9446353,2011-08-24,한전주,02-820-9923,서울특별시 동작구청,2026-04-06
01-371,서울특별시 동작구 장승배기로16길 111,노량진동 332-5,37.50962594,126.9430917,2011-08-24,한전주,02-820-9923,서울특별시 동작구청,2026-04-06
01-373,서울특별시 동작구 장승배기로16길 98,노량진동 329,37.50884207,126.9430979,2011-08-24,한전주,02-820-9923,서울특별시 동작구청,2026-04-06
01-374,서울특별시 동작구 장승배기로16길 98,노량진동 325-2,37.50868663,126.9430726,2011-08-24,한전주,02-820-9923,서울특별시 동작구청,2026-04-06
01-375,서울특별시 동작구 장승배기로16길 98,노량진동 329,37.50849742,126.9430755,2011-08-24,한전주,02-820-9923,서울특별시 동작구청,2026-04-06
01-376,서울특별시 동작구 장승배기로16길 98,노량진동 329,37.50837805,126.9431039,2011-08-24,벽부주,02-820-9923,서울특별시 동작구청,2026-04-06
01-377,서울특별시 동작구 장승배기로16길 98,노량진동 325-1,37.50808972,126.9430815,2011-08-24,벽부주,02-820-9923,서울특별시 동작구청,2026-04-06
01-379,서울특별시 동작구 만양로13가길 5,노량진동 221-28,37.50989457,126.944313,2011-08-24,한전주,02-820-9923,서울특별시 동작구청,2026-04-06
01-380,서울특별시 동작구 만양로13가길 11,노량진동 221-88,37.50961304,126.9443895,2011-08-24,한전주,02-820-9923,서울특별시 동작구청,2026-04-06
01-381,서울특별시 동작구 만양로13가길 15,노량진동 221-81,37.5093315,126.9444435,2011-08-24,한전주,02-820-9923,서울특별시 동작구청,2026-04-06
01-382,서울특별시 동작구 만양로13가길 21,노량진동 221-2,37.50930456,126.9446414,2011-08-24,벽부주,02-820-9923,서울특별시 동작구청,2026-04-06
01-383,서울특별시 동작구 만양로13가길 21,노량진동 221-2,37.50913786,126.9446133,2011-08-24,벽부주,02-820-9923,서울특별시 동작구청,2026-04-06
01-384,서울특별시 동작구 만양로13가길 28,노량진동 221-20,37.50897797,126.9446784,2011-08-24,한전주,02-820-9923,서울특별시 동작구청,2026-04-06
01-385,서울특별시 동작구 만양로13가길 30,노량진동 221-134,37.50882253,126.9446559,2011-08-24,통신주,02-820-9923,서울특별시 동작구청,2026-04-06
01-386,서울특별시 동작구 만양로13가길 28-4,노량진동 221-99,37.50884448,126.944376,2011-08-24,벽부주,02-820-9923,서울특별시 동작구청,2026-04-06
01-387,서울특별시 동작구 만양로13가길 34,노량진동 221-66,37.50860851,126.9445854,2011-08-24,벽부주,02-820-9923,서울특별시 동작구청,2026-04-06
01-388,서울특별시 동작구 만양로13길 46,노량진동 221-93,37.50863348,126.9449954,2021-10-18,벽부주,02-820-9923,서울특별시 동작구청,2026-04-06
01-389,서울특별시 동작구 만양로13길 41,노량진동 220-28,37.50880918,126.9450122,2011-08-24,벽부주,02-820-9923,서울특별시 동작구청,2026-04-06
01-390,서울특별시 동작구 만양로13길 35,노량진동 221-138,37.50907269,126.9449357,2011-08-24,한전주,02-820-9923,서울특별시 동작구청,2026-04-06
01-391,서울특별시 동작구 만양로13길 27,노량진동 221-138,37.50941052,126.944828,2011-08-24,한전주,02-820-9923,서울특별시 동작구청,2026-04-06
01-392,서울특별시 동작구 만양로13길 23,노량진동 221-23,37.50968755,126.9447655,2011-08-24,한전주,02-820-9923,서울특별시 동작구청,2026-04-06
01-394,서울특별시 동작구 만양로13길 21-7,노량진동 221-126,37.50968772,126.9451416,2011-08-24,벽부주,02-820-9923,서울특별시 동작구청,2026-04-06
01-397,서울특별시 동작구 만양로 67-6,노량진동 221-130,37.50935902,126.945501,2011-08-24,통신주,02-820-9923,서울특별시 동작구청,2026-04-06
01-398,서울특별시 동작구 만양로 61-5,노량진동 219-60,37.50919017,126.9456849,2011-08-24,한전주,02-820-9923,서울특별시 동작구청,2026-04-06
01-399,서울특별시 동작구 만양로 61-16,노량진동 220-25,37.50883195,126.9455268,2011-08-24,한전주,02-820-9923,서울특별시 동작구청,2026-04-06
01-400,서울특별시 동작구 만양로 49-6,노량진동 218-45,37.50876239,126.9461093,2011-08-24,전용주,02-820-9923,서울특별시 동작구청,2026-04-06
01-401,서울특별시 동작구 만양로11길 6,노량진동 219-64,37.50874882,126.9460019,2011-08-24,한전주,02-820-9923,서울특별시 동작구청,2026-04-06
01-402,서울특별시 동작구 만양로11길 12,노량진동 218-97,37.5087667,126.9456824,2011-08-24,전용주,02-820-9923,서울특별시 동작구청,2026-04-06
01-403,서울특별시 동작구 만양로11길 22,노량진동 219-51,37.50837478,126.9457166,2011-08-24,한전주,02-820-9923,서울특별시 동작구청,2026-04-06
01-404,서울특별시 동작구 만양로11길 24,노량진동 329,37.50831835,126.9454734,2011-08-24,전용주,02-820-9923,서울특별시 동작구청,2026-04-06
01-405,서울특별시 동작구 만양로11길 26,노량진동 329,37.5084084,126.9453546,2011-08-24,벽부주,02-820-9923,서울특별시 동작구청,2026-04-06
01-406,서울특별시 동작구 만양로 51-1,노량진동 219-34,37.50855263,126.94551,2011-08-24,전용주,02-820-9923,서울특별시 동작구청,2026-04-06
01-407,서울특별시 동작구 만양로11길 17-1,노량진동 325-4,37.50826473,126.9464377,2011-08-24,전용주,02-820-9923,서울특별시 동작구청,2026-04-06
01-408,서울특별시 동작구 만양로 49-3,노량진동 217-33,37.50823787,126.9468194,2011-08-24,한전주,02-820-9923,서울특별시 동작구청,2026-04-06
01-409,서울특별시 동작구 만양로 47-1,노량진동 217-14,37.50845188,126.946856,2011-08-24,한전주,02-820-9923,서울특별시 동작구청,2026-04-06
01-410,서울특별시 동작구 매봉로 139-4,본동 455-11,37.51062953,126.950833,2011-08-24,전용주,02-820-9923,서울특별시 동작구청,2026-04-06
01-411,서울특별시 동작구 노량진로165,노량진동 150-1,37.51179987,126.954036,2011-08-24,한전주,02-820-9923,서울특별시 동작구청,2026-04-06
01-412,서울특별시 동작구 노량진로30길 47-3,본동 12-46,37.51142471,126.9566942,2021-11-12,벽부주,02-820-9923,서울특별시 동작구청,2026-04-06
01-413,서울특별시 동작구 노량진로26길 9-1,본동 48-14,37.51195766,126.9543413,2011-08-24,한전주,02-820-9923,서울특별시 동작구청,2026-04-06
01-414,서울특별시 동작구 노량진로26길 13,본동 48-14,37.51170536,126.9542707,2011-08-24,한전주,02-820-9923,서울특별시 동작구청,2026-04-06
01-415,서울특별시 동작구 노량진로26길 13-9,본동 48-37,37.51176405,126.95461,2011-08-24,통신주,02-820-9923,서울특별시 동작구청,2026-04-06
01-416,서울특별시 동작구 노량진로28길 16-35,본동 49-14,37.51137905,126.955074,2021-04-26,통신주,02-820-9923,서울특별시 동작구청,2026-04-06
01-417,서울특별시 동작구 노량진로26길 16-37,본동 48-14,37.51114216,126.9540844,2011-08-24,한전주,02-820-9923,서울특별시 동작구청,2026-04-06
01-418,서울특별시 동작구 노량진로26길 16-24,본동 135-54,37.51081544,126.953816,2011-08-24,한전주,02-820-9923,서울특별시 동작구청,2026-04-06
01-419,서울특별시 동작구 노량진로26길 16-34,본동 136-3,37.51075229,126.9536096,2011-08-24,한전주,02-820-9923,서울특별시 동작구청,2026-04-06
01-420,서울특별시 동작구 노량진로26길 16-45,본동 133,37.51071858,126.9538217,2022-11-01,벽부주,02-820-9923,서울특별시 동작구청,2026-04-06
01-421,서울특별시 동작구 노량진로26길 16-5,본동 50-24,37.5112819,126.9543106,2011-08-24,한전주,02-820-9923,서울특별시 동작구청,2026-04-06
01-422,서울특별시 동작구 노량진로26길 16-27,노량진동 50-2,37.51112421,126.9542739,2011-08-24,벽부주,02-820-9923,서울특별시 동작구청,2026-04-06
01-423,서울특별시 동작구 노량진로26길 16-25,본동 50-3,37.5110071,126.9543192,2011-08-24,한전주,02-820-9923,서울특별시 동작구청,2026-04-06
01-424,서울특별시 동작구 노량진로26길 16-21,본동 50-10,37.51087415,126.9541949,2011-08-24,벽부주,02-820-9923,서울특별시 동작구청,2026-04-06
01-425,서울특별시 동작구 노량진로26길 16-19,본동 48-14,37.51062406,126.9540367,2011-08-24,한전주,02-820-9923,서울특별시 동작구청,2026-04-06
01-426,서울특별시 동작구 노량진로26길 18,본동 48-14,37.511568,126.9543952,2011-08-24,한전주,02-820-9923,서울특별시 동작구청,2026-04-06
01-427,서울특별시 동작구 노량진로26길 22,본동 50-22,37.51142842,126.9546017,2011-08-24,한전주,02-820-9923,서울특별시 동작구청,2026-04-06
01-428,서울특별시 동작구 노량진로26길 24-5,본동 50-31,37.51128875,126.9545396,2011-08-24,벽부주,02-820-9923,서울특별시 동작구청,2026-04-06
01-429,서울특별시 동작구 노량진로26길 23-5,본동 48-33,37.5115547,126.9549636,2011-08-24,벽부주,02-820-9923,서울특별시 동작구청,2026-04-06
01-430,서울특별시 동작구 노량진로26길 30,본동 48-14,37.51126182,126.9548139,2011-08-24,한전주,02-820-9923,서울특별시 동작구청,2026-04-06
01-432,서울특별시 동작구 노량진로26길 32-7,본동 48-14,37.51089241,126.9548226,2011-08-24,한전주,02-820-9923,서울특별시 동작구청,2026-04-06
01-433,서울특별시 동작구 노량진로26길 32-14,본동 50-41,37.51073022,126.9547916,2011-08-24,한전주,02-820-9923,서울특별시 동작구청,2026-04-06
01-434,서울특별시 동작구 노량진로26길 32-16,본동 50-42,37.51058609,126.9548624,2011-08-24,한전주,02-820-9923,서울특별시 동작구청,2026-04-06
01-435,서울특별시 동작구 노량진로26길 32-20,본동 50-44,37.51042394,126.9549445,2011-08-24,한전주,02-820-9923,서울특별시 동작구청,2026-04-06
01-436,서울특별시 동작구 노량진로26길 32-24,본동 50-46,37.51017395,126.9550634,2014-02-22,전용주,02-820-9923,서울특별시 동작구청,2026-04-06
01-437,서울특별시 동작구 노량진로26길 65,본동 485-2,37.50975966,126.9554991,2011-08-24,전용주,02-820-9923,서울특별시 동작구청,2026-04-06
01-438,서울특별시 동작구 노량진로26길 57,본동 51-27,37.51005472,126.9554706,2011-08-24,벽부주,02-820-9923,서울특별시 동작구청,2026-04-06
01-439,서울특별시 동작구 노량진로26길 57-5,본동 32-43,37.5100841,126.9557166,2011-08-24,전용주,02-820-9923,서울특별시 동작구청,2026-04-06
01-441,서울특별시 동작구 노량진로26길 53,본동 50-70,37.51029123,126.955462,2011-08-24,벽부주,02-820-9923,서울특별시 동작구청,2026-04-06
01-442,서울특별시 동작구 노량진로26길 52,본동 50-62,37.51037675,126.9552612,2011-08-24,한전주,02-820-9923,서울특별시 동작구청,2026-04-06
01-443,서울특별시 동작구 노량진로26길 53옆,본동 50-70,37.51044436,126.955346,2011-08-24,한전주,02-820-9923,서울특별시 동작구청,2026-04-06
01-444,서울특별시 동작구 노량진로26길 51-8,본동 50-70,37.51066518,126.9555297,2011-08-24,전용주,02-820-9923,서울특별시 동작구청,2026-04-06
01-445,서울특별시 동작구 노량진로26길16-24뒤,본동 135-4,37.51091452,126.953734,2019-06-13,벽부주,02-820-9923,서울특별시 동작구청,2026-04-06
01-446,서울특별시 동작구 노량진로26길 40,본동 50-53,37.51075962,126.9551111,2011-08-24,한전주,02-820-9923,서울특별시 동작구청,2026-04-06
01-447,서울특별시 동작구 노량진로28길 48-27,본동 24-17,37.51034546,126.9559059,2022-11-01,벽부주,02-820-9923,서울특별시 동작구청,2026-04-06
01-448,서울특별시 동작구 노량진로26길 39-5,본동 49-6,37.51086559,126.9553712,2011-08-24,한전주,02-820-9923,서울특별시 동작구청,2026-04-06
01-449,서울특별시 동작구 노량진로26길 39-6,본동 48-14,37.51089266,126.9554673,2011-08-24,한전주,02-820-9923,서울특별시 동작구청,2026-04-06
01-450,서울특별시 동작구 노량진로26길 39-15,본동 49-23,37.51123734,126.9555972,2011-08-24,한전주,02-820-9923,서울특별시 동작구청,2026-04-06
01-452,서울특별시 동작구 노량진로28길 39-3,본동 47-35,37.51126687,126.9562532,2011-08-24,한전주,02-820-9923,서울특별시 동작구청,2026-04-06
01-454,서울특별시 동작구 노량진로28길 48-9,본동 34-28,37.51097393,126.955948,2011-08-24,전용주,02-820-9923,서울특별시 동작구청,2026-04-06
01-455,서울특별시 동작구 노량진로28길 48-11,본동 34-66,37.51094459,126.9558038,2011-08-24,벽부주,02-820-9923,서울특별시 동작구청,2026-04-06
01-456,서울특별시 동작구 노량진로28길 48-13,노량진동 35-1,37.5108387,126.9557529,2011-08-24,벽부주,02-820-9923,서울특별시 동작구청,2026-04-06
01-457,서울특별시 동작구 노량진로28길 48-15,본동 34-33,37.51075091,126.9558944,2011-08-24,벽부주,02-820-9923,서울특별시 동작구청,2026-04-06
01-458,서울특별시 동작구 노량진로32길 96,본동 34-15,37.5106113,126.9560076,2022-11-01,전용주,02-820-9923,서울특별시 동작구청,2026-04-06
01-459,서울특별시 동작구 노량진로28길 48-24,본동 24-48,37.51047387,126.955937,2022-11-01,벽부주,02-820-9923,서울특별시 동작구청,2026-04-06
01-466,서울특별시 동작구 노량진로32길83-4,본동 19-12,37.51022188,126.9567345,2020-11-05,벽부주,02-820-9923,서울특별시 동작구청,2026-04-06
01-467,서울특별시 동작구 노량진로32길 68,본동 42-57,37.51100355,126.9568726,2011-08-24,한전주,02-820-9923,서울특별시 동작구청,2026-04-06
01-471,서울특별시 동작구 노량진로28길 54-1,본동 34-3,37.51066098,126.9563638,2011-08-24,전용주,02-820-9923,서울특별시 동작구청,2026-04-06
01-472,서울특별시 동작구 노량진로28길 45,본동 47-39,37.51109791,126.9562109,2011-08-24,전용주,02-820-9923,서울특별시 동작구청,2026-04-06
01-473,서울특별시 동작구 노량진로28길 46-4,본동 51-10,37.51108201,126.9558433,2011-08-24,벽부주,02-820-9923,서울특별시 동작구청,2026-04-06
01-474,서울특별시 동작구 노량진로28길 46-11,본동 34-59,37.51087245,126.9556342,2011-08-24,벽부주,02-820-9923,서울특별시 동작구청,2026-04-06
01-475,서울특별시 동작구 노량진로30길 48,본동 47-38,37.51114305,126.9564484,2011-08-24,한전주,02-820-9923,서울특별시 동작구청,2026-04-06
01-476,서울특별시 동작구 노량진로30길 52,본동 42-2,37.51104628,126.9566803,2011-08-24,한전주,02-820-9923,서울특별시 동작구청,2026-04-06
01-479,서울특별시 동작구 노량진로32길72-4,노량진동 42-18,37.51093588,126.956621,2011-08-24,한전주,02-820-9923,서울특별시 동작구청,2026-04-06
01-480,서울특별시 동작구 노량진로28길 35-1,본동 42-27,37.5116317,126.9560437,2011-08-24,벽부주,02-820-9923,서울특별시 동작구청,2026-04-06
01-483,서울특별시 동작구 노량진로28길 21,본동 47-46,37.51205498,126.9555288,2011-08-24,벽부주,02-820-9923,서울특별시 동작구청,2026-04-06
01-485,서울특별시 동작구 노량진로30길 12,본동 47-11,37.51225763,126.9553449,2011-08-24,전용주,02-820-9923,서울특별시 동작구청,2026-04-06
01-486,서울특별시 동작구 노량진로 256 뒤,본동 47,37.51261798,126.9552061,2011-08-24,전용주,02-820-9923,서울특별시 동작구청,2026-04-06
01-488,서울특별시 동작구 노량진로28길 16-8,본동 48-14,37.51195118,126.955051,2011-08-24,통신주,02-820-9923,서울특별시 동작구청,2026-04-06
01-489,서울특별시 동작구 노량진로26길 3-12,본동 48-22,37.51202092,126.9548191,2011-08-24,벽부주,02-820-9923,서울특별시 동작구청,2026-04-06
01-490,서울특별시 동작구 노량진로26길 3-8,본동 48-20,37.51198929,126.9545873,2011-08-24,벽부주,02-820-9923,서울특별시 동작구청,2026-04-06
01-491,서울특별시 동작구 노량진로26길 3-3,본동 48-1,37.51212446,126.9546155,2011-08-24,벽부주,02-820-9923,서울특별시 동작구청,2026-04-06
01-492,서울특별시 동작구 노량진로28길 16-28,본동 48-27,37.51141056,126.9549976,2011-08-24,한전주,02-820-9923,서울특별시 동작구청,2026-04-06
01-493,서울특별시 동작구 노량진로28길 16-41,본동 49-43,37.51119888,126.955142,2021-09-30,한전주,02-820-9923,서울특별시 동작구청,2026-04-06
01-494,서울특별시 동작구 노량진로28길 16-23,본동 48-14,37.51151423,126.9551531,2011-08-24,벽부주,02-820-9923,서울특별시 동작구청,2026-04-06
01-495,서울특별시 동작구 노량진로28길 16-29,본동 49-20,37.51137464,126.9553257,2011-08-24,벽부주,02-820-9923,서울특별시 동작구청,2026-04-06
01-496,서울특별시 동작구 노량진로28길 16-21,본동 48-14,37.51167418,126.9552039,2011-08-24,한전주,02-820-9923,서울특별시 동작구청,2026-04-06
01-497,서울특별시 동작구 노량진로28길 16-15,본동 49-33,37.51159317,126.9554188,2011-08-24,벽부주,02-820-9923,서울특별시 동작구청,2026-04-06
01-498,서울특별시 동작구 노량진로28길 16-10,본동 48-14,37.51182506,126.9551048,2011-08-24,전용주,02-820-9923,서울특별시 동작구청,2026-04-06
01-499,서울특별시 동작구 노량진로32길 79,본동 16-3,37.5108122,126.9571696,2021-08-23,전용주,02-820-9923,서울특별시 동작구청,2026-04-06
01-500,서울특별시 동작구 노량진로32길 79,본동 17-2,37.51087524,126.9571017,2021-08-20,전용주,02-820-9923,서울특별시 동작구청,2026-04-06
01-510,서울특별시 동작구 노량진로32길 14-3,본동 10-29,37.51299219,126.955992,2021-10-13,한전주,02-820-9923,서울특별시 동작구청,2026-04-06
01-511,서울특별시 동작구 노량진로32길 14-7,본동 10-30,37.51281188,126.9556952,2021-10-13,벽부주,02-820-9923,서울특별시 동작구청,2026-04-06
01-512,서울특별시 동작구 노량진로32길 53,본동 8-27,37.51170187,126.9569853,2021-10-15,전용주,02-820-9923,서울특별시 동작구청,2026-04-06
01-513,서울특별시 동작구 노들로 688,본동 15-2,37.5110712,126.9570762,2021-08-20,한전주,02-820-9923,서울특별시 동작구청,2026-04-06
01-514,서울특별시 동작구 노량진로30길 51,노량진동 13-2,37.51142698,126.9567649,2011-08-24,한전주,02-820-9923,서울특별시 동작구청,2026-04-06
01-515,서울특별시 동작구 노량진로30가길 41,본동 12-75,37.51157562,126.9566913,2011-08-24,벽부주,02-820-9923,서울특별시 동작구청,2026-04-06
01-516,서울특별시 동작구 노량진로30가길 37,본동 11-21,37.51180304,126.9564678,2011-08-24,한전주,02-820-9923,서울특별시 동작구청,2026-04-06
01-517,서울특별시 동작구 노량진로30가길 33,본동 11-17,37.51190438,126.9563942,2011-08-24,벽부주,02-820-9923,서울특별시 동작구청,2026-04-06
01-518,서울특별시 동작구 노량진로30가길 27-1,본동 11-34,37.51203951,126.9563263,2011-08-24,벽부주,02-820-9923,서울특별시 동작구청,2026-04-06
01-519,서울특별시 동작구 노량진로32길 36,본동 12-99,37.51203284,126.9565864,2011-08-24,벽부주,02-820-9923,서울특별시 동작구청,2026-04-06
01-520,서울특별시 동작구 노량진로30가길 26,본동 11-10,37.51205524,126.9562273,2011-08-24,한전주,02-820-9923,서울특별시 동작구청,2026-04-06
01-521,서울특별시 동작구 노량진로30가길 26,본동 11-2,37.51222414,126.9561339,2021-08-23,전용주,02-820-9923,서울특별시 동작구청,2026-04-06
01-522,서울특별시 동작구 노량진로30가길 21,본동 11-5,37.51252823,126.9561478,2021-08-23,벽부주,02-820-9923,서울특별시 동작구청,2026-04-06
01-523,서울특별시 동작구 노량진로30가길 11,본동 11-40,37.51267468,126.9562297,2011-08-24,벽부주,02-820-9923,서울특별시 동작구청,2026-04-06
01-524,서울특별시 동작구 노량진로32길 14-3,본동 10-25,37.51295849,126.9562126,2011-08-24,한전주,02-820-9923,서울특별시 동작구청,2026-04-06
01-527,서울특별시 동작구 노량진로32길 21,본동 9-31,37.51271758,126.9565153,2011-08-24,한전주,02-820-9923,서울특별시 동작구청,2026-04-06
01-528,서울특별시 동작구 노량진로32길 21-3,본동 9-35,37.51274692,126.9566652,2011-08-24,전용주,02-820-9923,서울특별시 동작구청,2026-04-06
01-529,서울특별시 동작구 노량진로32길 21-4,노량진동 8-1,37.51267937,126.9567472,2011-08-24,벽부주,02-820-9923,서울특별시 동작구청,2026-04-06
01-530,서울특별시 동작구 노량진로32길 25,본동 9-38,37.51251037,126.9565607,2011-08-24,한전주,02-820-9923,서울특별시 동작구청,2026-04-06
01-531,서울특별시 동작구 노량진로32길 29-1,본동 8-7,37.51241131,126.9566993,2011-08-24,통신주,02-820-9923,서울특별시 동작구청,2026-04-06
01-532,서울특별시 동작구 노량진로32길 29-4,본동 9-24,37.51227845,126.9568068,2011-08-24,벽부주,02-820-9923,서울특별시 동작구청,2026-04-06
01-533,서울특별시 동작구 노량진로32길 32,본동 11-7,37.51229183,126.9564534,2011-08-24,벽부주,02-820-9923,서울특별시 동작구청,2026-04-06
01-534,서울특별시 동작구 노량진로32길 31,본동 9-34,37.51217476,126.9565976,2011-08-24,한전주,02-820-9923,서울특별시 동작구청,2026-04-06
01-535,서울특별시 동작구 노량진로32길 53,본동 8-11,37.51160277,126.9569995,2011-08-24,한전주,02-820-9923,서울특별시 동작구청,2026-04-06
01-538,서울특별시 동작구 노량진로32길 53,본동 8-39,37.51134612,126.9573899,2011-08-24,한전주,02-820-9923,서울특별시 동작구청,2026-04-06
01-539,서울특별시 동작구 노량진로30길 51,노량진동 13-2,37.51124454,126.9567876,2011-08-24,벽부주,02-820-9923,서울특별시 동작구청,2026-04-06
01-540,서울특별시 동작구 노량진로30길 49,본동 12-26,37.51133232,126.9566123,2011-08-24,통신주,02-820-9923,서울특별시 동작구청,2026-04-06
01-541,서울특별시 동작구 노량진로30길 46,본동 12-26,37.51137729,126.9563973,2011-08-24,통신주,02-820-9923,서울특별시 동작구청,2026-04-06
01-542,서울특별시 동작구 노량진로30길 41,본동 11-22,37.51157775,126.9563435,2011-08-24,벽부주,02-820-9923,서울특별시 동작구청,2026-04-06
01-543,서울특별시 동작구 노량진로30길 35,본동 11-19,37.51179171,126.9562698,2011-08-24,벽부주,02-820-9923,서울특별시 동작구청,2026-04-06
01-544,서울특별시 동작구 노량진로30길 33,본동 12-38,37.51189753,126.9561312,2011-08-24,벽부주,02-820-9923,서울특별시 동작구청,2026-04-06
01-545,서울특별시 동작구 노량진로30길 30,본동 12-26,37.51199433,126.9559898,2011-08-24,한전주,02-820-9923,서울특별시 동작구청,2026-04-06
01-546,서울특별시 동작구 노량진로30길 24,본동 47-17,37.51215188,126.9556475,2011-08-24,한전주,02-820-9923,서울특별시 동작구청,2026-04-06
01-547,서울특별시 동작구 노량진로32길 14-7,본동 10-7,37.51278492,126.9558762,2011-08-24,전용주,02-820-9923,서울특별시 동작구청,2026-04-06
01-553,서울특별시 동작구 노량진로254-1,본동 48-10,37.51229795,126.9547596,2011-08-24,벽부주,02-820-9923,서울특별시 동작구청,2026-04-06
01-558,서울특별시 동작구 노량진로23가길 16,본동 482,37.51439374,126.9514894,2011-08-24,한전주,02-820-9923,서울특별시 동작구청,2026-04-06
01-569,서울특별시 동작구 노량진로 177,노량진동 151-10,37.51389327,126.9453846,2011-08-24,전용주,02-820-9923,서울특별시 동작구청,2026-04-06
01-570,서울특별시 동작구 노량진로 171,노량진동 151-10,37.51401499,126.9455541,2011-08-24,한전주,02-820-9923,서울특별시 동작구청,2026-04-06
01-571,서울특별시 동작구 노량진로 177,노량진동 151-1,37.51419981,126.9457972,2011-08-24,한전주,02-820-9923,서울특별시 동작구청,2026-04-06
01-573,서울특별시 동작구 장승배기로132,노량진동 231-27,37.50927552,126.9405075,2013-03-22,전용주,02-820-9923,서울특별시 동작구청,2026-04-06
01-574,서울특별시 동작구 노량진로 171-4,노량진동 14-44,37.51433953,126.9459498,2020-09-10,한전주,02-820-9923,서울특별시 동작구청,2026-04-06
01-575,서울특별시 동작구 만양로14길 55,본동 133-79,37.51049309,126.9532111,2011-08-24,한전주,02-820-9923,서울특별시 동작구청,2026-04-06
01-576,서울특별시 동작구 만양로14길 55,노량진동 133,37.51062156,126.9534005,2011-08-24,한전주,02-820-9923,서울특별시 동작구청,2026-04-06
01-577,서울특별시 동작구 노량진로 254-1,본동 48-13,37.51240155,126.9547001,2011-08-24,전용주,02-820-9923,서울특별시 동작구청,2026-04-06
01-578,서울특별시 동작구 만양로 102-8,노량진동 118-7,37.51231169,126.9446901,2011-08-24,벽부주,02-820-9923,서울특별시 동작구청,2026-04-06
01-601,서울특별시 동작구 장승배기로20다길 6-5,노량진동 232-138,37.50975142,126.9417428,2022-06-07,한전주,02-820-9923,서울특별시 동작구청,2026-04-06
01-602,서울특별시 동작구 장승배기로20길 35-13,노량진동 232-44,37.50964793,126.942003,2011-08-24,벽부주,02-820-9923,서울특별시 동작구청,2026-04-06
01-603,서울특별시 동작구 장승배기로20다길 6-3,노량진동 232-24,37.50968603,126.9416099,2011-08-24,벽부주,02-820-9923,서울특별시 동작구청,2026-04-06
01-604,서울특별시 동작구 장승배기로24길 3-14,노량진동 232-182,37.51059116,126.9408458,2011-08-24,벽부주,02-820-9923,서울특별시 동작구청,2026-04-06
01-605,서울특별시 동작구 장승배기로24길 3-12,노량진동 232-194,37.5106339,126.9407326,2011-08-24,한전주,02-820-9923,서울특별시 동작구청,2026-04-06
01-606,서울특별시 동작구 노량진로14길 35-7,노량진동 85-22,37.51215321,126.9430021,2011-08-24,한전주,02-820-9923,서울특별시 동작구청,2026-04-06
01-607,서울특별시 동작구 노량진로14나길 10,노량진동 85-25,37.51218044,126.9434064,2011-08-24,한전주,02-820-9923,서울특별시 동작구청,2026-04-06
01-608,서울특별시 동작구 만양로15길 6-12,노량진동 119-113,37.51126156,126.9437153,2022-05-20,통신주,02-820-9923,서울특별시 동작구청,2026-04-06
01-609,서울특별시 동작구 만양로15길 6-10,노량진동 119-62,37.51145757,126.9438,2022-05-20,통신주,02-820-9923,서울특별시 동작구청,2026-04-06
01-610,서울특별시 동작구 만양로16길 12,노량진동 119-148,37.51186793,126.9446593,2011-08-24,전용주,02-820-9923,서울특별시 동작구청,2026-04-06
01-611,서울특별시 동작구 만양로16길 9,노량진동 119-165,37.51171697,126.9445746,2011-08-24,한전주,02-820-9923,서울특별시 동작구청,2026-04-06
01-612,서울특별시 동작구 만양로14길 5,노량진동 119-161,37.51147375,126.9446794,2011-08-24,전용주,02-820-9923,서울특별시 동작구청,2026-04-06
01-613,서울특별시 동작구 만양로16길 6,노량진동 119-176,37.51152562,126.9448207,2011-08-24,벽부주,02-820-9923,서울특별시 동작구청,2026-04-06
01-616,서울특별시 동작구 노량진로18가길 12,본동 379-53,37.51222156,126.9496726,2011-08-24,한전주,02-820-9923,서울특별시 동작구청,2026-04-06
01-617,서울특별시 동작구 노량진로18가길 16,본동 379-42,37.51196702,126.9496501,2011-08-24,통신주,02-820-9923,서울특별시 동작구청,2026-04-06
01-618,서울특별시 동작구 노량진로18가길 8,본동 379-74,37.51247166,126.9498223,2011-08-24,한전주,02-820-9923,서울특별시 동작구청,2026-04-06
01-619,서울특별시 동작구 만양로16길9,노량진동 119-165,37.51177109,126.9446877,2020-08-24,벽부주,02-820-9923,서울특별시 동작구청,2026-04-06
01-625,서울특별시 동작구 장승배기로26길 19-10,노량진동 52-3,37.5118261,126.941973,2011-08-24,벽부주,02-820-9923,서울특별시 동작구청,2026-04-06
01-626,서울특별시 동작구 장승배기로26길 19-13,노량진동 84-6,37.51179511,126.9421795,2013-03-22,벽부주,02-820-9923,서울특별시 동작구청,2026-04-06
01-626.,서울특별시 동작구 만양로15길 15,노량진동 84-140,37.51163232,126.9418431,2024-01-16,벽부주,02-820-9923,서울특별시 동작구청,2026-04-06
01-627,서울특별시 동작구 장승배기로26길 19-14,노량진동 84-82,37.51162338,126.9419902,2011-08-24,벽부주,02-820-9923,서울특별시 동작구청,2026-04-06
01-628,서울특별시 동작구 노량진로 187,노량진동 153-14,37.51367555,126.9470757,2011-08-24,벽부주,02-820-9923,서울특별시 동작구청,2026-04-06
01-629,서울특별시 동작구 노량진로32길 53,본동 8-43,37.51191584,126.9569315,2021-08-18,통신주,02-820-9923,서울특별시 동작구청,2026-04-06
01-630,서울특별시 동작구 장승배기로22길 11-3,노량진동 232-284,37.50972621,126.9408719,2011-08-24,전용주,02-820-9923,서울특별시 동작구청,2026-04-06
01-632,서울특별시 동작구 장승배기로16길 160,노량진동 332,37.51066711,126.9441738,2019-04-29,전용주,02-820-9923,서울특별시 동작구청,2026-04-06
01-633,서울특별시 동작구 만양로 87-1,노량진동 119-89,37.51129784,126.9442271,2011-08-24,전용주,02-820-9923,서울특별시 동작구청,2026-04-06
01-636,서울특별시 동작구 만양로16길 9,노량진동 119-165,37.51188364,126.9445321,2011-08-24,전용주,02-820-9923,서울특별시 동작구청,2026-04-06
01-637,서울특별시 동작구 만양로16길 8,노량진동 119-196,37.5117013,126.9447754,2011-08-24,벽부주,02-820-9923,서울특별시 동작구청,2026-04-06
01-642,서울특별시 동작구 만양로13가길 34-1,노량진동 329,37.5085589,126.9444695,2020-09-24,한전주,02-820-9923,서울특별시 동작구청,2026-04-06
01-643,서울특별시 동작구 만양로11길 3-6,노량진동 219-17,37.50860027,126.946248,2011-08-24,벽부주,02-820-9923,서울특별시 동작구청,2026-04-06
01-644,서울특별시 동작구 만양로8길 45,노량진동 215-143,37.50997678,126.946756,2011-08-24,전용주,02-820-9923,서울특별시 동작구청,2026-04-06
01-645,서울특별시 동작구 만양로8길 43,노량진동 215-144,37.50989124,126.9468748,2011-08-24,전용주,02-820-9923,서울특별시 동작구청,2026-04-06
01-646,서울특별시 동작구 만양로8길 19,노량진동 214-124,37.50902427,126.9474268,2011-08-24,벽부주,02-820-9923,서울특별시 동작구청,2026-04-06
01-647,서울특별시 동작구 만양로4길 7,노량진동 214-144,37.50791203,126.9485558,2011-08-24,한전주,02-820-9923,서울특별시 동작구청,2026-04-06
01-650,서울특별시 동작구 만양로12가길 1,노량진동 205-37,37.51081033,126.9470155,2011-08-24,전용주,02-820-9923,서울특별시 동작구청,2026-04-06
01-651,서울특별시 동작구 만양로14바길 29,노량진동 205-37,37.51075845,126.94686,2011-08-24,전용주,02-820-9923,서울특별시 동작구청,2026-04-06
01-654,서울특별시 동작구 노량진로26길 61,본동 485-2,37.50987004,126.9555301,2011-08-24,전용주,02-820-9923,서울특별시 동작구청,2026-04-06
01-655,서울특별시 동작구 노량진로26길 48,본동 50-59,37.51056819,126.9551847,2011-08-24,벽부주,02-820-9923,서울특별시 동작구청,2026-04-06
01-657,서울특별시 동작구 노량진로26길 16-13,본동 483,37.51080216,126.9544211,2022-11-01,전용주,02-820-9923,서울특별시 동작구청,2026-04-06
01-658,서울특별시 동작구 본동초등학교,본동 133-79,37.51037143,126.9531461,2011-08-24,벽부주,02-820-9923,서울특별시 동작구청,2026-04-06
01-659,서울특별시 동작구 노량진로26길 16-40,본동 133-79,37.51022957,126.9532678,2011-08-24,전용주,02-820-9923,서울특별시 동작구청,2026-04-06
01-660,서울특별시 동작구 노량진로26길 16-40,본동 133,37.51003358,126.9532199,2011-08-24,전용주,02-820-9923,서울특별시 동작구청,2026-04-06
01-661,서울특별시 동작구 노량진로26길 16-40,본동 133-68,37.50991197,126.9532878,2011-08-24,전용주,02-820-9923,서울특별시 동작구청,2026-04-06
01-662,서울특별시 동작구 노량진로26길 16-40,본동 산 6-12,37.50979039,126.9534321,2011-08-24,전용주,02-820-9923,서울특별시 동작구청,2026-04-06
01-663,서울특별시 동작구 노량진로26길 16-40,본동 산 6-12,37.50965981,126.9535792,2011-08-24,전용주,02-820-9923,서울특별시 동작구청,2026-04-06
01-664,서울특별시 동작구 노량진로26길 16-40,본동 산 6-12,37.50951794,126.9536867,2011-08-24,전용주,02-820-9923,서울특별시 동작구청,2026-04-06
01-665 ,서울특별시 동작구 노량진로32길 156,본동 484,37.50936257,126.9538169,2011-08-24,전용주,02-820-9923,서울특별시 동작구청,2026-04-06
01-666,서울특별시 동작구 노량진로32길 156,본동 485-2,37.50924323,126.9539216,2011-08-24,전용주,02-820-9923,서울특별시 동작구청,2026-04-06
01-667,서울특별시 동작구 노량진로32길 156,본동 485-2,37.50926134,126.9541676,2011-08-24,전용주,02-820-9923,서울특별시 동작구청,2026-04-06
01-668,서울특별시 동작구 노량진로32길 156,본동 485-2,37.50928845,126.954374,2011-08-24,전용주,02-820-9923,서울특별시 동작구청,2026-04-06
01-669,서울특별시 동작구 노량진로32길 156,본동 484,37.50932231,126.9545606,2011-08-24,전용주,02-820-9923,서울특별시 동작구청,2026-04-06
01-673,서울특별시 동작구 노량진로32길 67,본동 16-6,37.51081888,126.9569745,2021-08-23,전용주,02-820-9923,서울특별시 동작구청,2026-04-06
01-674,서울특별시 동작구 노량진로18길 9,본동 384-1,37.51233,126.9504303,2011-08-24,통신주,02-820-9923,서울특별시 동작구청,2026-04-06
01-675,서울특별시 동작구 노량진로222,본동 368-3,37.51253052,126.9505235,2011-08-24,전용주,02-820-9923,서울특별시 동작구청,2026-04-06
01-676,서울특별시 동작구 노량진로28길 32-6,본동 49-29,37.51147161,126.9556225,2011-08-24,전용주,02-820-9923,서울특별시 동작구청,2026-04-06
01-678,서울특별시 동작구 노량진로32길 79 입구,본동 12-12,37.51117255,126.9570252,2011-08-24,전용주,02-820-9923,서울특별시 동작구청,2026-04-06
01-679,서울특별시 동작구 노량진로26길 39-9,본동 49-9,37.51107513,126.9555068,2021-05-10,벽부주,02-820-9923,서울특별시 동작구청,2026-04-06
01-681,서울특별시 동작구 만양로13길 37,노량진동 220-10,37.5090593,126.9451901,2015-05-07,벽부주,02-820-9923,서울특별시 동작구청,2026-04-06
01-683,서울특별시 동작구 장승배기로28길 36,노량진동 84-2,37.51231519,126.9425863,2014-02-22,전용주,02-820-9923,서울특별시 동작구청,2026-04-06
01-684,서울특별시 동작구 노량진로16길 38,노량진동 119-70,37.51196445,126.9439438,2019-05-09,통신주,02-820-9923,서울특별시 동작구청,2026-04-06
01-691,서울특별시 동작구 노량진로184,노량진동 333-1,37.51321404,126.9463882,2015-02-10,전용주,02-820-9923,서울특별시 동작구청,2026-04-06
01-693,서울특별시 동작구 노량진로32길 74,본동 42-32,37.51080303,126.9567342,2024-10-30,벽부주,02-820-9923,서울특별시 동작구청,2026-04-06
01-701,서울특별시 동작구 노량진로14길 8,노량진동 71-6,37.51310106,126.9420541,2011-08-24,한전주,02-820-9923,서울특별시 동작구청,2026-04-06
01-702,서울특별시 동작구 노량진로14길 20,노량진동 72-31,37.51264166,126.9423004,2011-08-24,한전주,02-820-9923,서울특별시 동작구청,2026-04-06
01-703,서울특별시 동작구 노량진로14길 29,노량진동 83-7,37.51242332,126.9426032,2011-08-24,한전주,02-820-9923,서울특별시 동작구청,2026-04-06
01-704,서울특별시 동작구 노량진로14길 33,노량진동 83-10,37.51210575,126.9426798,2011-08-24,한전주,02-820-9923,서울특별시 동작구청,2026-04-06
01-705,서울특별시 동작구 노량진로14길 37,노량진동 84-24,37.51194581,126.9426573,2011-08-24,한전주,02-820-9923,서울특별시 동작구청,2026-04-06
01-706,서울특별시 동작구 노량진로14길 39,노량진동 84-2,37.51180845,126.9427394,2011-08-24,한전주,02-820-9923,서울특별시 동작구청,2026-04-06
01-707,서울특별시 동작구 노량진로14길 47,노량진동 84-2,37.5114616,126.942816,2011-08-24,한전주,02-820-9923,서울특별시 동작구청,2026-04-06
01-708,서울특별시 동작구 장승배기로26길 58,노량진동 84-109,37.51111021,126.9428106,2011-08-24,한전주,02-820-9923,서울특별시 동작구청,2026-04-06
01-709,서울특별시 동작구 장승배기로 26길 69,노량진동 119-225,37.51104737,126.9432998,2011-08-24,한전주,02-820-9923,서울특별시 동작구청,2026-04-06
01-710,서울특별시 동작구 장승배기로24길 60,노량진동 232-277,37.51118664,126.9424995,2011-08-24,한전주,02-820-9923,서울특별시 동작구청,2026-04-06
01-711,서울특별시 동작구 장승배기로26길 45,노량진동 84-109,37.51131482,126.9420639,2011-08-24,한전주,02-820-9923,서울특별시 동작구청,2026-04-06
01-712,서울특별시 동작구 장승배기로26길 42,노량진동 84-109,37.51135303,126.9418999,2022-11-01,한전주,02-820-9923,서울특별시 동작구청,2026-04-06
01-713,서울특별시 동작구 장승배기로26길 40,노량진동 84-109,37.51139574,126.9417189,2022-11-01,한전주,02-820-9923,서울특별시 동작구청,2026-04-06
01-714,서울특별시 동작구 장승배기로26길 34,노량진동 237-14,37.51139783,126.9413965,2011-08-24,전용주,02-820-9923,서울특별시 동작구청,2026-04-06
01-715,서울특별시 동작구 장승배기로26길 29,노량진동 84-84,37.51157124,126.9413257,2022-11-01,전용주,02-820-9923,서울특별시 동작구청,2026-04-06
01-716,서울특별시 동작구 장승배기로26길 23,노량진동 84-61,37.51174241,126.9412747,2022-11-01,전용주,02-820-9923,서울특별시 동작구청,2026-04-06
01-717,서울특별시 동작구 장승배기로26길 17,노량진동 52-13,37.51191369,126.9414555,2022-11-01,한전주,02-820-9923,서울특별시 동작구청,2026-04-06
01-718,서울특별시 동작구 장승배기로26길 19-7,노량진동 84-68,37.51189362,126.9418684,2022-05-06,한전주,02-820-9923,서울특별시 동작구청,2026-04-06
01-719,서울특별시 동작구 장승배기로26길 19-6,노량진동 52-3,37.51186653,126.941744,2022-11-01,벽부주,02-820-9923,서울특별시 동작구청,2026-04-06
01-720,서울특별시 동작구 장승배기로26길 19-3,노량진동 52-48,37.51196117,126.9418089,2011-08-24,벽부주,02-820-9923,서울특별시 동작구청,2026-04-06
01-721,서울특별시 동작구 장승배기로26길 11,노량진동 52-9,37.51190003,126.9411643,2022-11-01,한전주,02-820-9923,서울특별시 동작구청,2026-04-06
01-722,서울특별시 동작구 장승배기로26길 11,노량진동 52-9,37.51191343,126.9409324,2022-11-01,전용주,02-820-9923,서울특별시 동작구청,2026-04-06
01-723,서울특별시 동작구 장승배기로26길 7,노량진동 84-98,37.51192233,126.9407203,2022-11-01,한전주,02-820-9923,서울특별시 동작구청,2026-04-06
01-724,서울특별시 동작구 장승배기로 160,노량진동 50-6,37.51193572,126.9404715,2022-11-01,전용주,02-820-9923,서울특별시 동작구청,2026-04-06
01-725,서울특별시 동작구 장승배기로 160,노량진동 84-64,37.51162521,126.9411475,2022-11-01,한전주,02-820-9923,서울특별시 동작구청,2026-04-06
01-726,서울특별시 동작구 장승배기로28길 20,노량진동 56-43,37.5123507,126.9415061,2011-08-24,한전주,02-820-9923,서울특별시 동작구청,2026-04-06
01-727,서울특별시 동작구 장승배기로28길 16-2,노량진동 84-98,37.51233024,126.94113,2011-08-24,한전주,02-820-9923,서울특별시 동작구청,2026-04-06
01-728,서울특별시 동작구 장승배기로28길 16-1,노량진동 52-26,37.51225356,126.9409463,2011-08-24,한전주,02-820-9923,서울특별시 동작구청,2026-04-06
01-729,서울특별시 동작구 장승배기로28길 7,노량진동 54-21,37.51249678,126.9408273,2011-08-24,벽부주,02-820-9923,서울특별시 동작구청,2026-04-06
01-730,서울특별시 동작구 장승배기로28길 7,노량진동 54-21,37.51246514,126.9406266,2022-11-01,한전주,02-820-9923,서울특별시 동작구청,2026-04-06
01-731,서울특별시 동작구 장승배기로28길 30,노량진동 58-28,37.512432,126.9419386,2022-11-01,한전주,02-820-9923,서울특별시 동작구청,2026-04-06
01-732,서울특별시 동작구 장승배기로28길 37,노량진동 84-98,37.51238257,126.9421903,2022-11-01,한전주,02-820-9923,서울특별시 동작구청,2026-04-06
01-733,서울특별시 동작구 장승배기로28길 36,노량진동 84-98,37.51240296,126.9424194,2022-11-01,전용주,02-820-9923,서울특별시 동작구청,2026-04-06
01-734,서울특별시 동작구 노량진로14가길 6,노량진동 83-7,37.51248196,126.9427615,2022-11-01,한전주,02-820-9923,서울특별시 동작구청,2026-04-06
01-735,서울특별시 동작구 노량진로14가길 14,노량진동 85-12,37.51256322,126.9431149,2011-08-24,한전주,02-820-9923,서울특별시 동작구청,2026-04-06
01-736,서울특별시 동작구 노량진로14가길 15,노량진동 72-68,37.51266464,126.9432392,2011-08-24,한전주,02-820-9923,서울특별시 동작구청,2026-04-06
01-737,서울특별시 동작구 노량진로14가길 16,노량진동 92-1,37.51269407,126.9435418,2011-08-24,한전주,02-820-9923,서울특별시 동작구청,2026-04-06
01-738,서울특별시 동작구 노량진로16길 16,노량진동 92-2,37.5127302,126.943734,2011-08-24,한전주,02-820-9923,서울특별시 동작구청,2026-04-06
01-739,서울특별시 동작구 노량진로16길 14,노량진동 116-2,37.5130298,126.9437649,2011-08-24,한전주,02-820-9923,서울특별시 동작구청,2026-04-06
01-740,서울특별시 동작구 노량진로16길 12,노량진동 114-10,37.51312663,126.9436998,2011-08-24,한전주,02-820-9923,서울특별시 동작구청,2026-04-06
01-741,서울특별시 동작구 노량진로16길 8,노량진동 114-10,37.51327979,126.943677,2017-05-10,한전주,02-820-9923,서울특별시 동작구청,2026-04-06
01-743,서울특별시 동작구 노량진로16길 27,노량진동 90-8,37.51243074,126.9439774,2017-05-10,벽부주,02-820-9923,서울특별시 동작구청,2026-04-06
01-744,서울특별시 동작구 장승배기로16길 159,노량진동 120-6,37.51075959,126.9444452,2011-08-24,한전주,02-820-9923,서울특별시 동작구청,2026-04-06
01-745,서울특별시 동작구 장승배기로16길 160,노량진동 84-109,37.51083149,126.944055,2011-08-24,한전주,02-820-9923,서울특별시 동작구청,2026-04-06
01-746,서울특별시 동작구 장승배기로16길 147,노량진동 122-48,37.51077952,126.9437044,2011-08-24,한전주,02-820-9923,서울특별시 동작구청,2026-04-06
01-747,서울특별시 동작구 장승배기로16길 143,노량진동 119-97,37.51070057,126.9434782,2011-08-24,한전주,02-820-9923,서울특별시 동작구청,2026-04-06
01-748,서울특별시 동작구 장승배기로16길 135,노량진동 122-48,37.51053595,126.943091,2011-08-24,한전주,02-820-9923,서울특별시 동작구청,2026-04-06
01-749,서울특별시 동작구 장승배기로16길 131,노량진동 122-48,37.51036239,126.9428451,2011-08-24,한전주,02-820-9923,서울특별시 동작구청,2026-04-06
01-750,서울특별시 동작구 장승배기로 16길 127,노량진동 122-48,37.51023848,126.9427943,2017-06-01,한전주,02-820-9923,서울특별시 동작구청,2026-04-06
01-751,서울특별시 동작구 장승배기로24길 60,노량진동 232-5,37.51091407,126.9424601,2011-08-24,한전주,02-820-9923,서울특별시 동작구청,2026-04-06
01-752,서울특별시 동작구 장승배기로24길 49,노량진동 232-312,37.51086437,126.9421717,2011-08-24,한전주,02-820-9923,서울특별시 동작구청,2026-04-06
01-753,서울특별시 동작구 장승배기로24길 47,노량진동 232-270,37.51078769,126.9419852,2011-08-24,한전주,02-820-9923,서울특별시 동작구청,2026-04-06
01-754,서울특별시 동작구 장승배기로24길 41,노량진동 232-192,37.51064341,126.9417393,2011-08-24,한전주,02-820-9923,서울특별시 동작구청,2026-04-06
01-755,서울특별시 동작구 장승배기로24길 46,노량진동 232-10,37.51056231,126.9417167,2011-08-24,한전주,02-820-9923,서울특별시 동작구청,2026-04-06
01-756,서울특별시 동작구 장승배기로24길 32,노량진동 232-10,37.51017488,126.9417142,2022-06-10,한전주,02-820-9923,서울특별시 동작구청,2026-04-06
01-757,서울특별시 동작구 장승배기로24길 32,노량진동 232-136,37.51006899,126.9416719,2011-08-24,전용주,02-820-9923,서울특별시 동작구청,2026-04-06
01-758,서울특별시 동작구 장승배기로24길 22,노량진동 232-22,37.50990435,126.9412563,2011-08-24,한전주,02-820-9923,서울특별시 동작구청,2026-04-06
01-759,서울특별시 동작구 장승배기로24길 20,노량진동 232-10,37.50994708,126.941129,2022-11-01,한전주,02-820-9923,서울특별시 동작구청,2026-04-06
01-760,서울특별시 동작구 장승배기로24길 16-1,노량진동 232-10,37.51015644,126.9408716,2022-11-01,한전주,02-820-9923,서울특별시 동작구청,2026-04-06
01-761,서울특별시 동작구 장승배기로24길 19,노량진동 232-77,37.51003041,126.9410922,2011-08-24,벽부주,02-820-9923,서울특별시 동작구청,2026-04-06
01-762,서울특별시 동작구 장승배기로24길 15,노량진동 232-169,37.51028932,126.9408432,2022-11-01,벽부주,02-820-9923,서울특별시 동작구청,2026-04-06
01-763,서울특별시 동작구 장승배기로24길 6,노량진동 232-19,37.51037258,126.940665,2022-11-01,한전주,02-820-9923,서울특별시 동작구청,2026-04-06
01-764,서울특별시 동작구 장승배기로24길 6,노량진동 232-107,37.51048965,126.9405461,2022-11-01,한전주,02-820-9923,서울특별시 동작구청,2026-04-06
01-765,서울특별시 동작구 장승배기로24길 3,노량진동 237,37.51064048,126.940382,2022-11-01,한전주,02-820-9923,서울특별시 동작구청,2026-04-06
01-766,서울특별시 동작구 만양로14가길 32,노량진동 126-15,37.5131862,126.9446407,2011-08-24,한전주,02-820-9923,서울특별시 동작구청,2026-04-06
01-767,서울특별시 동작구 만양로18길 14,노량진동 126-7,37.51313003,126.9449461,2011-08-24,한전주,02-820-9923,서울특별시 동작구청,2026-04-06
01-768,서울특별시 동작구 만양로18길 22,노량진동 148-44,37.51305589,126.9453647,2011-08-24,한전주,02-820-9923,서울특별시 동작구청,2026-04-06
01-769,서울특별시 동작구 만양로18길 24,노량진동 148-44,37.51300196,126.9456333,2011-08-24,한전주,02-820-9923,서울특별시 동작구청,2026-04-06
01-770,서울특별시 동작구 만양로18길 19-3,노량진동 148-62,37.51324461,126.9455151,2011-08-24,한전주,02-820-9923,서울특별시 동작구청,2026-04-06
01-771,서울특별시 동작구 만양로 108,노량진동 117-14,37.51302854,126.9446662,2011-08-24,한전주,02-820-9923,서울특별시 동작구청,2026-04-06
01-772,서울특별시 동작구 만양로14가길 30-8,노량진동 117-34,37.51281024,126.9450821,2011-08-24,한전주,02-820-9923,서울특별시 동작구청,2026-04-06
01-773,서울특별시 동작구 만양로14가길 19,노량진동 125-24,37.51247234,126.9450286,2011-08-24,한전주,02-820-9923,서울특별시 동작구청,2026-04-06
01-774,서울특별시 동작구 만양로14가길 16,노량진동 125-15,37.51229894,126.9451333,2011-08-24,한전주,02-820-9923,서울특별시 동작구청,2026-04-06
01-775,서울특별시 동작구 만양로14다길 3,노량진동 123-2,37.51157594,126.9452357,2011-08-24,한전주,02-820-9923,서울특별시 동작구청,2026-04-06
01-776,서울특별시 동작구 만양로14다길 7,노량진동 211-58,37.51134565,126.9453129,2011-08-24,한전주,02-820-9923,서울특별시 동작구청,2026-04-06
01-777,서울특별시 동작구 만양로14다길 9,노량진동 211-56,37.51108665,126.9453923,2011-08-24,전용주,02-820-9923,서울특별시 동작구청,2026-04-06
01-779,서울특별시 동작구 만양로14다길 21,노량진동 123-12,37.5107196,126.9456216,2011-08-24,전용주,02-820-9923,서울특별시 동작구청,2026-04-06
01-780,서울특별시 동작구 만양로14라길 15,노량진동 211-22,37.51101251,126.9458193,2011-08-24,한전주,02-820-9923,서울특별시 동작구청,2026-04-06
01-781,서울특별시 동작구 만양로14라길 9,노량진동 211-17,37.51136156,126.9456154,2011-08-24,한전주,02-820-9923,서울특별시 동작구청,2026-04-06
01-782,서울특별시 동작구 만양로 8길 68,노량진동 330,37.51045382,126.9456557,2017-05-10,한전주,02-820-9923,서울특별시 동작구청,2026-04-06
01-783,서울특별시 동작구 만양로8길 69,노량진동 222-17,37.5103502,126.9456558,2011-08-24,한전주,02-820-9923,서울특별시 동작구청,2026-04-06
01-784,서울특별시 동작구 만양로6길 54,노량진동 222-1,37.50999674,126.9460632,2011-08-24,한전주,02-820-9923,서울특별시 동작구청,2026-04-06
01-785,서울특별시 동작구 만양로12길 6,노량진동 222-47,37.50983447,126.9458682,2011-08-24,한전주,02-820-9923,서울특별시 동작구청,2026-04-06
01-786,서울특별시 동작구 만양로6길 41,노량진동 215-1,37.50976949,126.9466261,2011-08-24,한전주,02-820-9923,서울특별시 동작구청,2026-04-06
01-787,서울특별시 동작구 만양로6가길 41,노량진동 215-1,37.50964563,126.9466884,2011-08-24,한전주,02-820-9923,서울특별시 동작구청,2026-04-06
01-788,서울특별시 동작구 만양로6길 39,노량진동 215-152,37.50938213,126.9467734,2011-08-24,한전주,02-820-9923,서울특별시 동작구청,2026-04-06
01-789,서울특별시 동작구 만양로10길 2-1,노량진동 215-152,37.50910287,126.9468838,2011-08-24,한전주,02-820-9923,서울특별시 동작구청,2026-04-06
01-790,서울특별시 동작구 만양로10길 2,노량진동 215-152,37.50897439,126.9467058,2017-06-01,전용주,02-820-9923,서울특별시 동작구청,2026-04-06
01-791,서울특별시 동작구 만양로6길 12,노량진동 215-107,37.5085287,126.9473876,2011-08-24,한전주,02-820-9923,서울특별시 동작구청,2026-04-06
01-792,서울특별시 동작구 만양로6길 6,노량진동 215-109,37.5083238,126.9475602,2011-08-24,한전주,02-820-9923,서울특별시 동작구청,2026-04-06
01-793,서울특별시 동작구 만양로14길 20,노량진동 210-8,37.51175624,126.9454589,2011-08-24,한전주,02-820-9923,서울특별시 동작구청,2026-04-06
01-794,서울특별시 동작구 만양로14길 24,노량진동 208,37.5119337,126.9456292,2011-08-24,한전주,02-820-9923,서울특별시 동작구청,2026-04-06
01-795,서울특별시 동작구 만양로14길 28,노량진동 207-5,37.51202385,126.9457394,2011-08-24,한전주,02-820-9923,서울특별시 동작구청,2026-04-06
01-796,서울특별시 동작구 만양로14길 30,노량진동 207-4,37.5121005,126.9458694,2011-08-24,한전주,02-820-9923,서울특별시 동작구청,2026-04-06
01-797,서울특별시 동작구 만양로14길 34,노량진동 207-2,37.51217267,126.9460758,2011-08-24,한전주,02-820-9923,서울특별시 동작구청,2026-04-06
01-798,서울특별시 동작구 만양로14길 22-2,노량진동 209-1,37.51175802,126.9456491,2011-08-24,벽부주,02-820-9923,서울특별시 동작구청,2026-04-06
01-799,서울특별시 동작구 만양로14길 45,노량진동 118-14,37.51228098,126.9464801,2011-08-24,한전주,02-820-9923,서울특별시 동작구청,2026-04-06
01-800,서울특별시 동작구 만양로14길 43,노량진동 118-14,37.51234412,126.9466355,2011-08-24,한전주,02-820-9923,서울특별시 동작구청,2026-04-06
01-801,서울특별시 동작구 만양로14마길 3,노량진동 206-57,37.51189117,126.9462145,2011-08-24,한전주,02-820-9923,서울특별시 동작구청,2026-04-06
01-802,서울특별시 동작구 만양로14마길 3-1,노량진동 206-56,37.51194755,126.9463615,2011-08-24,벽부주,02-820-9923,서울특별시 동작구청,2026-04-06
01-803,서울특별시 동작구 만양로14바길 10,노량진동 205-46,37.51201984,126.9468252,2011-08-24,한전주,02-820-9923,서울특별시 동작구청,2026-04-06
01-804,서울특별시 동작구 만양로14마길 6-2,노량진동 206-53,37.51183253,126.9460534,2011-08-24,한전주,02-820-9923,서울특별시 동작구청,2026-04-06
01-805,서울특별시 동작구 만양로14마길 6-5,노량진동 206-59,37.51167935,126.9460139,2011-08-24,전용주,02-820-9923,서울특별시 동작구청,2026-04-06
01-806,서울특별시 동작구 만양로14마길 9,노량진동 206-48,37.51167269,126.9462401,2011-08-24,한전주,02-820-9923,서울특별시 동작구청,2026-04-06
01-807,서울특별시 동작구 만양로14마길 13-1,노량진동 206-51,37.51165024,126.9464098,2011-08-24,벽부주,02-820-9923,서울특별시 동작구청,2026-04-06
01-808,서울특별시 동작구 만양로14마길 18,노량진동 206-48,37.51140016,126.9462884,2017-05-10,전용주,02-820-9923,서울특별시 동작구청,2026-04-06
01-809,서울특별시 동작구 만양로14마길 24,노량진동 206-48,37.51115692,126.9463678,2011-08-24,전용주,02-820-9923,서울특별시 동작구청,2026-04-06
01-810,서울특별시 동작구 만양로14마길 25,노량진동 206-32,37.51122458,126.9465458,2011-08-24,전용주,02-820-9923,서울특별시 동작구청,2026-04-06
01-811,서울특별시 동작구 만양로14바길 22,노량진동 206-32,37.51138691,126.9468681,2011-08-24,한전주,02-820-9923,서울특별시 동작구청,2026-04-06
01-812,서울특별시 동작구 만양로14바길 20,노량진동 205-46,37.51156264,126.9469443,2011-08-24,한전주,02-820-9923,서울특별시 동작구청,2026-04-06
01-813,서울특별시 동작구 만양로14바길 12,노량진동 205-29,37.51184191,126.9468593,2011-08-24,한전주,02-820-9923,서울특별시 동작구청,2026-04-06
01-814,서울특별시 동작구 만양로14바길 4,노량진동 205-27,37.51223153,126.9467063,2011-08-24,한전주,02-820-9923,서울특별시 동작구청,2026-04-06
01-815,서울특별시 동작구 만양로14바길 28,노량진동 205-46,37.51107379,126.9468231,2011-08-24,한전주,02-820-9923,서울특별시 동작구청,2026-04-06
01-816,서울특별시 동작구 만양로14바길 32,노량진동 205-40,37.51093857,126.9466705,2011-08-24,한전주,02-820-9923,서울특별시 동작구청,2026-04-06
01-817,서울특별시 동작구 만양로14라길 21-8,노량진동 205-46,37.51083708,126.9463849,2011-08-24,한전주,02-820-9923,서울특별시 동작구청,2026-04-06
01-818,서울특별시 동작구 만양로14바길 38,노량진동 205-42,37.51070203,126.9466141,2011-08-24,한전주,02-820-9923,서울특별시 동작구청,2026-04-06
01-819,서울특별시 동작구 만양로12길 25,노량진동 323-1,37.51048121,126.9464615,2011-08-24,한전주,02-820-9923,서울특별시 동작구청,2026-04-06
01-820,서울특별시 동작구 만양로12길 21,노량진동 123-14,37.51030089,126.9462015,2011-08-24,한전주,02-820-9923,서울특별시 동작구청,2026-04-06
01-821,서울특별시 동작구 만양로14길 50,노량진동 118-14,37.51245463,126.9469493,2011-08-24,한전주,02-820-9923,서울특별시 동작구청,2026-04-06
01-822,서울특별시 동작구 만양로14길 62,노량진동 118-14,37.51256299,126.9474724,2011-08-24,한전주,02-820-9923,서울특별시 동작구청,2026-04-06
01-823,서울특별시 동작구 만양로14길 68,노량진동 118-14,37.51267122,126.9477296,2011-08-24,한전주,02-820-9923,서울특별시 동작구청,2026-04-06
01-824,서울특별시 동작구 노량진로202,노량진동 118-14,37.51286284,126.9480688,2011-08-24,한전주,02-820-9923,서울특별시 동작구청,2026-04-06
01-825,서울특별시 동작구 만양로14사길 5,노량진동 206-14,37.51213714,126.9471871,2011-08-24,전용주,02-820-9923,서울특별시 동작구청,2026-04-06
01-826,서울특별시 동작구 만양로14사길 10,노량진동 206-13,37.5119299,126.9471731,2011-08-24,한전주,02-820-9923,서울특별시 동작구청,2026-04-06
01-827,서울특별시 동작구 만양로14사길 16,노량진동 205-67,37.5118894,126.9472693,2011-08-24,통신주,02-820-9923,서울특별시 동작구청,2026-04-06
01-828,서울특별시 동작구 만양로14사길 21,노량진동 205-73,37.51158087,126.9474137,2011-08-24,전용주,02-820-9923,서울특별시 동작구청,2026-04-06
01-829,서울특별시 동작구 만양로14사길 24,노량진동 205-145,37.5115359,126.9475947,2011-08-24,전용주,02-820-9923,서울특별시 동작구청,2026-04-06
01-830,서울특별시 동작구 만양로14사길 25,노량진동 205-66,37.51145713,126.9477474,2011-08-24,벽부주,02-820-9923,서울특별시 동작구청,2026-04-06
01-831,서울특별시 동작구 만양로12가길 19,노량진동 205-19,37.51140317,126.947985,2011-08-24,한전주,02-820-9923,서울특별시 동작구청,2026-04-06
01-832,서울특별시 동작구 만양로14사길 7,노량진동 205-52,37.51199988,126.9475067,2011-08-24,한전주,02-820-9923,서울특별시 동작구청,2026-04-06
01-833,서울특별시 동작구 만양로14아길 11,노량진동 205-5,37.51215999,126.9479307,2011-08-24,한전주,02-820-9923,서울특별시 동작구청,2026-04-06
01-834,서울특별시 동작구 만양로14아길 12,노량진동 205-55,37.51192581,126.9481091,2017-05-10,한전주,02-820-9923,서울특별시 동작구청,2026-04-06
01-835,서울특별시 동작구 만양로12가길 27,노량진동 205-59,37.51182674,126.9481968,2011-08-24,한전주,02-820-9923,서울특별시 동작구청,2026-04-06
01-836,서울특별시 동작구 만양로14아길 8-9,노량진동 205-58,37.51175683,126.9480102,2011-08-24,한전주,02-820-9923,서울특별시 동작구청,2026-04-06
01-837,서울특별시 동작구 만양로14아길 8,노량진동 205-54,37.51187611,126.9477839,2011-08-24,전용주,02-820-9923,서울특별시 동작구청,2026-04-06
01-838,서울특별시 동작구 만양로12가길 23,노량진동 205-13,37.51161274,126.9481856,2011-08-24,한전주,02-820-9923,서울특별시 동작구청,2026-04-06
01-839,서울특별시 동작구 만양로12가길 23,노량진동 205-20,37.51149783,126.9481094,2011-08-24,한전주,02-820-9923,서울특별시 동작구청,2026-04-06
01-840,서울특별시 동작구 만양로12가길 12,노량진동 205-139,37.51118004,126.9476911,2011-08-24,한전주,02-820-9923,서울특별시 동작구청,2026-04-06
01-841,서울특별시 동작구 만양로12가길 10-7,노량진동 205-136,37.5110382,126.9478467,2011-08-24,한전주,02-820-9923,서울특별시 동작구청,2026-04-06
01-842,서울특별시 동작구 만양로12가길 16,노량진동 205-46,37.51127916,126.9477136,2011-08-24,한전주,02-820-9923,서울특별시 동작구청,2026-04-06
01-843,서울특별시 동작구 만양로14바길 21-8,노량진동 205-46,37.51127452,126.9473998,2011-08-24,전용주,02-820-9923,서울특별시 동작구청,2026-04-06
01-844,서울특별시 동작구 만양로14바길 21-4,노량진동 205-46,37.51131945,126.9471283,2011-08-24,전용주,02-820-9923,서울특별시 동작구청,2026-04-06
01-845,서울특별시 동작구 만양로12가길 7,노량진동 205-356,37.51111686,126.9474479,2011-08-24,한전주,02-820-9923,서울특별시 동작구청,2026-04-06
01-846,서울특별시 동작구 만양로12가길 1,노량진동 205-46,37.51083069,126.9472106,2011-08-24,한전주,02-820-9923,서울특별시 동작구청,2026-04-06
01-847,서울특별시 동작구 만양로12길 49,노량진동 205-35,37.51079703,126.9475019,2011-08-24,한전주,02-820-9923,서울특별시 동작구청,2026-04-06
01-848,서울특별시 동작구 만양로12길 53,노량진동 205-304,37.51076563,126.9477932,2011-08-24,한전주,02-820-9923,서울특별시 동작구청,2026-04-06
01-849,서울특별시 동작구 만양로12길 57,노량진동 205-193,37.51071847,126.9481184,2011-08-24,한전주,02-820-9923,서울특별시 동작구청,2026-04-06
01-850,서울특별시 동작구 만양로12가길 74,본동 441-106,37.51061722,126.9483758,2011-08-24,한전주,02-820-9923,서울특별시 동작구청,2026-04-06
01-851,서울특별시 동작구 만양로12가길 74,노량진동 205-192,37.51074786,126.9483615,2022-11-01,전용주,02-820-9923,서울특별시 동작구청,2026-04-06
01-852,서울특별시 동작구 만양로12가길 69,노량진동 205-216,37.51095056,126.9483077,2022-11-01,전용주,02-820-9923,서울특별시 동작구청,2026-04-06
01-853,서울특별시 동작구 만양로12가길 66,노량진동 205-46,37.51113077,126.9483386,2022-11-01,한전주,02-820-9923,서울특별시 동작구청,2026-04-06
01-854,서울특별시 동작구 만양로12가길 64,노량진동 205-46,37.51129303,126.9485223,2022-11-01,전용주,02-820-9923,서울특별시 동작구청,2026-04-06
01-855,서울특별시 동작구 만양로12가길 60,노량진동 205-293,37.5113922,126.9486467,2022-11-01,한전주,02-820-9923,서울특별시 동작구청,2026-04-06
01-856,서울특별시 동작구 만양로12가길 54,노량진동 205-46,37.51169179,126.9486578,2011-08-24,한전주,02-820-9923,서울특별시 동작구청,2026-04-06
01-857,서울특별시 동작구 만양로12가길 56,노량진동 205-293,37.5115071,126.9486947,2022-11-01,전용주,02-820-9923,서울특별시 동작구청,2026-04-06
01-858,서울특별시 동작구 만양로12가길 32,노량진동 205-364,37.51183145,126.9486803,2011-08-24,한전주,02-820-9923,서울특별시 동작구청,2026-04-06
01-859,서울특별시 동작구 만양로12가길 32,노량진동 205-287,37.51195531,126.9486011,2011-08-24,한전주,02-820-9923,서울특별시 동작구청,2026-04-06
01-860,서울특별시 동작구 만양로12가길 44,노량진동 205-255,37.5120724,126.9485161,2011-08-24,통신주,02-820-9923,서울특별시 동작구청,2026-04-06
01-861,서울특별시 동작구 만양로12가길 34,노량진동 205-256,37.51216922,126.9484341,2011-08-24,한전주,02-820-9923,서울특별시 동작구청,2026-04-06
01-862,서울특별시 동작구 만양로12가길 32,노량진동 205-46,37.51212861,126.9482814,2011-08-24,한전주,02-820-9923,서울특별시 동작구청,2026-04-06
01-863,서울특별시 동작구 만양로12가길 32,노량진동 205-9,37.51195967,126.9482815,2017-05-10,전용주,02-820-9923,서울특별시 동작구청,2026-04-06
01-864,서울특별시 동작구 노량진로32길 79,본동 42-27,37.51075126,126.9568586,2011-08-24,한전주,02-820-9923,서울특별시 동작구청,2026-04-06
01-865,서울특별시 동작구 노량진로32길 79,본동 16-3,37.510544,126.9567569,2011-08-24,한전주,02-820-9923,서울특별시 동작구청,2026-04-06
01-866,서울특별시 동작구 노량진로32길 80,본동 16-23,37.51036833,126.9568475,2011-08-24,한전주,02-820-9923,서울특별시 동작구청,2026-04-06
01-867,서울특별시 동작구 노량진로32길 87,본동 36-3,37.51032992,126.9565111,2011-08-24,한전주,02-820-9923,서울특별시 동작구청,2026-04-06
01-868,서울특별시 동작구 노량진로32길 91,본동 24-2,37.51043565,126.9561462,2011-08-24,한전주,02-820-9923,서울특별시 동작구청,2026-04-06
01-869,서울특별시 동작구 노량진로28길 48-27,본동 24-17,37.51024636,126.9559258,2011-08-24,한전주,02-820-9923,서울특별시 동작구청,2026-04-06
01-870,서울특별시 동작구 노량진로28길 48-27,본동 24-17,37.5099535,126.9558496,2011-08-24,한전주,02-820-9923,서울특별시 동작구청,2026-04-06
01-871,서울특별시 동작구 노량진로28길 11,노량진동 47-2,37.51232963,126.9551385,2011-08-24,한전주,02-820-9923,서울특별시 동작구청,2026-04-06
01-872,서울특별시 동작구 노량진로28길 17,본동 47-15,37.51213822,126.9552743,2011-08-24,한전주,02-820-9923,서울특별시 동작구청,2026-04-06
01-873,서울특별시 동작구 노량진로28길 25,본동 47-19,37.51189054,126.9555346,2011-08-24,한전주,02-820-9923,서울특별시 동작구청,2026-04-06
01-874,서울특별시 동작구 노량진로28길 27,본동 47-20,37.51178698,126.9556732,2011-08-24,한전주,02-820-9923,서울특별시 동작구청,2026-04-06
01-875,서울특별시 동작구 노량진 28길 35,본동 47-26,37.51160011,126.9558939,2011-08-24,한전주,02-820-9923,서울특별시 동작구청,2026-04-06
01-876,서울특별시 동작구 노량진로28길 37,노량진동 47-32,37.51139742,126.9559958,2011-08-24,한전주,02-820-9923,서울특별시 동작구청,2026-04-06
01-877,서울특별시 동작구 노량진로28길 43,노량진동 47-40,37.51122176,126.9561118,2011-08-24,한전주,02-820-9923,서울특별시 동작구청,2026-04-06
01-878,서울특별시 동작구 노량진로28길 52,노량진동 39-2,37.51091098,126.9562788,2011-08-24,한전주,02-820-9923,서울특별시 동작구청,2026-04-06
01-879,서울특별시 동작구 노량진로28길 57,본동 42-60,37.51071511,126.9565363,2011-08-24,벽부주,02-820-9923,서울특별시 동작구청,2026-04-06
01-880,서울특별시 동작구 노량진로28길 61,본동 42-66,37.51061153,126.9566325,2011-08-24,벽부주,02-820-9923,서울특별시 동작구청,2026-04-06
01-882,서울특별시 동작구 노량진로14길 14,노량진동 58-10,37.5129141,126.9420514,2011-08-24,벽부주,02-820-9923,서울특별시 동작구청,2026-04-06
01-884,서울특별시 동작구 노량진로16길 31,노량진동 90-2,37.51211542,126.9440512,2012-08-07,벽부주,02-820-9923,서울특별시 동작구청,2026-04-06
01-885,서울특별시 동작구 노량진로16길 27,노량진동 90-8,37.51234517,126.9440369,2021-09-27,벽부주,02-820-9923,서울특별시 동작구청,2026-04-06
01-886,서울특별시 동작구 만양로14다길 4,노량진동 123-30,37.51146277,126.9452817,2017-06-26,통신주,02-820-9923,서울특별시 동작구청,2026-04-06
01-887,서울특별시 동작구 만양로14길 22,노량진동 210-7,37.51182556,126.9455868,2017-05-10,벽부주,02-820-9923,서울특별시 동작구청,2026-04-06
01-888,서울특별시 동작구 장승배기로16길 119,노량진동 225-292,37.51007855,126.9428085,2017-05-10,한전주,02-820-9923,서울특별시 동작구청,2026-04-06
01-889,서울특별시 동작구 만양로 84,노량진동 330,37.51067191,126.9448016,2011-08-24,한전주,02-820-9923,서울특별시 동작구청,2026-04-06
01-890,서울특별시 동작구 만양로8길 69 건너,노량진동 118-14,37.5105325,126.9453191,2017-05-10,한전주,02-820-9923,서울특별시 동작구청,2026-04-06
01-901,서울특별시 동작구 노량진로26길 32-3,본동 50-49,37.51107492,126.9549695,2011-08-24,한전주,02-820-9923,서울특별시 동작구청,2026-04-06
01-902,서울특별시 동작구 노량진로26길 32-3,본동 48-14,37.51115598,126.954896,2011-08-24,한전주,02-820-9923,서울특별시 동작구청,2026-04-06
01-903,서울특별시 동작구 노량진로26길 32-3,본동 50-48,37.5110929,126.9548734,2011-08-24,전용주,02-820-9923,서울특별시 동작구청,2026-04-06
01-904,서울특별시 동작구 노량진로26길62옆,본동 485,37.51005013,126.9552246,2019-06-13,벽부주,02-820-9923,서울특별시 동작구청,2026-04-06
01-905,서울특별시 동작구 노량진로26길 58,본동 50-66,37.51019657,126.9553179,2011-08-24,벽부주,02-820-9923,서울특별시 동작구청,2026-04-06
01-910,서울특별시 동작구 노량진로18길 20,본동 407-2,37.51210264,126.9507585,2011-08-24,한전주,02-820-9923,서울특별시 동작구청,2026-04-06
01-911,서울특별시 동작구 노량진로18길24,본동 344-12,37.51201718,126.9510809,2011-08-24,한전주,02-820-9923,서울특별시 동작구청,2026-04-06
01-912,서울특별시 동작구 노량진로22길 19-2,본동 194,37.51176932,126.9508916,2011-08-24,한전주,02-820-9923,서울특별시 동작구청,2026-04-06
01-913,서울특별시 동작구 노량진로22길23,본동 193-1,37.5116882,126.950821,2019-06-04,벽부주,02-820-9923,서울특별시 동작구청,2026-04-06
01-914,서울특별시 동작구 노량진로22길 25-4,본동 434-4,37.51150128,126.9509003,2011-08-24,전용주,02-820-9923,서울특별시 동작구청,2026-04-06
01-915,서울특별시 동작구 노량진로22길 39,본동 492-1,37.51102402,126.950212,2011-08-24,한전주,02-820-9923,서울특별시 동작구청,2026-04-06
01-920,서울특별시 동작구 만양로18길19-1,노량진동 148-90,37.51329235,126.9452429,2019-03-20,전용주,02-820-9923,서울특별시 동작구청,2026-04-06
01-921,서울특별시 동작구 노량진로 192-1,노량진동 146-7,37.51283086,126.9470848,2011-08-24,벽부주,02-820-9923,서울특별시 동작구청,2026-04-06
01-930,서울특별시 동작구 장승배기로22길3,노량진동 232-153,37.50983637,126.9404533,2019-06-17,한전주,02-820-9923,서울특별시 동작구청,2026-04-06
01-931,서울특별시 동작구 장승배기로16길 101옆,노량진동 225-294,37.50909438,126.9431656,2020-07-17,한전주,02-820-9923,서울특별시 동작구청,2026-04-06
01-932,서울특별시 동작구 장승배기로16길 101,노량진동 225-294,37.50900202,126.9431459,2011-08-24,한전주,02-820-9923,서울특별시 동작구청,2026-04-06
01-933,서울특별시 동작구 장승배기로16길 69,노량진동 229-21,37.50794336,126.9431862,2020-03-06,벽부주,02-820-9923,서울특별시 동작구청,2026-04-06
01-935,서울특별시 동작구 만양로13길 21-3,노량진동 224-21,37.50983406,126.9449719,2011-08-24,전용주,02-820-9923,서울특별시 동작구청,2026-04-06
01-936,서울특별시 동작구 만양로13길33,노량진동 221-138,37.50928214,126.9448676,2020-05-07,전용주,02-820-9923,서울특별시 동작구청,2026-04-06
01-937,서울특별시 동작구 만양로13길38,노량진동 221-138,37.50894654,126.9449103,2020-05-07,벽부주,02-820-9923,서울특별시 동작구청,2026-04-06
01-940,서울특별시 동작구 만양로11길17,노량진동 218-3,37.5083568,126.9458156,2022-08-01,통신주,02-820-9923,서울특별시 동작구청,2026-04-06
01-941,서울특별시 동작구 만양로11길 4-4,노량진동 219-58,37.50901234,126.9459508,2020-07-08,전용주,02-820-9923,서울특별시 동작구청,2026-04-06
01-942,서울특별시 동작구 만양로11길 6,노량진동 218-33,37.50887726,126.9461036,2020-07-03,전용주,02-820-9923,서울특별시 동작구청,2026-04-06
01-943,서울특별시 동작구 만양로11길 22,노량진동 329,37.50824633,126.9455951,2019-06-18,통신주,02-820-9923,서울특별시 동작구청,2026-04-06
01-944,서울특별시 동작구 만양로11길 10- 4,노량진동 220-24,37.50897164,126.9456144,2020-07-17,한전주,02-820-9923,서울특별시 동작구청,2026-04-06
01-945,서울특별시 동작구 만양로6길59,노량진동 222-21,37.51013404,126.9458284,2018-11-22,전용주,02-820-9923,서울특별시 동작구청,2026-04-06
01-946,서울특별시 동작구 노량진로12길 44 앞,본동 8-4,37.51170859,126.9568778,2020-07-23,전용주,02-820-9923,서울특별시 동작구청,2026-04-06
01-947,서울특별시 동작구 노량진로32길 44,본동 8-209,37.51188198,126.9567448,2011-08-24,한전주,02-820-9923,서울특별시 동작구청,2026-04-06
01-948,서울특별시 동작구 노량진로32길27,본동 9-69,37.51241576,126.9565664,2020-02-13,통신주,02-820-9923,서울특별시 동작구청,2026-04-06
01-949,서울특별시 동작구 노량진로32길 17,본동 9-40,37.51287745,126.956354,2011-08-24,한전주,02-820-9923,서울특별시 동작구청,2026-04-06
01-950,서울특별시 동작구 노량진로32길 13,본동 46-1,37.51304636,126.9562861,2011-08-24,전용주,02-820-9923,서울특별시 동작구청,2026-04-06
01-951,서울특별시 동작구 노량진로30길 9,본동 10-32,37.5125438,126.9556077,2020-07-23,벽부주,02-820-9923,서울특별시 동작구청,2026-04-06
01-952,서울특별시 동작구 노량진로30길 9,본동 10-49,37.51241542,126.9556502,2020-07-23,벽부주,02-820-9923,서울특별시 동작구청,2026-04-06
01-953,서울특별시 동작구 노량진로30길 9,본동 11-11,37.51211365,126.9558229,2020-07-23,전용주,02-820-9923,서울특별시 동작구청,2026-04-06
01-954,서울특별시 동작구 흑석로9길 94,본동 23,37.50969217,126.9557282,2011-08-24,한전주,02-820-9923,서울특별시 동작구청,2026-04-06
01-955,서울특별시 동작구 만양로14가길 7,노량진동 118-27,37.5118997,126.9451655,2023-05-04,한전주,02-820-9923,서울특별시 동작구청,2026-04-06
01-960,서울특별시 동작구 만양로11길 11,노량진동 219-16,37.50857535,126.9459455,2020-07-14,통신주,02-820-9923,서울특별시 동작구청,2026-04-06
01-961,서울특별시 동작구 만양로14길 60-1,노량진동 202-16,37.51235805,126.9475715,2023-05-02,전용주,02-820-9923,서울특별시 동작구청,2026-04-06
01-971,서울특별시 동작구 장승배기로30길 7,노량진동 56-23,37.51301716,126.9409457,2025-02-28,한전주,02-820-9923,서울특별시 동작구청,2026-04-06
01-972,서울특별시 동작구 노량진로14길 53,노량진동 84-120,37.51132647,126.9428557,2020-02-13,벽부주,02-820-9923,서울특별시 동작구청,2026-04-06
01-973,서울특별시 동작구 장승배기로24길 39,노량진동 232-192,37.51055096,126.9415386,2019-05-20,벽부주,02-820-9923,서울특별시 동작구청,2026-04-06
01-974,서울특별시 동작구 장승배기로22길12,노량진동 231-158,37.5095144,126.9407194,2019-06-17,통신주,02-820-9923,서울특별시 동작구청,2026-04-06
01-975,서울특별시 동작구 장승배기로160,노량진동 237,37.51073514,126.9404837,2022-11-01,벽부주,02-820-9923,서울특별시 동작구청,2026-04-06
01-976,서울특별시 동작구 장승배기로160,노량진동 237,37.51083883,126.9406279,2022-11-01,벽부주,02-820-9923,서울특별시 동작구청,2026-04-06
01-977,서울특별시 동작구 노량진로14나길 10,노량진동 86-3,37.51240132,126.943689,2019-05-09,통신주,02-820-9923,서울특별시 동작구청,2026-04-06
01-978,서울특별시 동작구 노량진로 158,노량진동 100-1,37.51349602,126.9436599,2019-04-26,전용주,02-820-9923,서울특별시 동작구청,2026-04-06
01-979,서울특별시 동작구 노량진로16길 12-8,노량진동 100-1,37.51308376,126.9435415,2019-05-09,전용주,02-820-9923,서울특별시 동작구청,2026-04-06
01-980,서울특별시 동작구 노량진로16길 48,노량진동 119-77,37.51169418,126.9440034,2011-08-24,전용주,02-820-9923,서울특별시 동작구청,2026-04-06
01-981,서울특별시 동작구 장승배기로26길 32-5,노량진동 237-12,37.51130547,126.9413796,2022-07-08,벽부주,02-820-9923,서울특별시 동작구청,2026-04-06
01-982,서울특별시 동작구 만양로15길6-16,노량진동 119-114,37.51113765,126.9436645,2022-09-08,벽부주,02-820-9923,서울특별시 동작구청,2026-04-06
01-983,서울특별시 동작구 노량진로16길 27,노량진동 90-8,37.51251406,126.9439406,2023-03-16,벽부주,02-820-9923,서울특별시 동작구청,2026-04-06
01-984,서울특별시 동작구 노량진로16길 34,노량진동 119-16,37.51225956,126.9440058,2023-03-15,벽부주,02-820-9923,서울특별시 동작구청,2026-04-06
01-985,서울특별시 동작구 만양로 88,노량진동 119-162,37.51135655,126.9445409,2023-08-07,벽부주,02-820-9923,서울특별시 동작구청,2026-04-06
01-986,서울특별시 동작구 만양로13길 4,노량진동 122-2,37.5104375,126.9444766,2023-09-25,벽부주,02-820-9923,서울특별시 동작구청,2026-04-06
01-987,서울특별시 동작구 매봉로149,본동 455,37.51092457,126.9507536,2023-11-14,벽부주,02-820-9923,서울특별시 동작구청,2026-04-06
01-988,서울특별시 동작구 노량진로28길 11,본동 47-2,37.51240169,126.9550819,2024-01-24,벽부주,02-820-9923,서울특별시 동작구청,2026-04-06
01-989,서울특별시 동작구 노량진로22길 17,본동 344-12,37.51190448,126.9509113,2024-03-12,통신주,02-820-9923,서울특별시 동작구청,2026-04-06
01-990,서울특별시 동작구 장승배기로24길 28,노량진동 232-269,37.50997431,126.9415192,2024-08-01,통신주,02-820-9923,서울특별시 동작구청,2026-04-06
01-992,서울특별시 동작구 장승배기로24길 60-4,노량진동 232-275,37.51086238,126.942709,2024-08-27,전용주,02-820-9923,서울특별시 동작구청,2026-04-06
01-994,서울특별시 동작구 매봉로156,본동 148-2,37.51197249,126.9519717,2024-08-29,한전주,02-820-9923,서울특별시 동작구청,2026-04-06
01-995,서울특별시 동작구 매봉로 137,본동 148-9,37.51170208,126.9516891,2024-08-29,한전주,02-820-9923,서울특별시 동작구청,2026-04-06
01-996,서울특별시 동작구 장승배기로24가길 34,노량진동 232-11,37.51096568,126.9420614,2025-03-17,전용주,02-820-9923,서울특별시 동작구청,2026-04-06
01-997,서울특별시 동작구 만양로49-3,노량진동 217-29,37.50835277,126.9468504,2025-04-02,통신주,02-820-9923,서울특별시 동작구청,2026-04-06
01-998,서울특별시 동작구 만양로11길 17-1,노량진동 325-4,37.50824007,126.9466922,2025-04-07,전용주,02-820-9923,서울특별시 동작구청,2026-04-06
01-999,서울특별시 동작구 장승배기로30길 1-6,노량진동 54-6,37.51291339,126.9406347,2025-03-31,한전주,02-820-9923,서울특별시 동작구청,2026-04-06
02-006,서울특별시 동작구 장승배기로16길 101,노량진동 225-294,37.50930613,126.9431937,2011-08-24,한전주,02-820-9923,서울특별시 동작구청,2026-04-06
02-015,서울특별시 동작구 장승배기로22길 36,노량진동 225-51,37.50867686,126.9415118,2011-08-24,한전주,02-820-9923,서울특별시 동작구청,2026-04-06
02-017,서울특별시 동작구 장승배기로22길 32,노량진동 225-39,37.50881867,126.9413279,2011-08-24,전용주,02-820-9923,서울특별시 동작구청,2026-04-06
02-018,서울특별시 동작구 장승배기로20길 20,노량진동 225-36,37.50898077,126.9411468,2011-08-24,한전주,02-820-9923,서울특별시 동작구청,2026-04-06
02-019,서울특별시 동작구 장승배기로20길 32,노량진동 225-5,37.50920393,126.9414774,2011-08-24,한전주,02-820-9923,서울특별시 동작구청,2026-04-06
02-021,서울특별시 동작구 장승배기로20길 34,노량진동 225-213,37.50936623,126.9417318,2011-08-24,한전주,02-820-9923,서울특별시 동작구청,2026-04-06
02-022,서울특별시 동작구 장승배기로20길 46,노량진동 225-177,37.50953769,126.9422661,2011-08-24,한전주,02-820-9923,서울특별시 동작구청,2026-04-06
02-024,서울특별시 동작구 장승배기로20길 54,노량진동 225-159,37.50967076,126.9426222,2011-08-24,한전주,02-820-9923,서울특별시 동작구청,2026-04-06
02-039,서울특별시 동작구 장승배기로16길 9,노량진동 310-19,37.50684056,126.940501,2011-08-24,한전주,02-820-9923,서울특별시 동작구청,2026-04-06
02-040,서울특별시 동작구 장승배기로 108,노량진동 311-8,37.50689217,126.940122,2011-08-24,한전주,02-820-9923,서울특별시 동작구청,2026-04-06
02-041,서울특별시 동작구 장승배기로110-1,노량진동 230-49,37.50751392,126.940229,2011-08-24,한전주,02-820-9923,서울특별시 동작구청,2026-04-06
02-042,서울특별시 동작구 장승배기로18길 6,노량진동 230-49,37.50747582,126.9406192,2011-08-24,한전주,02-820-9923,서울특별시 동작구청,2026-04-06
02-044,서울특별시 동작구 장승배기로20가길 16,노량진동 230-9,37.50787691,126.9408988,2011-08-24,벽부주,02-820-9923,서울특별시 동작구청,2026-04-06
02-048,서울특별시 동작구 장승배기로20가길 14,노량진동 230-9,37.50797149,126.9408422,2011-08-24,한전주,02-820-9923,서울특별시 동작구청,2026-04-06
02-049,서울특별시 동작구 장승배기로20가길 11,노량진동 229-112,37.5081111,126.9407601,2011-08-24,한전주,02-820-9923,서울특별시 동작구청,2026-04-06
02-050,서울특별시 동작구 장승배기로20가길 8,노량진동 230-4,37.50818536,126.9406158,2011-08-24,전용주,02-820-9923,서울특별시 동작구청,2026-04-06
02-051,서울특별시 동작구 장승배기로20가길 3-4,노량진동 229-109,37.50840403,126.9409691,2011-08-24,통신주,02-820-9923,서울특별시 동작구청,2026-04-06
02-052,서울특별시 동작구 장승배기로20가길 3,노량진동 229-103,37.50834075,126.9405507,2011-08-24,벽부주,02-820-9923,서울특별시 동작구청,2026-04-06
02-053,서울특별시 동작구 장승배기로20길 4,노량진동 229-135,37.50842404,126.940429,2011-08-24,한전주,02-820-9923,서울특별시 동작구청,2026-04-06
02-054,서울특별시 동작구 장승배기로20길 14,노량진동 225-49,37.50876211,126.9408189,2011-08-24,한전주,02-820-9923,서울특별시 동작구청,2026-04-06
02-055,서울특별시 동작구 장승배기로20길 18-4,노량진동 225-47,37.50869469,126.9411442,2011-08-24,전용주,02-820-9923,서울특별시 동작구청,2026-04-06
02-056,서울특별시 동작구 장승배기로20나길 14,노량진동 226-9,37.5084381,126.9415346,2011-08-24,전용주,02-820-9923,서울특별시 동작구청,2026-04-06
02-057,서울특별시 동작구 장승배기로20나길 10,노량진동 226-11,37.50830738,126.9413848,2011-08-24,전용주,02-820-9923,서울특별시 동작구청,2026-04-06
02-058,서울특별시 동작구 장승배기로20나길 5,노량진동 229-116,37.50819463,126.9411219,2011-08-24,한전주,02-820-9923,서울특별시 동작구청,2026-04-06
02-072,서울특별시 동작구 장승배기로16가길 4,노량진동 310-116,37.50672546,126.9400713,2011-08-24,전용주,02-820-9923,서울특별시 동작구청,2026-04-06
02-073,서울특별시 동작구 장승배기로16가길 3,노량진동 310-115,37.50661738,126.9401562,2011-08-24,한전주,02-820-9923,서울특별시 동작구청,2026-04-06
02-075,서울특별시 동작구 장승배기로16가길 9,노량진동 310-59,37.50648014,126.9404843,2013-03-22,통신주,02-820-9923,서울특별시 동작구청,2026-04-06
02-076,서울특별시 동작구 장승배기로16가길 8-5,노량진동 310-87,37.50637192,126.9402723,2011-08-24,통신주,02-820-9923,서울특별시 동작구청,2026-04-06
02-077,서울특별시 동작구 장승배기로16가길 8-10,노량진동 310-51,37.50628416,126.940459,2011-08-24,전용주,02-820-9923,서울특별시 동작구청,2026-04-06
02-078,서울특별시 동작구 장승배기로16가길 8-5,노량진동 310-50,37.5061715,126.9403771,2011-08-24,한전주,02-820-9923,서울특별시 동작구청,2026-04-06
02-079,서울특별시 동작구 장승배기로 94,노량진동 329-3,37.50618485,126.9400632,2018-02-07,한전주,02-820-9923,서울특별시 동작구청,2026-04-06
02-080,서울특별시 동작구 장승배기로 94 앞,노량진동 329-3,37.50599777,126.9398202,2011-08-24,한전주,02-820-9923,서울특별시 동작구청,2026-04-06
02-081,서울특별시 동작구 장승배기로 94,노량진동 329-3,37.5060184,126.9405186,2018-02-07,한전주,02-820-9923,서울특별시 동작구청,2026-04-06
02-082,서울특별시 동작구 장승배기로16가길14,노량진동 310-84,37.50636307,126.940589,2011-08-24,전용주,02-820-9923,서울특별시 동작구청,2026-04-06
02-093,서울특별시 동작구 장승배기로16길 69,노량진동 329,37.50779692,126.9431298,2011-08-24,벽부주,02-820-9923,서울특별시 동작구청,2026-04-06
02-094,서울특별시 동작구 장승배기로16길 41,노량진동 329-3,37.50673772,126.9420703,2020-10-19,전용주,02-820-9923,서울특별시 동작구청,2026-04-06
02-095,서울특별시 동작구 장승배기로16길 43,노량진동 329-3,37.50682337,126.9421777,2020-10-19,벽부주,02-820-9923,서울특별시 동작구청,2026-04-06
02-096,서울특별시 동작구 장승배기로16길 47,노량진동 329-3,37.50696985,126.9423105,2020-10-19,벽부주,02-820-9923,서울특별시 동작구청,2026-04-06
02-097,서울특별시 동작구 장승배기로16길 51,노량진동 329-3,37.50708253,126.9424348,2020-10-19,벽부주,02-820-9923,서울특별시 동작구청,2026-04-06
02-098,서울특별시 동작구 장승배기로16길 53-1,노량진동 329-3,37.50722676,126.9425789,2011-08-24,통신주,02-820-9923,서울특별시 동작구청,2026-04-06
02-099,서울특별시 동작구 장승배기로16길 53-2,노량진동 329-5,37.50733495,126.9427202,2020-10-19,벽부주,02-820-9923,서울특별시 동작구청,2026-04-06
02-100,서울특별시 동작구 장승배기로16길 59,노량진동 329-5,37.50746341,126.9428473,2020-10-19,벽부주,02-820-9923,서울특별시 동작구청,2026-04-06
02-101,서울특별시 동작구 장승배기로16길 61,노량진동 329-5,37.50756707,126.9429518,2020-10-19,벽부주,02-820-9923,서울특별시 동작구청,2026-04-06
02-102,서울특별시 동작구 장승배기로16길 65,노량진동 329-5,37.50764369,126.9430225,2020-10-19,벽부주,02-820-9923,서울특별시 동작구청,2026-04-06
02-125,서울특별시 동작구 장승배기로15길 43,노량진동 312-6,37.50792338,126.9392645,2011-08-24,한전주,02-820-9923,서울특별시 동작구청,2026-04-06
02-126,서울특별시 동작구 장승배기로117,노량진동 309-4,37.5081174,126.9398468,2011-08-24,한전주,02-820-9923,서울특별시 동작구청,2026-04-06
02-127,서울특별시 동작구 장승배기로113,노량진동 312-6,37.5081262,126.9394311,2011-08-24,한전주,02-820-9923,서울특별시 동작구청,2026-04-06
02-128,서울특별시 동작구 장승배기로113,노량진동 312-6,37.50812386,126.9392756,2011-08-24,한전주,02-820-9923,서울특별시 동작구청,2026-04-06
02-129,서울특별시 동작구 장승배기로19길 16-5,노량진동 306-9,37.50833781,126.939185,2011-08-24,통신주,02-820-9923,서울특별시 동작구청,2026-04-06
02-130,서울특별시 동작구 장승배기로19길 16-7,노량진동 305-4,37.50851577,126.9392074,2011-08-24,벽부주,02-820-9923,서울특별시 동작구청,2026-04-06
02-131,서울특별시 동작구 장승배기로19길 16,노량진동 306-10,37.50822058,126.9390069,2011-08-24,전용주,02-820-9923,서울특별시 동작구청,2026-04-06
02-132,서울특별시 동작구 장승배기로19길 18-3,노량진동 306-11,37.50834219,126.9389418,2011-08-24,벽부주,02-820-9923,서울특별시 동작구청,2026-04-06
02-133,서울특별시 동작구 장승배기로19길 18-8,노량진동 305-3,37.50849984,126.9389105,2011-08-24,전용주,02-820-9923,서울특별시 동작구청,2026-04-06
02-155,서울특별시 동작구 등용로2가길 6,상도동 363-290,37.50661321,126.9364861,2011-08-24,한전주,02-820-9923,서울특별시 동작구청,2026-04-06
02-200,서울특별시 동작구 장승배기로21길28,노량진동 305-74,37.50874986,126.9388905,2020-09-11,벽부주,02-820-9923,서울특별시 동작구청,2026-04-06
02-201,서울특별시 동작구 노량진로 116-2,노량진동 40-6,37.51362391,126.9381457,2021-02-17,전용주,02-820-9923,서울특별시 동작구청,2026-04-06
02-202,서울특별시 동작구 노량진로 115,노량진동 40-101,37.51369442,126.9394634,2021-02-17,전용주,02-820-9923,서울특별시 동작구청,2026-04-06
02-203,서울특별시 동작구 노량진로 116-2,노량진동 42-18,37.51364212,126.9385161,2021-02-17,전용주,02-820-9923,서울특별시 동작구청,2026-04-06
02-204,서울특별시 동작구 장승배기로19길 50,노량진동 302-291,37.50826018,126.9371916,2011-08-24,한전주,02-820-9923,서울특별시 동작구청,2026-04-06
02-212,서울특별시 동작구 장승배기로19길 48,노량진동 302-97,37.50823769,126.9372595,2011-08-24,한전주,02-820-9923,서울특별시 동작구청,2026-04-06
02-216,서울특별시 동작구 등용로24-5,노량진동 451,37.50652285,126.9359942,2011-08-24,전용주,02-820-9923,서울특별시 동작구청,2026-04-06
02-234,서울특별시 동작구 노량진로6길6-13앞,노량진동 267-12,37.5130097,126.9353015,2018-08-31,한전주,02-820-9923,서울특별시 동작구청,2026-04-06
02-235,서울특별시 동작구 노량진로6길 25,노량진동 276-7,37.51198969,126.9359895,2018-09-13,벽부주,02-820-9923,서울특별시 동작구청,2026-04-06
02-241,서울특별시 동작구 노량진로6다길 32,노량진동 294-31,37.50928437,126.9358872,2011-08-24,한전주,02-820-9923,서울특별시 동작구청,2026-04-06
02-242,서울특별시 동작구 노량진로6다길 35,노량진동 294-27,37.50902089,126.9360005,2011-08-24,벽부주,02-820-9923,서울특별시 동작구청,2026-04-06
02-244,서울특별시 동작구 장승배기로 119,노량진동 307-15,37.50830207,126.9397731,2018-11-16,벽부주,02-820-9923,서울특별시 동작구청,2026-04-06
02-245,서울특별시 동작구 장승배기로19가길25,노량진동 302-384,37.50900162,126.9378922,2020-05-07,통신주,02-820-9923,서울특별시 동작구청,2026-04-06
02-246,서울특별시 동작구 노량진로6길 80-13,노량진동 293-10,37.50916076,126.9364019,2020-05-07,한전주,02-820-9923,서울특별시 동작구청,2026-04-06
02-251,서울특별시 동작구 노량진로8가길3,노량진동 259-13,37.51255561,126.9370014,2018-09-03,전용주,02-820-9923,서울특별시 동작구청,2026-04-06
02-257,서울특별시 동작구 노량진로6길44옆,노량진동 274-15,37.51101424,126.9357726,2018-09-11,통신주,02-820-9923,서울특별시 동작구청,2026-04-06
02-277,서울특별시 동작구 노량진로6길 71-5,노량진동 289-32,37.51002591,126.936749,2011-08-24,통신주,02-820-9923,서울특별시 동작구청,2026-04-06
02-278,서울특별시 동작구 노량진로6길 74,노량진동 284-70,37.50994693,126.9364804,2011-08-24,통신주,02-820-9923,서울특별시 동작구청,2026-04-06
02-280,서울특별시 동작구 노량진로6길 76-3,노량진동 292-9,37.50951219,126.9364723,2011-08-24,전용주,02-820-9923,서울특별시 동작구청,2026-04-06
02-281,서울특별시 동작구 노량진로6길 78,노량진동 292-31,37.50972633,126.9367493,2011-08-24,통신주,02-820-9923,서울특별시 동작구청,2026-04-06
02-282,서울특별시 동작구 노량진로6길 80-6,노량진동 292-2,37.50960019,126.9367578,2011-08-24,전용주,02-820-9923,서울특별시 동작구청,2026-04-06
02-283,서울특별시 동작구 노량진로6길 80-6,노량진동 292-8,37.50947848,126.9366166,2011-08-24,벽부주,02-820-9923,서울특별시 동작구청,2026-04-06
02-284,서울특별시 동작구 노량진로6길 80-11,노량진동 292-4,37.509296,126.9365658,2011-08-24,전용주,02-820-9923,서울특별시 동작구청,2026-04-06
02-285,서울특별시 동작구 노량진로6길 80-17,노량진동 296-1,37.50908634,126.936238,2011-08-24,벽부주,02-820-9923,서울특별시 동작구청,2026-04-06
02-287,서울특별시 동작구 노량진로6길 79,노량진동 289-42,37.50982818,126.9368334,2011-08-24,벽부주,02-820-9923,서울특별시 동작구청,2026-04-06
02-288,서울특별시 동작구 노량진로8나길 59,노량진동 291-20,37.51000808,126.937111,2011-08-24,한전주,02-820-9923,서울특별시 동작구청,2026-04-06
02-289,서울특별시 동작구 노량진로8나길 55-2,노량진동 291-19,37.51008924,126.9372296,2011-08-24,벽부주,02-820-9923,서울특별시 동작구청,2026-04-06
02-290,서울특별시 동작구 노량진로8나길 55-8,노량진동 249-7,37.5101389,126.9374417,2011-08-24,벽부주,02-820-9923,서울특별시 동작구청,2026-04-06
02-291,서울특별시 동작구 노량진로6길 83-10,노량진동 291-26,37.51002392,126.9372354,2011-08-24,전용주,02-820-9923,서울특별시 동작구청,2026-04-06
02-292,서울특별시 동작구 노량진로6길 83-6,노량진동 291-4,37.50980309,126.9370913,2011-08-24,전용주,02-820-9923,서울특별시 동작구청,2026-04-06
02-293,서울특별시 동작구 노량진로8나길 70,노량진동 292-2,37.50951015,126.9368795,2011-08-24,전용주,02-820-9923,서울특별시 동작구청,2026-04-06
02-294,서울특별시 동작구 노량진로8나길 75,노량진동 292-5,37.50922847,126.9366479,2011-08-24,전용주,02-820-9923,서울특별시 동작구청,2026-04-06
02-295,서울특별시 동작구 노량진로8나길 79,노량진동 294-380,37.50907762,126.9367753,2011-08-24,벽부주,02-820-9923,서울특별시 동작구청,2026-04-06
02-296,서울특별시 동작구 노량진로8나길 84,노량진동 293-13,37.50892873,126.9363625,2011-08-24,전용주,02-820-9923,서울특별시 동작구청,2026-04-06
02-297,서울특별시 동작구 노량진로8나길 91,노량진동 294-16,37.50871469,126.9362751,2011-08-24,벽부주,02-820-9923,서울특별시 동작구청,2026-04-06
02-298,서울특별시 동작구 노량진로 82,노량진동 267-50,37.51300281,126.935064,2021-06-16,통신주,02-820-9923,서울특별시 동작구청,2026-04-06
02-3006,서울특별시 동작구 장승배기로 123-2,노량진동 307-162,37.50876593,126.9394617,2018-11-14,벽부주,02-820-9923,서울특별시 동작구청,2026-04-06
02-3007,서울특별시 동작구 장승배기로 123-2,노량진동 307-108,37.50841919,126.9397561,2018-11-16,벽부주,02-820-9923,서울특별시 동작구청,2026-04-06
02-302,서울특별시 동작구 장승배기로19길 66-2,노량진동 294-337,37.50877818,126.9370441,2011-08-24,벽부주,02-820-9923,서울특별시 동작구청,2026-04-06
02-303,서울특별시 동작구 장승배기로19길 66-4,노량진동 302-338,37.50863177,126.9370556,2011-08-24,벽부주,02-820-9923,서울특별시 동작구청,2026-04-06
02-304,서울특별시 동작구 장승배기로19길 66-8,노량진동 302-303,37.50846058,126.9370585,2022-03-23,벽부주,02-820-9923,서울특별시 동작구청,2026-04-06
02-305,서울특별시 동작구 장승배기로19길 66-9,노량진동 302-298,37.50833902,126.9372028,2011-08-24,전용주,02-820-9923,서울특별시 동작구청,2026-04-06
02-307,서울특별시 동작구 노량진로6길 94,노량진동 302-212,37.50941404,126.9374355,2011-08-24,전용주,02-820-9923,서울특별시 동작구청,2026-04-06
02-308,서울특별시 동작구 노량진로6길 92-5,노량진동 302-213,37.50930952,126.937422,2011-08-24,전용주,02-820-9923,서울특별시 동작구청,2026-04-06
02-309,서울특별시 동작구 노량진로6길 92-10,노량진동 302-209,37.50912072,126.9373407,2011-08-24,벽부주,02-820-9923,서울특별시 동작구청,2026-04-06
02-310,서울특별시 동작구 장승배기로19다길 1,노량진동 302-101,37.5082964,126.9375393,2011-08-24,벽부주,02-820-9923,서울특별시 동작구청,2026-04-06
02-312,서울특별시 동작구 장승배기로19가길 17-5,노량진동 301-4,37.50870874,126.937785,2011-08-24,전용주,02-820-9923,서울특별시 동작구청,2026-04-06
02-314,서울특별시 동작구 장승배기로19다길 17-3,노량진동 302-14,37.50884592,126.9373692,2011-08-24,벽부주,02-820-9923,서울특별시 동작구청,2026-04-06
02-315,서울특별시 동작구 장승배기로19다길 20,노량진동 302-141,37.50904425,126.937567,2011-08-24,전용주,02-820-9923,서울특별시 동작구청,2026-04-06
02-317,서울특별시 동작구 장승배기로27길 96,노량진동 300-18,37.50922905,126.9377393,2011-08-24,한전주,02-820-9923,서울특별시 동작구청,2026-04-06
02-318,서울특별시 동작구 장승배기로19가길 28,노량진동 248-102,37.50913225,126.9378582,2011-08-24,한전주,02-820-9923,서울특별시 동작구청,2026-04-06
02-319,서울특별시 동작구 장승배기로27길 92,노량진동 300-17,37.50934857,126.9379965,2011-08-24,한전주,02-820-9923,서울특별시 동작구청,2026-04-06
02-320,서울특별시 동작구 장승배기로27길 86,노량진동 300-13,37.50945907,126.9382538,2011-08-24,통신주,02-820-9923,서울특별시 동작구청,2026-04-06
02-321,서울특별시 동작구 장승배기로27길 84-5,노량진동 300-20,37.50959866,126.9381264,2011-08-24,벽부주,02-820-9923,서울특별시 동작구청,2026-04-06
02-322,서울특별시 동작구 장승배기로27마길 2,노량진동 248-92,37.50933747,126.9383161,2011-08-24,벽부주,02-820-9923,서울특별시 동작구청,2026-04-06
02-323,서울특별시 동작구 장승배기로27마길 5,노량진동 304-41,37.509164,126.9382597,2011-08-24,벽부주,02-820-9923,서울특별시 동작구청,2026-04-06
02-324,서울특별시 동작구 장승배기로27마길 10,노량진동 248-94,37.5090716,126.9381834,2011-08-24,전용주,02-820-9923,서울특별시 동작구청,2026-04-06
02-325,서울특별시 동작구 장승배기로19가길 24,노량진동 248-96,37.50889357,126.9380195,2011-08-24,한전주,02-820-9923,서울특별시 동작구청,2026-04-06
02-326,서울특별시 동작구 장승배기로19가길 26-5,노량진동 248-101,37.50919315,126.9380023,2011-08-24,전용주,02-820-9923,서울특별시 동작구청,2026-04-06
02-327,서울특별시 동작구 장승배기로19가길 17-3,노량진동 301-3,37.50870208,126.9379745,2011-08-24,벽부주,02-820-9923,서울특별시 동작구청,2026-04-06
02-328,서울특별시 동작구 장승배기로19길 40-14,노량진동 301-6,37.50861199,126.9379858,2011-08-24,벽부주,02-820-9923,서울특별시 동작구청,2026-04-06
02-329,서울특별시 동작구 장승배기로19길 40-11,노량진동 301-5,37.50860743,126.9378784,2011-08-24,전용주,02-820-9923,서울특별시 동작구청,2026-04-06
02-330,서울특별시 동작구 장승배기로19길 40-10,노량진동 302-22,37.50847451,126.9378417,2011-08-24,벽부주,02-820-9923,서울특별시 동작구청,2026-04-06
02-331,서울특별시 동작구 장승배기로19길 40-8,노량진동 301-7,37.50834385,126.9378136,2011-08-24,벽부주,02-820-9923,서울특별시 동작구청,2026-04-06
02-332,서울특별시 동작구 장승배기로19길 40-2,노량진동 302-25,37.5082943,126.9378278,2011-08-24,벽부주,02-820-9923,서울특별시 동작구청,2026-04-06
02-334,서울특별시 동작구 장승배기로19길 30,노량진동 313-62,37.50818639,126.9382265,2011-08-24,통신주,02-820-9923,서울특별시 동작구청,2026-04-06
02-337,서울특별시 동작구 장승배기로19가길 13,노량진동 302-228,37.5085423,126.9382602,2011-08-24,벽부주,02-820-9923,서울특별시 동작구청,2026-04-06
02-338,서울특별시 동작구 장승배기로19가길 4,노량진동 305-50,37.50841637,126.9386477,2011-08-24,한전주,02-820-9923,서울특별시 동작구청,2026-04-06
02-339,서울특별시 동작구 장승배기로19가길 8,노량진동 302-58,37.50851314,126.9384921,2011-08-24,벽부주,02-820-9923,서울특별시 동작구청,2026-04-06
02-340,서울특별시 동작구 장승배기로21길 38,노량진동 305-35,37.50858076,126.9385655,2011-08-24,전용주,02-820-9923,서울특별시 동작구청,2026-04-06
02-341,서울특별시 동작구 장승배기로21길 34,노량진동 304-28,37.50873618,126.9385682,2011-08-24,벽부주,02-820-9923,서울특별시 동작구청,2026-04-06
02-342,서울특별시 동작구 장승배기로21길 33,노량진동 305-34,37.5086484,126.9386927,2011-08-24,벽부주,02-820-9923,서울특별시 동작구청,2026-04-06
02-345,서울특별시 동작구 장승배기로21길 24,노량진동 305-2,37.50876125,126.9391309,2015-02-10,벽부주,02-820-9923,서울특별시 동작구청,2026-04-06
02-346,서울특별시 동작구 장승배기로21길 22,노량진동 305-1,37.50889862,126.9390742,2011-08-24,전용주,02-820-9923,서울특별시 동작구청,2026-04-06
02-347,서울특별시 동작구 장승배기로21길 22-1,노량진동 305-57,37.50886479,126.9389781,2011-08-24,벽부주,02-820-9923,서울특별시 동작구청,2026-04-06
02-348,서울특별시 동작구 장승배기로21길 18,노량진동 305-16,37.50908557,126.9390458,2011-08-24,한전주,02-820-9923,서울특별시 동작구청,2026-04-06
02-349,서울특별시 동작구 장승배기로21길 12,노량진동 307-40,37.50920281,126.9392719,2011-08-24,한전주,02-820-9923,서울특별시 동작구청,2026-04-06
02-350,서울특별시 동작구 장승배기로21길 16-5,노량진동 231-150,37.50938964,126.9390116,2011-08-24,벽부주,02-820-9923,서울특별시 동작구청,2026-04-06
02-351,서울특별시 동작구 장승배기로21길 11-8,노량진동 307-50,37.50897314,126.9394276,2011-08-24,전용주,02-820-9923,서울특별시 동작구청,2026-04-06
02-352,서울특별시 동작구 장승배기로21길 10-7,노량진동 231-100,37.50943038,126.9393905,2011-08-24,전용주,02-820-9923,서울특별시 동작구청,2026-04-06
02-353,서울특별시 동작구 장승배기로 133-7,노량진동 231-64,37.5095206,126.9396223,2011-08-24,한전주,02-820-9923,서울특별시 동작구청,2026-04-06
02-354,서울특별시 동작구 장승배기로133-9,노량진동 231-47,37.50965346,126.9395515,2011-08-24,한전주,02-820-9923,서울특별시 동작구청,2026-04-06
02-355,서울특별시 동작구 장승배기로133-12,노량진동 231-144,37.50975708,126.9395684,2011-08-24,전용주,02-820-9923,서울특별시 동작구청,2026-04-06
02-356,서울특별시 동작구 장승배기로23길 16,노량진동 234-9,37.50983354,126.9393223,2011-08-24,한전주,02-820-9923,서울특별시 동작구청,2026-04-06
02-357,서울특별시 동작구 장승배기로23길 22,노량진동 234-13,37.50963297,126.939133,2011-08-24,한전주,02-820-9923,서울특별시 동작구청,2026-04-06
02-358,서울특별시 동작구 장승배기로27길 68,노량진동 248-22,37.50978375,126.9388643,2011-08-24,한전주,02-820-9923,서울특별시 동작구청,2026-04-06
02-359,서울특별시 동작구 장승배기로27길 66,노량진동 248-17,37.50987615,126.9389518,2011-08-24,한전주,02-820-9923,서울특별시 동작구청,2026-04-06
02-360,서울특별시 동작구 장승배기로27길 74-4,노량진동 248-89,37.50964852,126.9387004,2011-08-24,전용주,02-820-9923,서울특별시 동작구청,2026-04-06
02-361,서울특별시 동작구 장승배기로27길 73-4,노량진동 305-10,37.50935123,126.9387883,2011-08-24,벽부주,02-820-9923,서울특별시 동작구청,2026-04-06
02-362,서울특별시 동작구 장승배기로27길 73-8,노량진동 305-77,37.50922063,126.9388789,2011-08-24,한전주,02-820-9923,서울특별시 동작구청,2026-04-06
02-363,서울특별시 동작구 장승배기로21길 18-5,노량진동 305-82,37.50904264,126.9387998,2011-08-24,벽부주,02-820-9923,서울특별시 동작구청,2026-04-06
02-364,서울특별시 동작구 장승배기로123-2,노량진동 307-181,37.50875909,126.939309,2011-08-24,벽부주,02-820-9923,서울특별시 동작구청,2026-04-06
02-365,서울특별시 동작구 장승배기로123-2,노량진동 307-75,37.508766,126.9396059,2011-08-24,벽부주,02-820-9923,서울특별시 동작구청,2026-04-06
02-366,서울특별시 동작구 장승배기로123-3,노량진동 308-5,37.5087774,126.9398745,2011-08-24,벽부주,02-820-9923,서울특별시 동작구청,2026-04-06
02-367,서울특별시 동작구 장승배기로123-3,노량진동 307-66,37.50855209,126.9397531,2011-08-24,벽부주,02-820-9923,서울특별시 동작구청,2026-04-06
02-368,서울특별시 동작구 장승배기로121,노량진동 307-171,37.50856774,126.939541,2011-08-24,벽부주,02-820-9923,서울특별시 동작구청,2026-04-06
02-369,서울특별시 동작구 장승배기로123-4,노량진동 307-131,37.50843711,126.9395694,2011-08-24,벽부주,02-820-9923,서울특별시 동작구청,2026-04-06
02-370,서울특별시 동작구 장승배기로 123-2,노량진동 307-66,37.50833802,126.9396119,2011-08-24,벽부주,02-820-9923,서울특별시 동작구청,2026-04-06
02-371,서울특별시 동작구 장승배기로123-5,노량진동 307-66,37.50824567,126.9396063,2011-08-24,벽부주,02-820-9923,서울특별시 동작구청,2026-04-06
02-372,서울특별시 동작구 장승배기로123-4,노량진동 307-208,37.50823882,126.9394197,2011-08-24,벽부주,02-820-9923,서울특별시 동작구청,2026-04-06
02-373,서울특별시 동작구 장승배기로123-4,노량진동 307-9,37.50832215,126.9394083,2011-08-24,벽부주,02-820-9923,서울특별시 동작구청,2026-04-06
02-374,서울특별시 동작구 장승배기로123-4,노량진동 307-9,37.50837621,126.9394083,2011-08-24,벽부주,02-820-9923,서울특별시 동작구청,2026-04-06
02-375,서울특별시 동작구 장승배기로123-6,노량진동 307-186,37.50867582,126.9394505,2011-08-24,벽부주,02-820-9923,서울특별시 동작구청,2026-04-06
02-376,서울특별시 동작구 장승배기로123-6,노량진동 307-9,37.50845054,126.9393941,2011-08-24,벽부주,02-820-9923,서울특별시 동작구청,2026-04-06
02-377,서울특별시 동작구 장승배기로123-6,노량진동 307-201,37.5085226,126.9393545,2011-08-24,벽부주,02-820-9923,서울특별시 동작구청,2026-04-06
02-378,서울특별시 동작구 장승배기로21길 6,노량진동 231-142,37.50921887,126.9398318,2011-08-24,통신주,02-820-9923,서울특별시 동작구청,2026-04-06
02-379,서울특별시 동작구 장승배기로21길 3-5,노량진동 308-9,37.50902511,126.9397386,2011-08-24,전용주,02-820-9923,서울특별시 동작구청,2026-04-06
02-380,서울특별시 동작구 장승배기로 21길 6-3,노량진동 231-60,37.50936971,126.9396733,2011-08-24,전용주,02-820-9923,서울특별시 동작구청,2026-04-06
02-381,서울특별시 동작구 장승배기로133,노량진동 307-27,37.50919842,126.9394925,2011-08-24,한전주,02-820-9923,서울특별시 동작구청,2026-04-06
02-382,서울특별시 동작구 장승배기로 133,노량진동 231-119,37.50954557,126.9400068,2011-08-24,전용주,02-820-9923,서울특별시 동작구청,2026-04-06
02-383,서울특별시 동작구 장승배기로 137-2,노량진동 231-31,37.50975954,126.9399586,2011-08-24,벽부주,02-820-9923,서울특별시 동작구청,2026-04-06
02-384,서울특별시 동작구 장승배기로 137-5,노량진동 231-51,37.50968963,126.9397974,2011-08-24,벽부주,02-820-9923,서울특별시 동작구청,2026-04-06
02-385,서울특별시 동작구 장승배기로 137-6,노량진동 231-134,37.5098811,126.9398171,2011-08-24,벽부주,02-820-9923,서울특별시 동작구청,2026-04-06
02-386,서울특별시 동작구 장승배기로23길 1,노량진동 231-10,37.50999601,126.9398877,2011-08-24,벽부주,02-820-9923,서울특별시 동작구청,2026-04-06
02-387,서울특별시 동작구 장승배기로23길 10,노량진동 234-5,37.51012874,126.9395511,2011-08-24,전용주,02-820-9923,서울특별시 동작구청,2026-04-06
02-388,서울특별시 동작구 장승배기로23길 11,노량진동 234-21,37.50997776,126.9394353,2011-08-24,전용주,02-820-9923,서울특별시 동작구청,2026-04-06
02-390,서울특별시 동작구 장승배기로25길 2,노량진동 240-48,37.51114703,126.9398585,2011-08-24,벽부주,02-820-9923,서울특별시 동작구청,2026-04-06
02-391,서울특별시 동작구 장승배기로25길 3-3,노량진동 240-44,37.51099743,126.9397913,2011-08-24,전용주,02-820-9923,서울특별시 동작구청,2026-04-06
02-392,서울특별시 동작구 장승배기로25길 3-6,노량진동 241-7,37.51093071,126.9397003,2011-08-24,한전주,02-820-9923,서울특별시 동작구청,2026-04-06
02-393,서울특별시 동작구 장승배기로25길 3-10,노량진동 241-21,37.51068511,126.9395535,2011-08-24,전용주,02-820-9923,서울특별시 동작구청,2026-04-06
02-394,서울특별시 동작구 장승배기로25길 3-9,노량진동 235-17,37.51063786,126.9396581,2011-08-24,전용주,02-820-9923,서울특별시 동작구청,2026-04-06
02-395,서울특별시 동작구 장승배기로27길 52,노량진동 248-76,37.51038097,126.939448,2011-08-24,한전주,02-820-9923,서울특별시 동작구청,2026-04-06
02-396,서울특별시 동작구 장승배기로27길 56,노량진동 248-4,37.51026158,126.9394464,2011-08-24,한전주,02-820-9923,서울특별시 동작구청,2026-04-06
02-397,서울특별시 동작구 장승배기로27길 58,노량진동 248-12,37.5101759,126.9392711,2011-08-24,한전주,02-820-9923,서울특별시 동작구청,2026-04-06
02-398,서울특별시 동작구 장승배기로27나길 15,노량진동 248-13,37.51033574,126.9391042,2011-08-24,한전주,02-820-9923,서울특별시 동작구청,2026-04-06
02-399,서울특별시 동작구 장승배기로27나길 7,노량진동 248-8,37.51052938,126.9389626,2011-08-24,전용주,02-820-9923,서울특별시 동작구청,2026-04-06
02-400,서울특별시 동작구 장승배기로27가길 20,노량진동 248-72,37.51037374,126.9385386,2011-08-24,전용주,02-820-9923,서울특별시 동작구청,2026-04-06
02-401,서울특별시 동작구 장승배기로27가길 28,노량진동 248-19,37.51018235,126.9386745,2011-08-24,한전주,02-820-9923,서울특별시 동작구청,2026-04-06
02-402,서울특별시 동작구 장승배기로27가길 25-5,노량진동 248-39,37.51026579,126.9388723,2011-08-24,벽부주,02-820-9923,서울특별시 동작구청,2026-04-06
02-403,서울특별시 동작구 장승배기로27길 62,노량진동 248-15,37.51001362,126.9390818,2011-08-24,전용주,02-820-9923,서울특별시 동작구청,2026-04-06
02-404,서울특별시 동작구 장승배기로27길 74-6,노량진동 248-79,37.5097967,126.9386431,2011-08-24,벽부주,02-820-9923,서울특별시 동작구청,2026-04-06
02-405,서울특별시 동작구 장승배기로27길 74-12,노량진동 248-5,37.50998768,126.9385661,2011-08-24,벽부주,02-820-9923,서울특별시 동작구청,2026-04-06
02-406,서울특별시 동작구 장승배기로27길 44,노량진동 248-2,37.51059936,126.9392482,2011-08-24,한전주,02-820-9923,서울특별시 동작구청,2026-04-06
02-407,서울특별시 동작구 장승배기로27길 38,노량진동 247-4,37.51088538,126.9391603,2011-08-24,한전주,02-820-9923,서울특별시 동작구청,2026-04-06
02-408,서울특별시 동작구 장승배기로27가길 2,노량진동 247-10,37.51088979,126.9389793,2011-08-24,벽부주,02-820-9923,서울특별시 동작구청,2026-04-06
02-409,서울특별시 동작구 장승배기로27가길 5,노량진동 248-24,37.51078157,126.9387701,2011-08-24,한전주,02-820-9923,서울특별시 동작구청,2026-04-06
02-410,서울특별시 동작구 장승배기로27가길 11,노량진동 248-65,37.51072741,126.9385892,2011-08-24,한전주,02-820-9923,서울특별시 동작구청,2026-04-06
02-411,서울특별시 동작구 장승배기로27가길 17,노량진동 248-29,37.5105539,126.9384621,2011-08-24,벽부주,02-820-9923,서울특별시 동작구청,2026-04-06
02-412,서울특별시 동작구 장승배기로27가길 19,노량진동 248-91,37.51046156,126.9384791,2011-08-24,전용주,02-820-9923,서울특별시 동작구청,2026-04-06
02-413,서울특별시 동작구 장승배기로27길 34,노량진동 246-20,37.5111264,126.9391601,2011-08-24,한전주,02-820-9923,서울특별시 동작구청,2026-04-06
02-414,서울특별시 동작구 장승배기로27길 30-5,노량진동 246-33,37.51107672,126.9389113,2011-08-24,한전주,02-820-9923,서울특별시 동작구청,2026-04-06
02-415,서울특별시 동작구 장승배기로27길 30-9,노량진동 246-39,37.51099777,126.9386936,2011-08-24,한전주,02-820-9923,서울특별시 동작구청,2026-04-06
02-416,서울특별시 동작구 장승배기로27길 27,노량진동 242-11,37.51126387,126.9392957,2011-08-24,한전주,02-820-9923,서울특별시 동작구청,2026-04-06
02-417,서울특별시 동작구 장승배기로25길 9,노량진동 242-6,37.51123013,126.9393749,2011-08-24,벽부주,02-820-9923,서울특별시 동작구청,2026-04-06
02-418,서울특별시 동작구 장승배기로25길 7,노량진동 240-41,37.5111807,126.9396238,2011-08-24,한전주,02-820-9923,서울특별시 동작구청,2026-04-06
02-419,서울특별시 동작구 장승배기로25길 5-6,노량진동 241-4,37.51097568,126.9395448,2011-08-24,벽부주,02-820-9923,서울특별시 동작구청,2026-04-06
02-420,서울특별시 동작구 장승배기로 153-1,노량진동 240-45,37.51136779,126.9398809,2011-08-24,벽부주,02-820-9923,서울특별시 동작구청,2026-04-06
02-421,서울특별시 동작구 장승배기로 153-5,노량진동 240-30,37.51143752,126.9396914,2011-08-24,벽부주,02-820-9923,서울특별시 동작구청,2026-04-06
02-422,서울특별시 동작구 장승배기로 159,노량진동 240-1,37.51170574,126.9400249,2011-08-24,벽부주,02-820-9923,서울특별시 동작구청,2026-04-06
02-424,서울특별시 동작구 장승배기로27길 3,노량진동 240-19,37.51178332,126.9397654,2011-08-24,한전주,02-820-9923,서울특별시 동작구청,2026-04-06
02-425,서울특별시 동작구 장승배기로27길 3-5,노량진동 240-6,37.51169207,126.9397167,2011-08-24,벽부주,02-820-9923,서울특별시 동작구청,2026-04-06
02-429,서울특별시 동작구 장승배기로27길 26-4,노량진동 246-66,37.51131106,126.9390581,2011-08-24,한전주,02-820-9923,서울특별시 동작구청,2026-04-06
02-430,서울특별시 동작구 장승배기로27길 26-10,노량진동 246-62,37.51129964,126.9387612,2011-08-24,전용주,02-820-9923,서울특별시 동작구청,2026-04-06
02-431,서울특별시 동작구 장승배기로27길 26-12,노량진동 246-63,37.51125675,126.9385831,2011-08-24,한전주,02-820-9923,서울특별시 동작구청,2026-04-06
02-434,서울특별시 동작구 장승배기로27길 20-16,노량진동 244-6,37.51143011,126.938419,2011-08-24,한전주,02-820-9923,서울특별시 동작구청,2026-04-06
02-435,서울특별시 동작구 장승배기로27길 20-18,노량진동 244-18,37.51136918,126.9382183,2011-08-24,한전주,02-820-9923,서울특별시 동작구청,2026-04-06
02-436,서울특별시 동작구 노량진로10길 45-10,노량진동 253-16,37.51134207,126.9380571,2011-08-24,한전주,02-820-9923,서울특별시 동작구청,2026-04-06
02-437,서울특별시 동작구 노량진로10길 45-5,노량진동 254-12,37.51153127,126.9380343,2011-08-24,벽부주,02-820-9923,서울특별시 동작구청,2026-04-06
02-439,서울특별시 동작구 노량진로10길 45,노량진동 253-18,37.51142752,126.9377799,2011-08-24,벽부주,02-820-9923,서울특별시 동작구청,2026-04-06
02-441,서울특별시 동작구 장승배기로27가길7-3,노량진동 248-64,37.51063513,126.9387335,2022-04-22,벽부주,02-820-9923,서울특별시 동작구청,2026-04-06
02-442,서울특별시 동작구 노량진로10길 59-4,노량진동 249-31,37.51080607,126.9382527,2011-08-24,전용주,02-820-9923,서울특별시 동작구청,2026-04-06
02-443,서울특별시 동작구 노량진로10길 60-5,노량진동 249-86,37.51073818,126.9376391,2011-08-24,벽부주,02-820-9923,서울특별시 동작구청,2026-04-06
02-445,서울특별시 동작구 노량진로10길 65-7,노량진동 249-35,37.51051999,126.9382246,2011-08-24,통신주,02-820-9923,서울특별시 동작구청,2026-04-06
02-446,서울특별시 동작구 노량진로10길 66-4,노량진동 249-30,37.51052871,126.9376647,2011-08-24,한전주,02-820-9923,서울특별시 동작구청,2026-04-06
02-447,서울특별시 동작구 노량진로10길 66-7,노량진동 249-46,37.51050386,126.9375347,2011-08-24,한전주,02-820-9923,서울특별시 동작구청,2026-04-06
02-449,서울특별시 동작구 노량진로10길 72-6,노량진동 249-47,37.5102404,126.9376932,2011-08-24,한전주,02-820-9923,서울특별시 동작구청,2026-04-06
02-450,서울특별시 동작구 노량진로10길 71-6,노량진동 249-95,37.51023618,126.9382446,2011-08-24,한전주,02-820-9923,서울특별시 동작구청,2026-04-06
02-452,서울특별시 동작구 노량진로10길 78-6,노량진동 249-53,37.50997909,126.9376511,2011-08-24,통신주,02-820-9923,서울특별시 동작구청,2026-04-06
02-453,서울특별시 동작구 장승배기로27다길 10,노량진동 249-59,37.50999068,126.9382873,2022-04-05,한전주,02-820-9923,서울특별시 동작구청,2026-04-06
02-454,서울특별시 동작구 장승배기로27다길 5,노량진동 300-4,37.50983531,126.9383863,2011-08-24,벽부주,02-820-9923,서울특별시 동작구청,2026-04-06
02-455,서울특별시 동작구 장승배기로27길 80,노량진동 304-36,37.50952683,126.9385958,2011-08-24,한전주,02-820-9923,서울특별시 동작구청,2026-04-06
02-456,서울특별시 동작구 장승배기로27라길 2,노량진동 304-46,37.50946818,126.938446,2011-08-24,한전주,02-820-9923,서울특별시 동작구청,2026-04-06
02-457,서울특별시 동작구 장승배기로27라길 7,노량진동 304-46,37.50919569,126.9385594,2011-08-24,전용주,02-820-9923,서울특별시 동작구청,2026-04-06
02-458,서울특별시 동작구 장승배기로27라길 11,노량진동 304-40,37.50903345,126.9384492,2011-08-24,한전주,02-820-9923,서울특별시 동작구청,2026-04-06
02-459,서울특별시 동작구 장승배기로27라길 11-3,노량진동 305-76,37.50896143,126.9385652,2011-08-24,벽부주,02-820-9923,서울특별시 동작구청,2026-04-06
02-460,서울특별시 동작구 장승배기로27라길13,노량진동 304-46,37.50888919,126.9382627,2011-08-24,한전주,02-820-9923,서울특별시 동작구청,2026-04-06
02-461,서울특별시 동작구 장승배기로27라길 17-4,노량진동 304-29,37.50875633,126.9383335,2011-08-24,벽부주,02-820-9923,서울특별시 동작구청,2026-04-06
02-462,서울특별시 동작구 장승배기로19가길 20,노량진동 304-8,37.50871343,126.9381413,2011-08-24,한전주,02-820-9923,서울특별시 동작구청,2026-04-06
02-463,서울특별시 동작구 장승배기로27다길 2,노량진동 248-110,37.50967544,126.9384854,2011-08-24,벽부주,02-820-9923,서울특별시 동작구청,2026-04-06
02-465,서울특별시 동작구 노량진로6길 65-4,노량진동 289-48,37.51025108,126.9366046,2015-02-10,전용주,02-820-9923,서울특별시 동작구청,2026-04-06
02-466,서울특별시 동작구 노량진로6길 61-6,노량진동 289-87,37.51053036,126.9365365,2011-08-24,전용주,02-820-9923,서울특별시 동작구청,2026-04-06
02-467,서울특별시 동작구 노량진로6길 61-13,노량진동 282-20,37.51064753,126.9366184,2011-08-24,벽부주,02-820-9923,서울특별시 동작구청,2026-04-06
02-468,서울특별시 동작구 노량진로6길 61-25,노량진동 282-21,37.51067018,126.9368389,2011-08-24,벽부주,02-820-9923,서울특별시 동작구청,2026-04-06
02-469,서울특별시 동작구 노량진로8나길 46,노량진동 289-80,37.51056892,126.9370454,2011-08-24,벽부주,02-820-9923,서울특별시 동작구청,2026-04-06
02-470,서울특별시 동작구 노량진로8나길 43-1,노량진동 250-14,37.51067042,126.937297,2011-08-24,벽부주,02-820-9923,서울특별시 동작구청,2026-04-06
02-471,서울특별시 동작구 노량진로8다길 2,노량진동 282-40,37.5108933,126.937065,2011-08-24,전용주,02-820-9923,서울특별시 동작구청,2026-04-06
02-473,서울특별시 동작구 노량진로12길 37,노량진동 255-14,37.51177491,126.9378905,2011-08-24,한전주,02-820-9923,서울특별시 동작구청,2026-04-06
02-474,서울특별시 동작구 노량진로12길 38,노량진동 255-8,37.51190512,126.9379068,2011-08-24,벽부주,02-820-9923,서울특별시 동작구청,2026-04-06
02-475,서울특별시 동작구 노량진로12길 31,노량진동 244-56,37.51200877,126.9379802,2011-08-24,벽부주,02-820-9923,서울특별시 동작구청,2026-04-06
02-476,서울특별시 동작구 노량진로12길 27-1,노량진동 244-79,37.51205266,126.9383336,2022-07-12,전용주,02-820-9923,서울특별시 동작구청,2026-04-06
02-477,서울특별시 동작구 노량진로12길 27-6,노량진동 244-51,37.51186256,126.9383677,2011-08-24,전용주,02-820-9923,서울특별시 동작구청,2026-04-06
02-478,서울특별시 동작구 노량진로12길 27-12,노량진동 244-54,37.51194833,126.938707,2011-08-24,한전주,02-820-9923,서울특별시 동작구청,2026-04-06
02-479,서울특별시 동작구 노량진로8길 70,노량진동 47-2,37.51209042,126.9390575,2017-05-31,한전주,02-820-9923,서울특별시 동작구청,2026-04-06
02-480,서울특별시 동작구 장승배기로 161,노량진동 47-2,37.51216694,126.938933,2011-08-24,한전주,02-820-9923,서울특별시 동작구청,2026-04-06
02-485,서울특별시 동작구 노량진로12길 26,노량진동 244-50,37.51221608,126.9381214,2022-07-06,한전주,02-820-9923,서울특별시 동작구청,2026-04-06
02-487,서울특별시 동작구 노량진로12길 16,노량진동 39-18,37.51252253,126.9383304,2011-08-24,한전주,02-820-9923,서울특별시 동작구청,2026-04-06
02-488,서울특별시 동작구 노량진로12길 15-3,노량진동 37-11,37.5124912,126.9387235,2011-08-24,전용주,02-820-9923,서울특별시 동작구청,2026-04-06
02-489,서울특별시 동작구 노량진로12길 11,노량진동 39-6,37.51278161,126.9384207,2011-08-24,한전주,02-820-9923,서울특별시 동작구청,2026-04-06
02-490,서울특별시 동작구 노량진로12길 11-4,노량진동 39-5,37.51278619,126.9385621,2011-08-24,한전주,02-820-9923,서울특별시 동작구청,2026-04-06
02-491,서울특별시 동작구 노량진로12길 11-8,노량진동 39-3,37.51273002,126.9388251,2011-08-24,한전주,02-820-9923,서울특별시 동작구청,2026-04-06
02-492,서울특별시 동작구 노량진로126,노량진동 44-18,37.51316338,126.9396629,2011-08-24,한전주,02-820-9923,서울특별시 동작구청,2026-04-06
02-493,서울특별시 동작구 노량진로12길 6,노량진동 40-28,37.51313073,126.938378,2011-08-24,전용주,02-820-9923,서울특별시 동작구청,2026-04-06
02-494,서울특별시 동작구 노량진로12길 4-1,노량진동 40-30,37.51310583,126.9381405,2011-08-24,한전주,02-820-9923,서울특별시 동작구청,2026-04-06
02-495,서울특별시 동작구 노량진로12길 12-13,노량진동 39-34,37.51281503,126.9377166,2011-08-24,한전주,02-820-9923,서울특별시 동작구청,2026-04-06
02-496,서울특별시 동작구 노량진로12길 12-8,노량진동 40-45,37.51282417,126.9379682,2011-08-24,한전주,02-820-9923,서울특별시 동작구청,2026-04-06
02-497,서울특별시 동작구 노량진로8길39,노량진동 39-39,37.51275639,126.9375639,2011-08-24,전용주,02-820-9923,서울특별시 동작구청,2026-04-06
02-506,서울특별시 동작구 노량진로6길 6-3,노량진동 265-1,37.51287698,126.9356296,2011-08-24,전용주,02-820-9923,서울특별시 동작구청,2026-04-06
02-507,서울특별시 동작구 등용로14길 77,노량진동 266-6,37.51272382,126.9356439,2022-06-21,벽부주,02-820-9923,서울특별시 동작구청,2026-04-06
02-508,서울특별시 동작구 노량진로6길 6-8,노량진동 29-5,37.51296713,126.9357116,2011-08-24,벽부주,02-820-9923,서울특별시 동작구청,2026-04-06
02-509,서울특별시 동작구 노량진로 90,노량진동 28-7,37.51305676,126.935686,2011-08-24,벽부주,02-820-9923,서울특별시 동작구청,2026-04-06
02-510,서울특별시 동작구 노량진로6길 6-9,노량진동 267-13,37.51293989,126.9353355,2011-08-24,한전주,02-820-9923,서울특별시 동작구청,2026-04-06
02-512,서울특별시 동작구 등용로14길 77-7,노량진동 266-26,37.51284069,126.9351631,2011-08-24,벽부주,02-820-9923,서울특별시 동작구청,2026-04-06
02-513,서울특별시 동작구 등용로14길 77-5,노량진동 266-27,37.51275069,126.9353555,2011-08-24,벽부주,02-820-9923,서울특별시 동작구청,2026-04-06
02-514,서울특별시 동작구 등용로14길 77-3,노량진동 266-28,37.51267417,126.9354715,2011-08-24,벽부주,02-820-9923,서울특별시 동작구청,2026-04-06
02-517,서울특별시 동작구 노량진로6가길1,노량진동 263-11,37.51241091,126.9359835,2011-08-24,한전주,02-820-9923,서울특별시 동작구청,2026-04-06
02-518,서울특별시 동작구 노량진로8가길 20,노량진동 262-4,37.51223749,126.9360346,2011-08-24,한전주,02-820-9923,서울특별시 동작구청,2026-04-06
02-519,서울특별시 동작구 노량진로8가길14,노량진동 262-3,37.5123796,126.9364162,2018-09-06,한전주,02-820-9923,서울특별시 동작구청,2026-04-06
02-520,서울특별시 동작구 노량진로8가길 8,노량진동 261-3,37.5124834,126.9367469,2011-08-24,한전주,02-820-9923,서울특별시 동작구청,2026-04-06
02-521,서울특별시 동작구 노량진로8나길 3,노량진동 259-7,37.51225143,126.9368235,2011-08-24,전용주,02-820-9923,서울특별시 동작구청,2026-04-06
02-522,서울특별시 동작구 노량진로8나길 8,노량진동 256-2,37.51217933,126.9367769,2011-08-24,전용주,02-820-9923,서울특별시 동작구청,2026-04-06
02-523,서울특별시 동작구 노량진로8나길 10,노량진동 258-19,37.51208701,126.9368491,2011-08-24,벽부주,02-820-9923,서울특별시 동작구청,2026-04-06
02-524,서울특별시 동작구 노량진로8나길 14,노량진동 256-7,37.51199696,126.9369509,2011-08-24,통신주,02-820-9923,서울특별시 동작구청,2026-04-06
02-525,서울특별시 동작구 노량진로8나길 15,노량진동 258-4,37.51184161,126.9370755,2011-08-24,전용주,02-820-9923,서울특별시 동작구청,2026-04-06
02-526,서울특별시 동작구 노량진로8나길22,노량진동 256-24,37.51167945,126.9371152,2020-03-25,전용주,02-820-9923,서울특별시 동작구청,2026-04-06
02-527,서울특별시 동작구 노량진로10가길 10,노량진동 256-25,37.51148125,126.9371521,2011-08-24,한전주,02-820-9923,서울특별시 동작구청,2026-04-06
02-528,서울특별시 동작구 노량진로8나길 30,노량진동 280-32,37.51128531,126.9372032,2011-08-24,벽부주,02-820-9923,서울특별시 동작구청,2026-04-06
02-529,서울특별시 동작구 노량진로8나길 32,노량진동 281-8,37.51111863,126.9372146,2011-08-24,한전주,02-820-9923,서울특별시 동작구청,2026-04-06
02-530,서울특별시 동작구 노량진로8나길 31-8,노량진동 251-10,37.5108777,126.9373902,2011-08-24,벽부주,02-820-9923,서울특별시 동작구청,2026-04-06
02-531,서울특별시 동작구 노량진로10가길 5-11,노량진동 251-1,37.51109183,126.9376614,2011-08-24,벽부주,02-820-9923,서울특별시 동작구청,2026-04-06
02-532,서울특별시 동작구 노량진로10가길 5-6,노량진동 280-30,37.51131243,126.9373813,2011-08-24,통신주,02-820-9923,서울특별시 동작구청,2026-04-06
02-533,서울특별시 동작구 노량진로10가길 5,노량진동 280-29,37.51146332,126.9373359,2011-08-24,전용주,02-820-9923,서울특별시 동작구청,2026-04-06
02-535,서울특별시 동작구 노량진로10길 37,노량진동 256-48,37.51179004,126.937528,2011-08-24,전용주,02-820-9923,서울특별시 동작구청,2026-04-06
02-537,서울특별시 동작구 노량진로10길 32-7,노량진동 258-25,37.51202857,126.9370866,2011-08-24,전용주,02-820-9923,서울특별시 동작구청,2026-04-06
02-538,서울특별시 동작구 노량진로10길 30-4,노량진동 258-18,37.51217282,126.937259,2011-08-24,전용주,02-820-9923,서울특별시 동작구청,2026-04-06
02-540,서울특별시 동작구 노량진로8길 40,노량진동 258-42,37.51235319,126.9375642,2011-08-24,벽부주,02-820-9923,서울특별시 동작구청,2026-04-06
02-541,서울특별시 동작구 노량진로10길 24-5,노량진동 258-34,37.5124386,126.9372248,2011-08-24,전용주,02-820-9923,서울특별시 동작구청,2026-04-06
02-543,서울특별시 동작구 노량진로6길20-3,노량진동 271-7,37.51225081,126.9356669,2011-08-24,전용주,02-820-9923,서울특별시 동작구청,2026-04-06
02-544,서울특별시 동작구 노량진로6길 20-7,노량진동 271-15,37.51224166,126.9354153,2011-08-24,벽부주,02-820-9923,서울특별시 동작구청,2026-04-06
02-551,서울특별시 동작구 등용로14길61-3,노량진동 267-28,37.51251836,126.934759,2011-08-24,벽부주,02-820-9923,서울특별시 동작구청,2026-04-06
02-552,서울특별시 동작구 등용로14길 61-5,노량진동 267-37,37.51279088,126.9347051,2011-08-24,전용주,02-820-9923,서울특별시 동작구청,2026-04-06
02-555,서울특별시 동작구 노량진로6가길 14,노량진동 276-14,37.5120596,126.9361478,2011-08-24,한전주,02-820-9923,서울특별시 동작구청,2026-04-06
02-556,서울특별시 동작구 노량진로6가길 16,노량진동 278-5,37.51197857,126.936244,2011-08-24,벽부주,02-820-9923,서울특별시 동작구청,2026-04-06
02-557,서울특별시 동작구 노량진로6가길 18,노량진동 278-1,37.5119327,126.9364064,2011-08-24,한전주,02-820-9923,서울특별시 동작구청,2026-04-06
02-558,서울특별시 동작구 노량진로6가길 21,노량진동 256-9,37.51204864,126.9367077,2011-08-24,한전주,02-820-9923,서울특별시 동작구청,2026-04-06
02-559,서울특별시 동작구 노량진로10가길 30-3,노량진동 276-6,37.51183659,126.9361254,2011-08-24,한전주,02-820-9923,서울특별시 동작구청,2026-04-06
02-560,서울특별시 동작구 노량진로10가길 30-9,노량진동 278-2,37.51182549,126.9364251,2011-08-24,통신주,02-820-9923,서울특별시 동작구청,2026-04-06
02-561,서울특별시 동작구 노량진로10가길 32,노량진동 276-9,37.51169689,126.9360435,2011-08-24,한전주,02-820-9923,서울특별시 동작구청,2026-04-06
02-562,서울특별시 동작구 노량진로10가길 27,노량진동 284-23,37.5116114,126.9362302,2011-08-24,벽부주,02-820-9923,서울특별시 동작구청,2026-04-06
02-563,서울특별시 동작구 노량진로10가길 22,노량진동 279-7,37.51151468,126.9364961,2011-08-24,한전주,02-820-9923,서울특별시 동작구청,2026-04-06
02-564,서울특별시 동작구 노량진로10가길 17-6,노량진동 280-12,37.5113278,126.9366263,2011-08-24,벽부주,02-820-9923,서울특별시 동작구청,2026-04-06
02-565,서울특별시 동작구 노량진로10가길 12,노량진동 256-26,37.5114721,126.9369033,2011-08-24,한전주,02-820-9923,서울특별시 동작구청,2026-04-06
02-566,서울특별시 동작구 노량진로10가길 14-6,노량진동 256-22,37.51170408,126.9368381,2011-08-24,전용주,02-820-9923,서울특별시 동작구청,2026-04-06
02-567,서울특별시 동작구 노량진로10가길 11-3,노량진동 280-37,37.51129642,126.9369317,2011-08-24,벽부주,02-820-9923,서울특별시 동작구청,2026-04-06
02-568,서울특별시 동작구 장승배기로19길 55-6,노량진동 294-390,37.50847388,126.9366627,2011-08-24,한전주,02-820-9923,서울특별시 동작구청,2026-04-06
02-569,서울특별시 동작구 장승배기로19길 55-10,노량진동 294-388,37.50849853,126.9364166,2011-08-24,한전주,02-820-9923,서울특별시 동작구청,2026-04-06
02-571,서울특별시 동작구 노량진로6길 61-10,노량진동 289-85,37.5105079,126.9366553,2011-08-24,벽부주,02-820-9923,서울특별시 동작구청,2026-04-06
02-572,서울특별시 동작구 노량진로10길 88,노량진동 249-16,37.50957142,126.9377193,2011-08-24,전용주,02-820-9923,서울특별시 동작구청,2026-04-06
02-574,서울특별시 동작구 노량진로8나길 56,노량진동 289-30,37.51006207,126.9369724,2011-08-24,벽부주,02-820-9923,서울특별시 동작구청,2026-04-06
02-575,서울특별시 동작구 노량진로6길65-18,노량진동 289-68,37.51020837,126.936763,2013-03-22,전용주,02-820-9923,서울특별시 동작구청,2026-04-06
02-576,서울특별시 동작구 장승배기로19다길24,노량진동 302-27,37.50932582,126.9375781,2013-03-22,한전주,02-820-9923,서울특별시 동작구청,2026-04-06
02-577,서울특별시 동작구 장승배기로131,노량진동 231-122,37.50917392,126.9400212,2013-03-20,한전주,02-820-9923,서울특별시 동작구청,2026-04-06
02-578,서울특별시 동작구 장승배기로18길3,노량진동 230-14,37.50752529,126.9404354,2013-03-22,전용주,02-820-9923,서울특별시 동작구청,2026-04-06
02-579,서울특별시 동작구 장승배기로21길6,노량진동 231-142,37.50923458,126.9397243,2013-03-20,통신주,02-820-9923,서울특별시 동작구청,2026-04-06
02-581,서울특별시 동작구 노량진로8나길 56,노량진동 291-13,37.51027845,126.937238,2013-03-20,벽부주,02-820-9923,서울특별시 동작구청,2026-04-06
02-582,서울특별시 동작구 노량진로6다길 34,노량진동 294-33,37.50907938,126.9358733,2013-03-22,한전주,02-820-9923,서울특별시 동작구청,2026-04-06
02-583,서울특별시 동작구 장승배기로19길16,노량진동 306-10,37.50822519,126.9392077,2013-03-22,한전주,02-820-9923,서울특별시 동작구청,2026-04-06
02-584,서울특별시 동작구 장승배기로27길 26-16,노량진동 244-47,37.51117555,126.9383711,2013-03-22,벽부주,02-820-9923,서울특별시 동작구청,2026-04-06
02-585,서울특별시 동작구 장승배기로 123-2,노량진동 307-75,37.50876393,126.9399707,2018-11-14,벽부주,02-820-9923,서울특별시 동작구청,2026-04-06
02-586,서울특별시 동작구 장승배기로 123-2,노량진동 308-32,37.50856345,126.9399623,2018-11-14,한전주,02-820-9923,서울특별시 동작구청,2026-04-06
02-589,서울특별시 동작구 장승배기로23길 18-1,노량진동 234-11,37.50982221,126.9391809,2015-02-10,벽부주,02-820-9923,서울특별시 동작구청,2026-04-06
02-603,서울특별시 동작구 장승배기로123-3,노량진동 307-176,37.50870739,126.9395296,2011-08-24,벽부주,02-820-9923,서울특별시 동작구청,2026-04-06
02-604,서울특별시 동작구 장승배기로27길 46,노량진동 248-73,37.51053859,126.9393387,2011-08-24,전용주,02-820-9923,서울특별시 동작구청,2026-04-06
02-605,서울특별시 동작구 노량진로8나길 34,노량진동 282-1,37.51105549,126.9370846,2011-08-24,벽부주,02-820-9923,서울특별시 동작구청,2026-04-06
02-606,서울특별시 동작구 노량진로8길 35,노량진동 27-2,37.51275171,126.9372331,2011-08-24,한전주,02-820-9923,서울특별시 동작구청,2026-04-06
02-607,서울특별시 동작구 장승배기로20가길 8-6,노량진동 230-16,37.50803438,126.9404802,2011-08-24,벽부주,02-820-9923,서울특별시 동작구청,2026-04-06
02-610,서울특별시 동작구 만양로3길 78,노량진동 327,37.50664741,126.9416349,2011-08-24,전용주,02-820-9923,서울특별시 동작구청,2026-04-06
02-611,서울특별시 동작구 만양로3길 78,노량진동 327,37.50673285,126.9413238,2011-08-24,한전주,02-820-9923,서울특별시 동작구청,2026-04-06
02-612,서울특별시 동작구 만양로3길 78,노량진동 329-3,37.50675521,126.9410043,2011-08-24,한전주,02-820-9923,서울특별시 동작구청,2026-04-06
02-613,서울특별시 동작구 만양로3길 78,노량진동 329-3,37.50660422,126.9408631,2011-08-24,전용주,02-820-9923,서울특별시 동작구청,2026-04-06
02-614,서울특별시 동작구 만양로3길 78,노량진동 329-3,37.50650057,126.940784,2011-08-24,전용주,02-820-9923,서울특별시 동작구청,2026-04-06
02-615,서울특별시 동작구 만양로3길 78,노량진동 329-3,37.50638113,126.9406794,2011-08-24,전용주,02-820-9923,서울특별시 동작구청,2026-04-06
02-616,서울특별시 동작구 만양로3길 78,노량진동 329-3,37.50618281,126.9404732,2011-08-24,전용주,02-820-9923,서울특별시 동작구청,2026-04-06
02-620,서울특별시 동작구 노량진로8나길 53,노량진동 291-22,37.51020679,126.9371724,2011-08-24,벽부주,02-820-9923,서울특별시 동작구청,2026-04-06
02-621,서울특별시 동작구 노량진로8나길 47-5,노량진동 250-8,37.51042271,126.9374245,2011-08-24,전용주,02-820-9923,서울특별시 동작구청,2026-04-06
02-622,서울특별시 동작구 노량진로8나길 47-3,노량진동 250-9,37.51045865,126.9372406,2011-08-24,전용주,02-820-9923,서울특별시 동작구청,2026-04-06
02-623,서울특별시 동작구 노량진로6길 65-11,노량진동 289-65,37.51030983,126.936941,2011-08-24,한전주,02-820-9923,서울특별시 동작구청,2026-04-06
02-624,서울특별시 동작구 노량진로6길 65-28,노량진동 289-59,37.51019492,126.9368902,2011-08-24,전용주,02-820-9923,서울특별시 동작구청,2026-04-06
02-625,서울특별시 동작구 노량진로6가길 13-3,노량진동 277-5,37.51211829,126.9363655,2011-08-24,벽부주,02-820-9923,서울특별시 동작구청,2026-04-06
02-627,서울특별시 동작구 장승배기로16길 115,노량진동 225-293,37.50983754,126.9428229,2011-08-24,한전주,02-820-9923,서울특별시 동작구청,2026-04-06
02-630,서울특별시 동작구 장승배기로18길 15,노량진동 228-41,37.50748506,126.9410631,2011-08-24,한전주,02-820-9923,서울특별시 동작구청,2026-04-06
02-631,서울특별시 동작구 노량진로12길 6,노량진동 40-28,37.51304964,126.9383781,2011-08-24,한전주,02-820-9923,서울특별시 동작구청,2026-04-06
02-632,서울특별시 동작구 장승배기로16길 12,노량진동 310-53,37.50677758,126.9406961,2011-08-24,한전주,02-820-9923,서울특별시 동작구청,2026-04-06
02-636,서울특별시 동작구 장승배기로19길42,노량진동 302-173,37.5081748,126.9376073,2011-08-24,통신주,02-820-9923,서울특별시 동작구청,2026-04-06
02-638,서울특별시 동작구 장승배기로19길 40,노량진동 301-23,37.50817937,126.9377261,2011-08-24,한전주,02-820-9923,서울특별시 동작구청,2026-04-06
02-641,서울특별시 동작구 장승배기로15길 43,노량진동 312-6,37.50779499,126.9392674,2011-08-24,전용주,02-820-9923,서울특별시 동작구청,2026-04-06
02-646,서울특별시 동작구 노량진로6길 89-7,노량진동 298-15,37.50983032,126.9374561,2011-08-24,벽부주,02-820-9923,서울특별시 동작구청,2026-04-06
02-647,서울특별시 동작구 장승배기로19길 30-3,노량진동 302-257,37.50830805,126.9382745,2011-08-24,벽부주,02-820-9923,서울특별시 동작구청,2026-04-06
02-651,서울특별시 동작구 장승배기로21길14,노량진동 307-40,37.50917573,126.9391617,2011-08-24,한전주,02-820-9923,서울특별시 동작구청,2026-04-06
02-652,서울특별시 동작구 노량진로6길 28,노량진동 272-10,37.51181159,126.9357154,2011-08-24,전용주,02-820-9923,서울특별시 동작구청,2026-04-06
02-657,서울특별시 동작구 노량진로8다길 10-7,노량진동 282-33,37.51105306,126.9367566,2011-08-24,벽부주,02-820-9923,서울특별시 동작구청,2026-04-06
02-658,서울특별시 동작구 노량진로8다길 13,노량진동 282-6,37.51086589,126.9363581,2011-08-24,한전주,02-820-9923,서울특별시 동작구청,2026-04-06
02-659,서울특별시 동작구 노량진로6길 57-8,노량진동 282-7,37.51071946,126.9363271,2011-08-24,한전주,02-820-9923,서울특별시 동작구청,2026-04-06
02-660,서울특별시 동작구 노량진로8다길 24,노량진동 284-15,37.51132758,126.9362304,2011-08-24,한전주,02-820-9923,서울특별시 동작구청,2026-04-06
02-661,서울특별시 동작구 노량진로8다길 18,노량진동 283-6,37.51104606,126.936307,2011-08-24,한전주,02-820-9923,서울특별시 동작구청,2026-04-06
02-663,서울특별시 동작구 장승배기로25길 12-7,노량진동 242-9,37.51151847,126.9394142,2011-08-24,벽부주,02-820-9923,서울특별시 동작구청,2026-04-06
02-664,서울특별시 동작구 장승배기로25길 3-15,노량진동 235-14,37.51050496,126.9396498,2011-08-24,벽부주,02-820-9923,서울특별시 동작구청,2026-04-06
02-665,서울특별시 동작구 노량진로10길 53-1,노량진동 253-17,37.51105829,126.9381309,2011-08-24,벽부주,02-820-9923,서울특별시 동작구청,2026-04-06
02-666,서울특별시 동작구 노량진로6길 29,노량진동 275-5앞,37.51178687,126.9358087,2018-09-06,벽부주,02-820-9923,서울특별시 동작구청,2026-04-06
02-667,서울특별시 동작구 장승배기로16가길 4-4,노량진동 310-115,37.5065295,126.940094,2013-03-20,벽부주,02-820-9923,서울특별시 동작구청,2026-04-06
02-668,서울특별시 동작구 노량진로8길 72,노량진동 243-15,37.51197111,126.9391961,2012-08-07,한전주,02-820-9923,서울특별시 동작구청,2026-04-06
02-671,서울특별시 동작구 장승배기로123-6,노량진동 307-72,37.50876606,126.9397332,2015-02-10,벽부주,02-820-9923,서울특별시 동작구청,2026-04-06
02-674,서울특별시 동작구 장승배기로 153-9,노량진동 240-57,37.51155017,126.9397451,2015-02-10,벽부주,02-820-9923,서울특별시 동작구청,2026-04-06
02-676,서울특별시 동작구 장승배기로27길 25,노량진동 242-10,37.51142154,126.9392758,2013-10-07,벽부주,02-820-9923,서울특별시 동작구청,2026-04-06
02-677,서울특별시 동작구 노량진로8다길 3,노량진동 282-15,37.51085268,126.9369264,2018-11-26,통신주,02-820-9923,서울특별시 동작구청,2026-04-06
02-679,서울특별시 동작구 장승배기로27길 16-6,노량진동 244-29,37.51180654,126.9389192,2011-08-24,한전주,02-820-9923,서울특별시 동작구청,2026-04-06
02-680,서울특별시 동작구 장승배기로27길 16-7,노량진동 244-43,37.51172088,126.9388033,2011-08-24,전용주,02-820-9923,서울특별시 동작구청,2026-04-06
02-681,서울특별시 동작구 장승배기로27길 16-11,노량진동 244-17,37.51170727,126.9386167,2011-08-24,한전주,02-820-9923,서울특별시 동작구청,2026-04-06
02-682,서울특별시 동작구 장승배기로27길16-12,노량진동 244-31,37.51169819,126.9384894,2012-08-07,통신주,02-820-9923,서울특별시 동작구청,2026-04-06
02-683,서울특별시 동작구 장승배기로27길 16-15,노량진동 244-14,37.51162829,126.9383538,2022-05-09,한전주,02-820-9923,서울특별시 동작구청,2026-04-06
02-684,서울특별시 동작구 장승배기로27길 20-9,노량진동 244-9,37.51144377,126.9386961,2011-08-24,한전주,02-820-9923,서울특별시 동작구청,2026-04-06
02-685,서울특별시 동작구 장승배기로27길 20-8,노량진동 244-2,37.51152942,126.9388091,2015-02-10,통신주,02-820-9923,서울특별시 동작구청,2026-04-06
02-686,서울특별시 동작구 장승배기로27길 22,노량진동 246-14,37.51157916,126.9391654,2011-08-24,한전주,02-820-9923,서울특별시 동작구청,2026-04-06
02-688,서울특별시 동작구 노량진로8다길 10,노량진동 282-27,37.51091784,126.9366238,2011-08-24,한전주,02-820-9923,서울특별시 동작구청,2026-04-06
02-689,서울특별시 동작구 장승배기로19길54,노량진동 302-304,37.50832094,126.9370841,2011-08-24,벽부주,02-820-9923,서울특별시 동작구청,2026-04-06
02-692,서울특별시 동작구 장승배기로16가길7,노량진동 310-60,37.50649585,126.9403655,2018-11-13,벽부주,02-820-9923,서울특별시 동작구청,2026-04-06
02-693,서울특별시 동작구 장승배기로 161,노량진동 47-2,37.5118904,126.9399427,2011-08-24,한전주,02-820-9923,서울특별시 동작구청,2026-04-06
02-694,서울특별시 동작구 장승배기로 161,노량진동 47-2,37.51188806,126.9397674,2017-05-10,한전주,02-820-9923,서울특별시 동작구청,2026-04-06
02-695,서울특별시 동작구 장승배기로 161,노량진동 47-2,37.51189926,126.9396373,2011-08-24,한전주,02-820-9923,서울특별시 동작구청,2026-04-06
02-696,서울특별시 동작구 장승배기로 161,노량진동 47-2,37.51190358,126.9392782,2011-08-24,한전주,02-820-9923,서울특별시 동작구청,2026-04-06
02-697,서울특별시 동작구 노량진로8길 72,노량진동 244-12,37.51196427,126.9390293,2011-08-24,한전주,02-820-9923,서울특별시 동작구청,2026-04-06
02-698,서울특별시 동작구 노량진로8길 58,노량진동 244-65,37.51221177,126.9384947,2011-08-24,한전주,02-820-9923,서울특별시 동작구청,2026-04-06
02-699,서울특별시 동작구 노량진로8길 49,노량진동 39-26,37.51240073,126.938011,2011-08-24,한전주,02-820-9923,서울특별시 동작구청,2026-04-06
02-700,서울특별시 동작구 노량진로10길 28,노량진동 258-20,37.51217972,126.9375248,2011-08-24,한전주,02-820-9923,서울특별시 동작구청,2026-04-06
02-701,서울특별시 동작구 노량진로10길 34,노량진동 256-41,37.51193415,126.9374232,2011-08-24,한전주,02-820-9923,서울특별시 동작구청,2026-04-06
02-702,서울특별시 동작구 노량진로10가길 2,노량진동 256-38,37.51155352,126.9375055,2011-08-24,한전주,02-820-9923,서울특별시 동작구청,2026-04-06
02-703,서울특별시 동작구 노량진로12길 44,노량진동 255-11,37.51156035,126.9376469,2011-08-24,한전주,02-820-9923,서울특별시 동작구청,2026-04-06
02-704,서울특별시 동작구 노량진로10길 55,노량진동 249-1,37.51103344,126.937998,2011-08-24,한전주,02-820-9923,서울특별시 동작구청,2026-04-06
02-705,서울특별시 동작구 노량진로10길 61,노량진동 249-32,37.51079243,126.9380123,2011-08-24,한전주,02-820-9923,서울특별시 동작구청,2026-04-06
02-706,서울특별시 동작구 노량진로10길 65,노량진동 249-37,37.51055593,126.9380238,2011-08-24,한전주,02-820-9923,서울특별시 동작구청,2026-04-06
02-707,서울특별시 동작구 노량진로10길 71,노량진동 249-129,37.51026534,126.9380014,2011-08-24,한전주,02-820-9923,서울특별시 동작구청,2026-04-06
02-708,서울특별시 동작구 노량진로10길 79,노량진동 249-132,37.50997252,126.9380215,2011-08-24,한전주,02-820-9923,서울특별시 동작구청,2026-04-06
02-709,서울특별시 동작구 노량진로10길 85,노량진동 249-18,37.50969315,126.9379058,2011-08-24,한전주,02-820-9923,서울특별시 동작구청,2026-04-06
02-710,서울특별시 동작구 노량진로8길 40,노량진동 258-42,37.51245679,126.9375359,2011-08-24,한전주,02-820-9923,서울특별시 동작구청,2026-04-06
02-711,서울특별시 동작구 노량진로8길 3,노량진동 31-15,37.51282329,126.9362999,2011-08-24,한전주,02-820-9923,서울특별시 동작구청,2026-04-06
02-712,서울특별시 동작구 노량진로8길 34,노량진동 258-40,37.51252197,126.9372785,2011-08-24,한전주,02-820-9923,서울특별시 동작구청,2026-04-06
02-713,서울특별시 동작구 노량진로8길 27,노량진동 31-13,37.51270421,126.936874,2011-08-24,한전주,02-820-9923,서울특별시 동작구청,2026-04-06
02-714,서울특별시 동작구 노량진로8길 21,노량진동 31-18,37.51277385,126.9365289,2011-08-24,한전주,02-820-9923,서울특별시 동작구청,2026-04-06
02-715,서울특별시 동작구 노량진로8길12,노량진동 31-3,37.51284566,126.9360171,2011-08-24,한전주,02-820-9923,서울특별시 동작구청,2026-04-06
02-716,서울특별시 동작구 노량진로6길 9,노량진동 284-46,37.5126609,126.9359183,2011-08-24,한전주,02-820-9923,서울특별시 동작구청,2026-04-06
02-717,서울특별시 동작구 노량진로6길 15,노량진동 263-3,37.51246042,126.9359099,2011-08-24,한전주,02-820-9923,서울특별시 동작구청,2026-04-06
02-718,서울특별시 동작구 등용로14길 72,노량진동 271-5,37.51249408,126.9356667,2011-08-24,한전주,02-820-9923,서울특별시 동작구청,2026-04-06
02-719,서울특별시 동작구 노량진로6길 23,노량진동 275-2,37.51199186,126.9358312,2011-08-24,한전주,02-820-9923,서울특별시 동작구청,2026-04-06
02-720,서울특별시 동작구 노량진로6길 29,노량진동 284-1,37.51157512,126.9357919,2011-08-24,한전주,02-820-9923,서울특별시 동작구청,2026-04-06
02-721,서울특별시 동작구 노량진로6길 37,노량진동 273-7,37.51134312,126.9358091,2011-08-24,한전주,02-820-9923,서울특별시 동작구청,2026-04-06
02-722,서울특별시 동작구 노량진로6길 45,노량진동 283-3,37.51107285,126.9358687,2011-08-24,한전주,02-820-9923,서울특별시 동작구청,2026-04-06
02-732,서울특별시 동작구 등용로4길 132,노량진동 273-7,37.51127721,126.9347262,2011-08-24,한전주,02-820-9923,서울특별시 동작구청,2026-04-06
02-737,서울특별시 동작구 등용로4길 132,노량진동 273-7,37.51154974,126.9346892,2011-08-24,한전주,02-820-9923,서울특별시 동작구청,2026-04-06
02-738,서울특별시 동작구 등용로4길 148,노량진동 270-3,37.51182679,126.9346833,2011-08-24,한전주,02-820-9923,서울특별시 동작구청,2026-04-06
02-739,서울특별시 동작구 등용로4길 152,노량진동 270-3,37.51212863,126.9346802,2011-08-24,한전주,02-820-9923,서울특별시 동작구청,2026-04-06
02-740,서울특별시 동작구 등용로14길 66,노량진동 270,37.5123361,126.9351126,2011-08-24,한전주,02-820-9923,서울특별시 동작구청,2026-04-06
02-741,서울특별시 동작구 등용로14길 68,노량진동 271-13,37.51238355,126.9353756,2011-08-24,한전주,02-820-9923,서울특별시 동작구청,2026-04-06
02-742,서울특별시 동작구 노량진로6길 46,노량진동 286-1,37.51085432,126.9357982,2011-08-24,한전주,02-820-9923,서울특별시 동작구청,2026-04-06
02-744,서울특별시 동작구 노량진로6길 50-40,노량진동 286-9,37.51037012,126.9359655,2011-08-24,한전주,02-820-9923,서울특별시 동작구청,2026-04-06
02-749,서울특별시 동작구 노량진로6다길 11,노량진동 288-15,37.51007958,126.9360251,2011-08-24,한전주,02-820-9923,서울특별시 동작구청,2026-04-06
02-754,서울특별시 동작구 노량진로6다길 14,노량진동 294-205,37.50994894,126.9360365,2011-08-24,전용주,02-820-9923,서울특별시 동작구청,2026-04-06
02-755,서울특별시 동작구 노량진로6다길 21,노량진동 294-28,37.5096336,126.9360509,2011-08-24,벽부주,02-820-9923,서울특별시 동작구청,2026-04-06
02-756,서울특별시 동작구 노량진로6다길 24,노량진동 294-28,37.50960646,126.9358615,2017-05-29,한전주,02-820-9923,서울특별시 동작구청,2026-04-06
02-766,서울특별시 동작구 노량진로6길 53,노량진동 284-5,37.51050083,126.9360728,2011-08-24,한전주,02-820-9923,서울특별시 동작구청,2026-04-06
02-767,서울특별시 동작구 노량진로6길 63,노량진동 274-15,37.5103793,126.9362737,2015-02-10,한전주,02-820-9923,서울특별시 동작구청,2026-04-06
02-768,서울특별시 동작구 노량진로6길 65-2,노량진동 289-50,37.51020142,126.9364095,2011-08-24,한전주,02-820-9923,서울특별시 동작구청,2026-04-06
02-769,서울특별시 동작구 노량진로6길 76,노량진동 292-28,37.5097983,126.9365597,2011-08-24,한전주,02-820-9923,서울특별시 동작구청,2026-04-06
02-770,서울특별시 동작구 노량진로6길 81,노량진동 289-41,37.50975573,126.9369839,2011-08-24,한전주,02-820-9923,서울특별시 동작구청,2026-04-06
02-771,서울특별시 동작구 노량진로6길 91,노량진동 298-12,37.50958701,126.9373828,2011-08-24,한전주,02-820-9923,서울특별시 동작구청,2026-04-06
02-772,서울특별시 동작구 장승배기로19길 78,노량진동 302-243,37.50926615,126.9372004,2011-08-24,한전주,02-820-9923,서울특별시 동작구청,2026-04-06
02-773,서울특별시 동작구 장승배기로19길 72,노량진동 302-15,37.509044,126.9371005,2011-08-24,한전주,02-820-9923,서울특별시 동작구청,2026-04-06
02-774,서울특별시 동작구 장승배기로19길 70,노량진동 302-239,37.50887051,126.9370158,2011-08-24,한전주,02-820-9923,서울특별시 동작구청,2026-04-06
02-775,서울특별시 동작구 장승배기로19길 63,노량진동 294-337,37.5087038,126.9369707,2011-08-24,한전주,02-820-9923,서울특별시 동작구청,2026-04-06
02-776,서울특별시 동작구 장승배기로19길66-8,노량진동 302-303,37.50839746,126.9369709,2011-08-24,한전주,02-820-9923,서울특별시 동작구청,2026-04-06
02-780,서울특별시 동작구 장승배기로19가길 36,노량진동 249-81,37.50939342,126.9376317,2011-08-24,한전주,02-820-9923,서울특별시 동작구청,2026-04-06
02-781,서울특별시 동작구 장승배기로19다길 13,노량진동 302-26,37.50875365,126.9375135,2011-08-24,한전주,02-820-9923,서울특별시 동작구청,2026-04-06
02-782,서울특별시 동작구 장승배기로19다길 11,노량진동 302-26,37.50855544,126.9375335,2011-08-24,한전주,02-820-9923,서울특별시 동작구청,2026-04-06
02-783,서울특별시 동작구 노량진로10길 45-6,노량진동 253-5,37.51118669,126.9381421,2022-03-03,벽부주,02-820-9923,서울특별시 동작구청,2026-04-06
02-786,서울특별시 동작구 노량진로6길17,노량진동 263-5,37.51221939,126.9358847,2018-02-07,벽부주,02-820-9923,서울특별시 동작구청,2026-04-06
02-787,서울특별시 동작구 노량진로 110,노량진동 41-5,37.51313265,126.9377333,2022-06-03,벽부주,02-820-9923,서울특별시 동작구청,2026-04-06
02-788,서울특별시 동작구 노량진로 92,노량진동 27-11,37.51299204,126.9359576,2023-08-25,벽부주,02-820-9923,서울특별시 동작구청,2026-04-06
02-789,서울특별시 동작구 노량진로 92,노량진동 27-11,37.51307313,126.9359547,2023-08-25,벽부주,02-820-9923,서울특별시 동작구청,2026-04-06
02-790,서울특별시 동작구 장승배기로21길 32,노량진동 305-29,37.50874753,126.9387379,2023-12-01,벽부주,02-820-9923,서울특별시 동작구청,2026-04-06
02-791,서울특별시 동작구 노량진로6길 86,노량진동 297-1,37.5095868,126.9369982,2023-12-28,한전주,02-820-9923,서울특별시 동작구청,2026-04-06
02-793,서울특별시 동작구 노량진로8나길 92,노량진동 294-3,37.50874169,126.9362128,2023-12-28,통신주,02-820-9923,서울특별시 동작구청,2026-04-06
02-794,서울특별시 동작구 장승배기로19길 18,노량진동 313-155,37.5081867,126.938826,2024-01-02,한전주,02-820-9923,서울특별시 동작구청,2026-04-06
02-795,서울특별시 동작구 장승배기로19길 30,노량진동 302-391,37.50818201,126.9384725,2024-01-02,한전주,02-820-9923,서울특별시 동작구청,2026-04-06
02-796,서울특별시 동작구 장승배기로19길 34,노량진동 313-62,37.5081705,126.9379862,2024-01-02,한전주,02-820-9923,서울특별시 동작구청,2026-04-06
02-797,서울특별시 동작구 장승배기로19길 26,노량진동 302-177,37.50819336,126.9386394,2024-01-24,통신주,02-820-9923,서울특별시 동작구청,2026-04-06
02-798,서울특별시 동작구 장승배기로 145-1,노량진동 235-19,37.51051182,126.939859,2024-07-15,벽부주,02-820-9923,서울특별시 동작구청,2026-04-06
02-799,서울특별시 동작구 장승배기로27길 73,노량진동 248-116,37.50959452,126.9388163,2024-09-06,통신주,02-820-9923,서울특별시 동작구청,2026-04-06
02-800,서울특별시 동작구 노량진로6길 22,노량진동 271-16,37.51203229,126.9356332,2024-09-30,벽부주,02-820-9923,서울특별시 동작구청,2026-04-06
02-801,서울특별시 동작구 장승배기로27길 84-4,노량진동 300-8,37.50953788,126.9382028,2025-06-10,벽부주,02-820-9923,서울특별시 동작구청,2026-04-06
03-3001,서울특별시 동작구 양녕로 253-8,상도1동 707-1,37.50322618,126.9471425,2011-08-24,한전주,02-820-9923,서울특별시 동작구청,2026-04-06
03-3002,서울특별시 동작구 상도로34나길 32,상도1동 711-1,37.50304125,126.9466506,,한전주,02-820-9923,서울특별시 동작구청,2026-04-06
03-3003,서울특별시 동작구 상도로36길 15,상도1동 711-1,37.50325741,126.946461,2011-08-24,한전주,02-820-9923,서울특별시 동작구청,2026-04-06
03-3004,서울특별시 동작구 양녕로 243,상도동 159-268,37.50292393,126.946221,2011-08-24,벽부주,02-820-9923,서울특별시 동작구청,2026-04-06
03-3005,서울특별시 동작구 양녕로 243,상도동 159-216,37.50271904,126.9464275,2011-08-24,전용주,02-820-9923,서울특별시 동작구청,2026-04-06
03-3006,서울특별시 동작구 양녕로 243,상도동 159-213,37.50265594,126.9463653,2011-08-24,벽부주,02-820-9923,서울특별시 동작구청,2026-04-06
03-3007,서울특별시 동작구 상도로34다길 33-1,상도동 159-476,37.50276171,126.9461561,2011-08-24,전용주,02-820-9923,서울특별시 동작구청,2026-04-06
03-3008,서울특별시 동작구 양녕로 243,상도동 159-268,37.50260858,126.946241,2011-08-24,전용주,02-820-9923,서울특별시 동작구청,2026-04-06
03-3009,서울특별시 동작구 상도로34다길 33,상도동 159-474,37.50268733,126.9460402,2011-08-24,전용주,02-820-9923,서울특별시 동작구청,2026-04-06
03-3010,서울특별시 동작구 상도로34다길 26,상도동 159-161,37.5028269,126.9458478,2011-08-24,한전주,02-820-9923,서울특별시 동작구청,2026-04-06
03-3011,서울특별시 동작구 양녕로36길 12,상도동 159-456,37.50223931,126.9465409,2011-08-24,한전주,02-820-9923,서울특별시 동작구청,2026-04-06
03-3012,서울특별시 동작구 양녕로36길 21,상도동 159-88,37.50220784,126.9466908,2011-08-24,벽부주,02-820-9923,서울특별시 동작구청,2026-04-06
03-3013,서울특별시 동작구 양녕로36길 22,상도동 159-223,37.50205469,126.9467418,2011-08-24,한전주,02-820-9923,서울특별시 동작구청,2026-04-06
03-3014,서울특별시 동작구 양녕로36가길 4,상도동 159-260,37.50191734,126.9468578,2011-08-24,한전주,02-820-9923,서울특별시 동작구청,2026-04-06
03-3015,서울특별시 동작구 양녕로36가길 4,상도동 159-106,37.5018272,126.9467646,2020-05-06,한전주,02-820-9923,서울특별시 동작구청,2026-04-06
03-3016,서울특별시 동작구 양녕로36길 31,상도동 159-87,37.50201206,126.9471037,2011-08-24,한전주,02-820-9923,서울특별시 동작구청,2026-04-06
03-3017,서울특별시 동작구 상도로38나길 1,상도1동 727,37.50200314,126.9473214,2011-08-24,한전주,02-820-9923,서울특별시 동작구청,2026-04-06
03-3018,서울특별시 동작구 상도로38길 21,상도1동 812-4,37.50183426,126.9474545,2011-08-24,한전주,02-820-9923,서울특별시 동작구청,2026-04-06
03-3019,서울특별시 동작구 상도로38길 20-4,상도동 159-114,37.50175984,126.9472453,2011-08-24,벽부주,02-820-9923,서울특별시 동작구청,2026-04-06
03-3020,서울특별시 동작구 상도로38길 22,상도동 159-120,37.50169459,126.9474121,2011-08-24,한전주,02-820-9923,서울특별시 동작구청,2026-04-06
03-3021,서울특별시 동작구 상도로38길 23,상도동 159-56,37.50164957,126.9474772,2011-08-24,한전주,02-820-9923,서울특별시 동작구청,2026-04-06
03-3022,서울특별시 동작구 상도로38길 23,상도동 159-11,37.50164517,126.9477232,2011-08-24,통신주,02-820-9923,서울특별시 동작구청,2026-04-06
03-3023,서울특별시 동작구 상도로38길 33,상도동 159-11,37.50131864,126.9479157,2011-08-24,통신주,02-820-9923,서울특별시 동작구청,2026-04-06
03-3024,서울특별시 동작구 상도로38길 39,상도동 159-11,37.50123081,126.9479638,2011-08-24,한전주,02-820-9923,서울특별시 동작구청,2026-04-06
03-3025,서울특별시 동작구 상도로38길 43,상도동 159-61,37.50124892,126.9481673,2011-08-24,한전주,02-820-9923,서울특별시 동작구청,2026-04-06
03-3026,서울특별시 동작구 상도로38길 41-6,상도동 159-53,37.50142911,126.9481305,2011-08-24,벽부주,02-820-9923,서울특별시 동작구청,2026-04-06
03-3027,서울특별시 동작구 상도로38길 41-10,상도동 159-90,37.50162952,126.9479805,2011-08-24,벽부주,02-820-9923,서울특별시 동작구청,2026-04-06
03-3028,서울특별시 동작구 상도로38길 45,상도동 159-70,37.50115441,126.9483653,2020-05-21,한전주,02-820-9923,서울특별시 동작구청,2026-04-06
03-3029,서울특별시 동작구 상도로38길 52,상도동 159-11,37.50104863,126.9485887,2020-05-21,한전주,02-820-9923,서울특별시 동작구청,2026-04-06
03-3030,서울특별시 동작구 상도로38길52,상도동 159-11,37.50100806,126.9485209,2020-03-11,통신주,02-820-9923,서울특별시 동작구청,2026-04-06
03-3031,서울특별시 동작구 상도로38길 48,상도동 159-11,37.50093366,126.9483683,2011-08-24,한전주,02-820-9923,서울특별시 동작구청,2026-04-06
03-3032,서울특별시 동작구 상도로38길 75,상도동 159-40,37.50068591,126.9484194,2011-08-24,전용주,02-820-9923,서울특별시 동작구청,2026-04-06
03-3033,서울특별시 동작구 상도로38길 82,상도동 159-40,37.50069259,126.9482469,2011-08-24,한전주,02-820-9923,서울특별시 동작구청,2026-04-06
03-3034,서울특별시 동작구 상도로38길 86,상도동 159-40,37.50048763,126.9482923,2011-08-24,한전주,02-820-9923,서울특별시 동작구청,2026-04-06
03-3035,서울특별시 동작구 상도로38길 89,상도동 159-36,37.50024442,126.9484366,2020-05-21,한전주,02-820-9923,서울특별시 동작구청,2026-04-06
03-3036,서울특별시 동작구 상도로38길 93,상도동 159-196,37.50011388,126.948677,2011-08-24,전용주,02-820-9923,서울특별시 동작구청,2026-04-06
03-3037,서울특별시 동작구 상도로38길 95,상도동 159-10,37.49997203,126.94881,2020-05-21,한전주,02-820-9923,서울특별시 동작구청,2026-04-06
03-3038,서울특별시 동작구 양녕로 220,상도동 산 64-104,37.49974876,126.948191,2011-08-24,한전주,02-820-9923,서울특별시 동작구청,2026-04-06
03-3039,서울특별시 동작구 양녕로 220,상도동 산 64-104,37.49983419,126.9478036,2022-10-12,전용주,02-820-9923,서울특별시 동작구청,2026-04-06
03-3041,서울특별시 동작구 양녕로 220,상도동 산 64-104,37.49958643,126.9478631,2011-08-24,한전주,02-820-9923,서울특별시 동작구청,2026-04-06
03-3044,서울특별시 동작구 양녕로32길 56,상도동 산 65-248,37.49922153,126.9478691,2020-05-22,전용주,02-820-9923,서울특별시 동작구청,2026-04-06
03-3045,서울특별시 동작구 매봉로 13,상도1동 528-1,37.50568276,126.9502425,2021-12-07,한전주,02-820-9923,서울특별시 동작구청,2026-04-06
03-3049,서울특별시 동작구 상도로38길 71,상도동 159-40,37.5005418,126.948541,2020-05-06,한전주,02-820-9923,서울특별시 동작구청,2026-04-06
03-3050,서울특별시 동작구 상도로38길 69-2,상도동 159-40,37.50043155,126.948821,2011-08-24,전용주,02-820-9923,서울특별시 동작구청,2026-04-06
03-3051,서울특별시 동작구 상도로38길 67,상도동 159-303,37.50050813,126.9488068,2020-05-21,한전주,02-820-9923,서울특별시 동작구청,2026-04-06
03-3052,서울특별시 동작구 상도로38길 69-10,상도동 159-40,37.50041138,126.9490642,2011-08-24,통신주,02-820-9923,서울특별시 동작구청,2026-04-06
03-3053,서울특별시 동작구 양녕로22바길 96,상도동 산 65-248,37.49897157,126.9480304,2021-08-02,통신주,02-820-9923,서울특별시 동작구청,2026-04-06
03-3054,서울특별시 동작구 상도로38길 74,상도동 159-40,37.50062075,126.9488039,2020-05-21,전용주,02-820-9923,서울특별시 동작구청,2026-04-06
03-3055,서울특별시 동작구 상도로38길 57,상도동 159-41,37.50077178,126.9490611,2020-05-21,한전주,02-820-9923,서울특별시 동작구청,2026-04-06
03-3056,서울특별시 동작구 상도로38길 3-50,상도동 159-40,37.50044532,126.9494317,2020-05-06,전용주,02-820-9923,서울특별시 동작구청,2026-04-06
03-3057,서울특별시 동작구 상도로38길 3-48,상도동 159-40,37.50051966,126.9494486,2020-05-21,한전주,02-820-9923,서울특별시 동작구청,2026-04-06
03-3058,서울특별시 동작구 상도로38길 3-46,상도동 159-25,37.5006638,126.9493976,2020-05-21,통신주,02-820-9923,서울특별시 동작구청,2026-04-06
03-3059,서울특별시 동작구 상도로38길 3-42,상도동 159-305,37.50071102,126.9492025,2020-05-21,한전주,02-820-9923,서울특별시 동작구청,2026-04-06
03-3060,서울특별시 동작구 상도로38길 56,상도동 159-40,37.50090456,126.9487839,2020-05-21,한전주,02-820-9923,서울특별시 동작구청,2026-04-06
03-3061,서울특별시 동작구 상도로38길 57,상도동 159-40,37.50097448,126.9490044,2011-08-24,전용주,02-820-9923,서울특별시 동작구청,2026-04-06
03-3062,서울특별시 동작구 상도로38길 3-30,상도1동 388-2,37.50113885,126.948846,2020-05-21,한전주,02-820-9923,서울특별시 동작구청,2026-04-06
03-3063,서울특별시 동작구 상도로38길 3-30,상도1동 388-2,37.5011095,126.9486933,2011-08-24,벽부주,02-820-9923,서울특별시 동작구청,2026-04-06
03-3064,서울특별시 동작구 상도로38길 3-24,상도1동 802-1,37.50138427,126.9486055,2011-08-24,한전주,02-820-9923,서울특별시 동작구청,2026-04-06
03-3065,서울특별시 동작구 상도로38길 3-22,상도1동 804-1,37.50154865,126.948481,2011-08-24,한전주,02-820-9923,서울특별시 동작구청,2026-04-06
03-3066,서울특별시 동작구 상도로38길 3-13,상도1동 751-1,37.50175815,126.9485176,2011-08-24,벽부주,02-820-9923,서울특별시 동작구청,2026-04-06
03-3067,서울특별시 동작구 상도로38길 3-8,상도1동 751-1,37.50193593,126.9481471,2011-08-24,한전주,02-820-9923,서울특별시 동작구청,2026-04-06
03-3068,서울특별시 동작구 상도로38길 3-2,상도1동 809,37.50218362,126.9479377,2020-05-06,한전주,02-820-9923,서울특별시 동작구청,2026-04-06
03-3069,서울특별시 동작구 상도로38길 3-2,상도1동 809,37.50221963,126.9478726,2011-08-24,한전주,02-820-9923,서울특별시 동작구청,2026-04-06
03-3070,서울특별시 동작구 상도로38길9,상도1동 751-1,37.50212946,126.9477087,2020-05-22,전용주,02-820-9923,서울특별시 동작구청,2026-04-06
03-3071,서울특별시 동작구 상도로38길 11,상도1동 812-1,37.50205957,126.9475759,2011-08-24,한전주,02-820-9923,서울특별시 동작구청,2026-04-06
03-3072,서울특별시 동작구 상도로38나길 6,상도1동 729,37.50222395,126.9474542,,전용주,02-820-9923,서울특별시 동작구청,2026-04-06
03-3073,서울특별시 동작구 상도로38나길 5,상도1동 725-1,37.50238376,126.9471996,2011-08-24,한전주,02-820-9923,서울특별시 동작구청,2026-04-06
03-3074,서울특별시 동작구 상도로38나길 14,상도1동 732,37.50259772,126.9471344,2011-08-24,통신주,02-820-9923,서울특별시 동작구청,2026-04-06
03-3075,서울특별시 동작구 양녕로 246,상도동 159-432,37.50251419,126.9467076,2011-08-24,벽부주,02-820-9923,서울특별시 동작구청,2026-04-06
03-3076,서울특별시 동작구 상도로38가길 14,상도1동 746-2,37.50277359,126.9475188,2011-08-24,전용주,02-820-9923,서울특별시 동작구청,2026-04-06
03-3077,서울특별시 동작구 상도로38가길 5,상도1동 739-1,37.50253036,126.9476066,2011-08-24,한전주,02-820-9923,서울특별시 동작구청,2026-04-06
03-3078,서울특별시 동작구 상도로38가길 6,상도1동 743-2,37.50242458,126.9478216,2011-08-24,전용주,02-820-9923,서울특별시 동작구청,2026-04-06
03-3079,서울특별시 동작구 상도로 263-6,상도1동 698,37.50381662,126.9477867,2020-05-23,한전주,02-820-9923,서울특별시 동작구청,2026-04-06
03-3080,서울특별시 동작구 상도로 267,상도1동 701-1,37.50369045,126.9477189,2020-05-22,한전주,02-820-9923,서울특별시 동작구청,2026-04-06
03-3081,서울특별시 동작구 상도로 265-11,상도1동 697,37.50391808,126.9480015,2020-05-23,한전주,02-820-9923,서울특별시 동작구청,2026-04-06
03-3082,서울특별시 동작구 상도로 265-21,상도1동 691-1,37.50406687,126.9482757,2020-05-23,한전주,02-820-9923,서울특별시 동작구청,2026-04-06
03-3083,서울특별시 동작구 상도로 265-23,상도1동 691-1,37.50413901,126.9484226,2011-08-24,전용주,02-820-9923,서울특별시 동작구청,2026-04-06
03-3084,서울특별시 동작구 상도로 265-25,상도1동 691-1,37.50420889,126.9485357,2020-05-23,한전주,02-820-9923,서울특별시 동작구청,2026-04-06
03-3085,서울특별시 동작구 상도로 265-28,상도1동 690,37.50422924,126.9487053,2020-05-14,전용주,02-820-9923,서울특별시 동작구청,2026-04-06
03-3086,서울특별시 동작구 상도로 265-29,상도1동 692,37.50437342,126.9487618,2011-08-24,전용주,02-820-9923,서울특별시 동작구청,2026-04-06
03-3087,서울특별시 동작구 상도로 265-33,상도1동 618,37.50447263,126.9489992,2020-05-23,한전주,02-820-9923,서울특별시 동작구청,2026-04-06
03-3088,서울특별시 동작구 상도로 265-45,상도1동 691-1,37.50465975,126.9493581,2020-05-23,한전주,02-820-9923,서울특별시 동작구청,2026-04-06
03-3089,서울특별시 동작구 양녕로 281,상도1동 621,37.50463055,126.9495589,2019-01-28,통신주,02-820-9923,서울특별시 동작구청,2026-04-06
03-3090,서울특별시 동작구 매봉로 13,상도1동 528-1,37.50598015,126.9503808,2011-08-24,한전주,02-820-9923,서울특별시 동작구청,2026-04-06
03-3091,서울특별시 동작구 매봉로 13,상도1동 528-1,37.50581794,126.9503046,2011-08-24,한전주,02-820-9923,서울특별시 동작구청,2026-04-06
03-3092,서울특별시 동작구 매봉로 23,상도동 521,37.50614687,126.9504514,2011-08-24,한전주,02-820-9923,서울특별시 동작구청,2026-04-06
03-3093,서울특별시 동작구 매봉로 23,상도동 521,37.50629108,126.9505616,2011-08-24,한전주,02-820-9923,서울특별시 동작구청,2026-04-06
03-3096,서울특별시 동작구 매봉로 31-4,상도동 516,37.50671685,126.9506885,2011-08-24,한전주,02-820-9923,서울특별시 동작구청,2026-04-06
03-3097,서울특별시 동작구 매봉로 31-6,상도동 2-41,37.50693091,126.9508382,2011-08-24,전용주,02-820-9923,서울특별시 동작구청,2026-04-06
03-3098,서울특별시 동작구 매봉로 31-16,상도동 2-7,37.50678435,126.9505019,2011-08-24,한전주,02-820-9923,서울특별시 동작구청,2026-04-06
03-3099,서울특별시 동작구 만양로2길 50,상도동 2-38,37.50669195,126.9503803,2011-08-24,벽부주,02-820-9923,서울특별시 동작구청,2026-04-06
03-3100,서울특별시 동작구 만양로2길 50,상도동 2-15,37.50665128,126.9500863,2011-08-24,전용주,02-820-9923,서울특별시 동작구청,2026-04-06
03-3101,서울특별시 동작구 상도로49길 15,상도동 465-4,37.49934732,126.9523812,2021-02-08,벽부주,02-820-9923,서울특별시 동작구청,2026-04-06
03-3102,서울특별시 동작구 상도로45길 4,상도1동 262,37.50025438,126.9506504,2020-02-17,통신주,02-820-9923,서울특별시 동작구청,2026-04-06
03-3103,서울특별시 동작구 상도로38길69-12,상도동 159-350,37.50041145,126.9492225,2021-10-05,벽부주,02-820-9923,서울특별시 동작구청,2026-04-06
03-3104,서울특별시 동작구 상도로 386-9,상도동 496-3,37.49430705,126.954564,2021-02-22,벽부주,02-820-9923,서울특별시 동작구청,2026-04-06
03-3105,서울특별시 동작구 만양로2길 50,상도동 2-15,37.50683826,126.9501512,2011-08-24,전용주,02-820-9923,서울특별시 동작구청,2026-04-06
03-3107,서울특별시 동작구 만양로2길 50,상도동 2-15,37.50697344,126.9502105,2011-08-24,한전주,02-820-9923,서울특별시 동작구청,2026-04-06
03-3108,서울특별시 동작구 만양로2길 58,상도동 2-10,37.50731138,126.9503686,2011-08-24,한전주,02-820-9923,서울특별시 동작구청,2026-04-06
03-3109,서울특별시 동작구 만양로2길 68,상도동 414-2,37.50738589,126.9507927,2011-08-24,한전주,02-820-9923,서울특별시 동작구청,2026-04-06
03-3110,서울특별시 동작구 만양로2길 72-3,상도동 2-20,37.50727342,126.9511547,2011-08-24,전용주,02-820-9923,서울특별시 동작구청,2026-04-06
03-3111,서울특별시 동작구 만양로2길 72-7,상도동 2-36,37.50714491,126.9508748,2011-08-24,벽부주,02-820-9923,서울특별시 동작구청,2026-04-06
03-3112,서울특별시 동작구 만양로2길 74,상도동 2-3,37.50753474,126.9512224,2011-08-24,한전주,02-820-9923,서울특별시 동작구청,2026-04-06
03-3113,서울특별시 동작구 만양로2길 76,상도동 414,37.50759109,126.951327,2011-08-24,한전주,02-820-9923,서울특별시 동작구청,2026-04-06
03-3114,서울특별시 동작구 매봉로 65,상도1동 508-1,37.50774434,126.9515022,2011-08-24,한전주,02-820-9923,서울특별시 동작구청,2026-04-06
03-3115,서울특별시 동작구 매봉로 59,상도1동 509-1,37.50732991,126.9515873,2011-08-24,전용주,02-820-9923,서울특별시 동작구청,2026-04-06
03-3116,서울특별시 동작구 강남초등2길 24,상도1동 552-1,37.50605029,126.9511272,2011-08-24,한전주,02-820-9923,서울특별시 동작구청,2026-04-06
03-3117,서울특별시 동작구 강남초등2길21,상도1동 528-1,37.50622598,126.951113,2011-08-24,전용주,02-820-9923,서울특별시 동작구청,2026-04-06
03-3118,서울특별시 동작구 강남초등2길 19,상도1동 528-1,37.50630035,126.9511977,2020-05-24,한전주,02-820-9923,서울특별시 동작구청,2026-04-06
03-3119,서울특별시 동작구 강남초등2길 15,상도1동 550,37.506377,126.9513588,2011-08-24,한전주,02-820-9923,서울특별시 동작구청,2026-04-06
03-3120,서울특별시 동작구 강남초등2길 5,상도1동 548-1,37.50638618,126.9517603,2011-08-24,한전주,02-820-9923,서울특별시 동작구청,2026-04-06
03-3121,서울특별시 동작구 강남초등길 7,상도1동 501-1,37.50652148,126.9521363,2011-08-24,한전주,02-820-9923,서울특별시 동작구청,2026-04-06
03-3122,서울특별시 동작구 강남초등길 5-1,상도1동 502-1,37.50665213,126.9521334,2011-08-24,한전주,02-820-9923,서울특별시 동작구청,2026-04-06
03-3123,서울특별시 동작구 강남초등길 6,상도1동 542,37.50682549,126.951941,2011-08-24,한전주,02-820-9923,서울특별시 동작구청,2026-04-06
03-3124,서울특별시 동작구 강남초등길 3,상도1동 508-2,37.50694487,126.9519296,2011-08-24,전용주,02-820-9923,서울특별시 동작구청,2026-04-06
03-3125,서울특별시 동작구 강남초등길 3,상도1동 503,37.50702149,126.9520257,2011-08-24,한전주,02-820-9923,서울특별시 동작구청,2026-04-06
03-3126,서울특별시 동작구 매봉로2길 1,상도1동 505,37.50722869,126.9519379,2011-08-24,한전주,02-820-9923,서울특별시 동작구청,2026-04-06
03-3127,서울특별시 동작구 매봉로2길 1,상도동 505,37.50730537,126.9521697,2011-08-24,한전주,02-820-9923,서울특별시 동작구청,2026-04-06
03-3128,서울특별시 동작구 매봉로2가길 3,상도동 1-7,37.50747207,126.9521951,2020-05-22,전용주,02-820-9923,서울특별시 동작구청,2026-04-06
03-3129,서울특별시 동작구 매봉로2가길 3,상도동 1-7,37.50765002,126.9522063,2020-05-22,한전주,02-820-9923,서울특별시 동작구청,2026-04-06
03-3130,서울특별시 동작구 매봉로4길 8,상도동 7-30,37.50783927,126.9523193,2011-08-24,한전주,02-820-9923,서울특별시 동작구청,2026-04-06
03-3131,서울특별시 동작구 매봉로4길 3,상도동 1-11,37.50785265,126.9519771,2011-08-24,한전주,02-820-9923,서울특별시 동작구청,2026-04-06
03-3132,서울특별시 동작구 매봉로4길 1,상도동 1-36,37.50785936,126.9518499,2019-01-24,벽부주,02-820-9923,서울특별시 동작구청,2026-04-06
03-3133,서울특별시 동작구 매봉로4길 11,상도동 1-17,37.50807139,126.9525934,2011-08-24,한전주,02-820-9923,서울특별시 동작구청,2026-04-06
03-3134,서울특별시 동작구 매봉로4길 9-3,상도동 1-15,37.50824026,126.9524038,2011-08-24,한전주,02-820-9923,서울특별시 동작구청,2026-04-06
03-3135,서울특별시 동작구 매봉로4길 4,상도동 7-28,37.50814809,126.9528591,2011-08-24,전용주,02-820-9923,서울특별시 동작구청,2026-04-06
03-3136,서울특별시 동작구 매봉로4길 13,상도동 1-20,37.50826524,126.9529269,2011-08-24,한전주,02-820-9923,서울특별시 동작구청,2026-04-06
03-3137,서울특별시 동작구 매봉로4길 17,상도동 1-38,37.50835543,126.9531474,2011-08-24,한전주,02-820-9923,서울특별시 동작구청,2026-04-06
03-3138,서울특별시 동작구 매봉로4가길 5,상도동 7-26,37.50807611,126.9531165,2011-08-24,전용주,02-820-9923,서울특별시 동작구청,2026-04-06
03-3139,서울특별시 동작구 매봉로4가길 5,상도동 7-159,37.50799509,126.953289,2018-05-08,전용주,02-820-9923,서울특별시 동작구청,2026-04-06
03-3140,서울특별시 동작구 매봉로2가길 15,상도동 7-3,37.50786671,126.9533343,2011-08-24,한전주,02-820-9923,서울특별시 동작구청,2026-04-06
03-3141,서울특별시 동작구 매봉로4가길 20,상도동 7-8,37.50770688,126.9535889,2011-08-24,한전주,02-820-9923,서울특별시 동작구청,2026-04-06
03-3142,서울특별시 동작구 매봉로4가길 21,상도동 7-89,37.50762361,126.9537756,2011-08-24,한전주,02-820-9923,서울특별시 동작구청,2026-04-06
03-3143,서울특별시 동작구 매봉로2길 17,상도동 7-36,37.50741636,126.9537276,2011-08-24,한전주,02-820-9923,서울특별시 동작구청,2026-04-06
03-3144,서울특별시 동작구 매봉로4가길 32,상도동 7-43,37.50707173,126.9537194,2011-08-24,한전주,02-820-9923,서울특별시 동작구청,2026-04-06
03-3145,서울특별시 동작구 매봉로4가길 40,상도동 7-40,37.50682171,126.9537619,2011-08-24,한전주,02-820-9923,서울특별시 동작구청,2026-04-06
03-3146,서울특별시 동작구 매봉로4가길 42,상도동 7-98,37.50681287,126.9541804,2011-08-24,한전주,02-820-9923,서울특별시 동작구청,2026-04-06
03-3148,서울특별시 동작구 매봉로2가길 13,상도동 7-5,37.50774954,126.9532411,2011-08-24,한전주,02-820-9923,서울특별시 동작구청,2026-04-06
03-3149,서울특별시 동작구 매봉로2가길 9,상도동 7-7,37.50772456,126.9527322,2011-08-24,한전주,02-820-9923,서울특별시 동작구청,2026-04-06
03-3150,서울특별시 동작구 매봉로2길 8-4,상도동 7-22,37.50692932,126.9524584,2011-08-24,한전주,02-820-9923,서울특별시 동작구청,2026-04-06
03-3151,서울특별시 동작구 매봉로2길 8,상도동 7-17,37.5072717,126.9524582,2020-05-22,한전주,02-820-9923,서울특별시 동작구청,2026-04-06
03-3152,서울특별시 동작구 매봉로2길 8,상도동 7-17,37.50728982,126.9527042,2020-05-22,전용주,02-820-9923,서울특별시 동작구청,2026-04-06
03-3153,서울특별시 동작구 매봉로2길 11,상도동 7-182,37.50737324,126.9529133,2020-05-22,한전주,02-820-9923,서울특별시 동작구청,2026-04-06
03-3154,서울특별시 동작구 매봉로2길 13-1,상도동 7-171,37.50737785,126.9531763,2020-05-22,한전주,02-820-9923,서울특별시 동작구청,2026-04-06
03-3155,서울특별시 동작구 매봉로2길 16-2,상도동 7-188,37.50724498,126.9532499,2020-05-22,전용주,02-820-9923,서울특별시 동작구청,2026-04-06
03-3156,서울특별시 동작구 매봉로2길 16-4,상도동 7-25,37.50702875,126.9532698,2020-05-22,한전주,02-820-9923,서울특별시 동작구청,2026-04-06
03-3157,서울특별시 동작구 매봉로2길 16-5,상도동 7-47,37.50687784,126.9532784,2020-05-22,전용주,02-820-9923,서울특별시 동작구청,2026-04-06
03-3158,서울특별시 동작구 강남초등길 12,상도1동 528-1,37.50624665,126.9520715,2019-01-15,통신주,02-820-9923,서울특별시 동작구청,2026-04-06
03-3159,서울특별시 동작구 강남초등길 15,상도1동 501-1,37.50610029,126.9522016,2011-08-24,한전주,02-820-9923,서울특별시 동작구청,2026-04-06
03-3160,서울특별시 동작구 강남초등4길 14-1,상도1동 553,37.50581613,126.951362,2011-08-24,통신주,02-820-9923,서울특별시 동작구청,2026-04-06
03-3161,서울특별시 동작구 강남초등길 15,상도1동 501-1,37.50531644,126.9522558,2011-08-24,한전주,02-820-9923,서울특별시 동작구청,2026-04-06
03-3162,서울특별시 동작구 강남초등길 23-3,상도동 500,37.50530529,126.9525386,2011-08-24,한전주,02-820-9923,서울특별시 동작구청,2026-04-06
03-3163,서울특별시 동작구 강남초등길 22,상도1동 577,37.50526453,126.9520268,2013-03-22,한전주,02-820-9923,서울특별시 동작구청,2026-04-06
03-3164,서울특별시 동작구 강남초등8길 2,상도1동 576,37.50526897,126.9518487,2011-08-24,한전주,02-820-9923,서울특별시 동작구청,2026-04-06
03-3165,서울특별시 동작구 강남초등8길 8,상도1동 575-1,37.50523058,126.9516084,2011-08-24,한전주,02-820-9923,서울특별시 동작구청,2026-04-06
03-3166,서울특별시 동작구 강남초등8길 14,상도1동 574-1,37.50519893,126.9513342,2011-08-24,한전주,02-820-9923,서울특별시 동작구청,2026-04-06
03-3167,서울특별시 동작구 강남초등8길 20,상도1동 589,37.50510418,126.9509921,2011-08-24,한전주,02-820-9923,서울특별시 동작구청,2026-04-06
03-3168,서울특별시 동작구 양녕로38길 6-1,상도1동 594,37.50516715,126.9507432,2011-08-24,한전주,02-820-9923,서울특별시 동작구청,2026-04-06
03-3169,서울특별시 동작구 양녕로38길 6-1,상도1동 594,37.50505008,126.9508904,2011-08-24,벽부주,02-820-9923,서울특별시 동작구청,2026-04-06
03-3170,서울특별시 동작구 흑석로 4,상도1동 645-3,37.50462894,126.9510885,2020-04-27,전용주,02-820-9923,서울특별시 동작구청,2026-04-06
03-3171,서울특별시 동작구 강남초등4길 5,상도1동 528-1,37.50565638,126.9517919,2011-08-24,한전주,02-820-9923,서울특별시 동작구청,2026-04-06
03-3172,서울특별시 동작구 강남초등6길 14,상도1동 566,37.50560663,126.9513311,2011-08-24,한전주,02-820-9923,서울특별시 동작구청,2026-04-06
03-3173,서울특별시 동작구 강남초등4길 17,상도1동 567,37.50558399,126.9510597,2011-08-24,한전주,02-820-9923,서울특별시 동작구청,2026-04-06
03-3174,서울특별시 동작구 강남초등6길 26,상도1동 568,37.50554562,126.9508589,2011-08-24,전용주,02-820-9923,서울특별시 동작구청,2026-04-06
03-3175,서울특별시 동작구 강남초등6길 18,상도1동 573,37.50536553,126.9511361,2011-08-24,전용주,02-820-9923,서울특별시 동작구청,2026-04-06
03-3176,서울특별시 동작구 강남초등6길 12,상도1동 528-1,37.50539721,126.9514782,2011-08-24,전용주,02-820-9923,서울특별시 동작구청,2026-04-06
03-3177,서울특별시 동작구 강남초등4길 9,상도1동 528-1,37.5054311,126.951727,2011-08-24,전용주,02-820-9923,서울특별시 동작구청,2026-04-06
03-3178,서울특별시 동작구 강남초등6길 2,상도1동 576,37.50541318,126.9519645,2011-08-24,전용주,02-820-9923,서울특별시 동작구청,2026-04-06
03-3179,서울특별시 동작구 강남초등길 15,상도1동 501-1,37.50571514,126.9522697,2011-08-24,한전주,02-820-9923,서울특별시 동작구청,2026-04-06
03-3180,서울특별시 동작구 강남초등길 15,상도1동 501-1,37.50600119,126.9522243,2011-08-24,한전주,02-820-9923,서울특별시 동작구청,2026-04-06
03-3181,서울특별시 동작구 상도로41마길 12,상도1동 652,37.50444422,126.9510547,2011-08-24,한전주,02-820-9923,서울특별시 동작구청,2026-04-06
03-3182,서울특별시 동작구 상도로41마길 10,상도1동 653-1,37.50427521,126.9508767,2011-08-24,한전주,02-820-9923,서울특별시 동작구청,2026-04-06
03-3183,서울특별시 동작구 상도로41마길 6-2,상도1동 654-2,37.5041603,126.9508061,2011-08-24,벽부주,02-820-9923,서울특별시 동작구청,2026-04-06
03-3184,서울특별시 동작구 상도로41마길 4,상도1동 655-4,37.50412868,126.9506026,2014-02-22,통신주,02-820-9923,서울특별시 동작구청,2026-04-06
03-3185,서울특별시 동작구 상도로41마길 1,상도1동 656,37.50412188,126.9505093,2020-02-17,전용주,02-820-9923,서울특별시 동작구청,2026-04-06
03-3186,서울특별시 동작구 양녕로 282-1,상도1동 638-2,37.50434482,126.9503621,2011-08-24,한전주,02-820-9923,서울특별시 동작구청,2026-04-06
03-3187,서울특별시 동작구 양녕로 280-1,상도1동 635,37.50418027,126.9500908,2011-08-24,통신주,02-820-9923,서울특별시 동작구청,2026-04-06
03-3188,서울특별시 동작구 양녕로 280-3,상도1동 528-1,37.50409466,126.9500399,2011-08-24,전용주,02-820-9923,서울특별시 동작구청,2026-04-06
03-3189,서울특별시 동작구 상도로41가길 19,상도1동 633-23,37.50389426,126.9502295,2011-08-24,통신주,02-820-9923,서울특별시 동작구청,2026-04-06
03-3190,서울특별시 동작구 양녕로 278-18,상도1동 656-1,37.5039641,126.9502436,2011-08-24,전용주,02-820-9923,서울특별시 동작구청,2026-04-06
03-3191,서울특별시 동작구 상도로41가길 22,상도1동 656,37.50406776,126.9503623,2011-08-24,한전주,02-820-9923,서울특별시 동작구청,2026-04-06
03-3192,서울특별시 동작구 상도로41가길 17,상도1동 656-1,37.50381092,126.9502409,2020-04-27,통신주,02-820-9923,서울특별시 동작구청,2026-04-06
03-3193,서울특별시 동작구 상도로41가길 18,상도1동 658,37.50373663,126.9503257,2011-08-24,한전주,02-820-9923,서울특별시 동작구청,2026-04-06
03-3194,서울특별시 동작구 양녕로 274-7,상도1동 630,37.50386034,126.9499129,2011-08-24,벽부주,02-820-9923,서울특별시 동작구청,2026-04-06
03-3195,서울특별시 동작구 양녕로 274-7,상도1동 628,37.50399762,126.9496215,2014-02-22,벽부주,02-820-9923,서울특별시 동작구청,2026-04-06
03-3196,서울특별시 동작구 양녕로 274,상도1동 676-3,37.50381063,126.9495397,2020-04-27,전용주,02-820-9923,서울특별시 동작구청,2026-04-06
03-3197,서울특별시 동작구 상도로41가길 13,상도1동 662-7,37.50371382,126.94965,2020-04-27,통신주,02-820-9923,서울특별시 동작구청,2026-04-06
03-3198,서울특별시 동작구 상도로41가길 13,상도1동 660-2,37.50365534,126.9498536,2020-04-27,한전주,02-820-9923,서울특별시 동작구청,2026-04-06
03-3199,서울특별시 동작구 상도로41가길 15,상도1동 660-2,37.50360812,126.9500487,2011-08-24,통신주,02-820-9923,서울특별시 동작구청,2026-04-06
03-3200,서울특별시 동작구 상도로41가길 15,상도1동 660-1,37.50359691,126.9501845,2011-08-24,한전주,02-820-9923,서울특별시 동작구청,2026-04-06
03-3201,서울특별시 동작구 상도로41가길 16,상도1동 656-1,37.50346406,126.9503005,2011-08-24,한전주,02-820-9923,서울특별시 동작구청,2026-04-06
03-3202,서울특별시 동작구 상도로41가길 16,상도1동 656-1,37.50340325,126.950309,2011-08-24,한전주,02-820-9923,서울특별시 동작구청,2026-04-06
03-3203,서울특별시 동작구 상도로41가길 12,상도1동 468-1,37.50306536,126.9502894,2011-08-24,한전주,02-820-9923,서울특별시 동작구청,2026-04-06
03-3204,서울특별시 동작구 상도로39길 48,상도1동 463,37.50290986,126.9500973,2011-08-24,한전주,02-820-9923,서울특별시 동작구청,2026-04-06
03-3205,서울특별시 동작구 상도로39길 44,상도1동 460-14,37.50286468,126.9497948,2019-06-26,전용주,02-820-9923,서울특별시 동작구청,2026-04-06
03-3206,서울특별시 동작구 상도로39길 44,상도1동 460-3,37.50272053,126.949826,2011-08-24,전용주,02-820-9923,서울특별시 동작구청,2026-04-06
03-3207,서울특별시 동작구 상도로39가길 7,상도1동 460-8,37.50261242,126.9498487,2019-06-26,전용주,02-820-9923,서울특별시 동작구청,2026-04-06
03-3208,서울특별시 동작구 상도로39길 42,상도1동 460-4,37.50304486,126.9497381,2011-08-24,한전주,02-820-9923,서울특별시 동작구청,2026-04-06
03-3209,서울특별시 동작구 상도로39길 38,상도1동 460-13,37.50318212,126.94941,2011-08-24,한전주,02-820-9923,서울특별시 동작구청,2026-04-06
03-3210,서울특별시 동작구 상도로39길 27,상도1동 663-1,37.50340956,126.9492657,2011-08-24,전용주,02-820-9923,서울특별시 동작구청,2026-04-06
03-3211,서울특별시 동작구 상도로39길 25,상도1동 665-6,37.50335767,126.9490593,2011-08-24,한전주,02-820-9923,서울특별시 동작구청,2026-04-06
03-3212,서울특별시 동작구 상도로39길 21,상도1동 752-1,37.50314133,126.9488418,2020-04-27,한전주,02-820-9923,서울특별시 동작구청,2026-04-06
03-3216,서울특별시 동작구 상도로37길 9,상도1동 752-1,37.50287112,126.9490512,2020-04-27,한전주,02-820-9923,서울특별시 동작구청,2026-04-06
03-3217,서울특별시 동작구 상도로39가길 1,상도1동 752-1,37.50278107,126.9491615,2011-08-24,한전주,02-820-9923,서울특별시 동작구청,2026-04-06
03-3218,서울특별시 동작구 상도로39가길 3,상도1동 752-1,37.50267974,126.9492549,2011-08-24,전용주,02-820-9923,서울특별시 동작구청,2026-04-06
03-3219,서울특별시 동작구 상도로39가길 5,상도1동 752-1,37.50251312,126.9493964,2011-08-24,전용주,02-820-9923,서울특별시 동작구청,2026-04-06
03-3220,서울특별시 동작구 상도로39가길 7,상도1동 752-1,37.50236676,126.9495322,2011-08-24,한전주,02-820-9923,서울특별시 동작구청,2026-04-06
03-3221,서울특별시 동작구 상도로37길 13-1,상도1동 752-1,37.50230369,126.949535,2011-08-24,전용주,02-820-9923,서울특별시 동작구청,2026-04-06
03-3222,서울특별시 동작구 상도로37길 13-1옆,상도1동 764-2,37.50226084,126.9493937,2011-08-24,전용주,02-820-9923,서울특별시 동작구청,2026-04-06
03-3223,서울특별시 동작구 상도로39가길 11,상도1동 454,37.50217538,126.9497246,2020-05-27,한전주,02-820-9923,서울특별시 동작구청,2026-04-06
03-3224,서울특별시 동작구 상도로39가길 7,상도1동 465,37.50252684,126.949877,2011-08-24,한전주,02-820-9923,서울특별시 동작구청,2026-04-06
03-3225,서울특별시 동작구 상도로41가길 6,상도1동 465,37.50254498,126.9501625,2011-08-24,한전주,02-820-9923,서울특별시 동작구청,2026-04-06
03-3226,서울특별시 동작구 상도로41가길 8,상도1동 465,37.50277028,126.9502811,2011-08-24,한전주,02-820-9923,서울특별시 동작구청,2026-04-06
03-3227,서울특별시 동작구 상도로41다길 4,상도1동 449-3,37.50249553,126.9504142,2011-08-24,전용주,02-820-9923,서울특별시 동작구청,2026-04-06
03-3228,서울특별시 동작구 상도로41다길 6,상도1동 449-2,37.50261952,126.9506544,2011-08-24,전용주,02-820-9923,서울특별시 동작구청,2026-04-06
03-3229,서울특별시 동작구 상도로41다길 13,상도1동 465-1,37.50277953,126.9508551,2020-04-27,한전주,02-820-9923,서울특별시 동작구청,2026-04-06
03-3230,서울특별시 동작구 상도로41다길 11-4,상도1동 474-3,37.50299574,126.9507729,2020-04-27,벽부주,02-820-9923,서울특별시 동작구청,2026-04-06
03-3231,서울특별시 동작구 상도로41다길 18,상도1동 447,37.50278861,126.9510106,2020-04-27,통신주,02-820-9923,서울특별시 동작구청,2026-04-06
03-3232,서울특별시 동작구 상도로41다길 18,상도1동 447,37.50290357,126.9512169,2020-04-27,전용주,02-820-9923,서울특별시 동작구청,2026-04-06
03-3233,서울특별시 동작구 상도로41다길 23,상도1동 465-1,37.50302525,126.9513243,2020-04-27,한전주,02-820-9923,서울특별시 동작구청,2026-04-06
03-3234,서울특별시 동작구 상도로41나길 27,상도1동 444,37.50301854,126.9514317,2011-08-24,전용주,02-820-9923,서울특별시 동작구청,2026-04-06
03-3235,서울특별시 동작구 상도로41다길 30,상도1동 442,37.50312446,126.9515617,2011-08-24,전용주,02-820-9923,서울특별시 동작구청,2026-04-06
03-3236,서울특별시 동작구 상도로41다길 30,상도1동 442,37.50321009,126.9516578,2011-08-24,한전주,02-820-9923,서울특별시 동작구청,2026-04-06
03-3237,서울특별시 동작구 상도로47길 90,상도1동 325-13,37.50323271,126.9518839,2011-08-24,한전주,02-820-9923,서울특별시 동작구청,2026-04-06
03-3238,서울특별시 동작구 상도로47길 98,상도1동 483-13,37.50347822,126.9518555,2011-08-24,한전주,02-820-9923,서울특별시 동작구청,2026-04-06
03-3239,서울특별시 동작구 상도로47길 95,상도1동 476-1,37.50358404,126.9517226,2011-08-24,전용주,02-820-9923,서울특별시 동작구청,2026-04-06
03-3240,서울특별시 동작구 상도로47길 95,상도1동 476-1,37.50355467,126.9515105,2011-08-24,통신주,02-820-9923,서울특별시 동작구청,2026-04-06
03-3241,서울특별시 동작구 상도로47길 99-9,상도1동 656-1,37.5036064,126.9513352,2011-08-24,벽부주,02-820-9923,서울특별시 동작구청,2026-04-06
03-3242,서울특별시 동작구 상도로47길 108,상도1동 485,37.50386564,126.9518157,2011-08-24,한전주,02-820-9923,서울특별시 동작구청,2026-04-06
03-3243,서울특별시 동작구 상도로47길 108,상도동 485,37.50408638,126.9518042,2017-05-29,한전주,02-820-9923,서울특별시 동작구청,2026-04-06
03-3244,서울특별시 동작구 상도로47길 108,상도1동 486,37.5041945,126.9518042,2011-08-24,한전주,02-820-9923,서울특별시 동작구청,2026-04-06
03-3245,서울특별시 동작구 상도로47길 120,상도1동 488-6,37.50445806,126.9518351,2011-08-24,한전주,02-820-9923,서울특별시 동작구청,2026-04-06
03-3246,서울특별시 동작구 상도로47길 120,상도1동 488-6,37.50462703,126.9519198,2011-08-24,한전주,02-820-9923,서울특별시 동작구청,2026-04-06
03-3247,서울특별시 동작구 흑석로 13,상도1동 497,37.50495371,126.9520751,2017-05-29,한전주,02-820-9923,서울특별시 동작구청,2026-04-06
03-3248,서울특별시 동작구 상도로47길 116-5,상도1동 488-10,37.50442888,126.9520981,2011-08-24,통신주,02-820-9923,서울특별시 동작구청,2026-04-06
03-3249,서울특별시 동작구 상도로47길 116-10,상도1동 488-12,37.50445826,126.9523327,2011-08-24,한전주,02-820-9923,서울특별시 동작구청,2026-04-06
03-3250,서울특별시 동작구 상도로47아길 4,상도1동 483-11,37.50380044,126.9521154,2011-08-24,한전주,02-820-9923,서울특별시 동작구청,2026-04-06
03-3251,서울특별시 동작구 상도로47아길 5,상도1동 484,37.50378701,126.9523247,2011-08-24,한전주,02-820-9923,서울특별시 동작구청,2026-04-06
03-3252,서울특별시 동작구 상도로47아길 11,상도1동 484-3,37.50371953,126.9525679,2011-08-24,한전주,02-820-9923,서울특별시 동작구청,2026-04-06
03-3253,서울특별시 동작구 상도로47아길 16,상도1동 483-6,37.50364978,126.9527743,2011-08-24,한전주,02-820-9923,서울특별시 동작구청,2026-04-06
03-3254,서울특별시 동작구 상도로47바길 51,상도동 54-20,37.50375119,126.9528704,2020-04-24,한전주,02-820-9923,서울특별시 동작구청,2026-04-06
03-3255,서울특별시 동작구 상도로47아길 19,상도1동 484-4,37.50377365,126.9527318,2011-08-24,한전주,02-820-9923,서울특별시 동작구청,2026-04-06
03-3256,서울특별시 동작구 상도로47바17-1,상도1동 483-6,37.50356425,126.9529186,2011-08-24,전용주,02-820-9923,서울특별시 동작구청,2026-04-06
03-3257,서울특별시 동작구 상도로47아길 25,상도동 7-122,37.50404844,126.9526694,2011-08-24,한전주,02-820-9923,서울특별시 동작구청,2026-04-06
03-3258,서울특별시 동작구 상도로47아길28,상도동 7-114,37.50416784,126.9527146,2020-02-13,통신주,02-820-9923,서울특별시 동작구청,2026-04-06
03-3259,서울특별시 동작구 상도로47아길 31,상도동 7-120,37.50431646,126.9526127,2011-08-24,한전주,02-820-9923,서울특별시 동작구청,2026-04-06
03-3260,서울특별시 동작구 상도로47아길 31-1,상도동 7-119,37.50444485,126.952607,2011-08-24,통신주,02-820-9923,서울특별시 동작구청,2026-04-06
03-3261,서울특별시 동작구 상도로47아길 37,상도동 7-107,37.50440221,126.9529972,2011-08-24,전용주,02-820-9923,서울특별시 동작구청,2026-04-06
03-3262,서울특별시 동작구 상도로47아길 39,상도동 7-108,37.50442259,126.9532573,2011-08-24,전용주,02-820-9923,서울특별시 동작구청,2026-04-06
03-3263,서울특별시 동작구 상도로47아길 40,상도동 7-117,37.50436624,126.953181,2011-08-24,한전주,02-820-9923,서울특별시 동작구청,2026-04-06
03-3264,서울특별시 동작구 상도로47아길 48,상도동 7-140,37.50457353,126.9533081,2011-08-24,전용주,02-820-9923,서울특별시 동작구청,2026-04-06
03-3265,서울특별시 동작구 흑석로 24,상도동 7-136,37.50479875,126.9532458,2011-08-24,한전주,02-820-9923,서울특별시 동작구청,2026-04-06
03-3266,서울특별시 동작구 흑석로 24-1,상도동 7-61,37.50493845,126.9533588,2011-08-24,한전주,02-820-9923,서울특별시 동작구청,2026-04-06
03-3267,서울특별시 동작구 흑석로 23-2,상도동 7-55,37.50523134,126.9535198,2019-02-11,벽부주,02-820-9923,서울특별시 동작구청,2026-04-06
03-3268,서울특별시 동작구 상도로47아길 42,상도동 439,37.50416585,126.9533734,2011-08-24,전용주,02-820-9923,서울특별시 동작구청,2026-04-06
03-3269,서울특별시 동작구 상도로47바길 49,상도동 54-20,37.50382335,126.9530937,2011-08-24,한전주,02-820-9923,서울특별시 동작구청,2026-04-06
03-3270,서울특별시 동작구 상도로47바길 49,상도동 54-32,37.50385045,126.9532464,2011-08-24,전용주,02-820-9923,서울특별시 동작구청,2026-04-06
03-3271,서울특별시 동작구 상도로47바길 41,상도동 54-34,37.50377176,126.9536394,2011-08-24,한전주,02-820-9923,서울특별시 동작구청,2026-04-06
03-3272,서울특별시 동작구 상도로47바길 46,상도동 54-17,37.50387988,126.9536252,2020-05-28,전용주,02-820-9923,서울특별시 동작구청,2026-04-06
03-3273,서울특별시 동작구 상도로47바길 35,상도동 54-36,37.50366821,126.9538091,2011-08-24,한전주,02-820-9923,서울특별시 동작구청,2026-04-06
03-3274,서울특별시 동작구 상도로47바길 30,상도동 460,37.50344966,126.9536537,2011-08-24,한전주,02-820-9923,서울특별시 동작구청,2026-04-06
03-3275,서울특별시 동작구 상도로47사길 4,상도동 54-20,37.50333239,126.9532976,2011-08-24,한전주,02-820-9923,서울특별시 동작구청,2026-04-06
03-3276,서울특별시 동작구 상도로47사길 6-4,상도동 53-9,37.50317927,126.9534419,2011-08-24,한전주,02-820-9923,서울특별시 동작구청,2026-04-06
03-3277,서울특별시 동작구 상도로47사길 8,상도동 55-101,37.50310956,126.9537303,2011-08-24,한전주,02-820-9923,서울특별시 동작구청,2026-04-06
03-3278,서울특별시 동작구 상도로47사길 12,상도동 460-3,37.50314568,126.953948,2011-08-24,전용주,02-820-9923,서울특별시 동작구청,2026-04-06
03-3279,서울특별시 동작구 상도로47사길 6-9,상도동 55-194,37.50279415,126.953575,2011-08-24,한전주,02-820-9923,서울특별시 동작구청,2026-04-06
03-3280,서울특별시 동작구 상도로47사길 6,상도동 55-102,37.50306217,126.9535211,2011-08-24,한전주,02-820-9923,서울특별시 동작구청,2026-04-06
03-3281,서울특별시 동작구 상도로45길 93,상도1동 483-20,37.50330971,126.9529187,2011-08-24,한전주,02-820-9923,서울특별시 동작구청,2026-04-06
03-3282,서울특별시 동작구 상도로47바길 17,상도1동 483-18,37.50336372,126.9527858,2011-08-24,전용주,02-820-9923,서울특별시 동작구청,2026-04-06
03-3283,서울특별시 동작구 상도로47바길 14,상도1동 325-3,37.50329833,126.952619,2011-08-24,전용주,02-820-9923,서울특별시 동작구청,2026-04-06
03-3284,서울특별시 동작구 상도로47바길 8,상도1동 483-20,37.50329145,126.9523137,2011-08-24,한전주,02-820-9923,서울특별시 동작구청,2026-04-06
03-3285,서울특별시 동작구 상도로47바길 3,상도1동 483-14,37.50332962,126.9520139,2011-08-24,전용주,02-820-9923,서울특별시 동작구청,2026-04-06
03-3286,서울특별시 동작구 상도로47길 82,상도1동 326-13,37.50287007,126.9519322,2011-08-24,한전주,02-820-9923,서울특별시 동작구청,2026-04-06
03-3287,서울특별시 동작구 상도로47길 79,상도1동 441-1,37.50289252,126.9517343,2011-08-24,한전주,02-820-9923,서울특별시 동작구청,2026-04-06
03-3288,서울특별시 동작구 상도로47길 84-10,상도1동 326-7,37.50290178,126.9523422,2011-08-24,한전주,02-820-9923,서울특별시 동작구청,2026-04-06
03-3289,서울특별시 동작구 상도로47길 84-11,상도1동 325-6,37.50299193,126.9524637,2020-05-28,통신주,02-820-9923,서울특별시 동작구청,2026-04-06
03-3290,서울특별시 동작구 상도로47길 84-15,상도1동 325-2,37.50301007,126.9527804,2020-05-28,통신주,02-820-9923,서울특별시 동작구청,2026-04-06
03-3291,서울특별시 동작구 상도로45길 83,상도1동 326-1,37.50294256,126.9529331,2011-08-24,한전주,02-820-9923,서울특별시 동작구청,2026-04-06
03-3292,서울특별시 동작구 상도로45길 86-3,상도1동 324-11,37.50300348,126.953196,2011-08-24,벽부주,02-820-9923,서울특별시 동작구청,2026-04-06
03-3293,서울특별시 동작구 상도로45길 88,상도1동 324-3,37.50309802,126.9530291,2019-02-20,전용주,02-820-9923,서울특별시 동작구청,2026-04-06
03-3294,서울특별시 동작구 상도로45길 81,상도1동 326-15,37.50267227,126.9529615,2011-08-24,한전주,02-820-9923,서울특별시 동작구청,2026-04-06
03-3295,서울특별시 동작구 상도로45길 76,상도1동 324-10,37.50259802,126.9531764,2019-02-20,전용주,02-820-9923,서울특별시 동작구청,2026-04-06
03-3296,서울특별시 동작구 상도로45길73,상도동 327-1,37.50235243,126.953007,2011-08-24,한전주,02-820-9923,서울특별시 동작구청,2026-04-06
03-3297,서울특별시 동작구 상도로45길 64,상도1동 322-3,37.50210244,126.9530976,2011-08-24,한전주,02-820-9923,서울특별시 동작구청,2026-04-06
03-3298,서울특별시 동작구 상도로53길 57,상도1동 322-6,37.50221517,126.9533774,2011-08-24,한전주,02-820-9923,서울특별시 동작구청,2026-04-06
03-3299,서울특별시 동작구 상도로45길 64,상도1동 322-5,37.5020191,126.9531146,2011-08-24,전용주,02-820-9923,서울특별시 동작구청,2026-04-06
03-3300,서울특별시 동작구 상도로45길 62-1,상도동 428-2,37.50195838,126.9533521,2011-08-24,전용주,02-820-9923,서울특별시 동작구청,2026-04-06
03-3301,서울특별시 동작구 상도로45길 59,상도동 56-53,37.50177581,126.9530724,2011-08-24,한전주,02-820-9923,서울특별시 동작구청,2026-04-06
03-3302,서울특별시 동작구 상도로53길 51-3,상도1동 312-1,37.50165655,126.9533749,2011-08-24,한전주,02-820-9923,서울특별시 동작구청,2026-04-06
03-3303,서울특별시 동작구 상도로47다길 32,상도1동 319-1,37.50162493,126.9531771,2011-08-24,한전주,02-820-9923,서울특별시 동작구청,2026-04-06
03-3304,서울특별시 동작구 상도로47다길32,상도1동 319-1,37.50149654,126.9531828,2011-08-24,전용주,02-820-9923,서울특별시 동작구청,2026-04-06
03-3305,서울특별시 동작구 상도로47다길 30,상도1동 318-4,37.50139969,126.9531885,2011-08-24,한전주,02-820-9923,서울특별시 동작구청,2026-04-06
03-3306,서울특별시 동작구 상도로47다길 24,상도1동 318-5,37.50124649,126.9531264,2019-12-19,통신주,02-820-9923,서울특별시 동작구청,2026-04-06
03-3307,서울특별시 동작구 상도로47다길 21,상도1동 312-1,37.50112476,126.9528777,2020-04-27,전용주,02-820-9923,서울특별시 동작구청,2026-04-06
03-3308,서울특별시 동작구 상도로47다길 14,상도동 56-36,37.50088381,126.9530503,2011-08-24,한전주,02-820-9923,서울특별시 동작구청,2026-04-06
03-3309,서울특별시 동작구 상도로53길 45-3,상도동 56-35,37.50100104,126.9533132,2011-08-24,한전주,02-820-9923,서울특별시 동작구청,2026-04-06
03-3310,서울특별시 동작구 상도로47다길 10,상도1동 309-1,37.50076446,126.9531408,2011-08-24,통신주,02-820-9923,서울특별시 동작구청,2026-04-06
03-3311,서울특별시 동작구 상도로47다길 6,상도1동 309-6,37.50062935,126.9532371,2011-08-24,한전주,02-820-9923,서울특별시 동작구청,2026-04-06
03-3312,서울특별시 동작구 상도로53길 37-4,상도동 56-68,37.50041931,126.9532527,2011-08-24,한전주,02-820-9923,서울특별시 동작구청,2026-04-06
03-3313,서울특별시 동작구 상도로53길 35,상도동 56-68,37.50040592,126.9535807,2011-08-24,한전주,02-820-9923,서울특별시 동작구청,2026-04-06
03-3314,서울특별시 동작구 상도로47나길 16,상도1동 311-3,37.50032288,126.9529178,2011-08-24,한전주,02-820-9923,서울특별시 동작구청,2026-04-06
03-3315,서울특별시 동작구 상도로47나길 26,상도동 464-4,37.50012001,126.9525617,2011-08-24,한전주,02-820-9923,서울특별시 동작구청,2026-04-06
03-3316,서울특별시 동작구 상도로47나길 36,상도동 464-18,37.4999059,126.9522678,2011-08-24,한전주,02-820-9923,서울특별시 동작구청,2026-04-06
03-3317,서울특별시 동작구 상도로47나길 38,상도동 465-17,37.49972517,126.9523456,2011-08-24,한전주,02-820-9923,서울특별시 동작구청,2026-04-06
03-3318,서울특별시 동작구 상도로47나길 45,상도동 56-133,37.49971236,126.9527033,2011-08-24,한전주,02-820-9923,서울특별시 동작구청,2026-04-06
03-3319,서울특별시 동작구 상도로47나길 53,상도동 56-133,37.49967421,126.9530624,2011-08-24,한전주,02-820-9923,서울특별시 동작구청,2026-04-06
03-3320,서울특별시 동작구 상도로53길 25,상도동 56-157,37.49965634,126.9534299,2011-08-24,한전주,02-820-9923,서울특별시 동작구청,2026-04-06
03-3321,서울특별시 동작구 상도로47나길 49-4,상도동 56-102,37.50007296,126.9531922,2011-08-24,한전주,02-820-9923,서울특별시 동작구청,2026-04-06
03-3322,서울특별시 동작구 상도로47나길 49-5,상도동 56-119,37.50016079,126.953161,2011-08-24,전용주,02-820-9923,서울특별시 동작구청,2026-04-06
03-3323,서울특별시 동작구 상도로53길 35,상도동 56-100,37.50029381,126.9534719,2012-08-20,전용주,02-820-9923,서울특별시 동작구청,2026-04-06
03-3324,서울특별시 동작구 상도로47나길 11,상도1동 311-3,37.5004625,126.9528442,2011-08-24,한전주,02-820-9923,서울특별시 동작구청,2026-04-06
03-3325,서울특별시 동작구 상도로47나길 8,상도동 464-3,37.50037455,126.95257,2011-08-24,한전주,02-820-9923,서울특별시 동작구청,2026-04-06
03-3326,서울특별시 동작구 상도로47나길 2,상도1동 311-3,37.50032205,126.9522491,2011-08-24,한전주,02-820-9923,서울특별시 동작구청,2026-04-06
03-3327,서울특별시 동작구 상도로47길 21,상도1동 347,37.50034727,126.9519734,2011-08-24,한전주,02-820-9923,서울특별시 동작구청,2026-04-06
03-3328,서울특별시 동작구 상도로47길 13,상도1동 356-1,37.50004304,126.9516259,2011-08-24,한전주,02-820-9923,서울특별시 동작구청,2026-04-06
03-3329,서울특별시 동작구 상도로47길 3,상도1동 268-2,37.49963517,126.9512105,2011-08-24,전용주,02-820-9923,서울특별시 동작구청,2026-04-06
03-3330,서울특별시 동작구 상도로37길 48,상도동 518-7,37.49972758,126.9513547,2011-08-24,한전주,02-820-9923,서울특별시 동작구청,2026-04-06
03-3331,서울특별시 동작구 상도로37길 42,상도1동 368-1,37.50004507,126.9510887,2020-04-27,한전주,02-820-9923,서울특별시 동작구청,2026-04-06
03-3332,서울특별시 동작구 상도로45길 10,상도1동 360-3,37.50029731,126.9509755,2011-08-24,전용주,02-820-9923,서울특별시 동작구청,2026-04-06
03-3333,서울특별시 동작구 상도로45길 7,상도1동 376-1,37.50040759,126.9507492,2011-08-24,한전주,02-820-9923,서울특별시 동작구청,2026-04-06
03-3334,서울특별시 동작구 상도로37길 38,상도1동 375-1,37.50061475,126.9505879,2020-04-27,한전주,02-820-9923,서울특별시 동작구청,2026-04-06
03-3335,서울특별시 동작구 상도로37길 34,상도1동 371-2,37.5008219,126.9503927,2011-08-24,한전주,02-820-9923,서울특별시 동작구청,2026-04-06
03-3336,서울특별시 동작구 상도로37길 30,상도1동 368-1,37.50106058,126.9501861,2020-04-27,한전주,02-820-9923,서울특별시 동작구청,2026-04-06
03-3337,서울특별시 동작구 상도로37길 26,상도1동 368-1,37.50136232,126.9499428,2011-08-24,한전주,02-820-9923,서울특별시 동작구청,2026-04-06
03-3338,서울특별시 동작구 상도로37길 21,상도1동 401-4,37.50160328,126.9498182,2020-04-27,한전주,02-820-9923,서울특별시 동작구청,2026-04-06
03-3339,서울특별시 동작구 상도로37길 22,상도1동 400-1,37.50164377,126.949674,2011-08-24,한전주,02-820-9923,서울특별시 동작구청,2026-04-06
03-3340,서울특별시 동작구 상도로41길 7,상도1동 792,37.50172257,126.9495863,2019-01-15,통신주,02-820-9923,서울특별시 동작구청,2026-04-06
03-3341,서울특별시 동작구 상도로37길 18,상도1동 752-1,37.50199504,126.9494024,2011-08-24,한전주,02-820-9923,서울특별시 동작구청,2026-04-06
03-3342,서울특별시 동작구 상도로37길 16,상도1동 752-1,37.50211663,126.9492892,2011-08-24,한전주,02-820-9923,서울특별시 동작구청,2026-04-06
03-3343,서울특별시 동작구 상도로37길 13-1 옆,상도1동 764-2,37.50219547,126.9492948,2011-08-24,전용주,02-820-9923,서울특별시 동작구청,2026-04-06
03-3344,서울특별시 동작구 상도로37길 14,상도1동 752-1,37.50231928,126.9491109,2011-08-24,한전주,02-820-9923,서울특별시 동작구청,2026-04-06
03-3345,서울특별시 동작구 상도로37길 13-1,상도1동 764-2,37.50237336,126.949159,2011-08-24,벽부주,02-820-9923,서울특별시 동작구청,2026-04-06
03-3346,서울특별시 동작구 상도로37길 12,상도1동 766,37.50248365,126.9489694,2011-08-24,한전주,02-820-9923,서울특별시 동작구청,2026-04-06
03-3347,서울특별시 동작구 상도로37길 11,상도1동 764-3,37.50258502,126.9489863,2018-12-20,한전주,02-820-9923,서울특별시 동작구청,2026-04-06
03-3348,서울특별시 동작구 상도로37길 8,상도1동 765,37.5026953,126.9487686,2011-08-24,한전주,02-820-9923,서울특별시 동작구청,2026-04-06
03-3349,서울특별시 동작구 상도로37길 5,상도1동 667,37.50293852,126.9486553,2011-08-24,한전주,02-820-9923,서울특별시 동작구청,2026-04-06
03-3350,서울특별시 동작구 상도로37길 4,상도1동 760,37.5030871,126.9484403,2011-08-24,한전주,02-820-9923,서울특별시 동작구청,2026-04-06
03-3351,서울특별시 동작구 상도로41길 15,상도1동 451,37.501993,126.9499,2020-05-29,전용주,02-820-9923,서울특별시 동작구청,2026-04-06
03-3352,서울특별시 동작구 상도로41길 23,상도1동 450-8,37.50209,126.9502335,2011-08-24,한전주,02-820-9923,서울특별시 동작구청,2026-04-06
03-3353,서울특별시 동작구 상도로41가길 4,상도1동 449-4,37.50231976,126.9502447,2011-08-24,한전주,02-820-9923,서울특별시 동작구청,2026-04-06
03-3354,서울특별시 동작구 상도로41다길 6,상도1동 449-2,37.50244157,126.9506489,2011-08-24,한전주,02-820-9923,서울특별시 동작구청,2026-04-06
03-3355,서울특별시 동작구 상도로41다길 4,상도1동 449-3,37.50239644,126.9504736,2011-08-24,벽부주,02-820-9923,서울특별시 동작구청,2026-04-06
03-3356,서울특별시 동작구 상도로41길 39,상도1동 441-6,37.50255885,126.9510136,2020-04-27,한전주,02-820-9923,서울특별시 동작구청,2026-04-06
03-3357,서울특별시 동작구 상도로41길 49,상도1동 441-2,37.50279784,126.9515449,2011-08-24,한전주,02-820-9923,서울특별시 동작구청,2026-04-06
03-3358,서울특별시 동작구 상도로41길 50,상도1동 465-1,37.50259748,126.9518335,2011-08-24,한전주,02-820-9923,서울특별시 동작구청,2026-04-06
03-3359,서울특별시 동작구 상도로47길 74,상도1동 329-4,37.50255474,126.9519862,2011-08-24,한전주,02-820-9923,서울특별시 동작구청,2026-04-06
03-3360,서울특별시 동작구 상도로41길 44,상도1동 439,37.50249376,126.9515791,2011-08-24,한전주,02-820-9923,서울특별시 동작구청,2026-04-06
03-3361,서울특별시 동작구 상도로41길 39,상도1동 441-6,37.50244178,126.9511607,2011-08-24,전용주,02-820-9923,서울특별시 동작구청,2026-04-06
03-3362,서울특별시 동작구 상도로41길 36,상도1동 428-1,37.50229984,126.9510759,2011-08-24,한전주,02-820-9923,서울특별시 동작구청,2026-04-06
03-3363,서울특별시 동작구 상도로41길 31,상도1동 450-3,37.50230875,126.9508413,2019-02-20,통신주,02-820-9923,서울특별시 동작구청,2026-04-06
03-3364,서울특별시 동작구 상도로41길 28,상도1동 428-9,37.50211044,126.9506209,2011-08-24,한전주,02-820-9923,서울특별시 동작구청,2026-04-06
03-3365,서울특별시 동작구 상도로41길 25,상도1동 465-1,37.5021374,126.9504512,2020-05-29,통신주,02-820-9923,서울특별시 동작구청,2026-04-06
03-3366,서울특별시 동작구 상도로41길 15,상도1동 451,37.50195252,126.9500385,2011-08-24,전용주,02-820-9923,서울특별시 동작구청,2026-04-06
03-3367,서울특별시 동작구 상도로47마길 21,상도1동 465-1,37.50193038,126.9509574,2013-03-22,한전주,02-820-9923,서울특별시 동작구청,2026-04-06
03-3368,서울특별시 동작구 상도로47마길 29,상도1동 428-7,37.50169372,126.9506268,2011-08-24,전용주,02-820-9923,서울특별시 동작구청,2026-04-06
03-3369,서울특별시 동작구 상도로47마길 29,상도1동 368-1,37.50152257,126.9507174,2011-08-24,전용주,02-820-9923,서울특별시 동작구청,2026-04-06
03-3370,서울특별시 동작구 상도로47마길 33,상도1동 368-1,37.50137168,126.9507853,2011-08-24,전용주,02-820-9923,서울특별시 동작구청,2026-04-06
03-3371,서울특별시 동작구 상도로47라길 26,상도1동 413-1,37.5014326,126.9510369,2019-12-26,전용주,02-820-9923,서울특별시 동작구청,2026-04-06
03-3372,서울특별시 동작구 상도로47마길 35-1,상도1동 407-4,37.50130189,126.9508702,2011-08-24,벽부주,02-820-9923,서울특별시 동작구청,2026-04-06
03-3373,서울특별시 동작구 상도로47가길 24-3,상도1동 408-2,37.50117579,126.9509834,2020-05-29,벽부주,02-820-9923,서울특별시 동작구청,2026-04-06
03-3374,서울특별시 동작구 상도로47가길 24-4,상도1동 415,37.50113086,126.9512746,2011-08-24,전용주,02-820-9923,서울특별시 동작구청,2026-04-06
03-3375,서울특별시 동작구 상도로47가길24-6,상도1동 415,37.50120754,126.9515007,2020-05-29,전용주,02-820-9923,서울특별시 동작구청,2026-04-06
03-3376,서울특별시 동작구 상도로47가길 24-2,상도1동 410-4,37.50101816,126.9510739,2020-04-27,벽부주,02-820-9923,서울특별시 동작구청,2026-04-06
03-3377,서울특별시 동작구 상도로47길 54,상도1동 56-48,37.50168084,126.9521705,2011-08-24,한전주,02-820-9923,서울특별시 동작구청,2026-04-06
03-3378,서울특별시 동작구 상도로47길 61,상도1동 417-5,37.50183388,126.9518311,2011-08-24,전용주,02-820-9923,서울특별시 동작구청,2026-04-06
03-3379,서울특별시 동작구 상도로47라길 22,상도1동 368-1,37.50152948,126.9510877,2011-08-24,한전주,02-820-9923,서울특별시 동작구청,2026-04-06
03-3380,서울특별시 동작구 상도로47길 60,상도1동 328-7,37.50200742,126.9520826,2011-08-24,한전주,02-820-9923,서울특별시 동작구청,2026-04-06
03-3381,서울특별시 동작구 상도로47길 70,상도1동 328-5,37.50225742,126.9520061,2011-08-24,한전주,02-820-9923,서울특별시 동작구청,2026-04-06
03-3382,서울특별시 동작구 상도로47길 66,상도1동 328-7,37.50228007,126.9523087,2020-05-29,전용주,02-820-9923,서울특별시 동작구청,2026-04-06
03-3383,서울특별시 동작구 상도로47마길 3,상도1동 419-7,37.50218519,126.9516358,2011-08-24,전용주,02-820-9923,서울특별시 동작구청,2026-04-06
03-3384,서울특별시 동작구 상도로47마길 13,상도1동 465-1,37.50205215,126.9512938,2011-08-24,한전주,02-820-9923,서울특별시 동작구청,2026-04-06
03-3385,서울특별시 동작구 상도로47길 76-3,상도1동 326-12,37.50262239,126.9521586,2011-08-24,통신주,02-820-9923,서울특별시 동작구청,2026-04-06
03-3386,서울특별시 동작구 상도로47길 76-8,상도1동 328-3,37.50257071,126.952464,2011-08-24,한전주,02-820-9923,서울특별시 동작구청,2026-04-06
03-3387,서울특별시 동작구 상도로47길 76-13,상도1동 326-6,37.50264736,126.9526336,2011-08-24,전용주,02-820-9923,서울특별시 동작구청,2026-04-06
03-3388,서울특별시 동작구 상도로45길 67,상도1동 332-10,37.50207978,126.9527781,2011-08-24,전용주,02-820-9923,서울특별시 동작구청,2026-04-06
03-3389,서울특별시 동작구 상도로47길 56-3,상도1동 328-19,37.50198508,126.9525463,2020-04-24,한전주,02-820-9923,서울특별시 동작구청,2026-04-06
03-3390,서울특별시 동작구 상도로47길 56-3,상도1동 328-19,37.50190393,126.9523852,2020-04-24,통신주,02-820-9923,서울특별시 동작구청,2026-04-06
03-3391,서울특별시 동작구 상도로47길 50,상도1동 335-10,37.50146011,126.9522102,2011-08-24,한전주,02-820-9923,서울특별시 동작구청,2026-04-06
03-3392,서울특별시 동작구 상도로47길 50,상도1동 335-10,37.50136552,126.9522386,2020-05-29,벽부주,02-820-9923,서울특별시 동작구청,2026-04-06
03-3393,서울특별시 동작구 상도로47길 50-8,상도1동 335-6,37.50158859,126.9524081,2011-08-24,한전주,02-820-9923,서울특별시 동작구청,2026-04-06
03-3394,서울특별시 동작구 상도로45길 45,상도1동 335-7,37.50150076,126.9524675,2011-08-24,전용주,02-820-9923,서울특별시 동작구청,2026-04-06
03-3395,서울특별시 동작구 상도로47길 50-12,상도동 56-167,37.50171481,126.9526144,2011-08-24,한전주,02-820-9923,서울특별시 동작구청,2026-04-06
03-3396,서울특별시 동작구 상도로45길 51-5,상도동 56-63,37.50174191,126.9527981,2020-05-29,전용주,02-820-9923,서울특별시 동작구청,2026-04-06
03-3397,서울특별시 동작구 상도로45길 51-4,상도1동 333-15,37.50159776,126.9528265,2011-08-24,전용주,02-820-9923,서울특별시 동작구청,2026-04-06
03-3398,서울특별시 동작구 상도로45길 52,상도1동 317-4,37.5014874,126.9528548,2019-02-20,통신주,02-820-9923,서울특별시 동작구청,2026-04-06
03-3399,서울특별시 동작구 상도로45길 48-2,상도1동 316-4,37.50139274,126.952705,2011-08-24,한전주,02-820-9923,서울특별시 동작구청,2026-04-06
03-3400,서울특별시 동작구 상도로45길44,상도1동 315-1,37.50128229,126.9525242,2020-05-07,통신주,02-820-9923,서울특별시 동작구청,2026-04-06
03-3401,서울특별시 동작구 상도로45길 44-1,상도1동 315-2,37.5011427,126.9526854,2020-04-24,전용주,02-820-9923,서울특별시 동작구청,2026-04-06
03-3402,서울특별시 동작구 상도로47길 40-4,상도1동 315-11,37.50103904,126.9525837,2011-08-24,한전주,02-820-9923,서울특별시 동작구청,2026-04-06
03-3403,서울특별시 동작구 상도로45길 35,상도1동 337-3,37.50114246,126.9520889,2011-08-24,한전주,02-820-9923,서울특별시 동작구청,2026-04-06
03-3404,서울특별시 동작구 상도로47길 39,상도1동 312-1,37.50109745,126.9521822,2017-05-10,전용주,02-820-9923,서울특별시 동작구청,2026-04-06
03-3405,서울특별시 동작구 상도로45길 31,상도1동 368-1,37.5010027,126.9518458,2011-08-24,한전주,02-820-9923,서울특별시 동작구청,2026-04-06
03-3406,서울특별시 동작구 상도로47길 29-6,상도1동 340-1,37.50092387,126.9518572,2019-08-16,통신주,02-820-9923,서울특별시 동작구청,2026-04-06
03-3407,서울특별시 동작구 상도로45길 25,상도1동 412-1,37.50109718,126.9515319,2011-08-24,벽부주,02-820-9923,서울특별시 동작구청,2026-04-06
03-3408,서울특별시 동작구 상도로45길 21-2,상도1동 412-3,37.50086744,126.9515745,2011-08-24,한전주,02-820-9923,서울특별시 동작구청,2026-04-06
03-3409,서울특별시 동작구 상도로45길 21-1,상도1동 412-4,37.50093717,126.9513398,2011-08-24,벽부주,02-820-9923,서울특별시 동작구청,2026-04-06
03-3410,서울특별시 동작구 상도로45길 20,상도1동 368-1,37.50060152,126.9512778,2011-08-24,통신주,02-820-9923,서울특별시 동작구청,2026-04-06
03-3411,서울특별시 동작구 상도로45길 13,상도1동 361-1,37.50061273,126.9511336,2011-08-24,한전주,02-820-9923,서울특별시 동작구청,2026-04-06
03-3412,서울특별시 동작구 상도로47가길 16,상도1동 411-2,37.50076138,126.9511137,2020-04-27,전용주,02-820-9923,서울특별시 동작구청,2026-04-06
03-3413,서울특별시 동작구 상도로47가길22,상도1동 410-2,37.50087397,126.9510231,2020-02-13,통신주,02-820-9923,서울특별시 동작구청,2026-04-06
03-3414,서울특별시 동작구 상도로47가길 33,상도1동 368-1,37.50127024,126.950596,2011-08-24,한전주,02-820-9923,서울특별시 동작구청,2026-04-06
03-3415,서울특별시 동작구 상도로47가길 38,상도1동 425-2,37.50142113,126.950545,2011-08-24,전용주,02-820-9923,서울특별시 동작구청,2026-04-06
03-3416,서울특별시 동작구 상도로47가길 43,상도1동 404-2,37.50160123,126.9502989,2011-08-24,한전주,02-820-9923,서울특별시 동작구청,2026-04-06
03-3417,서울특별시 동작구 상도로47가길 45,상도1동 402-2,37.50177011,126.9501602,2011-08-24,한전주,02-820-9923,서울특별시 동작구청,2026-04-06
03-3418,서울특별시 동작구 상도로47가길 44,상도1동 428-11,37.50175672,126.9504515,2020-05-30,벽부주,02-820-9923,서울특별시 동작구청,2026-04-06
03-3419,서울특별시 동작구 상도로47가길 9,상도1동 359-1,37.50034703,126.9513741,2020-04-27,한전주,02-820-9923,서울특별시 동작구청,2026-04-06
03-3420,서울특별시 동작구 상도로47가길 6,상도1동 354-2,37.50023675,126.9516116,2011-08-24,벽부주,02-820-9923,서울특별시 동작구청,2026-04-06
03-3421,서울특별시 동작구 상도로47길 14-1,상도동 464-15,37.49987422,126.9519144,2011-08-24,한전주,02-820-9923,서울특별시 동작구청,2026-04-06
03-3422,서울특별시 동작구 상도로47길 14-7,상도동 464-21,37.49975261,126.951971,2011-08-24,벽부주,02-820-9923,서울특별시 동작구청,2026-04-06
03-3423,서울특별시 동작구 상도로47길 14-5,상도동 464-17,37.49991711,126.9521236,2011-08-24,전용주,02-820-9923,서울특별시 동작구청,2026-04-06
03-3424,서울특별시 동작구 상도로47길 18,상도동 464-10,37.50009044,126.9518436,2011-08-24,벽부주,02-820-9923,서울특별시 동작구청,2026-04-06
03-3425,서울특별시 동작구 상도로47길 25-4,상도1동 345,37.50054092,126.951798,2011-08-24,한전주,02-820-9923,서울특별시 동작구청,2026-04-06
03-3426,서울특별시 동작구 상도로45길 24,상도1동 344,37.50067152,126.9516877,2011-08-24,전용주,02-820-9923,서울특별시 동작구청,2026-04-06
03-3427,서울특별시 동작구 상도로47길 29-1,상도1동 341-2,37.50053654,126.9521147,2023-01-03,한전주,02-820-9923,서울특별시 동작구청,2026-04-06
03-3429,서울특별시 동작구 상도로47길 32,상도1동 313-2,37.50061544,126.9522645,2011-08-24,전용주,02-820-9923,서울특별시 동작구청,2026-04-06
03-3430,서울특별시 동작구 상도로47길 39,상도1동 312-1,37.50079112,126.952222,2011-08-24,한전주,02-820-9923,서울특별시 동작구청,2026-04-06
03-3431,서울특별시 동작구 상도로47길 38,상도1동 315-12,37.50092632,126.9523321,2011-08-24,한전주,02-820-9923,서울특별시 동작구청,2026-04-06
03-3432,서울특별시 동작구 상도로37길 52,상도동 463-3,37.49945737,126.9515867,2011-08-24,전용주,02-820-9923,서울특별시 동작구청,2026-04-06
03-3433,서울특별시 동작구 상도로37길 53,상도동 465-1,37.49940563,126.9517564,2011-08-24,한전주,02-820-9923,서울특별시 동작구청,2026-04-06
03-3434,서울특별시 동작구 상도로37길 56,상도동 463-9,37.4991669,126.9518244,2011-08-24,한전주,02-820-9923,서울특별시 동작구청,2026-04-06
03-3435,서울특별시 동작구 상도로37길 58,상도동 463-9,37.49904756,126.9519375,2011-08-24,한전주,02-820-9923,서울특별시 동작구청,2026-04-06
03-3436,서울특별시 동작구 상도로49길 10-3,상도동 466-2,37.49901393,126.9523249,2011-08-24,벽부주,02-820-9923,서울특별시 동작구청,2026-04-06
03-3437,서울특별시 동작구 상도로49길 10-5,상도동 77-40,37.49891487,126.9524578,2011-08-24,전용주,02-820-9923,서울특별시 동작구청,2026-04-06
03-3438,서울특별시 동작구 상도로49길 10-4,상도동 77-38,37.49884287,126.9526529,2011-08-24,벽부주,02-820-9923,서울특별시 동작구청,2026-04-06
03-3439,서울특별시 동작구 상도로49길 10-8,상도동 77-36,37.49884069,126.9528282,2011-08-24,벽부주,02-820-9923,서울특별시 동작구청,2026-04-06
03-3440,서울특별시 동작구 상도로49길 11,상도동 465-14,37.49920535,126.9522315,2011-08-24,한전주,02-820-9923,서울특별시 동작구청,2026-04-06
03-3441,서울특별시 동작구 상도로49길 15,상도동 465-4,37.49950044,126.9522539,2011-08-24,벽부주,02-820-9923,서울특별시 동작구청,2026-04-06
03-3442,서울특별시 동작구 상도로49길 21,상도동 465-10,37.499388,126.9527035,2011-08-24,한전주,02-820-9923,서울특별시 동작구청,2026-04-06
03-3443,서울특별시 동작구 상도로49길 24,상도동 77-26,37.49935655,126.9529297,2011-08-24,전용주,02-820-9923,서울특별시 동작구청,2026-04-06
03-3444,서울특별시 동작구 상도로49길 24-1,상도동 77-89,37.49922592,126.9529722,2011-08-24,전용주,02-820-9923,서울특별시 동작구청,2026-04-06
03-3445,서울특별시 동작구 상도로49길 25,상도동 465-8,37.49952778,126.9530257,2011-08-24,한전주,02-820-9923,서울특별시 동작구청,2026-04-06
03-3446,서울특별시 동작구 상도로37길 64,상도동 467-2,37.49877962,126.9522035,2011-08-24,한전주,02-820-9923,서울특별시 동작구청,2026-04-06
03-3447,서울특별시 동작구 상도로37길 64,상도동 467-7,37.49869856,126.9522855,2011-08-24,한전주,02-820-9923,서울특별시 동작구청,2026-04-06
03-3448,서울특별시 동작구 상도로37길 63-1,상도동 75,37.49860409,126.9526333,2011-08-24,한전주,02-820-9923,서울특별시 동작구청,2026-04-06
03-3449,서울특별시 동작구 상도로37길 68,상도동 477-11,37.49828198,126.9526194,2011-08-24,한전주,02-820-9923,서울특별시 동작구청,2026-04-06
03-3450,서울특별시 동작구 상도로37길 72,상도동 477-17,37.49802078,126.9528542,2011-08-24,한전주,02-820-9923,서울특별시 동작구청,2026-04-06
03-3451,서울특별시 동작구 상도로37길 78,상도동 486-5,37.49754791,126.9532588,2011-08-24,한전주,02-820-9923,서울특별시 동작구청,2026-04-06
03-3452,서울특별시 동작구 상도로53길 8,상도동 431,37.49777776,126.9534876,2011-08-24,전용주,02-820-9923,서울특별시 동작구청,2026-04-06
03-3453,서울특별시 동작구 상도로53길 8,상도동 431,37.49768994,126.9535499,2011-08-24,전용주,02-820-9923,서울특별시 동작구청,2026-04-06
03-3454,서울특별시 동작구 상도로37길 79,상도동 485,37.49755476,126.9534934,2011-08-24,한전주,02-820-9923,서울특별시 동작구청,2026-04-06
03-3455,서울특별시 동작구 상도로53길 8,상도동 431,37.49759989,126.9536941,2011-08-24,전용주,02-820-9923,서울특별시 동작구청,2026-04-06
03-3456,서울특별시 동작구 상도로53길 8,상도동 431,37.49755267,126.9539062,2011-08-24,전용주,02-820-9923,서울특별시 동작구청,2026-04-06
03-3457,서울특별시 동작구 상도로53길 8,상도동 431,37.49753022,126.9540843,2011-08-24,전용주,02-820-9923,서울특별시 동작구청,2026-04-06
03-3458,서울특별시 동작구 상도로53길 8,상도동 431,37.49750326,126.9542766,2011-08-24,전용주,02-820-9923,서울특별시 동작구청,2026-04-06
03-3459,서울특별시 동작구 상도로53길 8,상도동 431,37.49745828,126.9544434,2011-08-24,전용주,02-820-9923,서울특별시 동작구청,2026-04-06
03-3460,서울특별시 동작구 상도로53길 8,상도동 431,37.49739074,126.9545593,2011-08-24,전용주,02-820-9923,서울특별시 동작구청,2026-04-06
03-3461,서울특별시 동작구 상도로53길 8,상도동 431,37.49722406,126.9545651,2011-08-24,전용주,02-820-9923,서울특별시 동작구청,2026-04-06
03-3462,서울특별시 동작구 상도로55길 12,상도동 487,37.49709339,126.9545115,2011-08-24,한전주,02-820-9923,서울특별시 동작구청,2026-04-06
03-3463,서울특별시 동작구 상도로53길 8,상도동 431,37.49718806,126.9546584,2011-08-24,전용주,02-820-9923,서울특별시 동작구청,2026-04-06
03-3464,서울특별시 동작구 상도로55길 12,상도동 484-1,37.49711599,126.9546896,2011-08-24,한전주,02-820-9923,서울특별시 동작구청,2026-04-06
03-3465,서울특별시 동작구 상도로55길 8,상도동 487-7,37.49708871,126.9540365,2011-08-24,한전주,02-820-9923,서울특별시 동작구청,2026-04-06
03-3467,서울특별시 동작구 상도로37길 81,상도동 485-1,37.49721471,126.9536887,2011-08-24,한전주,02-820-9923,서울특별시 동작구청,2026-04-06
03-3469,서울특별시 동작구 상도로62길 87,상도동 471-18,37.49768925,126.9518281,2020-05-23,한전주,02-820-9923,서울특별시 동작구청,2026-04-06
03-3470,서울특별시 동작구 상도로62길 91,상도동 476,37.49799327,126.9516611,2020-05-22,한전주,02-820-9923,서울특별시 동작구청,2026-04-06
03-3471,서울특별시 동작구 상도로52길 12,상도동 517-4,37.49788047,126.9512287,2020-05-22,통신주,02-820-9923,서울특별시 동작구청,2026-04-06
03-3472,서울특별시 동작구 상도로50길 9-3,상도동 469-3,37.49808991,126.9511352,2020-05-22,한전주,02-820-9923,서울특별시 동작구청,2026-04-06
03-3473,서울특별시 동작구 상도로52길 16,상도동 470-14,37.4977137,126.9510365,2020-05-22,전용주,02-820-9923,서울특별시 동작구청,2026-04-06
03-3474,서울특별시 동작구 상도로52길 18,상도동 470-13,37.49760329,126.9509376,2020-05-22,한전주,02-820-9923,서울특별시 동작구청,2026-04-06
03-3475,서울특별시 동작구 상도로52길 19,상도동 471-13,37.4975268,126.9511893,2020-05-22,전용주,02-820-9923,서울특별시 동작구청,2026-04-06
03-3476,서울특별시 동작구 상도로52길 22,상도동 470-12,37.49747937,126.9508642,2020-05-22,전용주,02-820-9923,서울특별시 동작구청,2026-04-06
03-3477,서울특별시 동작구 상도로52길 24,상도동 517-4,37.49736446,126.9507993,2020-05-22,한전주,02-820-9923,서울특별시 동작구청,2026-04-06
03-3478,서울특별시 동작구 상도로52길 28,상도동 470-9,37.49719997,126.9506665,2020-05-22,한전주,02-820-9923,서울특별시 동작구청,2026-04-06
03-3479,서울특별시 동작구 상도로50길 34,상도동 461-9,37.49735973,126.9502565,2020-05-22,한전주,02-820-9923,서울특별시 동작구청,2026-04-06
03-3480,서울특별시 동작구 상도로50길 26,상도동 517-4,37.49761434,126.9504429,2020-05-22,전용주,02-820-9923,서울특별시 동작구청,2026-04-06
03-3481,서울특별시 동작구 상도로50길 26,상도동 517-4,37.49770897,126.9505022,2020-05-22,한전주,02-820-9923,서울특별시 동작구청,2026-04-06
03-3482,서울특별시 동작구 상도로50길 24,상도동 461-4,37.49778104,126.9504654,2020-06-04,전용주,02-820-9923,서울특별시 동작구청,2026-04-06
03-3483,서울특별시 동작구 상도로50길 19,상도동 470-4,37.49783743,126.9506689,2020-05-13,통신주,02-820-9923,서울특별시 동작구청,2026-04-06
03-3484,서울특별시 동작구 상도로50길 18,상도동 517-4,37.4979771,126.9506801,2020-05-22,한전주,02-820-9923,서울특별시 동작구청,2026-04-06
03-3485,서울특별시 동작구 상도로50길 11,상도동 470,37.49821371,126.950909,2020-05-22,한전주,02-820-9923,서울특별시 동작구청,2026-04-06
03-3486,서울특별시 동작구 상도로50길 10-4,상도동 462-12,37.49838032,126.9507279,2020-05-22,통신주,02-820-9923,서울특별시 동작구청,2026-04-06
03-3487,서울특별시 동작구 상도로50길 4,상도1동 257-1,37.49850885,126.9510756,2011-08-24,한전주,02-820-9923,서울특별시 동작구청,2026-04-06
03-3488,서울특별시 동작구 상도로50길 2-33,상도1동 243-3,37.49886451,126.9504986,2011-08-24,한전주,02-820-9923,서울특별시 동작구청,2026-04-06
03-3489,서울특별시 동작구 상도로50길 2-31,상도동 415-2,37.49897709,126.9503798,2011-08-24,전용주,02-820-9923,서울특별시 동작구청,2026-04-06
03-3490,서울특별시 동작구 상도로50길 2-25,상도1동 257-1,37.4990987,126.9503232,2011-08-24,한전주,02-820-9923,서울특별시 동작구청,2026-04-06
03-3491,서울특별시 동작구 상도로50길 2-25,상도1동 257-1,37.49918208,126.9504249,2011-08-24,한전주,02-820-9923,서울특별시 동작구청,2026-04-06
03-3492,서울특별시 동작구 상도로38길 31,상도동 159-11,37.50160916,126.9477854,2011-08-24,통신주,02-820-9923,서울특별시 동작구청,2026-04-06
03-3494,서울특별시 동작구 상도로37길 54,상도동 518-7,37.49927725,126.9517649,2011-08-24,통신주,02-820-9923,서울특별시 동작구청,2026-04-06
03-3495,서울특별시 동작구 상도로37길 61,상도동 77-42,37.49880446,126.9523646,2020-04-27,통신주,02-820-9923,서울특별시 동작구청,2026-04-06
03-3496,서울특별시 동작구 상도로53길 8,상도동 439-1,37.49724216,126.9547658,2011-08-24,전용주,02-820-9923,서울특별시 동작구청,2026-04-06
03-3497,서울특별시 동작구 상도로53길 8,상도동 431,37.49737283,126.9548279,2011-08-24,전용주,02-820-9923,서울특별시 동작구청,2026-04-06
03-3498,서울특별시 동작구 상도로53길 8,상도동 431,37.49750353,126.9549833,2011-08-24,전용주,02-820-9923,서울특별시 동작구청,2026-04-06
03-3499,서울특별시 동작구 상도로53길 8,상도동 431,37.49760045,126.9551275,2011-08-24,전용주,02-820-9923,서울특별시 동작구청,2026-04-06
03-3500,서울특별시 동작구 상도로55길 16,상도동 511,37.4976298,126.9553112,2020-06-02,벽부주,02-820-9923,서울특별시 동작구청,2026-04-06
03-3501,서울특별시 동작구 상도로53길 8,상도동 431,37.4977559,126.955215,2011-08-24,전용주,02-820-9923,서울특별시 동작구청,2026-04-06
03-3502,서울특별시 동작구 상도로53길 8,상도동 431,37.4978708,126.9552545,2011-08-24,전용주,02-820-9923,서울특별시 동작구청,2026-04-06
03-3503,서울특별시 동작구 상도로53길 8,상도동 431,37.49796769,126.9553534,2011-08-24,전용주,02-820-9923,서울특별시 동작구청,2026-04-06
03-3504,서울특별시 동작구 상도로53길 8,상도동 431,37.49802405,126.9554806,2011-08-24,전용주,02-820-9923,서울특별시 동작구청,2026-04-06
03-3505,서울특별시 동작구 상도로55길 25,상도동 520-3,37.4979994,126.9558029,2011-08-24,전용주,02-820-9923,서울특별시 동작구청,2026-04-06
03-3506,서울특별시 동작구 상도로55길 25,상도동 520,37.49798596,126.9560065,2011-08-24,전용주,02-820-9923,서울특별시 동작구청,2026-04-06
03-3507,서울특별시 동작구 상도로55길 25,상도동 520,37.49798603,126.9561931,2011-08-24,전용주,02-820-9923,서울특별시 동작구청,2026-04-06
03-3508,서울특별시 동작구 상도로55길 25,상도동 520,37.49798385,126.9563938,2011-08-24,전용주,02-820-9923,서울특별시 동작구청,2026-04-06
03-3509,서울특별시 동작구 상도로55길 35,상도동 520,37.49813716,126.9567641,2011-08-24,한전주,02-820-9923,서울특별시 동작구청,2026-04-06
03-3510,서울특별시 동작구 상도로55길 35-5,상도동 79-57,37.49806741,126.9570016,2011-08-24,전용주,02-820-9923,서울특별시 동작구청,2026-04-06
03-3511,서울특별시 동작구 상도로55길 35,상도동 79-138,37.49794114,126.9566341,2011-08-24,한전주,02-820-9923,서울특별시 동작구청,2026-04-06
03-3512,서울특별시 동작구 상도로55길 37,상도동 511-7,37.49791645,126.9568886,2011-08-24,전용주,02-820-9923,서울특별시 동작구청,2026-04-06
03-3513,서울특별시 동작구 상도로55길 47,상도동 511-7,37.49788498,126.9570498,2020-04-28,한전주,02-820-9923,서울특별시 동작구청,2026-04-06
03-3514,서울특별시 동작구 상도로55길 47,상도동 421,37.49790979,126.9571402,2011-08-24,전용주,02-820-9923,서울특별시 동작구청,2026-04-06
03-3515,서울특별시 동작구 상도로55길 47,상도동 421,37.4977905,126.9574117,2011-08-24,전용주,02-820-9923,서울특별시 동작구청,2026-04-06
03-3516,서울특별시 동작구 상도로55길 47,상도동 421,37.49772975,126.957604,2011-08-24,전용주,02-820-9923,서울특별시 동작구청,2026-04-06
03-3517,서울특별시 동작구 상도로55길 47,상도동 421,37.49763526,126.9579235,2011-08-24,전용주,02-820-9923,서울특별시 동작구청,2026-04-06
03-3518,서울특별시 동작구 상도로55길 47,상도동 421,37.49758352,126.958096,2011-08-24,전용주,02-820-9923,서울특별시 동작구청,2026-04-06
03-3519,서울특별시 동작구 상도로55길 47,상도동 421,37.49749352,126.9583957,2011-08-24,전용주,02-820-9923,서울특별시 동작구청,2026-04-06
03-3520,서울특별시 동작구 상도로55길 47,상도동 421,37.49747109,126.9586728,2011-08-24,전용주,02-820-9923,서울특별시 동작구청,2026-04-06
03-3521,서울특별시 동작구 상도로55길 47,상도동 421,37.49750051,126.9590657,2011-08-24,전용주,02-820-9923,서울특별시 동작구청,2026-04-06
03-3523,서울특별시 동작구 상도로55길 47,상도동 421,37.49782938,126.9590599,2011-08-24,전용주,02-820-9923,서울특별시 동작구청,2026-04-06
03-3524,서울특별시 동작구 흑석로20-9,상도1동 491-2,37.50482115,126.9529234,2020-10-12,전용주,02-820-9923,서울특별시 동작구청,2026-04-06
03-3525,서울특별시 동작구 상도로 369,상도동 산 49-16,37.49704093,126.958854,2011-08-24,한전주,02-820-9923,서울특별시 동작구청,2026-04-06
03-3526,서울특별시 동작구 상도로 369,상도동 산 49-34,37.49685848,126.9588823,2011-08-24,전용주,02-820-9923,서울특별시 동작구청,2026-04-06
03-3527,서울특별시 동작구 상도로55길 67,상도동 산49-1,37.49689012,126.9591792,2011-08-24,전용주,02-820-9923,서울특별시 동작구청,2026-04-06
03-3528,서울특별시 동작구 상도로 369,상도동 511,37.49670085,126.9590096,2011-08-24,전용주,02-820-9923,서울특별시 동작구청,2026-04-06
03-3529,서울특별시 동작구 상도로 369,상도동 산 49-124,37.49661987,126.9593207,2011-08-24,통신주,02-820-9923,서울특별시 동작구청,2026-04-06
03-3530,서울특별시 동작구 상도로 369,상도동 511,37.49642395,126.9594593,2011-08-24,전용주,02-820-9923,서울특별시 동작구청,2026-04-06
03-3531,서울특별시 동작구 상도로 369,상도동 511,37.49625054,126.9595725,2011-08-24,전용주,02-820-9923,서울특별시 동작구청,2026-04-06
03-3532,서울특별시 동작구 상도로 369,상도동 511,37.49606364,126.9597479,2011-08-24,통신주,02-820-9923,서울특별시 동작구청,2026-04-06
03-3533,서울특별시 동작구 상도로55길 63,상도동 511,37.49596464,126.9600787,2020-04-28,통신주,02-820-9923,서울특별시 동작구청,2026-04-06
03-3534,서울특별시 동작구 상도로55길 89,상도동 산 49-124,37.49581614,126.9605763,2020-04-28,전용주,02-820-9923,서울특별시 동작구청,2026-04-06
03-3535,서울특별시 동작구 상도로 369,상도동 511,37.49566754,126.9607715,2011-08-24,전용주,02-820-9923,서울특별시 동작구청,2026-04-06
03-3536,서울특별시 동작구 상도로55길 89,상도동 511-4,37.49568566,126.9610513,2011-08-24,전용주,02-820-9923,서울특별시 동작구청,2026-04-06
03-3537,서울특별시 동작구 상도로55길 89,상도동 511-4,37.49562479,126.9609072,2011-08-24,통신주,02-820-9923,서울특별시 동작구청,2026-04-06
03-3538,서울특별시 동작구 상도로55길 89,상도동 511-4,37.49539277,126.9608847,2011-08-24,전용주,02-820-9923,서울특별시 동작구청,2026-04-06
03-3539,서울특별시 동작구 서달로 5,상도동 511-6,37.49532074,126.9610176,2011-08-24,전용주,02-820-9923,서울특별시 동작구청,2026-04-06
03-3540,서울특별시 동작구 사당로 63,상도동 106,37.49479839,126.9617331,2011-08-24,한전주,02-820-9923,서울특별시 동작구청,2026-04-06
03-3541,서울특별시 동작구 사당로 65,상도동 산 49-121,37.4946092,126.9617954,2011-08-24,한전주,02-820-9923,서울특별시 동작구청,2026-04-06
03-3542,서울특별시 동작구 사당로 65,상도동 산 49-121,37.4947219,126.9620413,2011-08-24,한전주,02-820-9923,서울특별시 동작구청,2026-04-06
03-3543,서울특별시 동작구 사당로 65-5,상도동 산 49-121,37.49487064,126.9622646,2011-08-24,한전주,02-820-9923,서울특별시 동작구청,2026-04-06
03-3544,서울특별시 동작구 사당로 56,상도동 111-52,37.49457959,126.9608031,2011-08-24,한전주,02-820-9923,서울특별시 동작구청,2026-04-06
03-3545,서울특별시 동작구 사당로 56,상도동 509-2,37.49455249,126.9606024,2011-08-24,전용주,02-820-9923,서울특별시 동작구청,2026-04-06
03-3546,서울특별시 동작구 사당로2길 2-19,상도동 111-52,37.49458187,126.9608851,2011-08-24,전용주,02-820-9923,서울특별시 동작구청,2026-04-06
03-3547,서울특별시 동작구 사당로2길 2-19,상도동 111-52,37.49452336,126.961052,2011-08-24,전용주,02-820-9923,서울특별시 동작구청,2026-04-06
03-3548,서울특별시 동작구 사당로2길 2-19,상도동 111-52,37.49447838,126.9612697,2011-08-24,전용주,02-820-9923,서울특별시 동작구청,2026-04-06
03-3549,서울특별시 동작구 사당로2길 2-19,상도동 111-52,37.49441088,126.9615072,2011-08-24,전용주,02-820-9923,서울특별시 동작구청,2026-04-06
03-3550,서울특별시 동작구 사당로2길 2-19,상도동 111-52,37.49428031,126.961739,2011-08-24,전용주,02-820-9923,서울특별시 동작구청,2026-04-06
03-3551,서울특별시 동작구 사당로2길 2-19,상도동 111-52,37.4941925,126.9618635,2011-08-24,전용주,02-820-9923,서울특별시 동작구청,2026-04-06
03-3552,서울특별시 동작구 사당로2길 2-19,상도동 111-52,37.49410018,126.9619596,2025-03-04,전용주,02-820-9923,서울특별시 동작구청,2026-04-06
03-3553,서울특별시 동작구 사당로2길 2-19,상도동 111-43,37.49400337,126.962101,2011-08-24,한전주,02-820-9923,서울특별시 동작구청,2026-04-06
03-3554,서울특별시 동작구 사당로2길 2-19,상도동 111-43,37.49375555,126.9619881,2011-08-24,한전주,02-820-9923,서울특별시 동작구청,2026-04-06
03-3555,서울특별시 동작구 사당로2길 2-19,상도동 111-43,37.49357979,126.9617818,2011-08-24,한전주,02-820-9923,서울특별시 동작구청,2026-04-06
03-3556,서울특별시 동작구 사당로2길 2-19,상도동 111-10,37.49343785,126.9616773,2018-06-21,통신주,02-820-9923,서울특별시 동작구청,2026-04-06
03-3557,서울특별시 동작구 사당로2가길 10-3,상도동 111-10,37.49331844,126.9615897,2011-08-24,한전주,02-820-9923,서울특별시 동작구청,2026-04-06
03-3558,서울특별시 동작구 사당로2가길 10-3,상도동 111-10,37.49329362,126.9614569,2011-08-24,전용주,02-820-9923,서울특별시 동작구청,2026-04-06
03-3559,서울특별시 동작구 사당로2길 2-19,상도동 111-10,37.49340166,126.9612278,2011-08-24,전용주,02-820-9923,서울특별시 동작구청,2026-04-06
03-3560,서울특별시 동작구 사당로2길 2-19,상도동 111-57,37.49348269,126.9610299,2011-08-24,전용주,02-820-9923,서울특별시 동작구청,2026-04-06
03-3561,서울특별시 동작구 사당로2길 2-19,상도동 111-4,37.49358622,126.9607924,2011-08-24,전용주,02-820-9923,서울특별시 동작구청,2026-04-06
03-3562,서울특별시 동작구 사당로2길 2-19,상도동 111-57,37.49373031,126.9605548,2011-08-24,전용주,02-820-9923,서울특별시 동작구청,2026-04-06
03-3563,서울특별시 동작구 사당로2길 2-19,상도동 111-52,37.49390592,126.9603088,2011-08-24,전용주,02-820-9923,서울특별시 동작구청,2026-04-06
03-3564,서울특별시 동작구 사당로2길 2-32,상도동 412,37.49391486,126.9601109,2020-04-28,한전주,02-820-9923,서울특별시 동작구청,2026-04-06
03-3565,서울특별시 동작구 사당로2길 2-32,상도동 412,37.49398019,126.9601335,2011-08-24,한전주,02-820-9923,서울특별시 동작구청,2026-04-06
03-3566,서울특별시 동작구 상도로38길 3-20,상도1동 751-1,37.50167703,126.9484696,2021-06-18,통신주,02-820-9923,서울특별시 동작구청,2026-04-06
03-3567,서울특별시 동작구 사당로2길 2-19,상도동 509-12,37.49418974,126.9603058,2011-08-24,전용주,02-820-9923,서울특별시 동작구청,2026-04-06
03-3568,서울특별시 동작구 사당로2길 2-19,상도동 509-7,37.4942281,126.9605065,2011-08-24,한전주,02-820-9923,서울특별시 동작구청,2026-04-06
03-3569,서울특별시 동작구 사당로2길 2-10,상도동 509-3,37.49442412,126.960676,2011-08-24,통신주,02-820-9923,서울특별시 동작구청,2026-04-06
03-3570,서울특별시 동작구 사당로2길 2-10,상도동 509-3,37.49436773,126.9604442,2011-08-24,전용주,02-820-9923,서울특별시 동작구청,2026-04-06
03-3571,서울특별시 동작구 사당로2길 2-20,상도동 509-6,37.49436093,126.9603,2011-08-24,벽부주,02-820-9923,서울특별시 동작구청,2026-04-06
03-3572,서울특별시 동작구 상도로61길 74,상도동 512-13,37.49450469,126.9591268,2011-08-24,한전주,02-820-9923,서울특별시 동작구청,2026-04-06
03-3573,서울특별시 동작구 사당로 42,상도동 512-13,37.49459695,126.9588723,2020-04-28,통신주,02-820-9923,서울특별시 동작구청,2026-04-06
03-3574,서울특별시 동작구 상도로61길 72,상도동 507-3,37.49454056,126.9586461,2011-08-24,한전주,02-820-9923,서울특별시 동작구청,2026-04-06
03-3575,서울특별시 동작구 상도로61길 68-6,상도동 507-6,37.49440539,126.9585953,2020-06-04,전용주,02-820-9923,서울특별시 동작구청,2026-04-06
03-3576,서울특별시 동작구 상도로61길 68-8앞,상도동 510-1,37.49423421,126.958618,2011-08-24,벽부주,02-820-9923,서울특별시 동작구청,2026-04-06
03-3577,서울특별시 동작구 상도로61길 62,상도동 507-8,37.49460796,126.9581372,2011-08-24,한전주,02-820-9923,서울특별시 동작구청,2026-04-06
03-3578,서울특별시 동작구 상도로61가길 2,상도동 504,37.49469787,126.9576029,2011-08-24,한전주,02-820-9923,서울특별시 동작구청,2026-04-06
03-3579,서울특별시 동작구 상도로61가길,상도동 504-15,37.4945626,126.957275,2011-08-24,벽부주,02-820-9923,서울특별시 동작구청,2026-04-06
03-3580,서울특별시 동작구 상도로61가길 3,상도동 507-12,37.49453796,126.9576736,,전용주,02-820-9923,서울특별시 동작구청,2026-04-06
03-3581,서울특별시 동작구 상도로61가길 6,상도동 507-25,37.49440729,126.9576002,2011-08-24,한전주,02-820-9923,서울특별시 동작구청,2026-04-06
03-3582,서울특별시 동작구 상도로61가길 9,상도동 507-14,37.49440967,126.9579649,2011-08-24,전용주,02-820-9923,서울특별시 동작구청,2026-04-06
03-3583,서울특별시 동작구 상도로61가길 14,상도동 507-26,37.49435345,126.9582052,2011-08-24,한전주,02-820-9923,서울특별시 동작구청,2026-04-06
03-3584,서울특별시 동작구 상도로61가길 9,상도동 507-12,37.49443439,126.9577868,,전용주,02-820-9923,서울특별시 동작구청,2026-04-06
03-3585,서울특별시 동작구 상도로61길 48,상도동 512-13,37.49476308,126.957289,2011-08-24,한전주,02-820-9923,서울특별시 동작구청,2026-04-06
03-3586,서울특별시 동작구 상도로61길 44,상도동 504-3,37.49476978,126.9571505,2011-08-24,한전주,02-820-9923,서울특별시 동작구청,2026-04-06
03-3587,서울특별시 동작구 상도로61길 35,상도동 505-8,37.49488007,126.9569073,2011-08-24,전용주,02-820-9923,서울특별시 동작구청,2026-04-06
03-3588,서울특별시 동작구 상도로61길 32,상도동 505-7,37.49493401,126.9565765,2011-08-24,한전주,02-820-9923,서울특별시 동작구청,2026-04-06
03-3589,서울특별시 동작구 사당로 18-1,상도동 512-11,37.49526512,126.956565,2020-06-04,한전주,02-820-9923,서울특별시 동작구청,2026-04-06
03-3590,서울특별시 동작구 상도로61길 26,상도동 512-15,37.4949789,126.9561609,2011-08-24,한전주,02-820-9923,서울특별시 동작구청,2026-04-06
03-3591,서울특별시 동작구 상도로61길 22-3,상도동 503-5,37.49483246,126.9560818,2011-08-24,통신주,02-820-9923,서울특별시 동작구청,2026-04-06
03-3592,서울특별시 동작구 상도로63길 12,상도동 499-3,37.49458915,126.9559689,2011-08-24,통신주,02-820-9923,서울특별시 동작구청,2026-04-06
03-3593,서울특별시 동작구 상도로63길 9,상도동 503-18,37.49466345,126.9558784,2011-08-24,한전주,02-820-9923,서울특별시 동작구청,2026-04-06
03-3594,서울특별시 동작구 상도로63길 15,상도동 503,37.49467259,126.9562346,2011-08-24,전용주,02-820-9923,서울특별시 동작구청,2026-04-06
03-3595,서울특별시 동작구 상도로67길 20,상도동 504-13,37.49459385,126.9565145,2011-08-24,한전주,02-820-9923,서울특별시 동작구청,2026-04-06
03-3596,서울특별시 동작구 상도로63길 21,상도동 504-22,37.49459393,126.9567152,2011-08-24,통신주,02-820-9923,서울특별시 동작구청,2026-04-06
03-3597,서울특별시 동작구 상도로63길 27,상도동 504-22,37.49459853,126.956981,2014-02-22,벽부주,02-820-9923,서울특별시 동작구청,2026-04-06
03-3598,서울특별시 동작구 상도로67길 18,상도동 504-12,37.4943776,126.9564807,2011-08-24,한전주,02-820-9923,서울특별시 동작구청,2026-04-06
03-3599,서울특별시 동작구 상도로67길 7,상도동 121-37,37.49410725,126.9563424,2011-08-24,한전주,02-820-9923,서울특별시 동작구청,2026-04-06
03-3600,서울특별시 동작구 상도로67길 12,상도동 408-1,37.49408029,126.9565318,2011-08-24,한전주,02-820-9923,서울특별시 동작구청,2026-04-06
03-3601,서울특별시 동작구 상도로67길 12-5,상도동 121-89,37.49408263,126.9567721,2011-08-24,한전주,02-820-9923,서울특별시 동작구청,2026-04-06
03-3602,서울특별시 동작구 상도로67길 12-20,상도동 121-129,37.4940535,126.9571877,2011-08-24,한전주,02-820-9923,서울특별시 동작구청,2026-04-06
03-3603,서울특별시 동작구 상도로67길 12-20,상도동 121-129,37.49423595,126.9571989,2011-08-24,한전주,02-820-9923,서울특별시 동작구청,2026-04-06
03-3604,서울특별시 동작구 상도로67길 12-19,상도동 504-21,37.49428564,126.957555,2011-08-24,한전주,02-820-9923,서울특별시 동작구청,2026-04-06
03-3605,서울특별시 동작구 상도로 399,상도동 408,37.49388198,126.9563057,2011-08-24,벽부주,02-820-9923,서울특별시 동작구청,2026-04-06
03-3606,서울특별시 동작구 상도로 395-7,상도동 126-96,37.4941274,126.9560172,2011-08-24,전용주,02-820-9923,서울특별시 동작구청,2026-04-06
03-3607,서울특별시 동작구 상도로65길 6,상도동 499-15,37.49438414,126.9558984,2011-08-24,벽부주,02-820-9923,서울특별시 동작구청,2026-04-06
03-3608,서울특별시 동작구 상도로65길 9,상도동 499-12,37.49445178,126.9560595,2011-08-24,한전주,02-820-9923,서울특별시 동작구청,2026-04-06
03-3609,서울특별시 동작구 상도로65길 12,상도동 499-17,37.49437752,126.9562517,2020-04-28,통신주,02-820-9923,서울특별시 동작구청,2026-04-06
03-3610,서울특별시 동작구 상도로63길 4,상도동 499-7,37.49447189,126.9556354,2011-08-24,한전주,02-820-9923,서울특별시 동작구청,2026-04-06
03-3611,서울특별시 동작구 상도로61길 4-13,상도동 500-12,37.49464981,126.9555646,2018-10-29,벽부주,02-820-9923,서울특별시 동작구청,2026-04-06
03-3612,서울특별시 동작구 상도로61길 4-11,상도동 500-11,37.49477386,126.955452,2011-08-24,한전주,02-820-9923,서울특별시 동작구청,2026-04-06
03-3613,서울특별시 동작구 상도로61길 4-7,상도동 500-6,37.49487724,126.9553666,,전용주,02-820-9923,서울특별시 동작구청,2026-04-06
03-3614,서울특별시 동작구 상도로61길 4-3,상도동 500-2,37.49503038,126.9552619,2011-08-24,벽부주,02-820-9923,서울특별시 동작구청,2026-04-06
03-3615,서울특별시 동작구 상도로61길 4,상도동 500-1,37.49511144,126.9551968,2011-08-24,벽부주,02-820-9923,서울특별시 동작구청,2026-04-06
03-3616,서울특별시 동작구 상도로61길 3,상도1동 501-3,37.4952038,126.9552194,2011-08-24,전용주,02-820-9923,서울특별시 동작구청,2026-04-06
03-3617,서울특별시 동작구 사당로 10,상도동 501,37.49526021,126.9554568,2011-08-24,전용주,02-820-9923,서울특별시 동작구청,2026-04-06
03-3618,서울특별시 동작구 상도로61길 18,상도동 503-10,37.49506889,126.9558471,2011-08-24,전용주,02-820-9923,서울특별시 동작구청,2026-04-06
03-3619,서울특별시 동작구 상도로61길 8-4,상도동 500-3,37.49512503,126.9553975,2011-08-24,한전주,02-820-9923,서울특별시 동작구청,2026-04-06
03-3620,서울특별시 동작구 상도로61길 8-9,상도동 503-12,37.49502599,126.9555898,2019-04-15,전용주,02-820-9923,서울특별시 동작구청,2026-04-06
03-3621,서울특별시 동작구 상도로61길 8-12,상도동 503-14,37.49486158,126.9556352,2011-08-24,한전주,02-820-9923,서울특별시 동작구청,2026-04-06
03-3622,서울특별시 동작구 상도로62길 25,상도동 516,37.49534286,126.9536559,2011-08-24,한전주,02-820-9923,서울특별시 동작구청,2026-04-06
03-3623,서울특별시 동작구 상도로62가길 7,상도동 493,37.4951559,126.953673,2011-08-24,한전주,02-820-9923,서울특별시 동작구청,2026-04-06
03-3624,서울특별시 동작구 상도로62길 29,상도동 516,37.49566719,126.9535907,2011-08-24,통신주,02-820-9923,서울특별시 동작구청,2026-04-06
03-3626,서울특별시 동작구 상도로54길 51,상도동 492-19,37.49554775,126.9534466,2020-06-04,벽부주,02-820-9923,서울특별시 동작구청,2026-04-06
03-3627,서울특별시 동작구 상도로62길35,상도동 492-14,37.49580455,126.9534662,2011-08-24,전용주,02-820-9923,서울특별시 동작구청,2026-04-06
03-3628,서울특별시 동작구 상도로 366,상도동 489-6,37.49596897,126.953435,2011-08-24,한전주,02-820-9923,서울특별시 동작구청,2026-04-06
03-3629,서울특별시 동작구 상도로58길 2,상도동 516,37.49597549,126.9532471,2011-08-24,한전주,02-820-9923,서울특별시 동작구청,2026-04-06
03-3630,서울특별시 동작구 상도로62길43,상도동 490-5,37.49608825,126.9531833,2011-08-24,전용주,02-820-9923,서울특별시 동작구청,2026-04-06
03-3631,서울특별시 동작구 상도로 360,상도동 516,37.49641256,126.953039,2011-08-24,한전주,02-820-9923,서울특별시 동작구청,2026-04-06
03-3632,서울특별시 동작구 상도로56길 4,상도동 474-16,37.49625479,126.9528185,2011-08-24,한전주,02-820-9923,서울특별시 동작구청,2026-04-06
03-3633,서울특별시 동작구 상도로62길 55,상도동 516,37.4965724,126.9528155,2017-05-10,전용주,02-820-9923,서울특별시 동작구청,2026-04-06
03-3634,서울특별시 동작구 상도로 356,상도1동 475-6,37.49673907,126.9527702,2011-08-24,한전주,02-820-9923,서울특별시 동작구청,2026-04-06
03-3635,서울특별시 동작구 상도로 352,상도1동 475-2,37.49699576,126.9525297,2011-08-24,한전주,02-820-9923,서울특별시 동작구청,2026-04-06
03-3636,서울특별시 동작구 상도로54길 6,상도동 517-3,37.49722763,126.9521931,2011-08-24,한전주,02-820-9923,서울특별시 동작구청,2026-04-06
03-3637,서울특별시 동작구 상도로54길 14,상도동 472-16,37.49691225,126.9521227,2011-08-24,한전주,02-820-9923,서울특별시 동작구청,2026-04-06
03-3638,서울특별시 동작구 상도로54길 16,상도동 472-19,37.49674781,126.9521199,2011-08-24,한전주,02-820-9923,서울특별시 동작구청,2026-04-06
03-3639,서울특별시 동작구 상도로54길 24,상도동 472-30,37.49653163,126.9522558,2011-08-24,한전주,02-820-9923,서울특별시 동작구청,2026-04-06
03-3640,서울특별시 동작구 상도로54길 24,상도동 516,37.49636727,126.9524396,2011-08-24,벽부주,02-820-9923,서울특별시 동작구청,2026-04-06
03-3641,서울특별시 동작구 상도로54길 24,상도동 473,37.49625917,126.9524849,2011-08-24,한전주,02-820-9923,서울특별시 동작구청,2026-04-06
03-3642,서울특별시 동작구 상도로56길 6,상도동 516,37.49611957,126.952632,2011-08-24,한전주,02-820-9923,서울특별시 동작구청,2026-04-06
03-3643,서울특별시 동작구 상도로54길 35,상도동 490-2,37.49602954,126.9528102,2019-02-21,벽부주,02-820-9923,서울특별시 동작구청,2026-04-06
03-3644,서울특별시 동작구 상도로54길 37,상도동 490-3,37.49595974,126.9528809,2011-08-24,전용주,02-820-9923,서울특별시 동작구청,2026-04-06
03-3645,서울특별시 동작구 상도로56길 8-1,상도동 473-9,37.49593253,126.9524314,2011-08-24,한전주,02-820-9923,서울특별시 동작구청,2026-04-06
03-3646,서울특별시 동작구 상도로56길8-5,상도동 473-10,37.49611715,126.9522108,2011-08-24,한전주,02-820-9923,서울특별시 동작구청,2026-04-06
03-3647,서울특별시 동작구 상도로56길 11,상도동 516,37.49573647,126.9522082,2011-08-24,전용주,02-820-9923,서울특별시 동작구청,2026-04-06
03-3648,서울특별시 동작구 상도로56길 11-1,상도동 473-16,37.49563956,126.9520924,2011-08-24,한전주,02-820-9923,서울특별시 동작구청,2026-04-06
03-3649,서울특별시 동작구 상도로56길 15,상도동 531,37.49546378,126.9518805,2011-08-24,전용주,02-820-9923,서울특별시 동작구청,2026-04-06
03-3650,서울특별시 동작구 상도로56길 17,상도동 135-7,37.49538266,126.9517985,2011-08-24,한전주,02-820-9923,서울특별시 동작구청,2026-04-06
03-3651,서울특별시 동작구 상도로58길16,상도동 516,37.49530171,126.9521548,2011-08-24,전용주,02-820-9923,서울특별시 동작구청,2026-04-06
03-3652,서울특별시 동작구 상도로58길16,상도동 516,37.49518238,126.9522821,2011-08-24,한전주,02-820-9923,서울특별시 동작구청,2026-04-06
03-3653,서울특별시 동작구 상도로58길 12,상도동 531-1,37.49528383,126.952494,2011-08-24,전용주,02-820-9923,서울특별시 동작구청,2026-04-06
03-3654,서울특별시 동작구 상도로58길 10,상도동 516,37.4955407,126.9527087,2011-08-24,한전주,02-820-9923,서울특별시 동작구청,2026-04-06
03-3655,서울특별시 동작구 상도로58길 5,상도동 492-7,37.49560159,126.9528727,2011-08-24,전용주,02-820-9923,서울특별시 동작구청,2026-04-06
03-3656,서울특별시 동작구 상도로58길4,상도동 490-6,37.49583816,126.9530167,2011-08-24,한전주,02-820-9923,서울특별시 동작구청,2026-04-06
03-3657,서울특별시 동작구 상도로54길 51,상도동 492-16,37.49555896,126.9533165,2011-08-24,한전주,02-820-9923,서울특별시 동작구청,2026-04-06
03-3658,서울특별시 동작구 상도로54길 56,상도동 492-35,37.49539002,126.9533025,2018-06-21,전용주,02-820-9923,서울특별시 동작구청,2026-04-06
03-3660,서울특별시 동작구 상도로54길 60,상도동 492-29,37.49512423,126.9533225,2019-02-21,전용주,02-820-9923,서울특별시 동작구청,2026-04-06
03-3661,서울특별시 동작구 상도로54길 56,상도동 492-35,37.49522108,126.9532913,2011-08-24,통신주,02-820-9923,서울특별시 동작구청,2026-04-06
03-3662,서울특별시 동작구 상도로62가길 9,상도동 493-1,37.49493961,126.9535487,2011-08-24,한전주,02-820-9923,서울특별시 동작구청,2026-04-06
03-3663,서울특별시 동작구 상도로62가길 15-2,상도동 산 57-17,37.4948022,126.9535206,2011-08-24,전용주,02-820-9923,서울특별시 동작구청,2026-04-06
03-3664,서울특별시 동작구 상도로54길61,상도동 492-31,37.49502731,126.9531586,2011-08-24,통신주,02-820-9923,서울특별시 동작구청,2026-04-06
03-3665,서울특별시 동작구 상도로62가길 15,상도동 134-174,37.49464454,126.9535574,2011-08-24,한전주,02-820-9923,서울특별시 동작구청,2026-04-06
03-3666,서울특별시 동작구 상도로62가길 15-6,상도동 134-175,37.49457474,126.9536366,2011-08-24,전용주,02-820-9923,서울특별시 동작구청,2026-04-06
03-3667,서울특별시 동작구 상도로62가길24-3,상도동 134-211,37.49425239,126.9530375,2011-08-24,한전주,02-820-9923,서울특별시 동작구청,2026-04-06
03-3668,서울특별시 동작구 상도로62가길 26,상도동 134-212,37.49420518,126.9532552,2011-08-24,한전주,02-820-9923,서울특별시 동작구청,2026-04-06
03-3669,서울특별시 동작구 상도로62가길 21,상도동 산 57-17,37.49444626,126.953419,2011-08-24,전용주,02-820-9923,서울특별시 동작구청,2026-04-06
03-3670,서울특별시 동작구 상도로62가길 29,상도동 134-256,37.49391914,126.9533374,2011-08-24,한전주,02-820-9923,서울특별시 동작구청,2026-04-06
03-3671,서울특별시 동작구 상도로62가길 32,상도동 134-214,37.49383126,126.9532498,2011-08-24,한전주,02-820-9923,서울특별시 동작구청,2026-04-06
03-3672,서울특별시 동작구 상도로62가길 32,상도동 산 58,37.49371416,126.9533403,2011-08-24,전용주,02-820-9923,서울특별시 동작구청,2026-04-06
03-3673,서울특별시 동작구 상도로66길 35,상도동 134-246,37.49376606,126.9535749,2011-08-24,한전주,02-820-9923,서울특별시 동작구청,2026-04-06
03-3674,서울특별시 동작구 상도로66길 29-3,상도동 134-251,37.49363775,126.9537701,2011-08-24,전용주,02-820-9923,서울특별시 동작구청,2026-04-06
03-3675,서울특별시 동작구 상도로66길 29-3,상도동 134-250,37.49355445,126.953903,2020-06-05,벽부주,02-820-9923,서울특별시 동작구청,2026-04-06
03-3676,서울특별시 동작구 상도로66길 32,상도동 134-299,37.49379767,126.9537473,2019-03-05,한전주,02-820-9923,서울특별시 동작구청,2026-04-06
03-3677,서울특별시 동작구 상도로66길 30-5,상도동 134-257,37.49402069,126.9538009,2019-03-05,한전주,02-820-9923,서울특별시 동작구청,2026-04-06
03-3678,서울특별시 동작구 상도로60길 16,상도동 514-12,37.4937325,126.9541403,2011-08-24,한전주,02-820-9923,서울특별시 동작구청,2026-04-06
03-3679,서울특별시 동작구 상도로60길 18,상도동 134-248,37.49349373,126.9541461,2011-08-24,한전주,02-820-9923,서울특별시 동작구청,2026-04-06
03-3680,서울특별시 동작구 상도로60가길16,상도동 121-101,37.49346679,126.9543751,2011-08-24,전용주,02-820-9923,서울특별시 동작구청,2026-04-06
03-3681,서울특별시 동작구 상도로60길22,상도동 126-73,37.49316938,126.9541887,2011-08-24,한전주,02-820-9923,서울특별시 동작구청,2026-04-06
03-3682,서울특별시 동작구 상도로60길 26,상도동 126-133,37.49289009,126.9542285,2011-08-24,한전주,02-820-9923,서울특별시 동작구청,2026-04-06
03-3683,서울특별시 동작구 상도로60길28,상도동 126-109,37.4926378,126.954223,2011-08-24,한전주,02-820-9923,서울특별시 동작구청,2026-04-06
03-3684,서울특별시 동작구 상도로60길34,상도동 126-93,37.49226841,126.9542826,2011-08-24,한전주,02-820-9923,서울특별시 동작구청,2026-04-06
03-3685,서울특별시 동작구 상도로60길 35,상도동 126-65,37.492237,126.9546077,2011-08-24,한전주,02-820-9923,서울특별시 동작구청,2026-04-06
03-3686,서울특별시 동작구 상도로60길 35,상도동 126-65,37.49228208,126.9546699,2011-08-24,한전주,02-820-9923,서울특별시 동작구청,2026-04-06
03-3687,서울특별시 동작구 상도로60길37,상도동 126-67,37.49192836,126.9544807,2011-08-24,한전주,02-820-9923,서울특별시 동작구청,2026-04-06
03-3688,서울특별시 동작구 상도로60길 39-3,상도동 121-101,37.49160175,126.9544978,,전용주,02-820-9923,서울특별시 동작구청,2026-04-06
03-3689,서울특별시 동작구 상도로60길 41,상도동 121-101,37.49168274,126.9542321,2011-08-24,한전주,02-820-9923,서울특별시 동작구청,2026-04-06
03-3690,서울특별시 동작구 상도로60길44,상도동 126-127,37.49152374,126.9539871,2011-08-24,한전주,02-820-9923,서울특별시 동작구청,2026-04-06
03-3691,서울특별시 동작구 상도로60길 50,상도동 산 57-43,37.49138521,126.9537177,2011-08-24,한전주,02-820-9923,서울특별시 동작구청,2026-04-06
03-3692,서울특별시 동작구 상도로60길 52,상도동 산 57-43,37.4912252,126.9535115,2011-08-24,한전주,02-820-9923,서울특별시 동작구청,2026-04-06
03-3693,서울특별시 동작구 상도로67길 12-13,상도동 121-100,37.494121,126.9569869,2021-07-23,벽부주,02-820-9923,서울특별시 동작구청,2026-04-06
03-3700,서울특별시 동작구 상도로50길 2-31,상도동 415-2,37.49892529,126.9504166,2021-05-03,통신주,02-820-9923,서울특별시 동작구청,2026-04-06
03-3701,서울특별시 동작구 상도로60길42-4,상도동 산 57-35,37.49181096,126.9537825,2011-08-24,한전주,02-820-9923,서울특별시 동작구청,2026-04-06
03-3702,서울특별시 동작구 상도로60길42-4,상도동 산 57-35,37.49195064,126.9538418,2011-08-24,전용주,02-820-9923,서울특별시 동작구청,2026-04-06
03-3703,서울특별시 동작구 상도로60길 46-6,상도동 산 57-35,37.49206553,126.9538785,2011-08-24,한전주,02-820-9923,서울특별시 동작구청,2026-04-06
03-3704,서울특별시 동작구 상도로60길 42-8,상도동 산 57-35,37.49222997,126.9538953,2011-08-24,전용주,02-820-9923,서울특별시 동작구청,2026-04-06
03-3705,서울특별시 동작구 상도로68길 36,상도동 121-101,37.49245326,126.95465,2011-08-24,전용주,02-820-9923,서울특별시 동작구청,2026-04-06
03-3706,서울특별시 동작구 상도로60가길 6,상도동 126-40,37.49271231,126.9546781,2011-08-24,통신주,02-820-9923,서울특별시 동작구청,2026-04-06
03-3707,서울특별시 동작구 상도로60가길10,상도동 121-101,37.49307271,126.9546694,2011-08-24,전용주,02-820-9923,서울특별시 동작구청,2026-04-06
03-3708,서울특별시 동작구 상도로68길14,상도동 121-101,37.49322587,126.9546269,2011-08-24,전용주,02-820-9923,서울특별시 동작구청,2026-04-06
03-3709,서울특별시 동작구 상도로68길15,상도동 126-5,37.49324176,126.9549492,2011-08-24,한전주,02-820-9923,서울특별시 동작구청,2026-04-06
03-3710,서울특별시 동작구 상도로68길15,상도동 126-5,37.49325982,126.9550537,2011-08-24,한전주,02-820-9923,서울특별시 동작구청,2026-04-06
03-3711,서울특별시 동작구 상도로68가길3,상도동 121-101,37.49301204,126.9550426,2011-08-24,한전주,02-820-9923,서울특별시 동작구청,2026-04-06
03-3712,서울특별시 동작구 상도로68가길5,상도동 121-101,37.49272597,126.9550428,2011-08-24,한전주,02-820-9923,서울특별시 동작구청,2026-04-06
03-3713,서울특별시 동작구 상도로68가길 9,상도동 121-101,37.4924444,126.9550458,2011-08-24,전용주,02-820-9923,서울특별시 동작구청,2026-04-06
03-3714,서울특별시 동작구 상도로68길 33-1,상도동 126-34,37.49223939,126.9549554,2011-08-24,한전주,02-820-9923,서울특별시 동작구청,2026-04-06
03-3715,서울특별시 동작구 상도로68길 31,상도동 126-31,37.49226878,126.9552466,2011-08-24,전용주,02-820-9923,서울특별시 동작구청,2026-04-06
03-3716,서울특별시 동작구 상도로68길 31,상도동 126-31,37.49228237,126.9554275,2011-08-24,한전주,02-820-9923,서울특별시 동작구청,2026-04-06
03-3717,서울특별시 동작구 상도로68길 29,상도동 126-18,37.49245586,126.9555603,2011-08-24,전용주,02-820-9923,서울특별시 동작구청,2026-04-06
03-3718,서울특별시 동작구 상도로68길 27,상도동 126-17,37.49264281,126.9555375,2011-08-24,한전주,02-820-9923,서울특별시 동작구청,2026-04-06
03-3719,서울특별시 동작구 상도로68길25,상도동 126-14,37.492814,126.9555318,2011-08-24,벽부주,02-820-9923,서울특별시 동작구청,2026-04-06
03-3720,서울특별시 동작구 상도로68길21,상도동 121-101,37.49308653,126.9554751,2011-08-24,한전주,02-820-9923,서울특별시 동작구청,2026-04-06
03-3721,서울특별시 동작구 상도로68길17,상도동 126-8,37.49326667,126.9553082,2011-08-24,한전주,02-820-9923,서울특별시 동작구청,2026-04-06
03-3722,서울특별시 동작구 상도로68길 9,상도동 128-3,37.49353682,126.9549094,2011-08-24,한전주,02-820-9923,서울특별시 동작구청,2026-04-06
03-3723,서울특별시 동작구 상도로68길7,상도동 126-7,37.49361132,126.9553334,2011-08-24,한전주,02-820-9923,서울특별시 동작구청,2026-04-06
03-3724,서울특별시 동작구 상도로68길3-1,상도동 126-136,37.49345372,126.9555512,2011-08-24,통신주,02-820-9923,서울특별시 동작구청,2026-04-06
03-3725,서울특별시 동작구 상도로68길3,상도동 121-101,37.49339298,126.9557434,2011-08-24,전용주,02-820-9923,서울특별시 동작구청,2026-04-06
03-3726,서울특별시 동작구 상도로68길 1-8,상도동 126-12,37.49298986,126.9559727,2011-08-24,한전주,02-820-9923,서울특별시 동작구청,2026-04-06
03-3727,서울특별시 동작구 상도로68길 1-16,상도동 126-15,37.49270159,126.9561114,2011-08-24,한전주,02-820-9923,서울특별시 동작구청,2026-04-06
03-3728,서울특별시 동작구 상도로66길 6,상도동 497-4,37.49388383,126.9552202,2011-08-24,한전주,02-820-9923,서울특별시 동작구청,2026-04-06
03-3729,서울특별시 동작구 상도로66길 6,상도동 498-3,37.49379367,126.9550704,2011-08-24,한전주,02-820-9923,서울특별시 동작구청,2026-04-06
03-3730,서울특별시 동작구 상도로66길 8-5,상도동 514-11,37.49397278,126.9549408,2011-08-24,전용주,02-820-9923,서울특별시 동작구청,2026-04-06
03-3731,서울특별시 동작구 상도로66길12,상도동 514-11,37.49378682,126.9548357,2011-08-24,전용주,02-820-9923,서울특별시 동작구청,2026-04-06
03-3732,서울특별시 동작구 상도로66길16,상도동 497-16,37.49377548,126.9546181,2011-08-24,한전주,02-820-9923,서울특별시 동작구청,2026-04-06
03-3733,서울특별시 동작구 상도로66길 19,상도동 498-8,37.49368531,126.9544429,2011-08-24,전용주,02-820-9923,서울특별시 동작구청,2026-04-06
03-3734,서울특별시 동작구 상도로60길 12,상도동 514-12,37.49410642,126.9541684,2011-08-24,한전주,02-820-9923,서울특별시 동작구청,2026-04-06
03-3735,서울특별시 동작구 상도로 392-17,상도동 497-7,37.49404573,126.9544822,2011-08-24,한전주,02-820-9923,서울특별시 동작구청,2026-04-06
03-3736,서울특별시 동작구 상도로66길 8-5,상도동 514-11,37.49410896,126.9548977,2011-08-24,한전주,02-820-9923,서울특별시 동작구청,2026-04-06
03-3737,서울특별시 동작구 상도로 392-6,상도동 496-16,37.49432292,126.9548354,2011-08-24,벽부주,02-820-9923,서울특별시 동작구청,2026-04-06
03-3738,서울특별시 동작구 상도로 386-11,상도동 496-4,37.49430925,126.9544312,2015-02-16,벽부주,02-820-9923,서울특별시 동작구청,2026-04-06
03-3739,서울특별시 동작구 상도로60길 12,상도동 514-12,37.49427536,126.9541654,2011-08-24,한전주,02-820-9923,서울특별시 동작구청,2026-04-06
03-3740,서울특별시 동작구 상도로386-9,상도동 514-12,37.49443768,126.9545102,2011-08-24,한전주,02-820-9923,서울특별시 동작구청,2026-04-06
03-3741,서울특별시 동작구 상도로386-7,상도동 514-5,37.4944693,126.9547364,2011-08-24,한전주,02-820-9923,서울특별시 동작구청,2026-04-06
03-3742,서울특별시 동작구 상도로62길 5,상도동 495-4,37.49477554,126.9544789,2011-08-24,한전주,02-820-9923,서울특별시 동작구청,2026-04-06
03-3743,서울특별시 동작구 상도로60길6,상도동 493-9,37.49460875,126.9542105,2011-08-24,한전주,02-820-9923,서울특별시 동작구청,2026-04-06
03-3744,서울특별시 동작구 상도로60길 6,상도동 493-9,37.49482049,126.954216,2011-08-24,한전주,02-820-9923,서울특별시 동작구청,2026-04-06
03-3745,서울특별시 동작구 상도로62길 12,상도동 494-16,37.49499159,126.9539699,2011-08-24,한전주,02-820-9923,서울특별시 동작구청,2026-04-06
03-3746,서울특별시 동작구 상도로62길 15-2,상도동 493-2,37.4948045,126.9536478,2011-08-24,벽부주,02-820-9923,서울특별시 동작구청,2026-04-06
03-3747,서울특별시 동작구 상도로60길 1,상도동 495-2,37.4950458,126.9543629,,한전주,02-820-9923,서울특별시 동작구청,2026-04-06
03-3748,서울특별시 동작구 상도로 265-29,상도1동 691-1,37.50451079,126.9486768,2021-04-05,전용주,02-820-9923,서울특별시 동작구청,2026-04-06
03-3756,서울특별시 동작구 흑석로 8-7,상도1동 648-2,37.50450749,126.9515467,2011-08-24,한전주,02-820-9923,서울특별시 동작구청,2026-04-06
03-3757,서울특별시 동작구 흑석로 8-11,상도1동 650-4,37.50436327,126.9513884,2011-08-24,한전주,02-820-9923,서울특별시 동작구청,2026-04-06
03-3758,서울특별시 동작구 상도로41라길 37,상도1동 650-1,37.50409526,126.9514904,2011-08-24,한전주,02-820-9923,서울특별시 동작구청,2026-04-06
03-3759,서울특별시 동작구 상도로41라길 33,상도1동 650-2,37.5040749,126.9512699,2011-08-24,한전주,02-820-9923,서울특별시 동작구청,2026-04-06
03-3760,서울특별시 동작구 상도로41라길 28,상도1동 656-1,37.50405673,126.9509023,2011-08-24,한전주,02-820-9923,서울특별시 동작구청,2026-04-06
03-3761,서울특별시 동작구 상도로41라길 21,상도1동 656-1,37.50393504,126.950778,2011-08-24,통신주,02-820-9923,서울특별시 동작구청,2026-04-06
03-3762,서울특별시 동작구 상도로41라길 18,상도1동 478,37.50372552,126.950699,2011-08-24,벽부주,02-820-9923,서울특별시 동작구청,2026-04-06
03-3763,서울특별시 동작구 상도로41라길 16-1,상도1동 478-1,37.50364675,126.9508579,2011-08-24,벽부주,02-820-9923,서울특별시 동작구청,2026-04-06
03-3764,서울특별시 동작구 상도로41라길 14,상도1동 656-1,37.50357006,126.9505973,2011-08-24,통신주,02-820-9923,서울특별시 동작구청,2026-04-06
03-3765,서울특별시 동작구 상도로41가길 16,상도1동 656-1,37.50341017,126.9506907,2020-04-27,전용주,02-820-9923,서울특별시 동작구청,2026-04-06
03-3766,서울특별시 동작구 상도로41가길 16,상도1동 656-1,37.50337411,126.9506455,2020-04-27,한전주,02-820-9923,서울특별시 동작구청,2026-04-06
03-3767,서울특별시 동작구 상도로41라길 10,상도1동 478-7,37.50350481,126.9507839,2011-08-24,벽부주,02-820-9923,서울특별시 동작구청,2026-04-06
03-3768,서울특별시 동작구 상도로41라길 8-16,상도1동 477,37.50350042,126.9510667,2011-08-24,벽부주,02-820-9923,서울특별시 동작구청,2026-04-06
03-3769,서울특별시 동작구 상도로41라길 8-8,상도동 477,37.50337427,126.9510385,2011-08-24,벽부주,02-820-9923,서울특별시 동작구청,2026-04-06
03-3770,서울특별시 동작구 상도로47바길 30,상도동 54-12,37.50337981,126.9535944,2020-04-24,벽부주,02-820-9923,서울특별시 동작구청,2026-04-06
03-3772,서울특별시 동작구 상도로 334,상도동 468-1,37.49830852,126.9514037,2020-05-22,한전주,02-820-9923,서울특별시 동작구청,2026-04-06
03-3773,서울특별시 동작구 상도로52길 4,상도동 517-4,37.49812834,126.9514603,2020-05-22,통신주,02-820-9923,서울특별시 동작구청,2026-04-06
03-3774,서울특별시 동작구 상도로47가길 24-1,상도1동 409-2,37.50110364,126.9508138,2020-06-11,전용주,02-820-9923,서울특별시 동작구청,2026-04-06
03-3775,서울특별시 동작구 상도로61길 65,상도동 512-13,37.4946621,126.9583662,2020-07-02,통신주,02-820-9923,서울특별시 동작구청,2026-04-06
03-3776,서울특별시 동작구 강남초등길 15,상도1동 501-1,37.50551917,126.9522896,2022-04-11,전용주,02-820-9923,서울특별시 동작구청,2026-04-06
03-3777,서울특별시 동작구 상도로55길 4,상도동 487-11,37.49706155,126.9537227,2011-08-24,통신주,02-820-9923,서울특별시 동작구청,2026-04-06
03-3778,서울특별시 동작구 상도로47마길21,상도1동 422-5,37.50186276,126.9508529,2022-11-29,통신주,02-820-9923,서울특별시 동작구청,2026-04-06
03-3779,서울특별시 동작구 상도로45길 7,상도1동 368-1,37.50052019,126.9506898,2023-08-18,벽부주,02-820-9923,서울특별시 동작구청,2026-04-06
03-3781,서울특별시 동작구 상도로37길44,상도1동 267-1,37.49992573,126.9511934,2023-08-18,벽부주,02-820-9923,서울특별시 동작구청,2026-04-06
03-3785,서울특별시 동작구 상도로47길 10,상도동 464-35,37.49961054,126.9515809,2023-08-18,벽부주,02-820-9923,서울특별시 동작구청,2026-04-06
03-3787,서울특별시 동작구 상도로 329,상도동 463-11,37.49894612,126.9517482,2023-08-21,전용주,02-820-9923,서울특별시 동작구청,2026-04-06
03-3788,서울특별시 동작구 상도로37길59,상도동 466-5,37.49890349,126.9521723,2023-08-18,벽부주,02-820-9923,서울특별시 동작구청,2026-04-06
03-3789,서울특별시 동작구 상도로37길66,상도동 477,37.49848908,126.9522885,2023-08-18,벽부주,02-820-9923,서울특별시 동작구청,2026-04-06
03-3790,서울특별시 동작구 상도로37길65,상도동 67-1,37.49847342,126.9525542,2023-08-18,벽부주,02-820-9923,서울특별시 동작구청,2026-04-06
03-3791,서울특별시 동작구 상도로37길 66-1,상도동 477-5,37.49839682,126.9525147,2023-08-18,벽부주,02-820-9923,서울특별시 동작구청,2026-04-06
03-3792,서울특별시 동작구 상도로37길 70,상도동 477-12,37.49816264,126.9527297,2023-08-18,벽부주,02-820-9923,서울특별시 동작구청,2026-04-06
03-3793,서울특별시 동작구 상도로62가길27,상도동 134-235,37.49402726,126.9533401,2023-11-29,통신주,02-820-9923,서울특별시 동작구청,2026-04-06
03-3794,서울특별시 동작구 매봉로4가길 1,상도동 7-26,37.50818642,126.9529524,2024-04-03,통신주,02-820-9923,서울특별시 동작구청,2026-04-06
03-3795,서울특별시 동작구 강남초등길 14-1,상도1동 528-1,37.50604835,126.9518878,2024-05-01,통신주,02-820-9923,서울특별시 동작구청,2026-04-06
03-3796,서울특별시 동작구 양녕로32길 60,상도동 533-53,37.49343316,126.9492413,2024-05-14,한전주,02-820-9923,서울특별시 동작구청,2026-04-06
03-3797,서울특별시 동작구 양녕로32길 60,상도동 533-53,37.49353674,126.949148,2024-06-17,한전주,02-820-9923,서울특별시 동작구청,2026-04-06
03-3798,서울특별시 동작구 상도로38길 3-28,상도1동 794-1,37.50124918,126.9487639,2024-10-04,전용주,02-820-9923,서울특별시 동작구청,2026-04-06
03-3799,서울특별시 동작구 상도로55길 47,상도동 423,37.49732935,126.9591393,2024-11-13,전용주,02-820-9923,서울특별시 동작구청,2026-04-06
03-3800,서울특별시 동작구 상도로55길 47,상도동 421,37.49748693,126.958882,2024-11-13,전용주,02-820-9923,서울특별시 동작구청,2026-04-06
03-3964,서울특별시 동작구 상도로67길 12-22,상도동 121-127,37.4942225,126.9573742,2021-12-07,전용주,02-820-9923,서울특별시 동작구청,2026-04-06
03-3965,서울특별시 동작구 상도로50길 8,상도1동 462-9,37.49838266,126.9509513,2023-02-09,벽부주,02-820-9923,서울특별시 동작구청,2026-04-06
03-3966,서울특별시 동작구 매봉로2가길 12,상도동 7-49,37.50769313,126.952998,2024-05-09,통신주,02-820-9923,서울특별시 동작구청,2026-04-06
03-3967,서울특별시 동작구 매봉로 31-4,상도동 516,37.50664931,126.9507706,2024-10-29,전용주,02-820-9923,서울특별시 동작구청,2026-04-06
03-3968,서울특별시 동작구 매봉로 31-4,상도1동 516,37.50670567,126.9508666,2020-05-24,전용주,02-820-9923,서울특별시 동작구청,2026-04-06
03-3969,서울특별시 동작구 매봉로 29,상도1동 517,37.50668542,126.9509345,2024-10-28,전용주,02-820-9923,서울특별시 동작구청,2026-04-06
03-3970,서울특별시 동작구 흑석로 8-17,상도1동 656-1,37.50440825,126.9512188,2025-03-04,전용주,02-820-9923,서울특별시 동작구청,2026-04-06
03-3971,서울특별시 동작구 강남초등길 23-1,상도1동 501-1,37.50529394,126.9523265,2025-04-08,벽부주,02-820-9923,서울특별시 동작구청,2026-04-06
03-3972,서울특별시 동작구 상도로47바길 46,상도동 54-17,37.50381451,126.9535235,2025-04-03,전용주,02-820-9923,서울특별시 동작구청,2026-04-06
03-3973,서울특별시 동작구 강남초등6길 26,상도1동 528-1,37.50541273,126.9508845,2025-06-16,전용주,02-820-9923,서울특별시 동작구청,2026-04-06
03-3974,서울특별시 동작구 상도로53길 43,상도동 432,37.50109574,126.9535534,2025-10-21,한전주,02-820-9923,서울특별시 동작구청,2026-04-06
03-3975,서울특별시 동작구 상도로47길 21,상도1동 368-1,37.50023687,126.9518887,2026-01-09,벽부주,02-820-9923,서울특별시 동작구청,2026-04-06
04-001,서울특별시 동작구 등용로 37,상도동 451,37.50572282,126.9352852,2011-08-24,전용주,02-820-9923,서울특별시 동작구청,2026-04-06
04-002,서울특별시 동작구 상도로15바길 30,상도동 451,37.50554266,126.9353673,2011-08-24,전용주,02-820-9923,서울특별시 동작구청,2026-04-06
04-003,서울특별시 동작구 상도로15바길 28,상도동 450,37.50536687,126.9351809,2011-08-24,전용주,02-820-9923,서울특별시 동작구청,2026-04-06
04-004,서울특별시 동작구 상도로15차길 19,상도동 450,37.50523843,126.9351131,2011-08-24,전용주,02-820-9923,서울특별시 동작구청,2026-04-06
04-005,서울특별시 동작구 상도로15바길 26,상도동 450,37.50514827,126.9349945,2011-08-24,전용주,02-820-9923,서울특별시 동작구청,2026-04-06
04-006,서울특별시 동작구 상도로15바길 24,상도동 450,37.50504456,126.9348306,2011-08-24,전용주,02-820-9923,서울특별시 동작구청,2026-04-06
04-007,서울특별시 동작구 상도로15바길 22,상도동 450,37.50485302,126.9346922,2011-08-24,전용주,02-820-9923,서울특별시 동작구청,2026-04-06
04-008,서울특별시 동작구 상도로15바길 18,상도동 450,37.50460289,126.9345086,2011-08-24,전용주,02-820-9923,서울특별시 동작구청,2026-04-06
04-009,서울특별시 동작구 상도로15아길 20,상도동 450,37.5044767,126.9344239,2011-08-24,전용주,02-820-9923,서울특별시 동작구청,2026-04-06
04-010,서울특별시 동작구 상도로15바길 64,상도동 450,37.50440455,126.9342882,2011-08-24,전용주,02-820-9923,서울특별시 동작구청,2026-04-06
04-011,서울특별시 동작구 상도로15바길 12,상도동 450,37.50436163,126.9340706,2011-08-24,전용주,02-820-9923,서울특별시 동작구청,2026-04-06
04-012,서울특별시 동작구 등용로 25,상도동 363-199,37.50576147,126.9359439,2011-08-24,한전주,02-820-9923,서울특별시 동작구청,2026-04-06
04-013,서울특별시 동작구 상도로15바길 10,상도동 450,37.50427817,126.9338614,2011-08-24,전용주,02-820-9923,서울특별시 동작구청,2026-04-06
04-014,서울특별시 동작구 상도로15바길 8-3,상도동 356-49,37.5039716,126.9334517,2011-08-24,한전주,02-820-9923,서울특별시 동작구청,2026-04-06
04-015,서울특별시 동작구 상도로15바길 8-5,상도동 356-48,37.50385896,126.9334292,2011-08-24,한전주,02-820-9923,서울특별시 동작구청,2026-04-06
04-016,서울특별시 동작구 상도로15사길 47,상도동 356-60,37.50373066,126.9335961,2011-08-24,한전주,02-820-9923,서울특별시 동작구청,2026-04-06
04-017,서울특별시 동작구 상도로15사길 55,상도동 356-51,37.50402589,126.9338616,2011-08-24,한전주,02-820-9923,서울특별시 동작구청,2026-04-06
04-018,서울특별시 동작구 상도로15라길 25,상도동 356-83,37.50369704,126.9338987,2011-08-24,한전주,02-820-9923,서울특별시 동작구청,2026-04-06
04-019,서울특별시 동작구 상도로15라길 30,상도동 356-232,37.50386607,126.934054,2011-08-24,한전주,02-820-9923,서울특별시 동작구청,2026-04-06
04-020,서울특별시 동작구 상도로15마길 16-7,상도동 356-106,37.50344483,126.9340233,2011-08-24,벽부주,02-820-9923,서울특별시 동작구청,2026-04-06
04-021,서울특별시 동작구 상도로15마길 16-11,상도동 356-104,37.5036319,126.9342154,2011-08-24,벽부주,02-820-9923,서울특별시 동작구청,2026-04-06
04-022,서울특별시 동작구 상도로15마길 8-4,상도동 361-118,37.5032333,126.9343939,2011-08-24,전용주,02-820-9923,서울특별시 동작구청,2026-04-06
04-023,서울특별시 동작구 상도로15마길 8-7,상도동 361-121,37.50338875,126.9344362,2011-08-24,한전주,02-820-9923,서울특별시 동작구청,2026-04-06
04-024,서울특별시 동작구 상도로15마길 8-12,상도동 361-24,37.50354877,126.9346028,2011-08-24,벽부주,02-820-9923,서울특별시 동작구청,2026-04-06
04-025,서울특별시 동작구 상도로15바길 5,상도동 산4-4,37.50398497,126.9332001,2011-08-24,한전주,02-820-9923,서울특별시 동작구청,2026-04-06
04-026,서울특별시 동작구 상도로15길 71,상도동 361-161,37.5035827,126.9348714,2011-08-24,벽부주,02-820-9923,서울특별시 동작구청,2026-04-06
04-027,서울특별시 동작구 상도로15길 72,상도동 358-20,37.50350175,126.9351118,2011-08-24,한전주,02-820-9923,서울특별시 동작구청,2026-04-06
04-028,서울특별시 동작구 상도로15길 76,상도동 358-15,37.50368667,126.9355046,2011-08-24,벽부주,02-820-9923,서울특별시 동작구청,2026-04-06
04-029,서울특별시 동작구 상도로15자길 6,상도동 361-22,37.50401523,126.9349417,2015-01-30,통신주,02-820-9923,서울특별시 동작구청,2026-04-06
04-030,서울특별시 동작구 상도로15길 79,상도동 361-15,37.50391851,126.9351934,2011-08-24,한전주,02-820-9923,서울특별시 동작구청,2026-04-06
04-031,서울특별시 동작구 상도로15카길 24,상도동 363-196,37.50550923,126.9360233,2011-08-24,한전주,02-820-9923,서울특별시 동작구청,2026-04-06
04-032,서울특별시 동작구 상도로15아길 12,상도동 361-9,37.5041481,126.9348992,2011-08-24,한전주,02-820-9923,서울특별시 동작구청,2026-04-06
04-033,서울특별시 동작구 상도로15아길 11-5,상도동 361-101,37.50381232,126.9346139,2011-08-24,한전주,02-820-9923,서울특별시 동작구청,2026-04-06
04-034,서울특별시 동작구 상도로15아길 11-11,상도동 361-99,37.50371991,126.9345094,2011-08-24,한전주,02-820-9923,서울특별시 동작구청,2026-04-06
04-036,서울특별시 동작구 상도로15아길 18,상도동 361-52,37.50430339,126.9346559,2011-08-24,한전주,02-820-9923,서울특별시 동작구청,2026-04-06
04-037,서울특별시 동작구 상도로15아길 17-5,상도동 361-91,37.50402845,126.9344186,2011-08-24,한전주,02-820-9923,서울특별시 동작구청,2026-04-06
04-038,서울특별시 동작구 상도로15자길 6,상도동 361-160,37.5041843,126.9351876,2015-02-16,벽부주,02-820-9923,서울특별시 동작구청,2026-04-06
04-039,서울특별시 동작구 상도로15자길 24,상도동 361-3,37.50457161,126.934961,2011-08-24,한전주,02-820-9923,서울특별시 동작구청,2026-04-06
04-040,서울특별시 동작구 상도로15자길 28-6,상도동 361-45,37.50486216,126.934924,2011-08-24,전용주,02-820-9923,서울특별시 동작구청,2026-04-06
04-041,서울특별시 동작구 상도로15차길 15,상도동 361-143,37.50485344,126.9354584,2011-08-24,한전주,02-820-9923,서울특별시 동작구청,2026-04-06
04-042,서울특별시 동작구 상도로15자길 28-3,상도동 361-48,37.50463915,126.9349016,2011-08-24,한전주,02-820-9923,서울특별시 동작구청,2026-04-06
04-043,서울특별시 동작구 상도로15자길 11,상도동 361-11,37.50438032,126.9352835,2011-08-24,통신주,02-820-9923,서울특별시 동작구청,2026-04-06
04-044,서울특별시 동작구 상도로15차길 22,상도동 361-130,37.50505837,126.9353649,2011-08-24,전용주,02-820-9923,서울특별시 동작구청,2026-04-06
04-045,서울특별시 동작구 상도로15길 84-6,상도동 358-13,37.50383322,126.9357646,2011-08-24,한전주,02-820-9923,서울특별시 동작구청,2026-04-06
04-046,서울특별시 동작구 상도로15길 83,상도동 361-35,37.50407411,126.9355185,2011-08-24,벽부주,02-820-9923,서울특별시 동작구청,2026-04-06
04-047,서울특별시 동작구 상도로15차길 9,상도동 361-125,37.50466207,126.935631,2011-08-24,한전주,02-820-9923,서울특별시 동작구청,2026-04-06
04-048,서울특별시 동작구 상도로15길 90,상도동 358-8,37.50410585,126.9359058,2011-08-24,한전주,02-820-9923,서울특별시 동작구청,2026-04-06
04-049,서울특별시 동작구 상도로19길 41-8,상도동 358-4,37.50392806,126.9361943,2011-08-24,벽부주,02-820-9923,서울특별시 동작구청,2026-04-06
04-050,서울특별시 동작구 상도로15길 92,상도동 358-23,37.50420495,126.9358831,2011-08-24,한전주,02-820-9923,서울특별시 동작구청,2026-04-06
04-052,서울특별시 동작구 상도로19길 53-6,상도동 366-19,37.50381801,126.9367995,2011-08-24,벽부주,02-820-9923,서울특별시 동작구청,2026-04-06
04-053,서울특별시 동작구 상도로19길 53-11,상도동 366-25,37.50401619,126.9367173,2011-08-24,한전주,02-820-9923,서울특별시 동작구청,2026-04-06
04-054,서울특별시 동작구 상도로19길 53-16,상도동 359-30,37.5041964,126.9367256,2011-08-24,벽부주,02-820-9923,서울특별시 동작구청,2026-04-06
04-055,서울특별시 동작구 상도로19길 53-16,상도동 359-30,37.50433602,126.936669,2011-08-24,한전주,02-820-9923,서울특별시 동작구청,2026-04-06
04-056,서울특별시 동작구 상도로15자길 20,상도동 361-144,37.50474746,126.9352408,2011-08-24,한전주,02-820-9923,서울특별시 동작구청,2026-04-06
04-057,서울특별시 동작구 상도로15길 82,상도동 358-14,37.5038556,126.9354875,2011-08-24,한전주,02-820-9923,서울특별시 동작구청,2026-04-06
04-058,서울특별시 동작구 상도로15길 74,상도동 26-71,37.50367753,126.9352756,2011-08-24,한전주,02-820-9923,서울특별시 동작구청,2026-04-06
04-059,서울특별시 동작구 상도로15차길 3-2,상도동 361-82,37.50445937,126.935668,2011-08-24,벽부주,02-820-9923,서울특별시 동작구청,2026-04-06
04-060,서울특별시 동작구 상도로15차길 4,상도동 361-66,37.5044685,126.9358857,2011-08-24,전용주,02-820-9923,서울특별시 동작구청,2026-04-06
04-061,서울특별시 동작구 상도로15길 98,상도동 358-1,37.50436508,126.9362618,2011-08-24,한전주,02-820-9923,서울특별시 동작구청,2026-04-06
04-062,서울특별시 동작구 상도로15길 98,상도동 358-1,37.50427037,126.9360611,2011-08-24,한전주,02-820-9923,서울특별시 동작구청,2026-04-06
04-063,서울특별시 동작구 상도로15길 102-1,상도동 359-7,37.50428857,126.9363919,2011-08-24,벽부주,02-820-9923,서울특별시 동작구청,2026-04-06
04-064,서울특별시 동작구 상도로15길 104,상도동 359-3,37.50446886,126.9365586,2011-08-24,한전주,02-820-9923,서울특별시 동작구청,2026-04-06
04-065,서울특별시 동작구 상도로15카길 3,상도동 360-66,37.50461061,126.9362701,2011-08-24,벽부주,02-820-9923,서울특별시 동작구청,2026-04-06
04-066,서울특별시 동작구 상도로15카길 7,상도동 360-43,37.50488542,126.9362642,2011-08-24,한전주,02-820-9923,서울특별시 동작구청,2026-04-06
04-067,서울특별시 동작구 상도로15카길 4,상도동 360-84,37.50475485,126.9364113,2011-08-24,한전주,02-820-9923,서울특별시 동작구청,2026-04-06
04-068,서울특별시 동작구 상도로15카길 14,상도동 360-59,37.50518946,126.9361791,2011-08-24,한전주,02-820-9923,서울특별시 동작구청,2026-04-06
04-069,서울특별시 동작구 상도로15카길 15-4,상도동 360-53,37.505151,126.935871,2011-08-24,한전주,02-820-9923,서울특별시 동작구청,2026-04-06
04-070,서울특별시 동작구 상도로15카길 14-1,상도동 360-14,37.50511298,126.9363828,2011-08-24,벽부주,02-820-9923,서울특별시 동작구청,2026-04-06
04-073,서울특별시 동작구 상도로15카길 17,상도동 360-32,37.50528174,126.9360518,2011-08-24,전용주,02-820-9923,서울특별시 동작구청,2026-04-06
04-075,서울특별시 동작구 상도로15카길 21-5,상도동 360-9,37.50544155,126.9358283,2011-08-24,한전주,02-820-9923,서울특별시 동작구청,2026-04-06
04-076,서울특별시 동작구 상도로15카길 21-9,상도동 360-54,37.50526352,126.9356786,2011-08-24,전용주,02-820-9923,서울특별시 동작구청,2026-04-06
04-077,서울특별시 동작구 등용로 17-2,상도동 363-194,37.50552515,126.9363032,2011-08-24,벽부주,02-820-9923,서울특별시 동작구청,2026-04-06
04-078,서울특별시 동작구 상도로15자길 14-1,상도동 361-5,37.50451557,126.9354644,2011-08-24,한전주,02-820-9923,서울특별시 동작구청,2026-04-06
04-079,서울특별시 동작구 상도로15길 111-15,상도동 363-248,37.50503656,126.9366769,2011-08-24,벽부주,02-820-9923,서울특별시 동작구청,2026-04-06
04-080,서울특별시 동작구 상도로15길 11-9,상도동 363-271,37.50495331,126.9368551,2011-08-24,한전주,02-820-9923,서울특별시 동작구청,2026-04-06
04-081,서울특별시 동작구 상도로15길 111-4,상도동 364-7,37.5047146,126.9369655,2011-08-24,벽부주,02-820-9923,서울특별시 동작구청,2026-04-06
04-082,서울특별시 동작구 상도로15길 112,상도동 359-5,37.50455467,126.9369657,2011-08-24,한전주,02-820-9923,서울특별시 동작구청,2026-04-06
04-083,서울특별시 동작구 상도로15길 114-5,상도동 359-16,37.50444436,126.9370704,2011-08-24,전용주,02-820-9923,서울특별시 동작구청,2026-04-06
04-084,서울특별시 동작구 상도로15길 110-1,상도동 359-33,37.50440822,126.9368895,2011-08-24,벽부주,02-820-9923,서울특별시 동작구청,2026-04-06
04-085,서울특별시 동작구 장승배기로3길 7,상도동 201-58,37.50079053,126.9409581,2020-05-26,전용주,02-820-9923,서울특별시 동작구청,2026-04-06
04-086,서울특별시 동작구 장승배기로3길 4,상도동 201-113,37.50084924,126.9412465,2020-05-26,한전주,02-820-9923,서울특별시 동작구청,2026-04-06
04-087,서울특별시 동작구 성대로39길 26,상도동 201-135,37.50054677,126.9399829,2020-03-16,전용주,02-820-9923,서울특별시 동작구청,2026-04-06
04-089,서울특별시 동작구 등용로20,상도동 363-190,37.50585865,126.9365433,2011-08-24,전용주,02-820-9923,서울특별시 동작구청,2026-04-06
04-090,서울특별시 동작구 상도로15길 123,상도동 364-1,37.50487035,126.9375705,2011-08-24,한전주,02-820-9923,서울특별시 동작구청,2026-04-06
04-094,서울특별시 동작구 상도로 172,상도동 365-23,37.50402828,126.9382752,2011-08-24,한전주,02-820-9923,서울특별시 동작구청,2026-04-06
04-095,서울특별시 동작구 상도로26가길 9,상도동 183-11,37.50366113,126.9382896,2024-05-28,한전주,02-820-9923,서울특별시 동작구청,2026-04-06
04-097,서울특별시 동작구 상도로26가길 11,상도동 183-51,37.5036658,126.9386233,2011-08-24,한전주,02-820-9923,서울특별시 동작구청,2026-04-06
04-098,서울특별시 동작구 상도로26가길13,상도동 183-12,37.50365917,126.9388693,2015-02-25,전용주,02-820-9923,서울특별시 동작구청,2026-04-06
04-099,서울특별시 동작구 상도로26가길17 옆,상도동 183-32,37.50383037,126.9388832,2014-02-22,전용주,02-820-9923,서울특별시 동작구청,2026-04-06
04-100,서울특별시 동작구 상도로26가길 18,상도동 183-33,37.50358498,126.9391407,2011-08-24,전용주,02-820-9923,서울특별시 동작구청,2026-04-06
04-102,서울특별시 동작구 상도로26길 19,상도동 367-8,37.50402175,126.9387135,2011-08-24,한전주,02-820-9923,서울특별시 동작구청,2026-04-06
04-104,서울특별시 동작구 장승배기로11길 38,상도동 363-279,37.50537678,126.9368547,2011-08-24,한전주,02-820-9923,서울특별시 동작구청,2026-04-06
04-107,서울특별시 동작구 장승배기로10길 17,상도동 373-20,37.50469589,126.9399683,2011-08-24,한전주,02-820-9923,서울특별시 동작구청,2026-04-06
04-108,서울특별시 동작구 장승배기로10길 17,상도동 373-17,37.50481979,126.9399795,2011-08-24,전용주,02-820-9923,서울특별시 동작구청,2026-04-06
04-109,서울특별시 동작구 장승배기로10길 28,상도동 178-7,37.50478862,126.9406977,2011-08-24,한전주,02-820-9923,서울특별시 동작구청,2026-04-06
04-110,서울특별시 동작구 상도로 202,상도동 170-2,37.50491041,126.9410171,2015-02-25,통신주,02-820-9923,서울특별시 동작구청,2026-04-06
04-111,서울특별시 동작구 상도로 202-1,상도동 170-27,37.50489023,126.9412065,2015-01-29,한전주,02-820-9923,서울특별시 동작구청,2026-04-06
04-112,서울특별시 동작구 상도로30길 14,상도동 169-145,37.5048611,126.9415034,2011-08-24,한전주,02-820-9923,서울특별시 동작구청,2026-04-06
04-113,서울특별시 동작구 상도로30길 19,상도동 169-153,37.50480717,126.9417636,2011-08-24,한전주,02-820-9923,서울특별시 동작구청,2026-04-06
04-114,서울특별시 동작구 상도로30길 39,상도동 529,37.50471723,126.9420916,,전용주,02-820-9923,서울특별시 동작구청,2026-04-06
04-115,서울특별시 동작구 상도로30길 39,상도동 529,37.5046475,126.9423038,,전용주,02-820-9923,서울특별시 동작구청,2026-04-06
04-116,서울특별시 동작구 상도로30길 22,상도동 169-31,37.50459789,126.9421907,2011-08-24,한전주,02-820-9923,서울특별시 동작구청,2026-04-06
04-117,서울특별시 동작구 상도로30길 39,상도동 529,37.50458678,126.9424989,,전용주,02-820-9923,서울특별시 동작구청,2026-04-06
04-118,서울특별시 동작구 상도로30길 39,상도동 529,37.50452381,126.9426969,,전용주,02-820-9923,서울특별시 동작구청,2026-04-06
04-119,서울특별시 동작구 상도로30길 39,상도동 529,37.50446761,126.9429372,,전용주,02-820-9923,서울특별시 동작구청,2026-04-06
04-120,서울특별시 동작구 상도로30길 39,상도동 529,37.50438891,126.9432229,,전용주,02-820-9923,서울특별시 동작구청,2026-04-06
04-121,서울특별시 동작구 상도로30길 39,상도동 529,37.5043462,126.943418,2011-08-24,전용주,02-820-9923,서울특별시 동작구청,2026-04-06
04-122,서울특별시 동작구 상도로30길 39,상도동 529,37.50428548,126.9436216,,전용주,02-820-9923,서울특별시 동작구청,2026-04-06
04-123,서울특별시 동작구 상도로30길 39,상도동 529,37.50423152,126.9438309,2011-08-24,전용주,02-820-9923,서울특별시 동작구청,2026-04-06
04-124,서울특별시 동작구 상도로30길 39,상도동 529,37.5041798,126.944009,2011-08-24,전용주,02-820-9923,서울특별시 동작구청,2026-04-06
04-125,서울특별시 동작구 상도로30길 39,상도동 529,37.50421367,126.9441758,2011-08-24,전용주,02-820-9923,서울특별시 동작구청,2026-04-06
04-127,서울특별시 동작구 상도로30길 63-4,상도동 529-3,37.50461021,126.9443904,2024-05-13,통신주,02-820-9923,서울특별시 동작구청,2026-04-06
04-128,서울특별시 동작구 상도로26가길 25,상도동 183-60,37.50380349,126.9391773,2011-08-24,벽부주,02-820-9923,서울특별시 동작구청,2026-04-06
04-129,서울특별시 동작구 양녕로36길 13,상도동 159-333,37.50209501,126.9462413,2020-05-13,한전주,02-820-9923,서울특별시 동작구청,2026-04-06
04-130,서울특별시 동작구 상도로 228,상도동 29-5,37.5049751,126.9443449,2011-08-24,전용주,02-820-9923,서울특별시 동작구청,2026-04-06
04-131,서울특별시 동작구 상도로 230,상도동 29-133,37.50511927,126.9443731,,전용주,02-820-9923,서울특별시 동작구청,2026-04-06
04-133,서울특별시 동작구 상도로30길 66,상도동 156-6,37.50399747,126.9442693,2011-08-24,한전주,02-820-9923,서울특별시 동작구청,2026-04-06
04-136,서울특별시 동작구 상도로30길 26-8,상도동 169-51,37.50437934,126.9420778,2011-08-24,한전주,02-820-9923,서울특별시 동작구청,2026-04-06
04-137,서울특별시 동작구 상도로30길 26-14,상도동 169-62,37.50415629,126.941962,2011-08-24,한전주,02-820-9923,서울특별시 동작구청,2026-04-06
04-138,서울특별시 동작구 상도로30길 26-16,상도동 171-1,37.50424175,126.9416877,2022-11-01,전용주,02-820-9923,서울특별시 동작구청,2026-04-06
04-160,서울특별시 동작구 장승배기로10길 47-5,상도동 169-23,37.50454804,126.9415885,2011-08-24,한전주,02-820-9923,서울특별시 동작구청,2026-04-06
04-175,서울특별시 동작구 상도로31길 87,상도동 22-151,37.50510654,126.9460582,2011-08-24,한전주,02-820-9923,서울특별시 동작구청,2026-04-06
04-176,서울특별시 동작구 장승배기로10가길 124,상도동 172-28,37.50399611,126.9414532,2017-05-10,한전주,02-820-9923,서울특별시 동작구청,2026-04-06
04-177,서울특별시 동작구 장승배기로10가길 124,상도동 175-5,37.50411753,126.941029,2025-09-04,전용주,02-820-9923,서울특별시 동작구청,2026-04-06
04-185,서울특별시 동작구 장승배기로10가길 124,상도동 172-28,37.50381365,126.9414534,2017-05-10,한전주,02-820-9923,서울특별시 동작구청,2026-04-06
04-190,서울특별시 동작구 성대로37길 52,상도동 188-42,37.50103934,126.9385689,2011-08-24,전용주,02-820-9923,서울특별시 동작구청,2026-04-06
04-203,서울특별시 동작구 장승배기로10가길 45,상도동 175-12,37.50220723,126.9406912,2011-08-24,한전주,02-820-9923,서울특별시 동작구청,2026-04-06
04-205,서울특별시 동작구 장승배기로10가길 45,상도동 175-12,37.50243464,126.9404931,2011-08-24,한전주,02-820-9923,서울특별시 동작구청,2026-04-06
04-206,서울특별시 동작구 장승배기로10가길 35,상도동 175-1,37.50282648,126.9403147,2014-02-22,한전주,02-820-9923,서울특별시 동작구청,2026-04-06
04-207,서울특별시 동작구 장승배기로10가길 35,상도동 175-1,37.50308774,126.9402523,2011-08-24,한전주,02-820-9923,서울특별시 동작구청,2026-04-06
04-232,서울특별시 동작구 장승배기로7길 36,상도동 184-270,37.50129406,126.9389164,2011-08-24,한전주,02-820-9923,서울특별시 동작구청,2026-04-06
04-233,서울특별시 동작구 장승배기로7길 39-1,상도동 204-113,37.50112503,126.9387384,2011-08-24,전용주,02-820-9923,서울특별시 동작구청,2026-04-06
04-234,서울특별시 동작구 성대로37길 50,상도동 201-20,37.50097408,126.9386848,2011-08-24,벽부주,02-820-9923,서울특별시 동작구청,2026-04-06
04-235,서울특별시 동작구 장승배기로10가길 35,상도동 175-1,37.50326791,126.9401758,2011-08-24,한전주,02-820-9923,서울특별시 동작구청,2026-04-06
04-236,서울특별시 동작구 장승배기로10가길 35,상도동 175-1,37.50353592,126.9401106,2011-08-24,한전주,02-820-9923,서울특별시 동작구청,2026-04-06
04-237,서울특별시 동작구 장승배기로5길 26,상도동 204-244,37.5010691,126.9394877,2011-08-24,통신주,02-820-9923,서울특별시 동작구청,2026-04-06
04-240,서울특별시 동작구 장승배기로5길 21-2,상도동 204-103,37.50098819,126.9398327,2011-08-24,전용주,02-820-9923,서울특별시 동작구청,2026-04-06
04-241,서울특별시 동작구 등용로 2,상도동 365-4,37.50471063,126.9379664,2011-08-24,한전주,02-820-9923,서울특별시 동작구청,2026-04-06
04-242,서울특별시 동작구 상도로 181,상도동 370-2,37.50504226,126.9389445,2011-08-24,한전주,02-820-9923,서울특별시 동작구청,2026-04-06
04-244,서울특별시 동작구 장승배기로5길 14,상도동 204-149,37.50138027,126.9401236,2011-08-24,한전주,02-820-9923,서울특별시 동작구청,2026-04-06
04-247,서울특별시 동작구 장승배기로5길 8-5,상도동 204-63,37.50165968,126.9403185,2011-08-24,전용주,02-820-9923,서울특별시 동작구청,2026-04-06
04-250,서울특별시 동작구 장승배기로5길 3-12,상도동 201-138,37.50104048,126.9408024,2011-08-24,전용주,02-820-9923,서울특별시 동작구청,2026-04-06
04-252,서울특별시 동작구 장승배기로5길 5-5,상도동 201-138,37.50118219,126.940398,2011-08-24,전용주,02-820-9923,서울특별시 동작구청,2026-04-06
04-253,서울특별시 동작구 장승배기로5길 5-8,상도동 201-95,37.50114157,126.9402425,2011-08-24,전용주,02-820-9923,서울특별시 동작구청,2026-04-06
04-254,서울특별시 동작구 장승배기로5길 5-9,상도동 201-102,37.50098835,126.9401635,2011-08-24,전용주,02-820-9923,서울특별시 동작구청,2026-04-06
04-255,서울특별시 동작구 장승배기로3길 26-4,상도동 201-74,37.50085089,126.9400477,2020-05-26,한전주,02-820-9923,서울특별시 동작구청,2026-04-06
04-256,서울특별시 동작구 장승배기로3길 15,상도동 201-50,37.5008556,126.9404492,2020-05-26,통신주,02-820-9923,서울특별시 동작구청,2026-04-06
04-257,서울특별시 동작구 장승배기로3길 13,상도동 201-60,37.50080166,126.9406895,2020-05-26,전용주,02-820-9923,서울특별시 동작구청,2026-04-06
04-258,서울특별시 동작구 장승배기로3길 8,상도동 201-53,37.5008558,126.9408393,2020-05-26,한전주,02-820-9923,서울특별시 동작구청,2026-04-06
04-259,서울특별시 동작구 장승배기로5길 3-6,상도동 201-138,37.50125896,126.9407655,2011-08-24,전용주,02-820-9923,서울특별시 동작구청,2026-04-06
04-261,서울특별시 동작구 성대로39길 1,상도동 201-79,37.50054298,126.9414135,2020-05-26,한전주,02-820-9923,서울특별시 동작구청,2026-04-06
04-262,서울특별시 동작구 성대로 211,상도동 201-66,37.50059019,126.9412184,2020-05-26,통신주,02-820-9923,서울특별시 동작구청,2026-04-06
04-263,서울특별시 동작구 성대로39길 6,상도동 201-65,37.50059459,126.9410035,2020-05-26,한전주,02-820-9923,서울특별시 동작구청,2026-04-06
04-264,서울특별시 동작구 성대로39길 13,상도동 201-91,37.50054265,126.9407406,2020-05-26,전용주,02-820-9923,서울특별시 동작구청,2026-04-06
04-265,서울특별시 동작구 성대로39길 16,상도동 201-61,37.50059661,126.9405398,2020-05-26,한전주,02-820-9923,서울특별시 동작구청,2026-04-06
04-266,서울특별시 동작구 성대로39길 21,상도동 201-78,37.50054235,126.9401497,2011-08-24,전용주,02-820-9923,서울특별시 동작구청,2026-04-06
04-267,서울특별시 동작구 성대로39길 30-3,상도동 201-31,37.50073365,126.9398301,2020-05-26,한전주,02-820-9923,서울특별시 동작구청,2026-04-06
04-268,서울특별시 동작구 성대로37길 12,상도동 201-167,37.50030375,126.9404722,2011-08-24,한전주,02-820-9923,서울특별시 동작구청,2026-04-06
04-269,서울특별시 동작구 성대로37길 28,상도동 201-46,37.5004948,126.9396663,2011-08-24,전용주,02-820-9923,서울특별시 동작구청,2026-04-06
04-270,서울특별시 동작구 성대로37길 34-2,상도동 201-8,37.5006861,126.9393467,2011-08-24,전용주,02-820-9923,서울특별시 동작구청,2026-04-06
04-273,서울특별시 동작구 등용로 4,상도동 365-3,37.50468566,126.937613,2011-08-24,한전주,02-820-9923,서울특별시 동작구청,2026-04-06
04-274,서울특별시 동작구 장승배기로1길 24,상도동 201-167,37.5002749,126.941343,2011-08-24,한전주,02-820-9923,서울특별시 동작구청,2026-04-06
04-275,서울특별시 동작구 장승배기로1길 20-1,상도동 201-146,37.50038319,126.9416879,2011-08-24,한전주,02-820-9923,서울특별시 동작구청,2026-04-06
04-276,서울특별시 동작구 장승배기로25-2,상도동 201-167,37.50045983,126.9417896,2011-08-24,벽부주,02-820-9923,서울특별시 동작구청,2026-04-06
04-277,서울특별시 동작구 장승배기로1길 8,상도동 204-288,37.50004336,126.9422903,2011-08-24,전용주,02-820-9923,서울특별시 동작구청,2026-04-06
04-278,서울특별시 동작구 장승배기로 14,상도동 204-333,37.49995138,126.9430707,2011-08-24,전용주,02-820-9923,서울특별시 동작구청,2026-04-06
04-279,서울특별시 동작구 상도로 179,상도동 365-1,37.50485281,126.9385007,2011-08-24,한전주,02-820-9923,서울특별시 동작구청,2026-04-06
04-281,서울특별시 동작구 등용로 2,상도동 365-4,37.50469025,126.9377601,2011-08-24,한전주,02-820-9923,서울특별시 동작구청,2026-04-06
04-284,서울특별시 동작구 상도로34길60-10,상도동 521-17,37.50218674,126.9448842,2011-08-24,한전주,02-820-9923,서울특별시 동작구청,2026-04-06
04-285,서울특별시 동작구 상도로34길 42,상도동 528-1,37.50321102,126.9435998,2020-05-26,전용주,02-820-9923,서울특별시 동작구청,2026-04-06
04-286,서울특별시 동작구 상도로34길 42,상도동 528,37.50341152,126.9436421,2020-05-26,전용주,02-820-9923,서울특별시 동작구청,2026-04-06
04-287,서울특별시 동작구 상도로34길 42,상도동 528,37.50362334,126.9438228,2020-05-26,전용주,02-820-9923,서울특별시 동작구청,2026-04-06
04-296,서울특별시 동작구 장승배기로5길 3,상도동 201-136,37.50139406,126.9406664,2011-08-24,한전주,02-820-9923,서울특별시 동작구청,2026-04-06
04-297,서울특별시 동작구 장승배기로5길 3-4,상도동 201-100,37.50124537,126.9406072,2011-08-24,벽부주,02-820-9923,서울특별시 동작구청,2026-04-06
04-298,서울특별시 동작구 상도로34길 36-15,상도동 156-61,37.50385772,126.9440715,2011-08-24,벽부주,02-820-9923,서울특별시 동작구청,2026-04-06
04-299,서울특별시 동작구 장승배기로5길 8-6,상도동 204-65,37.50156962,126.9404005,2011-08-24,한전주,02-820-9923,서울특별시 동작구청,2026-04-06
04-300,서울특별시 동작구 장승배기로5길 8,상도동 204-67,37.50142548,126.9404261,2011-08-24,전용주,02-820-9923,서울특별시 동작구청,2026-04-06
04-301,서울특별시 동작구 상도로34길 26,상도동 156-40,37.50393493,126.9454116,2011-08-24,한전주,02-820-9923,서울특별시 동작구청,2026-04-06
04-302,서울특별시 동작구 장승배기로5길 16-2,상도동 204-148,37.5013103,126.9398324,2011-08-24,벽부주,02-820-9923,서울특별시 동작구청,2026-04-06
04-303,서울특별시 동작구 장승배기로5길 16,상도동 204-89,37.50150408,126.9399567,2011-08-24,벽부주,02-820-9923,서울특별시 동작구청,2026-04-06
04-304,서울특별시 동작구 장승배기로5길 18,상도동 204-124,37.50129913,126.9400134,2011-08-24,한전주,02-820-9923,서울특별시 동작구청,2026-04-06
04-305,서울특별시 동작구 장승배기로5길 21,상도동 204-148,37.50114808,126.9397619,2011-08-24,한전주,02-820-9923,서울특별시 동작구청,2026-04-06
04-306,서울특별시 동작구 장승배기로5길 24-2,상도동 204-241,37.5012786,126.9395102,2011-08-24,벽부주,02-820-9923,서울특별시 동작구청,2026-04-06
04-307,서울특별시 동작구 장승배기로5길 31,상도동 204-134,37.50090007,126.9393069,2011-08-24,통신주,02-820-9923,서울특별시 동작구청,2026-04-06
04-308,서울특별시 동작구 성대로37길 40,상도동 201-23,37.50077381,126.9390723,2011-08-24,전용주,02-820-9923,서울특별시 동작구청,2026-04-06
04-309,서울특별시 동작구 상도로30길 39,상도동 529,37.50479263,126.9443139,2011-08-24,전용주,02-820-9923,서울특별시 동작구청,2026-04-06
04-310,서울특별시 동작구 상도로30길 63,상도동 28-13,37.50411911,126.944289,2011-08-24,벽부주,02-820-9923,서울특별시 동작구청,2026-04-06
04-311,서울특별시 동작구 상도로30길 66,상도동 156-6,37.50387369,126.9444899,2011-08-24,한전주,02-820-9923,서울특별시 동작구청,2026-04-06
04-312,서울특별시 동작구 상도로30길 73,상도동 28-24,37.5039977,126.9447697,2011-08-24,전용주,02-820-9923,서울특별시 동작구청,2026-04-06
04-313,서울특별시 동작구 상도로34길 15,상도동 29-8,37.50406344,126.9456631,2011-08-24,한전주,02-820-9923,서울특별시 동작구청,2026-04-06
04-314,서울특별시 동작구 상도로30길 81,상도동 29-8,37.50397768,126.9452928,2011-08-24,한전주,02-820-9923,서울특별시 동작구청,2026-04-06
04-315,서울특별시 동작구 상도로30길 72,상도동 156-19,37.50384683,126.9448688,,한전주,02-820-9923,서울특별시 동작구청,2026-04-06
04-316,서울특별시 동작구 상도로34길 25,상도동 157,37.50377279,126.945505,2011-08-24,벽부주,02-820-9923,서울특별시 동작구청,2026-04-06
04-317,서울특별시 동작구 상도로34길 28,상도동 156-22,37.50373887,126.9452167,2011-08-24,한전주,02-820-9923,서울특별시 동작구청,2026-04-06
04-318,서울특별시 동작구 상도로34길 32,상도동 156-20,37.50370952,126.9450697,,전용주,02-820-9923,서울특별시 동작구청,2026-04-06
04-319,서울특별시 동작구 상도로36길 39,상도동 157-50,37.50335363,126.9450727,2011-08-24,한전주,02-820-9923,서울특별시 동작구청,2026-04-06
04-320,서울특별시 동작구 상도로34길 29,상도동 155-10,37.50352489,126.9452253,2011-08-24,한전주,02-820-9923,서울특별시 동작구청,2026-04-06
04-321,서울특별시 동작구 상도로34길 34,상도동 156-9,37.50348416,126.9448351,2011-08-24,전용주,02-820-9923,서울특별시 동작구청,2026-04-06
04-322,서울특별시 동작구 상도로34길 36-9,상도동 156-12,37.50356511,126.9445354,2011-08-24,한전주,02-820-9923,서울특별시 동작구청,2026-04-06
04-323,서울특별시 동작구 상도로30길 71,상도동 28-26,37.50402242,126.9446312,2011-08-24,전용주,02-820-9923,서울특별시 동작구청,2026-04-06
04-324,서울특별시 동작구 상도로34가길 27,상도동 28-5,37.50417335,126.9446622,2011-08-24,한전주,02-820-9923,서울특별시 동작구청,2026-04-06
04-325,서울특별시 동작구 상도로34가길 21,상도동 28-7,37.50440769,126.9448345,2011-08-24,한전주,02-820-9923,서울특별시 동작구청,2026-04-06
04-326,서울특별시 동작구 상도로34가길 14,상도동 29-21,37.50446405,126.9449249,2019-03-05,한전주,02-820-9923,서울특별시 동작구청,2026-04-06
04-327,서울특별시 동작구 상도로34가길 14-5,상도동 29-64,37.50463304,126.9450407,2011-08-24,한전주,02-820-9923,서울특별시 동작구청,2026-04-06
04-328,서울특별시 동작구 상도로34가길 14-10,상도동 32-5,37.50483579,126.945083,2011-08-24,전용주,02-820-9923,서울특별시 동작구청,2026-04-06
04-329,서울특별시 동작구 상도로34가길 9,상도동 29-46,37.50430196,126.9451229,2011-08-24,한전주,02-820-9923,서울특별시 동작구청,2026-04-06
04-331,서울특별시 동작구 상도로34가길 8-3,상도동 29-29,37.50443042,126.945267,2011-08-24,전용주,02-820-9923,서울특별시 동작구청,2026-04-06
04-332,서울특별시 동작구 상도로34가길 4,상도동 29-34,37.50424128,126.9454227,2011-08-24,벽부주,02-820-9923,서울특별시 동작구청,2026-04-06
04-333,서울특별시 동작구 상도로34길 16,상도동 29-35,37.50417152,126.9455669,2011-08-24,한전주,02-820-9923,서울특별시 동작구청,2026-04-06
04-334,서울특별시 동작구 상도로31길 83,상도동 22-6,37.50533397,126.945911,2011-08-24,한전주,02-820-9923,서울특별시 동작구청,2026-04-06
04-336,서울특별시 동작구 상도로34가길 16,상도동 29-85,37.50457208,126.9447297,2011-08-24,벽부주,02-820-9923,서울특별시 동작구청,2026-04-06
04-337,서울특별시 동작구 양녕로36길 15,상도동 159-439,37.50199135,126.9461453,2011-08-24,전용주,02-820-9923,서울특별시 동작구청,2026-04-06
04-338,서울특별시 동작구 상도로34길 36-13,상도동 156-10,37.50369343,126.9443854,,전용주,02-820-9923,서울특별시 동작구청,2026-04-06
04-339,서울특별시 동작구 상도로34길 36-17,상도동 156-14,37.50374964,126.9441479,2011-08-24,전용주,02-820-9923,서울특별시 동작구청,2026-04-06
04-340,서울특별시 동작구 상도로34길 36-9,상도동 528-3,37.50332187,126.9446006,2011-08-24,전용주,02-820-9923,서울특별시 동작구청,2026-04-06
04-341,서울특별시 동작구 상도로34길 40,상도동 528-3,37.50321606,126.9447307,2011-08-24,전용주,02-820-9923,서울특별시 동작구청,2026-04-06
04-343,서울특별시 동작구 상도로34길 40,상도동 157-10,37.50319583,126.9448099,,한전주,02-820-9923,서울특별시 동작구청,2026-04-06
04-344,서울특별시 동작구 만양로2길38-1,상도동 36-1,37.50642365,126.949798,2013-10-07,한전주,02-820-9923,서울특별시 동작구청,2026-04-06
04-345,서울특별시 동작구 상도로34길 36-9,상도동 528-3,37.50343893,126.9444507,2011-08-24,벽부주,02-820-9923,서울특별시 동작구청,2026-04-06
04-346,서울특별시 동작구 상도로30길 14-1,상도동 169-60,37.50468321,126.9416251,2011-08-24,전용주,02-820-9923,서울특별시 동작구청,2026-04-06
04-347,서울특별시 동작구 상도로34길 36-13,상도동 156-77,37.50350192,126.9442781,2011-08-24,벽부주,02-820-9923,서울특별시 동작구청,2026-04-06
04-348,서울특별시 동작구 상도로34길 36-15,상도동 528-3,37.50357167,126.9441113,2011-08-24,벽부주,02-820-9923,서울특별시 동작구청,2026-04-06
04-349,서울특별시 동작구 상도로34길 62-6,상도동 161-15,37.50211483,126.9452659,2011-08-24,전용주,02-820-9923,서울특별시 동작구청,2026-04-06
04-350,서울특별시 동작구 상도로34길 59,상도동 157-50,37.50214202,126.9455995,2011-08-24,한전주,02-820-9923,서울특별시 동작구청,2026-04-06
04-351,서울특별시 동작구 양녕로36가길 8,상도동 159-258,37.50168293,126.9465357,2011-08-24,한전주,02-820-9923,서울특별시 동작구청,2026-04-06
04-352,서울특별시 동작구 상도로34길 59,상도동 159-336,37.50200475,126.9458852,2020-05-07,전용주,02-820-9923,서울특별시 동작구청,2026-04-06
04-353,서울특별시 동작구 양녕로36길 13,상도동 159-421,37.50213768,126.9459586,2020-05-07,전용주,02-820-9923,서울특별시 동작구청,2026-04-06
04-354,서울특별시 동작구 상도로34다길 38,상도동 159-423,37.50222328,126.9459727,2011-08-24,전용주,02-820-9923,서울특별시 동작구청,2026-04-06
04-355,서울특별시 동작구 양녕로36길 13,상도동 159-423,37.50229542,126.946097,2011-08-24,전용주,02-820-9923,서울특별시 동작구청,2026-04-06
04-356,서울특별시 동작구 장승배기로 40 뒷편,상도동 521-10,37.50169846,126.941291,2011-08-24,전용주,02-820-9923,서울특별시 동작구청,2026-04-06
04-357,서울특별시 동작구 양녕로36길 13,상도동 159-425,37.50239228,126.9460998,2011-08-24,전용주,02-820-9923,서울특별시 동작구청,2026-04-06
04-358,서울특별시 동작구 양녕로36길 15,상도동 159-403,37.50239916,126.9463768,2011-08-24,벽부주,02-820-9923,서울특별시 동작구청,2026-04-06
04-359,서울특별시 동작구 장승배기로 48 옆,상도동 204-353,37.50222969,126.9405527,2011-08-24,전용주,02-820-9923,서울특별시 동작구청,2026-04-06
04-360,서울특별시 동작구 상도로34다길 36,상도동 159-324,37.50251841,126.9460884,2011-08-24,한전주,02-820-9923,서울특별시 동작구청,2026-04-06
04-362,서울특별시 동작구 상도로34길 57-8,상도동 159-320,37.50263758,126.9456161,2011-08-24,한전주,02-820-9923,서울특별시 동작구청,2026-04-06
04-363,서울특별시 동작구 상도로34길 59,상도동 159-278,37.50250909,126.945407,,전용주,02-820-9923,서울특별시 동작구청,2026-04-06
04-364,서울특별시 동작구 상도로34길 59,상도동 159-251,37.50242124,126.9454042,2011-08-24,한전주,02-820-9923,서울특별시 동작구청,2026-04-06
04-365,서울특별시 동작구 상도로34길 53,상도동 159-301,37.50268694,126.945192,2011-08-24,한전주,02-820-9923,서울특별시 동작구청,2026-04-06
04-366,서울특별시 동작구 상도로34다길 5,상도동 157-12,37.50297516,126.9449854,2011-08-24,한전주,02-820-9923,서울특별시 동작구청,2026-04-06
04-367,서울특별시 동작구 상도로34다길 14,상도동 157-51,37.50275454,126.9452485,2011-08-24,한전주,02-820-9923,서울특별시 동작구청,2026-04-06
04-370,서울특별시 동작구 상도로34다길 18,상도동 159-318,37.50288531,126.9455113,2011-08-24,한전주,02-820-9923,서울특별시 동작구청,2026-04-06
04-371,서울특별시 동작구 상도로34다길 17-4,상도동 157-51,37.50300689,126.9453953,2011-08-24,한전주,02-820-9923,서울특별시 동작구청,2026-04-06
04-372,서울특별시 동작구 상도로34다길 21,상도동 157-27,37.50304079,126.9456413,2011-08-24,전용주,02-820-9923,서울특별시 동작구청,2026-04-06
04-373,서울특별시 동작구 상도로36길 31,상도동 155-7,37.50354979,126.9454826,2011-08-24,한전주,02-820-9923,서울특별시 동작구청,2026-04-06
04-375,서울특별시 동작구 상도로 213,상도동 25-1,37.50552167,126.9427046,2011-08-24,전용주,02-820-9923,서울특별시 동작구청,2026-04-06
04-376,서울특별시 동작구 상도로 217-7,상도동 25-7,37.50572895,126.9427977,2011-08-24,한전주,02-820-9923,서울특별시 동작구청,2026-04-06
04-377,서울특별시 동작구 만양로7,상도동 20-30,37.50555283,126.9467082,2013-03-22,통신주,02-820-9923,서울특별시 동작구청,2026-04-06
04-378,서울특별시 동작구 상도로 217-9,상도동 25-47,37.50608252,126.9426476,2011-08-24,한전주,02-820-9923,서울특별시 동작구청,2026-04-06
04-379,서울특별시 동작구 상도로36길 27,상도동 155-1,37.50350262,126.9457795,2011-08-24,한전주,02-820-9923,서울특별시 동작구청,2026-04-06
04-380,서울특별시 동작구 상도로36길 25,상도동 157-30,37.50333149,126.945921,2011-08-24,벽부주,02-820-9923,서울특별시 동작구청,2026-04-06
04-381,서울특별시 동작구 상도로36길 23-5,상도동 157-33,37.50312868,126.9457373,2011-08-24,벽부주,02-820-9923,서울특별시 동작구청,2026-04-06
04-382,서울특별시 동작구 상도로33길 11,상도동 527-2,37.50610157,126.9448134,2020-05-23,전용주,02-820-9923,서울특별시 동작구청,2026-04-06
04-386,서울특별시 동작구 상도로36길 18,상도동 154-12,37.50324151,126.946184,2011-08-24,한전주,02-820-9923,서울특별시 동작구청,2026-04-06
04-395,서울특별시 동작구 상도로36길 8,상도동 152-1,37.50339486,126.9465627,2011-08-24,한전주,02-820-9923,서울특별시 동작구청,2026-04-06
04-396,서울특별시 동작구 상도로36길 6,상도동 717-1,37.50353237,126.9468058,2011-08-24,한전주,02-820-9923,서울특별시 동작구청,2026-04-06
04-397,서울특별시 동작구 상도로34나길 19,상도동 154-18,37.5034691,126.9463761,2011-08-24,전용주,02-820-9923,서울특별시 동작구청,2026-04-06
04-398,서울특별시 동작구 상도로31길 71,상도동 22-9,37.5057664,126.945792,2011-08-24,전용주,02-820-9923,서울특별시 동작구청,2026-04-06
04-399,서울특별시 동작구 상도로31길 64,상도동 22-70,37.50589925,126.9456788,2011-08-24,한전주,02-820-9923,서울특별시 동작구청,2026-04-06
04-400,서울특별시 동작구 상도로34나길 17,상도동 154-18,37.50361095,126.9462346,2011-08-24,전용주,02-820-9923,서울특별시 동작구청,2026-04-06
04-401,서울특별시 동작구 상도로34나길 18,상도동 154-30,37.50368071,126.9460875,2011-08-24,한전주,02-820-9923,서울특별시 동작구청,2026-04-06
04-402,서울특별시 동작구 상도로34나길 12,상도동 154-7,37.50393519,126.9459658,2011-08-24,한전주,02-820-9923,서울특별시 동작구청,2026-04-06
04-403,서울특별시 동작구 상도로34길 11,상도동 29-2,37.50411539,126.9459656,2011-08-24,한전주,02-820-9923,서울특별시 동작구청,2026-04-06
04-404,서울특별시 동작구 만양로 7-4,상도동 22-79,37.50564286,126.9465555,2011-08-24,벽부주,02-820-9923,서울특별시 동작구청,2026-04-06
04-405,서울특별시 동작구 만양로 7-3,상도동 22-126,37.50550994,126.9465103,2011-08-24,벽부주,02-820-9923,서울특별시 동작구청,2026-04-06
04-406,서울특별시 동작구 만양로 7-9,상도동 22-94,37.50563598,126.9462784,2011-08-24,벽부주,02-820-9923,서울특별시 동작구청,2026-04-06
04-407,서울특별시 동작구 만양로 7-10,상도동 22-90,37.50579813,126.9462132,2011-08-24,전용주,02-820-9923,서울특별시 동작구청,2026-04-06
04-408,서울특별시 동작구 상도로 258-8,상도동 29-8,37.50411997,126.9461438,2011-08-24,전용주,02-820-9923,서울특별시 동작구청,2026-04-06
04-409,서울특별시 동작구 상도로 258-5,상도동 33-6,37.50405022,126.9463078,,한전주,02-820-9923,서울특별시 동작구청,2026-04-06
04-410,서울특별시 동작구 상도로 258-1,상도동 33-13,37.50410666,126.9465877,2011-08-24,전용주,02-820-9923,서울특별시 동작구청,2026-04-06
04-411,서울특별시 동작구 만양로1길 22,상도동 22-58,37.50644015,126.9463287,2011-08-24,벽부주,02-820-9923,서울특별시 동작구청,2026-04-06
04-412,서울특별시 동작구 만양로1길 26,상도동 22-164,37.50639273,126.9460771,2020-05-23,한전주,02-820-9923,서울특별시 동작구청,2026-04-06
04-413,서울특별시 동작구 만양로1길 29,상도동 22-62,37.50621481,126.9461451,2020-05-23,전용주,02-820-9923,서울특별시 동작구청,2026-04-06
04-414,서울특별시 동작구 만양로1길32,상도동 22-31,37.50600304,126.9460746,2020-05-23,한전주,02-820-9923,서울특별시 동작구청,2026-04-06
04-415,서울특별시 동작구 상도로34길8-4,상도동 29-65,37.5044937,126.9457166,2011-08-24,전용주,02-820-9923,서울특별시 동작구청,2026-04-06
04-416,서울특별시 동작구 만양로13-2,상도동 19-5,37.50605073,126.9469312,2011-08-24,전용주,02-820-9923,서울특별시 동작구청,2026-04-06
04-417,서울특별시 동작구 상도로34길 8-10,상도동 29-109,37.50465575,126.9454507,2011-08-24,벽부주,02-820-9923,서울특별시 동작구청,2026-04-06
04-418,서울특별시 동작구 상도로34길 8-3,상도동 29-13,37.50439462,126.9457817,2011-08-24,한전주,02-820-9923,서울특별시 동작구청,2026-04-06
04-419,서울특별시 동작구 상도로 248,상도동 32-26,37.50472587,126.9460755,2011-08-24,한전주,02-820-9923,서울특별시 동작구청,2026-04-06
04-420,서울특별시 동작구 만양로 17-3,상도동 329-9,37.50648108,126.9471939,2011-08-24,한전주,02-820-9923,서울특별시 동작구청,2026-04-06
04-421,서울특별시 동작구 상도로31길 74,상도동 22-6,37.50559519,126.9457525,2011-08-24,한전주,02-820-9923,서울특별시 동작구청,2026-04-06
04-422,서울특별시 동작구 상도로31길 63,상도동 22-70,37.5060817,126.9456702,2011-08-24,한전주,02-820-9923,서울특별시 동작구청,2026-04-06
04-423,서울특별시 동작구 만양로2길 8,상도동 17-56,37.50641623,126.9482599,2011-08-24,전용주,02-820-9923,서울특별시 동작구청,2026-04-06
04-424,서울특별시 동작구 상도로31길 58,상도동 22-6,37.50639707,126.9457152,2011-08-24,한전주,02-820-9923,서울특별시 동작구청,2026-04-06
04-425,서울특별시 동작구 상도로31길 52,상도동 22-6,37.50673731,126.9459524,2011-08-24,한전주,02-820-9923,서울특별시 동작구청,2026-04-06
04-426,서울특별시 동작구 상도로31길 47,상도동 22-13,37.50685447,126.9460259,2011-08-24,한전주,02-820-9923,서울특별시 동작구청,2026-04-06
04-428,서울특별시 동작구 만양로2길 38-3,상도동 36-1,37.50631783,126.9499084,2011-08-24,한전주,02-820-9923,서울특별시 동작구청,2026-04-06
04-429,서울특별시 동작구 만양로2길 38-6,상도동 16-21,37.50623003,126.9500074,2011-08-24,전용주,02-820-9923,서울특별시 동작구청,2026-04-06
04-431,서울특별시 동작구 매봉로31-9,상도동 16-16,37.50658596,126.9501061,2022-10-19,벽부주,02-820-9923,서울특별시 동작구청,2026-04-06
04-433,서울특별시 동작구 만양로20-8,상도동 17-55,37.50606015,126.947836,2011-08-24,전용주,02-820-9923,서울특별시 동작구청,2026-04-06
04-434,서울특별시 동작구 만양로20-16,상도동 17-56,37.50624728,126.9482204,2011-08-24,전용주,02-820-9923,서울특별시 동작구청,2026-04-06
04-435,서울특별시 동작구 상도로33길 3,상도동 23-2,37.50559687,126.9445056,2011-08-24,한전주,02-820-9923,서울특별시 동작구청,2026-04-06
04-436,서울특별시 동작구 상도로253-13,상도동 36-1,37.50437948,126.9471812,2011-08-24,한전주,02-820-9923,서울특별시 동작구청,2026-04-06
04-437,서울특별시 동작구 상도로253-17,상도동 36-11,37.50424438,126.9472916,2020-05-23,한전주,02-820-9923,서울특별시 동작구청,2026-04-06
04-438,서울특별시 동작구 상도로253-23,상도동 36-6,37.50415445,126.9476847,2011-08-24,벽부주,02-820-9923,서울특별시 동작구청,2026-04-06
04-439,서울특별시 동작구 상도로253-23,상도동 36-6,37.50409823,126.9478798,2011-08-24,전용주,02-820-9923,서울특별시 동작구청,2026-04-06
04-440,서울특별시 동작구 상도로 259,상도동 34-1,37.50400354,126.9476989,2020-05-23,한전주,02-820-9923,서울특별시 동작구청,2026-04-06
04-444,서울특별시 동작구 만양로 11,상도동 22-1,37.50575788,126.9468749,2011-08-24,한전주,02-820-9923,서울특별시 동작구청,2026-04-06
04-445,서울특별시 동작구 만양로1길 3,상도동 22-55,37.50586589,126.9466204,2011-08-24,한전주,02-820-9923,서울특별시 동작구청,2026-04-06
04-446,서울특별시 동작구 만양로1길 9,상도동 22-54,37.50615192,126.9465438,2011-08-24,한전주,02-820-9923,서울특별시 동작구청,2026-04-06
04-447,서울특별시 동작구 만양로1길 18,상도동 22-57,37.50645828,126.9465662,2011-08-24,한전주,02-820-9923,서울특별시 동작구청,2026-04-06
04-448,서울특별시 동작구 만양로 15-3,상도동 19-18,37.5062265,126.9470753,2011-08-24,한전주,02-820-9923,서울특별시 동작구청,2026-04-06
04-449,서울특별시 동작구 만양로2길 2,상도동 17-61,37.50635965,126.9476435,2011-08-24,한전주,02-820-9923,서울특별시 동작구청,2026-04-06
04-450,서울특별시 동작구 만양로2길 4,상도동 17-59,37.50636878,126.9479206,2011-08-24,한전주,02-820-9923,서울특별시 동작구청,2026-04-06
04-451,서울특별시 동작구 만양로2길 16,상도동 414-3,37.50654036,126.9488112,2017-05-10,한전주,02-820-9923,서울특별시 동작구청,2026-04-06
04-452,서울특별시 동작구 만양로2길 16,상도동 414-3,37.50658777,126.9490684,2011-08-24,한전주,02-820-9923,서울특별시 동작구청,2026-04-06
04-453,서울특별시 동작구 만양로2길 16,상도동 36-1,37.50648646,126.9491929,2011-08-24,한전주,02-820-9923,서울특별시 동작구청,2026-04-06
04-454,서울특별시 동작구 만양로2길 46,상도동 903-1,37.50652273,126.9497273,2011-08-24,한전주,02-820-9923,서울특별시 동작구청,2026-04-06
04-455,서울특별시 동작구 만양로2길 46,상도동 414-2,37.50674801,126.9497978,2011-08-24,한전주,02-820-9923,서울특별시 동작구청,2026-04-06
04-456,서울특별시 동작구 상도로253-10 옆,상도동 34-21,37.50447843,126.9468164,2011-08-24,전용주,02-820-9923,서울특별시 동작구청,2026-04-06
04-459,서울특별시 동작구 장승배기로10길 47-9,상도동 169-4,37.50448513,126.9419052,2011-08-24,전용주,02-820-9923,서울특별시 동작구청,2026-04-06
04-559,서울특별시 동작구 상도로15사길 64,상도동 356-54,37.50429634,126.9341328,2011-08-24,전용주,02-820-9923,서울특별시 동작구청,2026-04-06
04-568,서울특별시 동작구 상도로15카길 24,상도동 363-196,37.5056196,126.9360176,2013-03-22,벽부주,02-820-9923,서울특별시 동작구청,2026-04-06
04-569,서울특별시 동작구 등용로2길8,상도동 363-88,37.50577773,126.9368572,2014-02-22,한전주,02-820-9923,서울특별시 동작구청,2026-04-06
04-570,서울특별시 동작구 등용로2길 7,상도동 363-116,37.50568536,126.9368318,2014-02-22,전용주,02-820-9923,서울특별시 동작구청,2026-04-06
04-571,서울특별시 동작구 상도로19길 47-7,상도동 366-11,37.50377504,126.9364744,2018-12-12,한전주,02-820-9923,서울특별시 동작구청,2026-04-06
04-575,서울특별시 동작구 장승배기로3길 21,상도동 201-117,37.50080817,126.9401947,2019-01-11,통신주,02-820-9923,서울특별시 동작구청,2026-04-06
04-576,서울특별시 동작구 상도로26길18,상도동 183-61,37.50399038,126.939033,2011-08-24,통신주,02-820-9923,서울특별시 동작구청,2026-04-06
04-577,서울특별시 동작구 장승배기로 38-1,상도동 521,37.50152957,126.9413901,2019-02-22,전용주,02-820-9923,서울특별시 동작구청,2026-04-06
04-578,서울특별시 동작구 장승배기로10가길 65,상도동 175-29,37.50199568,126.9410674,2018-06-29,한전주,02-820-9923,서울특별시 동작구청,2026-04-06
04-579,서울특별시 동작구 장승배기로10가길 65,상도동 175-29,37.50210594,126.9408383,2019-02-22,한전주,02-820-9923,서울특별시 동작구청,2026-04-06
04-580,서울특별시 동작구 장승배기로10가길 44,상도동 184-259,37.50256071,126.940363,2018-06-29,통신주,02-820-9923,서울특별시 동작구청,2026-04-06
04-584,서울특별시 동작구 장승배기로10가길 124,상도동 521-2,37.50344876,126.9414791,2019-02-25,한전주,02-820-9923,서울특별시 동작구청,2026-04-06
04-585,서울특별시 동작구 상도로34가길 7-3,상도동 29-49,37.50415779,126.9451004,2019-03-05,벽부주,02-820-9923,서울특별시 동작구청,2026-04-06
04-586,서울특별시 동작구 상도로34길 42,상도동 528,37.50283544,126.9448441,2020-05-23,전용주,02-820-9923,서울특별시 동작구청,2026-04-06
04-587,서울특별시 동작구 상도로34길 42,상도동 528,37.50265981,126.9449856,2020-05-23,전용주,02-820-9923,서울특별시 동작구청,2026-04-06
04-588,서울특별시 동작구 상도로34길60-6뒤,상도동 528,37.5024233,126.9449914,2020-05-23,전용주,02-820-9923,서울특별시 동작구청,2026-04-06
04-589,서울특별시 동작구 상도로34길60-8뒤,상도동 528,37.50235342,126.9448869,2020-05-23,전용주,02-820-9923,서울특별시 동작구청,2026-04-06
04-590,서울특별시 동작구 장승배기로10길 130,상도동 521,37.50210786,126.9447966,2019-03-07,전용주,02-820-9923,서울특별시 동작구청,2026-04-06
04-591,서울특별시 동작구 상도로34길 42,상도동 528,37.50244562,126.9445532,2019-03-08,한전주,02-820-9923,서울특별시 동작구청,2026-04-06
04-592,서울특별시 동작구 상도로34길42,상도동 528,37.50254017,126.9444315,2011-08-24,한전주,02-820-9923,서울특별시 동작구청,2026-04-06
04-593,서울특별시 동작구 상도로34길42 입구,상도동 528,37.50273605,126.9442391,2011-08-24,한전주,02-820-9923,서울특별시 동작구청,2026-04-06
04-594,서울특별시 동작구 상도로34길42,상도동 534,37.50278099,126.9440016,2011-08-24,한전주,02-820-9923,서울특별시 동작구청,2026-04-06
04-595,서울특별시 동작구 장승배기로10길 42,상도동 176-3,37.50416054,126.9414503,2022-11-03,한전주,02-820-9923,서울특별시 동작구청,2026-04-06
04-596,서울특별시 동작구 상도로22길 5,상도동 195-52,37.50292361,126.9365034,2023-01-27,통신주,02-820-9923,서울특별시 동작구청,2026-04-06
04-598,서울특별시 동작구 상도로26길 12,상도동 26-73,37.50395397,126.9383205,2024-05-28,통신주,02-820-9923,서울특별시 동작구청,2026-04-06
04-599,서울특별시 동작구 상도로30길 39,상도동 529,37.50438488,126.9442238,2024-06-12,벽부주,02-820-9923,서울특별시 동작구청,2026-04-06
04-600,서울특별시 동작구 상도로34길 59,상도동 159-251,37.50230865,126.9454863,2024-06-20,전용주,02-820-9923,서울특별시 동작구청,2026-04-06
04-601,서울특별시 동작구 상도로34길 58,상도동 528,37.50255176,126.9451327,2024-06-20,통신주,02-820-9923,서울특별시 동작구청,2026-04-06
04-602,서울특별시 동작구 상도로34길 60,상도동 161-34,37.50233555,126.9452007,2024-06-20,벽부주,02-820-9923,서울특별시 동작구청,2026-04-06
04-603,서울특별시 동작구 상도로34길 62-12,상도동 521-17,37.50189631,126.9452095,2024-07-19,벽부주,02-820-9923,서울특별시 동작구청,2026-04-06
04-604,서울특별시 동작구 상도로19길 49,상도동 366-10,37.50362642,126.9365537,2024-08-07,벽부주,02-820-9923,서울특별시 동작구청,2026-04-06
04-605,서울특별시 동작구 상도2동 171-4,상도동 171-4,37.5041494,126.9417019,2025-05-22,전용주,02-820-9923,서울특별시 동작구청,2026-04-06
04-606,서울특별시 동작구 장승배기로10길 127,상도동 528,37.50234432,126.9446777,2025-06-02,전용주,02-820-9923,서울특별시 동작구청,2026-04-06
04-607,서울특별시 동작구 장승배기로10길 130,상도동 161-24,37.5020314,126.9450624,2025-05-23,한전주,02-820-9923,서울특별시 동작구청,2026-04-06
04-608,서울특별시 동작구 장승배기로10가길 124,상도동 176-3,37.50411543,126.9413287,2025-09-04,전용주,02-820-9923,서울특별시 동작구청,2026-04-06
04-609,서울특별시 동작구 장승배기로10가길 48,상도동 184-9,37.50236929,126.9404508,2025-09-05,통신주,02-820-9923,서울특별시 동작구청,2026-04-06
04-610,서울특별시 동작구 성대로37길 40,상도동 188-106,37.50071973,126.9390413,2025-10-02,전용주,02-820-9923,서울특별시 동작구청,2026-04-06
04-611,서울특별시 동작구 상도로34길 3,상도동 29-1,37.50450962,126.9460643,2025-10-21,통신주,02-820-9923,서울특별시 동작구청,2026-04-06
04-612,서울특별시 동작구 상도2동 26-20,상도동 26-20,37.50524967,126.9392977,2025-12-04,한전주,02-820-9923,서울특별시 동작구청,2026-04-06
04-613,서울특별시 동작구 장승배기로5길 26,상도동 204-243,37.50116148,126.939547,2026-01-05,벽부주,02-820-9923,서울특별시 동작구청,2026-04-06
05-001,서울특별시 동작구 상도로19길 7,상도동 356-141,37.50286416,126.9348862,2011-08-24,벽부주,02-820-9923,서울특별시 동작구청,2026-04-06
05-002,서울특별시 동작구 상도로19길 12,상도동 189-8,37.5030129,126.9350218,2011-08-24,벽부주,02-820-9923,서울특별시 동작구청,2026-04-06
05-003,서울특별시 동작구 상도로19가길 7,상도동 189-9,37.50291612,126.9351604,2011-08-24,벽부주,02-820-9923,서울특별시 동작구청,2026-04-06
05-004,서울특별시 동작구 상도로19가길 9,상도동 189-10,37.50299953,126.9352819,2011-08-24,전용주,02-820-9923,서울특별시 동작구청,2026-04-06
05-005,서울특별시 동작구 상도로 143,상도동 191-1,37.50308518,126.9353808,2011-08-24,벽부주,02-820-9923,서울특별시 동작구청,2026-04-06
05-006,서울특별시 동작구 상도로19가길 15,상도동 189-13,37.50317533,126.9354683,2011-08-24,벽부주,02-820-9923,서울특별시 동작구청,2026-04-06
05-007,서울특별시 동작구 상도로19가길 15,상도동 189-13,37.5032227,126.9356012,2011-08-24,전용주,02-820-9923,서울특별시 동작구청,2026-04-06
05-008,서울특별시 동작구 상도로19가길 19,상도동 189-15,37.50331286,126.9357114,2011-08-24,전용주,02-820-9923,서울특별시 동작구청,2026-04-06
05-009,서울특별시 동작구 상도로19길 17,상도동 189-14,37.50335557,126.9355389,2011-08-24,전용주,02-820-9923,서울특별시 동작구청,2026-04-06
05-010,서울특별시 동작구 상도로19길 40,상도동 187-1,37.50345935,126.9358441,2011-08-24,전용주,02-820-9923,서울특별시 동작구청,2026-04-06
05-011,서울특별시 동작구 상도로 153,상도동 26-72,37.50354502,126.9359769,2020-05-26,한전주,02-820-9923,서울특별시 동작구청,2026-04-06
05-012,서울특별시 동작구 상도로 153,상도동 187-1,37.50356114,126.9366357,2020-05-26,통신주,02-820-9923,서울특별시 동작구청,2026-04-06
05-013,서울특별시 동작구 상도로19길 30,상도동 189-2,37.50349974,126.9355698,2011-08-24,벽부주,02-820-9923,서울특별시 동작구청,2026-04-06
05-014,서울특별시 동작구 상도로19길 30,상도동 189-2,37.50345914,126.9354596,2011-08-24,벽부주,02-820-9923,서울특별시 동작구청,2026-04-06
05-015,서울특별시 동작구 상도로19길 22,상도동 26-72,37.50337786,126.9351232,2011-08-24,벽부주,02-820-9923,서울특별시 동작구청,2026-04-06
05-016,서울특별시 동작구 상도로19길 20,상도동 189-7,37.50313231,126.9350697,2020-05-26,전용주,02-820-9923,서울특별시 동작구청,2026-04-06
05-017,서울특별시 동작구 상도로15길 68,상도동 358-21,37.50329669,126.9349678,2011-08-24,한전주,02-820-9923,서울특별시 동작구청,2026-04-06
05-018,서울특별시 동작구 상도로15길 62,상도동 356-157,37.50323359,126.9349169,2011-08-24,벽부주,02-820-9923,서울특별시 동작구청,2026-04-06
05-019,서울특별시 동작구 상도로19길 40,상도동 187-1,37.50356321,126.9363049,2020-05-26,한전주,02-820-9923,서울특별시 동작구청,2026-04-06
05-020,서울특별시 동작구 상도로15길 60,상도동 356-158,37.50314344,126.934835,2011-08-24,한전주,02-820-9923,서울특별시 동작구청,2026-04-06
05-021,서울특별시 동작구 상도로15길 54,상도동 357-15,37.50287751,126.9345893,2011-08-24,한전주,02-820-9923,서울특별시 동작구청,2026-04-06
05-022,서울특별시 동작구 상도로15길 44,상도동 356-10,37.5024831,126.934191,2020-05-26,한전주,02-820-9923,서울특별시 동작구청,2026-04-06
05-023,서울특별시 동작구 상도로15길 44,상도동 356,37.50239758,126.9343239,2020-05-26,전용주,02-820-9923,서울특별시 동작구청,2026-04-06
05-024,서울특별시 동작구 상도로15길 34,상도동 354-4,37.50210443,126.9337474,2020-05-26,한전주,02-820-9923,서울특별시 동작구청,2026-04-06
05-025,서울특별시 동작구 상도로 125,상도동 354-15,37.50185653,126.9335271,2011-08-24,벽부주,02-820-9923,서울특별시 동작구청,2026-04-06
05-026,서울특별시 동작구 상도로 123,상도동 354-8,37.50170552,126.9333576,2020-05-26,한전주,02-820-9923,서울특별시 동작구청,2026-04-06
05-027,서울특별시 동작구 국사봉1길 221-10,상도동 산 80-30,37.49297145,126.935511,2020-07-28,전용주,02-820-9923,서울특별시 동작구청,2026-04-06
05-028,서울특별시 동작구 상도로 119,상도동 352-1,37.50145756,126.9330327,2020-05-27,한전주,02-820-9923,서울특별시 동작구청,2026-04-06
05-029,서울특별시 동작구 상도로 115,상도동 347-7,37.50129077,126.9328604,2020-05-27,한전주,02-820-9923,서울특별시 동작구청,2026-04-06
05-030,서울특별시 동작구 상도로 113,상도동 347-8,37.50118372,126.932753,2020-05-26,전용주,02-820-9923,서울특별시 동작구청,2026-04-06
05-031,서울특별시 동작구 상도로15길 5,상도동 348-145,37.50131094,126.9326794,2013-10-07,벽부주,02-820-9923,서울특별시 동작구청,2026-04-06
05-032,서울특별시 동작구 상도로15길 31,상도동 356-159,37.5021967,126.9335975,2011-08-24,한전주,02-820-9923,서울특별시 동작구청,2026-04-06
05-033,서울특별시 동작구 상도로15다길 7,상도동 331-21,37.5022371,126.9333458,2011-08-24,한전주,02-820-9923,서울특별시 동작구청,2026-04-06
05-034,서울특별시 동작구 상도로15다길 7-1,상도동 331-35,37.5020974,126.9332583,2011-08-24,벽부주,02-820-9923,서울특별시 동작구청,2026-04-06
05-035,서울특별시 동작구 상도로15다길 7-9,상도동 331-24,37.50216398,126.9330988,2011-08-24,한전주,02-820-9923,서울특별시 동작구청,2026-04-06
05-036,서울특별시 동작구 상도로15다길 7-12,상도동 331-67,37.50217158,126.932984,2011-08-24,한전주,02-820-9923,서울특별시 동작구청,2026-04-06
05-037,서울특별시 동작구 상도로15다길 11,상도동 331-20,37.50239476,126.9333118,2011-08-24,한전주,02-820-9923,서울특별시 동작구청,2026-04-06
05-038,서울특별시 동작구 상도로15다길 14,상도동 331-16,37.50249386,126.933289,2011-08-24,벽부주,02-820-9923,서울특별시 동작구청,2026-04-06
05-039,서울특별시 동작구 상도로15다길 18,상도동 356-92,37.50257261,126.9331448,2011-08-24,한전주,02-820-9923,서울특별시 동작구청,2026-04-06
05-040,서울특별시 동작구 상도로15다길 18,상도동 356-92,37.50269645,126.9330457,2011-08-24,전용주,02-820-9923,서울특별시 동작구청,2026-04-06
05-041,서울특별시 동작구 상도로15다길 25,상도동 331-77,37.5025242,126.9327773,2011-08-24,벽부주,02-820-9923,서울특별시 동작구청,2026-04-06
05-042,서울특별시 동작구 상도로15다길 27,상도동 331-57,37.502444,126.9327547,2011-08-24,전용주,02-820-9923,서울특별시 동작구청,2026-04-06
05-043,서울특별시 동작구 상도로15다길 27,상도동 331-57,37.5026016,126.9326245,2011-08-24,전용주,02-820-9923,서울특별시 동작구청,2026-04-06
05-044,서울특별시 동작구 상도로15라길 1-3,상도동 331-8,37.50284506,126.9329523,2011-08-24,한전주,02-820-9923,서울특별시 동작구청,2026-04-06
05-045,서울특별시 동작구 상도로15라길 5,상도동 356-91,37.50290149,126.9331671,2011-08-24,한전주,02-820-9923,서울특별시 동작구청,2026-04-06
05-046,서울특별시 동작구 상도로15라길 9,상도동 356-70,37.50307278,126.9333338,2011-08-24,한전주,02-820-9923,서울특별시 동작구청,2026-04-06
05-047,서울특별시 동작구 상도로17길 30,상도동 356-110,37.50308868,126.9335684,2011-08-24,통신주,02-820-9923,서울특별시 동작구청,2026-04-06
05-048,서울특별시 동작구 상도로17길 21-1,상도동 356-145,37.50278457,126.9335376,2011-08-24,전용주,02-820-9923,서울특별시 동작구청,2026-04-06
05-049,서울특별시 동작구 상도로17길 21-7,상도동 356-150,37.50260425,126.9333172,2014-02-22,전용주,02-820-9923,서울특별시 동작구청,2026-04-06
05-050,서울특별시 동작구 상도로17길 17,상도동 356-161,37.50258873,126.9337696,2011-08-24,벽부주,02-820-9923,서울특별시 동작구청,2026-04-06
05-051,서울특별시 동작구 상도로17길 16,상도동 356-5,37.50268567,126.9339024,2020-05-26,통신주,02-820-9923,서울특별시 동작구청,2026-04-06
05-052,서울특별시 동작구 상도로17길 14-3,상도동 356-6,37.50286802,126.9337298,2020-05-26,한전주,02-820-9923,서울특별시 동작구청,2026-04-06
05-053,서울특별시 동작구 상도로15마길 5,상도동 356-138,37.50289539,126.9343405,2020-05-27,한전주,02-820-9923,서울특별시 동작구청,2026-04-06
05-054,서울특별시 동작구 상도로15마길 7,상도동 356-228,37.50303718,126.9341198,2020-05-27,한전주,02-820-9923,서울특별시 동작구청,2026-04-06
05-055,서울특별시 동작구 상도로15마길 15,상도동 356-109,37.50319695,126.9338426,2020-05-27,한전주,02-820-9923,서울특별시 동작구청,2026-04-06
05-056,서울특별시 동작구 상도로15마길 21,상도동 356-86,37.50334096,126.9335625,2020-05-27,한전주,02-820-9923,서울특별시 동작구청,2026-04-06
05-057,서울특별시 동작구 상도로15마길 26,상도동 356-62,37.50346923,126.9333447,2020-05-27,한전주,02-820-9923,서울특별시 동작구청,2026-04-06
05-058,서울특별시 동작구 상도로15마길 27,상도동 356-35,37.50361102,126.9331354,2020-05-27,한전주,02-820-9923,서울특별시 동작구청,2026-04-06
05-059,서울특별시 동작구 상도로15마길 33,상도동 356-19,37.50375278,126.9328751,2020-05-27,한전주,02-820-9923,서울특별시 동작구청,2026-04-06
05-060,서울특별시 동작구 상도로15사길 18,상도동 356-218,37.50334033,126.932457,2020-05-27,한전주,02-820-9923,서울특별시 동작구청,2026-04-06
05-061,서울특별시 동작구 상도로15사길35-11,상도동 356-17,37.50359944,126.9325869,2011-08-24,통신주,02-820-9923,서울특별시 동작구청,2026-04-06
05-062,서울특별시 동작구 상도로15사길 35-8,상도동 356-30,37.50346449,126.9329319,2011-08-24,벽부주,02-820-9923,서울특별시 동작구청,2026-04-06
05-063,서울특별시 동작구 상도로15사길 35,상도동 356-65,37.50325738,126.9331555,2011-08-24,한전주,02-820-9923,서울특별시 동작구청,2026-04-06
05-064,서울특별시 동작구 상도로15사길 30,상도동 356-13,37.50307485,126.9330086,2011-08-24,한전주,02-820-9923,서울특별시 동작구청,2026-04-06
05-065,서울특별시 동작구 상도로15사길 24,상도동 356-39,37.50319631,126.932706,2020-05-27,한전주,02-820-9923,서울특별시 동작구청,2026-04-06
05-066,서울특별시 동작구 상도로15사길 24-4,상도동 356-26,37.50308811,126.9325732,2011-08-24,전용주,02-820-9923,서울특별시 동작구청,2026-04-06
05-067,서울특별시 동작구 상도로15사길 20-6,상도동 356-14,37.50311947,126.9322537,2011-08-24,벽부주,02-820-9923,서울특별시 동작구청,2026-04-06
05-068,서울특별시 동작구 상도로15사길 11,상도동 356-206,37.50346868,126.9323749,2011-08-24,벽부주,02-820-9923,서울특별시 동작구청,2026-04-06
05-069,서울특별시 동작구 상도로15사길 11,상도동 356-206,37.50357222,126.9322533,2011-08-24,한전주,02-820-9923,서울특별시 동작구청,2026-04-06
05-070,서울특별시 동작구 상도로 121,상도동 353-1,37.50160856,126.9331909,2019-09-26,통신주,02-820-9923,서울특별시 동작구청,2026-04-06
05-071,서울특별시 동작구 상도로15사길 14-6,상도동 356-213,37.50336256,126.9319481,2014-02-22,한전주,02-820-9923,서울특별시 동작구청,2026-04-06
05-072,서울특별시 동작구 상도로15나길 4,상도동 331-138,37.50179771,126.9330691,2011-08-24,전용주,02-820-9923,서울특별시 동작구청,2026-04-06
05-073,서울특별시 동작구 상도로15나길 4-3,상도동 331-34,37.50183831,126.9331737,2011-08-24,한전주,02-820-9923,서울특별시 동작구청,2026-04-06
05-074,서울특별시 동작구 상도로15가길 6,상도동 331-33,37.50182467,126.9329532,2011-08-24,전용주,02-820-9923,서울특별시 동작구청,2026-04-06
05-075,서울특별시 동작구 상도로15나길 12,상도동 331-98,37.50203636,126.9328738,2011-08-24,벽부주,02-820-9923,서울특별시 동작구청,2026-04-06
05-076,서울특별시 동작구 상도로15나길 13,상도동 331-28,37.50212631,126.9326136,2011-08-24,통신주,02-820-9923,서울특별시 동작구청,2026-04-06
05-077,서울특별시 동작구 상도로15나길 20,상도동 331-140,37.50232451,126.9325626,2012-08-07,전용주,02-820-9923,서울특별시 동작구청,2026-04-06
05-078,서울특별시 동작구 상도로15나길25 옆 주차장,상도동 331-107,37.50264191,126.9322089,2011-08-24,전용주,02-820-9923,서울특별시 동작구청,2026-04-06
05-079,서울특별시 동작구 상도로15나길 29,상도동 331-123,37.50270956,126.9323473,2011-08-24,벽부주,02-820-9923,서울특별시 동작구청,2026-04-06
05-080,서울특별시 동작구 상도로15나길 34,상도동 331-120,37.5028357,126.9323359,2011-08-24,벽부주,02-820-9923,서울특별시 동작구청,2026-04-06
05-081,서울특별시 동작구 상도로15나길 35,상도동 331-130,37.50274544,126.9320646,2011-08-24,통신주,02-820-9923,서울특별시 동작구청,2026-04-06
05-082,서울특별시 동작구 상도로15가길 8,상도동 331-80,37.50169833,126.9325999,2011-08-24,한전주,02-820-9923,서울특별시 동작구청,2026-04-06
05-083,서울특별시 동작구 상도로15가길 12,상도동 331-30,37.50181983,126.9323595,2011-08-24,전용주,02-820-9923,서울특별시 동작구청,2026-04-06
05-084,서울특별시 동작구 상도로15가길 16,상도동 331-149,37.50191204,126.9321134,2011-08-24,한전주,02-820-9923,서울특별시 동작구청,2026-04-06
05-085,서울특별시 동작구 상도로15가길 18,상도동 350-8,37.5020991,126.932297,2011-08-24,전용주,02-820-9923,서울특별시 동작구청,2026-04-06
05-086,서울특별시 동작구 상도로15가길 22-5,상도동 350-23,37.50221843,126.9321951,2011-08-24,전용주,02-820-9923,서울특별시 동작구청,2026-04-06
05-087,서울특별시 동작구 상도로15가길 28,상도동 350-69,37.5021551,126.9317485,2011-08-24,한전주,02-820-9923,서울특별시 동작구청,2026-04-06
05-088,서울특별시 동작구 상도로15가길 28-5,상도동 350-65,37.50234227,126.9321215,2011-08-24,한전주,02-820-9923,서울특별시 동작구청,2026-04-06
05-089,서울특별시 동작구 상도로15가길 32-3,상도동 350-71,37.50238938,126.9317793,2011-08-24,벽부주,02-820-9923,서울특별시 동작구청,2026-04-06
05-090,서울특별시 동작구 상도로15가길 32-11,상도동 350-3,37.5025225,126.9321722,2011-08-24,벽부주,02-820-9923,서울특별시 동작구청,2026-04-06
05-091,서울특별시 동작구 상도로15나길 25,상도동 331-101,37.50261273,126.932387,2018-10-16,통신주,02-820-9923,서울특별시 동작구청,2026-04-06
05-092,서울특별시 동작구 상도로15가길 34-5,상도동 350-77,37.50252231,126.9318358,2011-08-24,벽부주,02-820-9923,서울특별시 동작구청,2026-04-06
05-093,서울특별시 동작구 상도로15가길 34,상도동 350-78,37.50238246,126.9314966,2011-08-24,한전주,02-820-9923,서울특별시 동작구청,2026-04-06
05-094,서울특별시 동작구 상도로15가길 38,상도동 350-82,37.50252203,126.9313579,2011-08-24,한전주,02-820-9923,서울특별시 동작구청,2026-04-06
05-095,서울특별시 동작구 상도로15가길 40-3,상도동 350-36,37.50265725,126.9314681,2011-08-24,벽부주,02-820-9923,서울특별시 동작구청,2026-04-06
05-096,서울특별시 동작구 상도로15가길 40-9,상도동 350-33,37.50267093,126.9317593,2011-08-24,벽부주,02-820-9923,서울특별시 동작구청,2026-04-06
05-097,서울특별시 동작구 상도로 107,상도동 418,37.50262558,126.9312363,2020-05-27,전용주,02-820-9923,서울특별시 동작구청,2026-04-06
05-098,서울특별시 동작구 상도로 107,상도동 418,37.50256688,126.9310017,2020-05-27,전용주,02-820-9923,서울특별시 동작구청,2026-04-06
05-099,서울특별시 동작구 상도로 107,상도동 418,37.50250139,126.9307162,2020-05-27,전용주,02-820-9923,서울특별시 동작구청,2026-04-06
05-100,서울특별시 동작구 상도로13다길 21,상도동 335-59,37.50252159,126.9305917,2011-08-24,전용주,02-820-9923,서울특별시 동작구청,2026-04-06
05-101,서울특별시 동작구 상도로13다길 19,상도동 335-211,37.50230996,126.9307729,2011-08-24,한전주,02-820-9923,서울특별시 동작구청,2026-04-06
05-102,서울특별시 동작구 상도로13다길 17,상도동 335-77,37.50213203,126.9308098,2011-08-24,한전주,02-820-9923,서울특별시 동작구청,2026-04-06
05-103,서울특별시 동작구 상도로13다길 13,상도동 335-214,37.50192034,126.9308835,2011-08-24,한전주,02-820-9923,서울특별시 동작구청,2026-04-06
05-104,서울특별시 동작구 상도로13다길 9,상도동 335-84,37.50142711,126.931014,2011-08-24,한전주,02-820-9923,서울특별시 동작구청,2026-04-06
05-105,서울특별시 동작구 상도로13다길 6,상도동 335-39,37.50115435,126.9306637,2011-08-24,한전주,02-820-9923,서울특별시 동작구청,2026-04-06
05-106,서울특별시 동작구 상도로13라길 1,상도동 335-132,37.50128721,126.9305985,2011-08-24,전용주,02-820-9923,서울특별시 동작구청,2026-04-06
05-107,서울특별시 동작구 상도로13라길 5,상도동 335-37,37.50159798,126.9304569,2011-08-24,통신주,02-820-9923,서울특별시 동작구청,2026-04-06
05-108,서울특별시 동작구 상도로13라길 5,상도동 335-37,37.50169256,126.9304229,2011-08-24,한전주,02-820-9923,서울특별시 동작구청,2026-04-06
05-109,서울특별시 동작구 상도로13라길 9,상도동 335-35,37.5019448,126.930352,2011-08-24,통신주,02-820-9923,서울특별시 동작구청,2026-04-06
05-110,서울특별시 동작구 상도로13라길 12,상도동 335-78,37.50211603,126.9304112,2011-08-24,한전주,02-820-9923,서울특별시 동작구청,2026-04-06
05-111,서울특별시 동작구 상도로13라길 13,상도동 335-91,37.50221279,126.9302556,2011-08-24,전용주,02-820-9923,서울특별시 동작구청,2026-04-06
05-112,서울특별시 동작구 상도로13라길 16,상도동 335-57,37.50245386,126.9303317,2011-08-24,한전주,02-820-9923,서울특별시 동작구청,2026-04-06
05-113,서울특별시 동작구 상도로13라길 17,상도동 335-47,37.50253711,126.9301733,2011-08-24,전용주,02-820-9923,서울특별시 동작구청,2026-04-06
05-114,서울특별시 동작구 상도로13라길 17,상도동 335-47,37.50268574,126.9301166,2011-08-24,전용주,02-820-9923,서울특별시 동작구청,2026-04-06
05-115,서울특별시 동작구 대방동6길 42,상도동 335-13,37.50280287,126.9301193,2011-08-24,한전주,02-820-9923,서울특별시 동작구청,2026-04-06
05-116,서울특별시 동작구 대방동6길 43,상도동 335-224,37.50292236,126.930303,2011-08-24,한전주,02-820-9923,서울특별시 동작구청,2026-04-06
05-117,서울특별시 동작구 상도로13라길 23,상도동 335-178,37.50305972,126.9302237,2011-08-24,한전주,02-820-9923,서울특별시 동작구청,2026-04-06
05-118,서울특별시 동작구 상도로13라길 25,상도동 335-176,37.50317455,126.9301472,2011-08-24,전용주,02-820-9923,서울특별시 동작구청,2026-04-06
05-119,서울특별시 동작구 상도로13길 32,상도동 335-129,37.50274858,126.9297264,2011-08-24,한전주,02-820-9923,서울특별시 동작구청,2026-04-06
05-120,서울특별시 동작구 상도로13라길 35,상도동 335-173,37.50300978,126.9295734,2011-08-24,전용주,02-820-9923,서울특별시 동작구청,2026-04-06
05-121,서울특별시 동작구 상도로13길 37,상도동 335-170,37.50312463,126.9295366,2011-08-24,한전주,02-820-9923,서울특별시 동작구청,2026-04-06
05-122,서울특별시 동작구 상도로13길 39,상도동 335-210,37.5033521,126.9294657,2011-08-24,전용주,02-820-9923,서울특별시 동작구청,2026-04-06
05-123,서울특별시 동작구 상도로15가길22-3,상도동 350-24,37.50214848,126.931986,2019-01-30,전용주,02-820-9923,서울특별시 동작구청,2026-04-06
05-124,서울특별시 동작구 상도로13길 28,상도동 335-95,37.50229591,126.9298766,2011-08-24,벽부주,02-820-9923,서울특별시 동작구청,2026-04-06
05-125,서울특별시 동작구 상도로13길 27,상도동 335-11,37.502163,126.9298457,2011-08-24,전용주,02-820-9923,서울특별시 동작구청,2026-04-06
05-126,서울특별시 동작구 상도로13길 25,상도동 335-11,37.50202787,126.9298854,2011-08-24,한전주,02-820-9923,서울특별시 동작구청,2026-04-06
05-127,서울특별시 동작구 상도로13길 23,상도동 335-11,37.50174186,126.9299846,2011-08-24,한전주,02-820-9923,서울특별시 동작구청,2026-04-06
05-128,서울특별시 동작구 상도로13길 20-1,상도동 335-87,37.50166757,126.9300667,2011-08-24,전용주,02-820-9923,서울특별시 동작구청,2026-04-06
05-129,서울특별시 동작구 상도로13길 17,상도동 335-28,37.50131621,126.930115,2011-08-24,한전주,02-820-9923,서울특별시 동작구청,2026-04-06
05-130,서울특별시 동작구 상도로13길 14,상도동 336-6,37.50114734,126.9302255,2011-08-24,전용주,02-820-9923,서울특별시 동작구청,2026-04-06
05-131,서울특별시 동작구 상도로13길 11,상도동 335-102,37.50085903,126.930254,2011-08-24,한전주,02-820-9923,서울특별시 동작구청,2026-04-06
05-132,서울특별시 동작구 상도로13길 7,상도동 333-2,37.50079152,126.9303672,2011-08-24,한전주,02-820-9923,서울특별시 동작구청,2026-04-06
05-133,서울특별시 동작구 상도로13다길 6,상도동 335-141,37.50108223,126.9305931,2011-08-24,전용주,02-820-9923,서울특별시 동작구청,2026-04-06
05-134,서울특별시 동작구 상도로13다길 2,상도동 337,37.50071279,126.9305482,2011-08-24,전용주,02-820-9923,서울특별시 동작구청,2026-04-06
05-135,서울특별시 동작구 상도로13길 5,상도동 333-3,37.50056403,126.9303928,2011-08-24,한전주,02-820-9923,서울특별시 동작구청,2026-04-06
05-136,서울특별시 동작구 상도로13가길 10,상도동 337-4,37.50066329,126.9306359,2011-08-24,전용주,02-820-9923,서울특별시 동작구청,2026-04-06
05-137,서울특별시 동작구 상도로13가길 10,상도동 337-4,37.50067012,126.9307716,2011-08-24,전용주,02-820-9923,서울특별시 동작구청,2026-04-06
05-138,서울특별시 동작구 상도로13가길 8-6,상도동 348-68,37.50101042,126.931054,2011-08-24,한전주,02-820-9923,서울특별시 동작구청,2026-04-06
05-139,서울특별시 동작구 상도로13가길 6,상도동 328-14,37.50050804,126.9309329,2019-02-11,한전주,02-820-9923,서울특별시 동작구청,2026-04-06
05-140,서울특별시 동작구 상도로13가길 8-4,상도동 348-69,37.5008955,126.9309862,2019-02-12,통신주,02-820-9923,서울특별시 동작구청,2026-04-06
05-141,서울특별시 동작구 상도로13가길 6,상도동 328-14,37.50040209,126.9308001,2011-08-24,한전주,02-820-9923,서울특별시 동작구청,2026-04-06
05-142,서울특별시 동작구 상도로13가길 3,상도동 327-5,37.50014071,126.9306392,2011-08-24,통신주,02-820-9923,서울특별시 동작구청,2026-04-06
05-143,서울특별시 동작구 상도로 99-10,상도동 337-13,37.50053973,126.9312071,2011-08-24,통신주,02-820-9923,서울특별시 동작구청,2026-04-06
05-144,서울특별시 동작구 상도로 99-14,상도동 348-60,37.50068392,126.9312579,2011-08-24,벽부주,02-820-9923,서울특별시 동작구청,2026-04-06
05-146,서울특별시 동작구 상도로 99-6,상도동 337-14,37.50049253,126.9313824,2011-08-24,한전주,02-820-9923,서울특별시 동작구청,2026-04-06
05-147,서울특별시 동작구 상도로13나길 4,상도동 335-151,37.50021493,126.9304469,2011-08-24,한전주,02-820-9923,서울특별시 동작구청,2026-04-06
05-148,서울특별시 동작구 상도로13나길 4,상도동 335-151,37.50041298,126.9301696,2011-08-24,전용주,02-820-9923,서울특별시 동작구청,2026-04-06
05-149,서울특별시 동작구 상도로13나길 8,상도동 335-148,37.50073944,126.9298951,2011-08-24,전용주,02-820-9923,서울특별시 동작구청,2026-04-06
05-150,서울특별시 동작구 상도로13나길 9,상도동 335-146,37.50088128,126.9297931,2011-08-24,한전주,02-820-9923,서울특별시 동작구청,2026-04-06
05-151,서울특별시 동작구 상도로13나길 13,상도동 335-152,37.50124162,126.9296797,2011-08-24,한전주,02-820-9923,서울특별시 동작구청,2026-04-06
05-152,서울특별시 동작구 상도로13나길 17,상도동 335-192,37.50150058,126.9295551,2011-08-24,한전주,02-820-9923,서울특별시 동작구청,2026-04-06
05-153,서울특별시 동작구 상도로13나길 19,상도동 335-127,37.5017078,126.9295323,2011-08-24,전용주,02-820-9923,서울특별시 동작구청,2026-04-06
05-154,서울특별시 동작구 상도로13나길 24,상도동 335-66,37.50193529,126.9295038,2011-08-24,한전주,02-820-9923,서울특별시 동작구청,2026-04-06
05-155,서울특별시 동작구 상도로13나길 28,상도동 335-139,37.50235868,126.9293677,2011-08-24,한전주,02-820-9923,서울특별시 동작구청,2026-04-06
05-156,서울특별시 동작구 상도로13나길 29,상도동 335-213,37.50255684,126.92926,2011-08-24,전용주,02-820-9923,서울특별시 동작구청,2026-04-06
05-157,서울특별시 동작구 상도로13나길 31,상도동 335-15,37.50261086,126.9291921,2011-08-24,한전주,02-820-9923,서울특별시 동작구청,2026-04-06
05-158,서울특별시 동작구 상도로13나길33,상도동 335-7,37.50273713,126.9294125,2011-08-24,전용주,02-820-9923,서울특별시 동작구청,2026-04-06
05-159,서울특별시 동작구 상도로13나길33,상도동 335-202,37.50286784,126.9295199,2011-08-24,전용주,02-820-9923,서울특별시 동작구청,2026-04-06
05-160,서울특별시 동작구 상도로13나길33,상도동 335-202,37.50294656,126.9293304,2011-08-24,전용주,02-820-9923,서울특별시 동작구청,2026-04-06
05-161,서울특별시 동작구 상도로13나길 37,상도동 335,37.50304325,126.9290504,2011-08-24,한전주,02-820-9923,서울특별시 동작구청,2026-04-06
05-162,서울특별시 동작구 상도로13나길 38,상도동 335-10,37.50317169,126.9291181,2011-08-24,전용주,02-820-9923,서울특별시 동작구청,2026-04-06
05-163,서울특별시 동작구 상도로13나길 37,상도동 335,37.50329106,126.9291067,2011-08-24,벽부주,02-820-9923,서울특별시 동작구청,2026-04-06
05-164,서울특별시 동작구 대방동6길 18,상도동 335-44,37.50253628,126.9287822,2011-08-24,한전주,02-820-9923,서울특별시 동작구청,2026-04-06
05-165,서울특별시 동작구 대방동6길 20-8,상도동 335-51,37.50235835,126.9288248,2011-08-24,전용주,02-820-9923,서울특별시 동작구청,2026-04-06
05-166,서울특별시 동작구 대방동6길 15,상도동 335-4,37.50256542,126.9285447,2011-08-24,한전주,02-820-9923,서울특별시 동작구청,2026-04-06
05-167,서울특별시 동작구 상도로13나길 25,상도동 335-223,37.50206802,126.9292237,2011-08-24,전용주,02-820-9923,서울특별시 동작구청,2026-04-06
05-168,서울특별시 동작구 상도로11길 26,상도동 335-111,37.50202061,126.9290513,2011-08-24,한전주,02-820-9923,서울특별시 동작구청,2026-04-06
05-169,서울특별시 동작구 상도로11길 22,상도동 335-131,37.50179538,126.9290826,2011-08-24,전용주,02-820-9923,서울특별시 동작구청,2026-04-06
05-170,서울특별시 동작구 상도로11길 20,상도동 335-166,37.50164899,126.9291139,2011-08-24,한전주,02-820-9923,서울특별시 동작구청,2026-04-06
05-171,서울특별시 동작구 상도로11길 18,상도동 335-136,37.50134496,126.9292188,2011-08-24,한전주,02-820-9923,서울특별시 동작구청,2026-04-06
05-172,서울특별시 동작구 상도로11길 14,상도동 335-156,37.50099364,126.9293378,2011-08-24,한전주,02-820-9923,서울특별시 동작구청,2026-04-06
05-173,서울특별시 동작구 상도로11길 9,상도동 335-146,37.50068958,126.9293834,2011-08-24,통신주,02-820-9923,서울특별시 동작구청,2026-04-06
05-174,서울특별시 동작구 상도로13라길 1,상도동 335-39,37.50139982,126.9305645,2019-02-01,전용주,02-820-9923,서울특별시 동작구청,2026-04-06
05-175,서울특별시 동작구 상도로13라길 25,상도동 335-5,37.50330742,126.9300991,2020-03-24,한전주,02-820-9923,서울특별시 동작구청,2026-04-06
05-176,서울특별시 동작구 상도로13길 40,상도동 335-194,37.50342881,126.9296748,2020-03-24,전용주,02-820-9923,서울특별시 동작구청,2026-04-06
05-177,서울특별시 동작구 상도로12길 5 옆,상도동 324-23,37.49924387,126.9300717,2020-05-27,전용주,02-820-9923,서울특별시 동작구청,2026-04-06
05-178,서울특별시 동작구 상도로13나길 37,상도동 335,37.50333374,126.9289002,2020-03-24,벽부주,02-820-9923,서울특별시 동작구청,2026-04-06
05-179,서울특별시 동작구 상도로13길 10,상도동 327-8,37.50071723,126.9304407,2020-03-19,통신주,02-820-9923,서울특별시 동작구청,2026-04-06
05-180,서울특별시 동작구 상도로12길 1-5 옆,상도동 324-60,37.49921708,126.9304761,2020-05-27,한전주,02-820-9923,서울특별시 동작구청,2026-04-06
05-181,서울특별시 동작구 상도로 12길 1-2,상도동 324-40,37.49944454,126.9304052,2020-05-27,한전주,02-820-9923,서울특별시 동작구청,2026-04-06
05-182,서울특별시 동작구 상도로13다길 6,상도동 335-76,37.50135496,126.930901,2020-03-19,통신주,02-820-9923,서울특별시 동작구청,2026-04-06
05-183,서울특별시 동작구 상도로13다길 13,상도동 335-214,37.50183921,126.9308214,2019-02-01,통신주,02-820-9923,서울특별시 동작구청,2026-04-06
05-184,서울특별시 동작구 국사봉1길 43-4,상도동 324-65,37.49946052,126.9307586,2011-08-24,통신주,02-820-9923,서울특별시 동작구청,2026-04-06
05-185,서울특별시 동작구 상도로 102,상도동 324-1,37.5000583,126.9322536,2011-08-24,한전주,02-820-9923,서울특별시 동작구청,2026-04-06
05-186,서울특별시 동작구 성대로2길 12-3,상도동 324-13,37.4994382,126.9311092,2011-08-24,전용주,02-820-9923,서울특별시 동작구청,2026-04-06
05-187,서울특별시 동작구 상도로 102,상도동 324-1,37.49995012,126.9321519,2011-08-24,한전주,02-820-9923,서울특별시 동작구청,2026-04-06
05-188,서울특별시 동작구 성대로2길 8-5,상도동 324-6,37.49961175,126.9312899,2011-08-24,벽부주,02-820-9923,서울특별시 동작구청,2026-04-06
05-189,서울특별시 동작구 상도로 102,상도동 320-5,37.499709,126.9319825,2011-08-24,한전주,02-820-9923,서울특별시 동작구청,2026-04-06
05-190,서울특별시 동작구 상도로 102,상도동 324-1,37.49963229,126.9317677,2011-08-24,한전주,02-820-9923,서울특별시 동작구청,2026-04-06
05-191,서울특별시 동작구 성대로2길 5-1,상도동 315-5,37.49949717,126.9318102,2011-08-24,한전주,02-820-9923,서울특별시 동작구청,2026-04-06
05-192,서울특별시 동작구 성대로2길 5,상도동 316-11,37.4996595,126.9320759,2011-08-24,벽부주,02-820-9923,서울특별시 동작구청,2026-04-06
05-193,서울특별시 동작구 성대로2길 3-1,상도동 316-9,37.49955597,126.9322258,2011-08-24,전용주,02-820-9923,서울특별시 동작구청,2026-04-06
05-194,서울특별시 동작구 성대로2길 7,상도동 315-22,37.49935527,126.9318358,2011-08-24,벽부주,02-820-9923,서울특별시 동작구청,2026-04-06
05-195,서울특별시 동작구 성대로2길 5-7,상도동 315-39,37.49925402,126.9320169,2011-08-24,한전주,02-820-9923,서울특별시 동작구청,2026-04-06
05-196,서울특별시 동작구 성대로2길 5-13,상도동 315-24,37.49914355,126.9318615,2011-08-24,한전주,02-820-9923,서울특별시 동작구청,2026-04-06
05-197,서울특별시 동작구 성대로2길 9,상도동 315-37,37.49902625,126.9315591,2011-08-24,전용주,02-820-9923,서울특별시 동작구청,2026-04-06
05-198,서울특별시 동작구 성대로2길 10,상도동 324-14,37.49944743,126.9314965,2011-08-24,한전주,02-820-9923,서울특별시 동작구청,2026-04-06
05-199,서울특별시 동작구 성대로2길 12,상도동 324-7,37.49934367,126.9312478,2011-08-24,한전주,02-820-9923,서울특별시 동작구청,2026-04-06
05-200,서울특별시 동작구 국사봉1길 26-5,상도동 322-4,37.49881584,126.929976,2011-08-24,벽부주,02-820-9923,서울특별시 동작구청,2026-04-06
05-201,서울특별시 동작구 국사봉1길 26-9,상도동 322-6,37.49865365,126.9299705,2020-05-27,한전주,02-820-9923,서울특별시 동작구청,2026-04-06
05-202,서울특별시 동작구 국사봉1길 26-19,상도동 322-9,37.49843965,126.9299481,2020-05-27,한전주,02-820-9923,서울특별시 동작구청,2026-04-06
05-203,서울특별시 동작구 국사봉1길 26-15,상도동 322-8,37.49846681,126.9301742,2020-03-26,벽부주,02-820-9923,서울특별시 동작구청,2026-04-06
05-204,서울특별시 동작구 국사봉1길 12-3,상도동 323-26,37.49865989,126.9290997,2011-08-24,벽부주,02-820-9923,서울특별시 동작구청,2026-04-06
05-205,서울특별시 동작구 국사봉1길 42,상도동 323-29,37.49908212,126.9308041,2011-08-24,한전주,02-820-9923,서울특별시 동작구청,2026-04-06
05-206,서울특별시 동작구 국사봉길 21-11,상도동 321-5,37.49827739,126.9298097,2011-08-24,한전주,02-820-9923,서울특별시 동작구청,2026-04-06
05-207,서울특별시 동작구 상도로15나길 2,상도동 345-12,37.50167836,126.9331428,2022-05-11,벽부주,02-820-9923,서울특별시 동작구청,2026-04-06
05-208,서울특별시 동작구 국사봉6길 4-5,상도동 299-33,37.49730441,126.9299916,2011-08-24,벽부주,02-820-9923,서울특별시 동작구청,2026-04-06
05-209,서울특별시 동작구 국사봉6길 11,상도동 299-33,37.49709506,126.9302151,2011-08-24,한전주,02-820-9923,서울특별시 동작구청,2026-04-06
05-210,서울특별시 동작구 국사봉2나길23,상도동 299-46,37.4969507,126.9298816,2011-08-24,전용주,02-820-9923,서울특별시 동작구청,2026-04-06
05-211,서울특별시 동작구 국사봉6길 15,상도동 299-54,37.49678416,126.9301362,2011-08-24,한전주,02-820-9923,서울특별시 동작구청,2026-04-06
05-212,서울특별시 동작구 국사봉6길 16,상도동 299-231,37.49668271,126.9299837,2011-08-24,벽부주,02-820-9923,서울특별시 동작구청,2026-04-06
05-213,서울특별시 동작구 국사봉6길 15,상도동 299-54,37.49658592,126.9300968,2011-08-24,전용주,02-820-9923,서울특별시 동작구청,2026-04-06
05-214,서울특별시 동작구 국사봉6길 21,상도동 299-55,37.49637418,126.9300886,2011-08-24,한전주,02-820-9923,서울특별시 동작구청,2026-04-06
05-215,서울특별시 동작구 국사봉6길 29,상도동 299-200,37.4961106,126.9300407,2011-08-24,한전주,02-820-9923,서울특별시 동작구청,2026-04-06
05-216,서울특별시 동작구 국사봉6길 38,상도동 299-195,37.49586041,126.9297724,2011-08-24,전용주,02-820-9923,서울특별시 동작구청,2026-04-06
05-217,서울특별시 동작구 국사봉2라길 24-8,상도동 299-191,37.49568466,126.9296708,2011-08-24,전용주,02-820-9923,서울특별시 동작구청,2026-04-06
05-218,서울특별시 동작구 국사봉2라길 24-14,상도동 299-219,37.4954031,126.929688,2011-08-24,전용주,02-820-9923,서울특별시 동작구청,2026-04-06
05-219,서울특별시 동작구 국사봉6길 60,상도동 302-38,37.4947884,126.93009,2015-01-30,한전주,02-820-9923,서울특별시 동작구청,2026-04-06
05-220,서울특별시 동작구 국사봉6길 50,상도동 299-189,37.4952298,126.9299172,2011-08-24,통신주,02-820-9923,서울특별시 동작구청,2026-04-06
05-221,서울특별시 동작구 국사봉6길 41,상도동 299-203,37.49554969,126.9299762,2011-08-24,한전주,02-820-9923,서울특별시 동작구청,2026-04-06
05-222,서울특별시 동작구 국사봉6길 39,상도동 299-202,37.49566232,126.929979,2011-08-24,전용주,02-820-9923,서울특별시 동작구청,2026-04-06
05-223,서울특별시 동작구 국사봉6길 39,상도동 299-202,37.49583803,126.9300014,2011-08-24,한전주,02-820-9923,서울특별시 동작구청,2026-04-06
05-224,서울특별시 동작구 국사봉6길 56,상도동 299-64,37.49497302,126.9299372,2011-08-24,전용주,02-820-9923,서울특별시 동작구청,2026-04-06
05-225,서울특별시 동작구 국사봉6길 56,상도동 299-40,37.49486494,126.9299995,2011-08-24,한전주,02-820-9923,서울특별시 동작구청,2026-04-06
05-226,서울특별시 동작구 국사봉6길 58,상도동 299-63,37.49477026,126.9298724,2014-02-22,한전주,02-820-9923,서울특별시 동작구청,2026-04-06
05-227,서울특별시 동작구 국사봉6길 60-6,상도동 302-50,37.49450224,126.929932,2011-08-24,통신주,02-820-9923,서울특별시 동작구청,2026-04-06
05-228,서울특별시 동작구 국사봉6길 60-10,상도동 302-51,37.49425228,126.930051,2011-08-24,한전주,02-820-9923,서울특별시 동작구청,2026-04-06
05-229,서울특별시 동작구 국사봉6길 60-9 옆,상도동 302-41,37.49412167,126.9301104,2011-08-24,전용주,02-820-9923,서울특별시 동작구청,2026-04-06
05-230,서울특별시 동작구 국사봉6길 70,상도동 302-49,37.49433803,126.930311,2011-08-24,한전주,02-820-9923,서울특별시 동작구청,2026-04-06
05-231,서울특별시 동작구 국사봉6길 67,상도동 302-44,37.49462632,126.9302513,2011-08-24,벽부주,02-820-9923,서울특별시 동작구청,2026-04-06
05-232,서울특별시 동작구 국사봉8길 41-1,상도동 299-62,37.49491241,126.9302878,2011-08-24,전용주,02-820-9923,서울특별시 동작구청,2026-04-06
05-233,서울특별시 동작구 국사봉길 74,상도동 299-58,37.49651415,126.9306341,2011-08-24,한전주,02-820-9923,서울특별시 동작구청,2026-04-06
05-234,서울특별시 동작구 국사봉8길 10,상도동 299-59,37.49633387,126.9305013,2011-08-24,전용주,02-820-9923,서울특별시 동작구청,2026-04-06
05-235,서울특별시 동작구 국사봉8길 16,상도동 299-60,37.49617387,126.9303743,2011-08-24,전용주,02-820-9923,서울특별시 동작구청,2026-04-06
05-236,서울특별시 동작구 국사봉길 86-7,상도동 299-80,37.49615372,126.9305835,2011-08-24,벽부주,02-820-9923,서울특별시 동작구청,2026-04-06
05-237,서울특별시 동작구 국사봉길 86-6,상도동 299-76,37.49624394,126.9307813,2011-08-24,벽부주,02-820-9923,서울특별시 동작구청,2026-04-06
05-238,서울특별시 동작구 국사봉1길 41,상도동 324-68,37.4992106,126.930951,2011-08-24,한전주,02-820-9923,서울특별시 동작구청,2026-04-06
05-239,서울특별시 동작구 국사봉8길 21-10,상도동 299-73,37.49592189,126.9308947,2011-08-24,전용주,02-820-9923,서울특별시 동작구청,2026-04-06
05-240,서울특별시 동작구 국사봉8길 21-7,상도동 299-85,37.49589019,126.930612,2011-08-24,한전주,02-820-9923,서울특별시 동작구청,2026-04-06
05-241,서울특별시 동작구 국사봉8길 24,상도동 299-66,37.49580891,126.9302841,2011-08-24,전용주,02-820-9923,서울특별시 동작구청,2026-04-06
05-242,서울특별시 동작구 국사봉8길 24,상도동 299-66,37.49559496,126.9303465,2011-08-24,전용주,02-820-9923,서울특별시 동작구청,2026-04-06
05-243,서울특별시 동작구 국사봉8길 29,상도동 299-3,37.49550718,126.930471,2011-08-24,한전주,02-820-9923,서울특별시 동작구청,2026-04-06
05-244,서울특별시 동작구 국사봉8길 29,상도동 299-3,37.49554785,126.9306745,2011-08-24,한전주,02-820-9923,서울특별시 동작구청,2026-04-06
05-245,서울특별시 동작구 국사봉10길 14,상도동 299-13,37.49562013,126.9310194,2011-08-24,한전주,02-820-9923,서울특별시 동작구청,2026-04-06
05-246,서울특별시 동작구 국사봉10길 7,상도동 299-137,37.49581164,126.9311012,2023-08-14,벽부주,02-820-9923,서울특별시 동작구청,2026-04-06
05-247,서울특별시 동작구 국사봉1길 38,상도동 323-22,37.49900762,126.9305102,2011-08-24,한전주,02-820-9923,서울특별시 동작구청,2026-04-06
05-248,서울특별시 동작구 국사봉길 98,상도동 299-13,37.49565203,126.9316441,2015-01-30,통신주,02-820-9923,서울특별시 동작구청,2026-04-06
05-249,서울특별시 동작구 국사봉길 102옆,상도동 299-13,37.49549443,126.9317771,2014-02-22,전용주,02-820-9923,서울특별시 동작구청,2026-04-06
05-250,서울특별시 동작구 국사봉12길 8-1,상도동 299-13,37.49541542,126.9314747,2011-08-24,한전주,02-820-9923,서울특별시 동작구청,2026-04-06
05-251,서울특별시 동작구 국사봉10길 20,상도동 299-3,37.49532287,126.9311355,2012-08-07,한전주,02-820-9923,서울특별시 동작구청,2026-04-06
05-252,서울특별시 동작구 국사봉길 10길 20옆,상도동 299-3,37.49528894,126.9308953,2013-03-22,통신주,02-820-9923,서울특별시 동작구청,2026-04-06
05-253,서울특별시 동작구 국사봉8길 37,상도동 299-3,37.49522347,126.9306522,2011-08-24,한전주,02-820-9923,서울특별시 동작구청,2026-04-06
05-254,서울특별시 동작구 국사봉8길 36,상도동 299-181,37.49526613,126.9304232,2011-08-24,전용주,02-820-9923,서울특별시 동작구청,2026-04-06
05-255,서울특별시 동작구 국사봉8길 42,상도동 302-64,37.49493959,126.930545,2011-08-24,한전주,02-820-9923,서울특별시 동작구청,2026-04-06
05-256,서울특별시 동작구 국사봉8길 42,상도동 302-64,37.49474818,126.9306413,2011-08-24,전용주,02-820-9923,서울특별시 동작구청,2026-04-06
05-257,서울특별시 동작구 국사봉10길24-5,상도동 299-3,37.49495098,126.9307627,2011-08-24,한전주,02-820-9923,서울특별시 동작구청,2026-04-06
05-258,서울특별시 동작구 국사봉1길 32,상도동 322-19,37.49895117,126.9302841,2011-08-24,한전주,02-820-9923,서울특별시 동작구청,2026-04-06
05-259,서울특별시 동작구 국사봉1길 24,상도동 323-15,37.49889914,126.9299166,2011-08-24,한전주,02-820-9923,서울특별시 동작구청,2026-04-06
05-260,서울특별시 동작구 국사봉1길 24,상도동 322-15,37.49888776,126.9297074,2011-08-24,한전주,02-820-9923,서울특별시 동작구청,2026-04-06
05-261,서울특별시 동작구 상도로13나길 9,상도동 335-146,37.5006155,126.9298132,2021-08-26,전용주,02-820-9923,서울특별시 동작구청,2026-04-06
05-262,서울특별시 동작구 국사봉12길 19,상도동 299-13,37.49495407,126.9322017,2011-08-24,전용주,02-820-9923,서울특별시 동작구청,2026-04-06
05-263,서울특별시 동작구 국사봉1길 18,상도동 323-17,37.49884023,126.9293257,2011-08-24,한전주,02-820-9923,서울특별시 동작구청,2026-04-06
05-268,서울특별시 동작구 국사봉길 13,상도동 323-25,37.4984842,126.9291084,2011-08-24,벽부주,02-820-9923,서울특별시 동작구청,2026-04-06
05-269,서울특별시 동작구 국사봉8길 52,상도동 302-46,37.49457704,126.9307178,2020-03-20,전용주,02-820-9923,서울특별시 동작구청,2026-04-06
05-270,서울특별시 동작구 국사봉5길 1,상도동 304-6,37.49782489,126.9302399,2011-08-24,한전주,02-820-9923,서울특별시 동작구청,2026-04-06
05-271,서울특별시 동작구 국사봉5길 1,상도동 304-6,37.49773482,126.930305,2011-08-24,한전주,02-820-9923,서울특별시 동작구청,2026-04-06
05-272,서울특별시 동작구 국사봉5길 3,상도동 304-6,37.49775066,126.9304265,2018-02-06,벽부주,02-820-9923,서울특별시 동작구청,2026-04-06
05-273,서울특별시 동작구 국사봉3길 7,상도동 321-15,37.49792424,126.9306582,2019-04-19,전용주,02-820-9923,서울특별시 동작구청,2026-04-06
05-274,서울특별시 동작구 국사봉3길 15,상도동 305-2,37.49798071,126.9309296,2011-08-24,전용주,02-820-9923,서울특별시 동작구청,2026-04-06
05-275,서울특별시 동작구 국사봉3길 20,상도동 305-1,37.49816323,126.9310368,2011-08-24,전용주,02-820-9923,서울특별시 동작구청,2026-04-06
05-277,서울특별시 동작구 국사봉1길 70,상도동 320-8,37.49837964,126.9313306,2023-01-03,한전주,02-820-9923,서울특별시 동작구청,2026-04-06
05-278,서울특별시 동작구 성대로6길 32,상도동 313-36,37.49870635,126.9314858,2011-08-24,한전주,02-820-9923,서울특별시 동작구청,2026-04-06
05-279,서울특별시 동작구 국사봉1길 57,상도동 314-32,37.4989428,126.9313838,2011-08-24,한전주,02-820-9923,서울특별시 동작구청,2026-04-06
05-280,서울특별시 동작구 국사봉1길 56,상도동 317-19,37.4990148,126.9312396,2011-08-24,한전주,02-820-9923,서울특별시 동작구청,2026-04-06
05-281,서울특별시 동작구 성대로6길 27,상도동 256-10,37.4986637,126.9317375,2011-08-24,한전주,02-820-9923,서울특별시 동작구청,2026-04-06
05-282,서울특별시 동작구 성대로6길 18,상도동 313-10,37.49881484,126.9321303,2011-08-24,통신주,02-820-9923,서울특별시 동작구청,2026-04-06
05-283,서울특별시 동작구 성대로6길 27-9,상도동 256-6,37.4987879,126.932283,2011-08-24,한전주,02-820-9923,서울특별시 동작구청,2026-04-06
05-284,서울특별시 동작구 성대로6길 16,상도동 312-2,37.49886904,126.9323649,2012-08-07,한전주,02-820-9923,서울특별시 동작구청,2026-04-06
05-285,서울특별시 동작구 성대로6길 16-1,상도동 313-9,37.49900408,126.9321782,2011-08-24,전용주,02-820-9923,서울특별시 동작구청,2026-04-06
05-286,서울특별시 동작구 성대로6길 16-4,상도동 315-5,37.49914597,126.9321442,2011-08-24,전용주,02-820-9923,서울특별시 동작구청,2026-04-06
05-287,서울특별시 동작구 성대로6길 10-4,상도동 312-7,37.49915071,126.9325485,2011-08-24,벽부주,02-820-9923,서울특별시 동작구청,2026-04-06
05-288,서울특별시 동작구 국사봉8길 77,상도동 301-84,37.49347144,126.9313804,2011-08-24,전용주,02-820-9923,서울특별시 동작구청,2026-04-06
05-289,서울특별시 동작구 국사봉8길 80,상도동 302-32,37.49348479,126.9310948,2011-08-24,한전주,02-820-9923,서울특별시 동작구청,2026-04-06
05-290,서울특별시 동작구 국사봉10길 59,상도동 301-84,37.49353023,126.9317676,2011-08-24,전용주,02-820-9923,서울특별시 동작구청,2026-04-06
05-291,서울특별시 동작구 성대로6길 10-7,상도동 312-3,37.49923853,126.932506,2011-08-24,벽부주,02-820-9923,서울특별시 동작구청,2026-04-06
05-292,서울특별시 동작구 성대로6가길 2,상도동 256-6,37.4988985,126.9326787,2011-08-24,한전주,02-820-9923,서울특별시 동작구청,2026-04-06
05-293,서울특별시 동작구 국사봉5길 24,상도동 308-9,37.49791793,126.9314159,2011-08-24,한전주,02-820-9923,서울특별시 동작구청,2026-04-06
05-294,서울특별시 동작구 국사봉5길 11,상도동 304-1,37.49784337,126.9310315,2011-08-24,한전주,02-820-9923,서울특별시 동작구청,2026-04-06
05-295,서울특별시 동작구 국사봉5길 7,상도동 304-4,37.49780937,126.9306696,2011-08-24,한전주,02-820-9923,서울특별시 동작구청,2026-04-06
05-296,서울특별시 동작구 국사봉10길 66-1,상도동 301-84,37.49327588,126.9320958,2011-08-24,한전주,02-820-9923,서울특별시 동작구청,2026-04-06
05-297,서울특별시 동작구 국사봉10길 67,상도동 301-84,37.49364304,126.9320983,2011-08-24,한전주,02-820-9923,서울특별시 동작구청,2026-04-06
05-298,서울특별시 동작구 국사봉10길65-6,상도동 301-19,37.4937309,126.9321067,2011-08-24,통신주,02-820-9923,서울특별시 동작구청,2026-04-06
05-299,서울특별시 동작구 국사봉10길 74,상도동 301-84,37.4934405,126.9324179,2011-08-24,한전주,02-820-9923,서울특별시 동작구청,2026-04-06
05-300,서울특별시 동작구 국사봉10길 72,상도동 301-52,37.4932445,126.9323531,2015-02-25,전용주,02-820-9923,서울특별시 동작구청,2026-04-06
05-301,서울특별시 동작구 국사봉10길 72-6,상도동 301-57,37.49307557,126.9323758,2011-08-24,전용주,02-820-9923,서울특별시 동작구청,2026-04-06
05-303,서울특별시 동작구 국사봉5길 10-8,상도동 304-15,37.49763838,126.9310203,2011-08-24,전용주,02-820-9923,서울특별시 동작구청,2026-04-06
05-304,서울특별시 동작구 국사봉길 53,상도동 303-8,37.49742176,126.9303618,2011-08-24,한전주,02-820-9923,서울특별시 동작구청,2026-04-06
05-305,서울특별시 동작구 국사봉길 55,상도동 303-9,37.49729566,126.9304411,2011-08-24,한전주,02-820-9923,서울특별시 동작구청,2026-04-06
05-306,서울특별시 동작구 국사봉길 57-9,상도동 303-13,37.49735893,126.9307803,2011-08-24,한전주,02-820-9923,서울특별시 동작구청,2026-04-06
05-307,서울특별시 동작구 국사봉길 57-11,상도동 303-14,37.49737933,126.9309923,2011-08-24,전용주,02-820-9923,서울특별시 동작구청,2026-04-06
05-308,서울특별시 동작구 국사봉길 57-13,상도동 303-38,37.49740644,126.9311308,2018-12-11,통신주,02-820-9923,서울특별시 동작구청,2026-04-06
05-309,서울특별시 동작구 국사봉7길 9,상도동 303-15,37.49708422,126.9309445,2011-08-24,전용주,02-820-9923,서울특별시 동작구청,2026-04-06
05-310,서울특별시 동작구 국사봉7길 3,상도동 303-2,37.49693316,126.9307072,2011-08-24,한전주,02-820-9923,서울특별시 동작구청,2026-04-06
05-311,서울특별시 동작구 국사봉길 71,상도동 298-13,37.49667195,126.9308346,2011-08-24,한전주,02-820-9923,서울특별시 동작구청,2026-04-06
05-312,서울특별시 동작구 국사봉7길 11,상도동 303-19,37.49724878,126.9311592,2011-08-24,전용주,02-820-9923,서울특별시 동작구청,2026-04-06
05-313,서울특별시 동작구 국사봉길 73-10,상도동 298-22,37.49681631,126.9311822,2011-08-24,전용주,02-820-9923,서울특별시 동작구청,2026-04-06
05-314,서울특별시 동작구 국사봉길 73-11,상도동 298-17,37.49693575,126.9312782,2011-08-24,한전주,02-820-9923,서울특별시 동작구청,2026-04-06
05-315,서울특별시 동작구 국사봉10길 81-9,상도동 301-84,37.49322467,126.9331446,2011-08-24,전용주,02-820-9923,서울특별시 동작구청,2026-04-06
05-316,서울특별시 동작구 국사봉10길 81-13,상도동 301-151,37.49318421,126.9332917,2011-08-24,벽부주,02-820-9923,서울특별시 동작구청,2026-04-06
05-317,서울특별시 동작구 국사봉1길 100,상도동 298-19,37.49708456,126.9315241,2011-08-24,한전주,02-820-9923,서울특별시 동작구청,2026-04-06
05-318,서울특별시 동작구 국사봉1길 104,상도동 298-26,37.49682332,126.9316233,2011-08-24,통신주,02-820-9923,서울특별시 동작구청,2026-04-06
05-319,서울특별시 동작구 국사봉길 81-10,상도동 298-54,37.49657773,126.9315104,2011-08-24,전용주,02-820-9923,서울특별시 동작구청,2026-04-06
05-320,서울특별시 동작구 국사봉길 81-11,상도동 298-27,37.49667229,126.931417,2017-05-10,벽부주,02-820-9923,서울특별시 동작구청,2026-04-06
05-321,서울특별시 동작구 국사봉길 81-5,상도동 298-30,37.49645592,126.9311995,2015-01-30,벽부주,02-820-9923,서울특별시 동작구청,2026-04-06
05-322,서울특별시 동작구 국사봉길 77,상도동 298-31,37.49645581,126.9310101,2011-08-24,한전주,02-820-9923,서울특별시 동작구청,2026-04-06
05-323,서울특별시 동작구 국사봉8길 36,상도동 299-181,37.49509946,126.9304488,2019-02-28,전용주,02-820-9923,서울특별시 동작구청,2026-04-06
05-324,서울특별시 동작구 국사봉10길 28,상도동 299-3,37.49503009,126.9312263,2011-08-24,한전주,02-820-9923,서울특별시 동작구청,2026-04-06
05-325,서울특별시 동작구 국사봉10길 32-5,상도동 299-124,37.49466281,126.9310259,2011-08-24,한전주,02-820-9923,서울특별시 동작구청,2026-04-06
05-326,서울특별시 동작구 국사봉10길 32-1,상도동 299-126,37.49473057,126.9313312,2011-08-24,한전주,02-820-9923,서울특별시 동작구청,2026-04-06
05-327,서울특별시 동작구 국사봉10길 27,상도동 299-145,37.49491305,126.9313819,2011-08-24,벽부주,02-820-9923,서울특별시 동작구청,2026-04-06
05-328,서울특별시 동작구 국사봉10길 42,상도동 299-24,37.49444232,126.931453,2011-08-24,한전주,02-820-9923,서울특별시 동작구청,2026-04-06
05-329,서울특별시 동작구 국사봉14길24,상도동 301-226,37.49358983,126.9335825,2011-08-24,한전주,02-820-9923,서울특별시 동작구청,2026-04-06
05-330,서울특별시 동작구 국사봉18길10,상도동 301-182,37.49439365,126.9329966,2020-05-27,전용주,02-820-9923,서울특별시 동작구청,2026-04-06
05-331,서울특별시 동작구 국사봉18길 13,상도동 301-176,37.49421136,126.9332908,2020-05-27,전용주,02-820-9923,서울특별시 동작구청,2026-04-06
05-332,서울특별시 동작구 국사봉18길 15,상도동 301-178,37.49403801,126.9334662,2020-05-27,전용주,02-820-9923,서울특별시 동작구청,2026-04-06
05-333,서울특별시 동작구 국사봉18길 20,상도동 301-206,37.49388489,126.9335483,2020-05-27,한전주,02-820-9923,서울특별시 동작구청,2026-04-06
05-334,서울특별시 동작구 국사봉18길 24,상도동 301-226,37.4937251,126.9337887,2020-05-27,한전주,02-820-9923,서울특별시 동작구청,2026-04-06
05-335,서울특별시 동작구 국사봉10길 38-3,상도동 299-130,37.49439261,126.9311873,2011-08-24,한전주,02-820-9923,서울특별시 동작구청,2026-04-06
05-336,서울특별시 동작구 국사봉8길 54,상도동 302-16,37.49433611,126.9308792,2011-08-24,전용주,02-820-9923,서울특별시 동작구청,2026-04-06
05-337,서울특별시 동작구 국사봉8길 64,상도동 302-21,37.49399157,126.9310407,2011-08-24,전용주,02-820-9923,서울특별시 동작구청,2026-04-06
05-338,서울특별시 동작구 국사봉8길 70,상도동 302-2,37.49392176,126.9310662,2020-03-27,한전주,02-820-9923,서울특별시 동작구청,2026-04-06
05-339,서울특별시 동작구 국사봉8길 64-8,상도동 302-4,37.49386302,126.9307722,2011-08-24,전용주,02-820-9923,서울특별시 동작구청,2026-04-06
05-340,서울특별시 동작구 국사봉8길 64-7,상도동 302-62,37.49374358,126.9306705,2019-04-09,전용주,02-820-9923,서울특별시 동작구청,2026-04-06
05-341,서울특별시 동작구 국사봉8길 64-8,상도동 302-4,37.49391481,126.9307382,2019-03-18,벽부주,02-820-9923,서울특별시 동작구청,2026-04-06
05-342,서울특별시 동작구 국사봉8길 64-17,상도동 302-28,37.49403183,126.9305544,2011-08-24,전용주,02-820-9923,서울특별시 동작구청,2026-04-06
05-343,서울특별시 동작구 국사봉6길 60-10,상도동 302-51,37.49416655,126.929822,2020-03-20,전용주,02-820-9923,서울특별시 동작구청,2026-04-06
05-344,서울특별시 동작구 국사봉1가길 5,상도동 288-2,37.49541198,126.9333349,2011-08-24,벽부주,02-820-9923,서울특별시 동작구청,2026-04-06
05-345,서울특별시 동작구 국사봉길 150-4,상도동 287-11,37.49443674,126.9335252,2011-08-24,전용주,02-820-9923,서울특별시 동작구청,2026-04-06
05-346,서울특별시 동작구 국사봉2바길 3,상도동 299-190,37.49589861,126.9296169,2018-10-10,한전주,02-820-9923,서울특별시 동작구청,2026-04-06
05-347,서울특별시 동작구 국사봉1길 12-4,상도동 328-10,37.49880854,126.9290713,2015-01-30,전용주,02-820-9923,서울특별시 동작구청,2026-04-06
05-348,서울특별시 동작구 성대로6나길 15-7,상도동 256-274,37.49771106,126.9320522,2011-08-24,벽부주,02-820-9923,서울특별시 동작구청,2026-04-06
05-349,서울특별시 동작구 성대로6나길 18,상도동 256-123,37.49809616,126.931902,2011-08-24,한전주,02-820-9923,서울특별시 동작구청,2026-04-06
05-350,서울특별시 동작구 성대로6나길 18-4,상도동 256-134,37.49821774,126.9318171,2011-08-24,벽부주,02-820-9923,서울특별시 동작구청,2026-04-06
05-351,서울특별시 동작구 성대로6나길 18-6,상도동 256-125,37.49832586,126.9318057,2011-08-24,벽부주,02-820-9923,서울특별시 동작구청,2026-04-06
05-352,서울특별시 동작구 성대로6나길 12-3,상도동 256-120,37.49836206,126.9320855,2011-08-24,벽부주,02-820-9923,서울특별시 동작구청,2026-04-06
05-353,서울특별시 동작구 성대로6나길 12,상도동 256-117,37.49816614,126.9321762,2011-08-24,한전주,02-820-9923,서울특별시 동작구청,2026-04-06
05-354,서울특별시 동작구 성대로6나길 11-1,상도동 256-141,37.49790941,126.9322725,2011-08-24,벽부주,02-820-9923,서울특별시 동작구청,2026-04-06
05-355,서울특별시 동작구 성대로6나길 6,상도동 256-111,37.49825192,126.9324927,2011-08-24,한전주,02-820-9923,서울특별시 동작구청,2026-04-06
05-357,서울특별시 동작구 성대로6나길 1,상도동 256-22,37.49826336,126.9328009,2011-08-24,한전주,02-820-9923,서울특별시 동작구청,2026-04-06
05-358,서울특별시 동작구 성대로6가길 10,상도동 256,37.49850661,126.9327583,2011-08-24,한전주,02-820-9923,서울특별시 동작구청,2026-04-06
05-359,서울특별시 동작구 국사봉1길 235-1,상도동 283-226,37.49318732,126.9358487,2011-08-24,전용주,02-820-9923,서울특별시 동작구청,2026-04-06
05-360,서울특별시 동작구 국사봉1길 235-1,상도동 283-226,37.49315809,126.9359491,2020-05-28,전용주,02-820-9923,서울특별시 동작구청,2026-04-06
05-361,서울특별시 동작구 국사봉1길 235-11,상도동 283-226,37.49311423,126.9360622,2011-08-24,전용주,02-820-9923,서울특별시 동작구청,2026-04-06
05-362,서울특별시 동작구 국사봉1길 235-11,상도동 283-226,37.49306586,126.9361795,2020-05-28,전용주,02-820-9923,서울특별시 동작구청,2026-04-06
05-363,서울특별시 동작구 국사봉1길 235-11,상도동 산 76-1,37.49300511,126.9363139,2011-08-24,전용주,02-820-9923,서울특별시 동작구청,2026-04-06
05-364,서울특별시 동작구 성대로6가길 11-6,상도동 256-53,37.49844146,126.9330693,2011-08-24,통신주,02-820-9923,서울특별시 동작구청,2026-04-06
05-365,서울특별시 동작구 성대로6가길 11-8,상도동 256-269,37.49846634,126.933253,2017-05-29,통신주,02-820-9923,서울특별시 동작구청,2026-04-06
05-366,서울특별시 동작구 성대로6가길 11-10,상도동 256-54,37.49846191,126.9333916,2017-05-29,전용주,02-820-9923,서울특별시 동작구청,2026-04-06
05-367,서울특별시 동작구 성대로6가길 3,상도동 256-39,37.49872513,126.9328203,2011-08-24,한전주,02-820-9923,서울특별시 동작구청,2026-04-06
05-368,서울특별시 동작구 성대로6가길 3-2,상도동 256-48,37.49875464,126.9332047,2017-05-10,한전주,02-820-9923,서울특별시 동작구청,2026-04-06
05-369,서울특별시 동작구 성대로6가길 3-3,상도동 256-40,37.49882451,126.9332951,2011-08-24,전용주,02-820-9923,서울특별시 동작구청,2026-04-06
05-370,서울특별시 동작구 국사봉길 173,상도동 283-203,37.49386073,126.9346622,2011-08-24,전용주,02-820-9923,서울특별시 동작구청,2026-04-06
05-371,서울특별시 동작구 국사봉길 173,상도동 283-203,37.49386992,126.934976,2011-08-24,전용주,02-820-9923,서울특별시 동작구청,2026-04-06
05-372,서울특별시 동작구 국사봉길 167-8,상도동 283-27,37.49405438,126.9345461,2011-08-24,한전주,02-820-9923,서울특별시 동작구청,2026-04-06
05-373,서울특별시 동작구 국사봉길 167-5,상도동 283-22,37.49415123,126.9345206,2011-08-24,전용주,02-820-9923,서울특별시 동작구청,2026-04-06
05-374,서울특별시 동작구 국사봉길167-7,상도동 283-23,37.49416481,126.9346421,2011-08-24,벽부주,02-820-9923,서울특별시 동작구청,2026-04-06
05-375,서울특별시 동작구 성대로6길 5,상도동 256-37,37.49908569,126.9330885,2011-08-24,한전주,02-820-9923,서울특별시 동작구청,2026-04-06
05-376,서울특별시 동작구 성대로 58-13,상도동 259-12,37.49792141,126.9335758,2011-08-24,한전주,02-820-9923,서울특별시 동작구청,2026-04-06
05-377,서울특별시 동작구 성대로6가길 23-3,상도동 259-10,37.49781098,126.933477,2011-08-24,벽부주,02-820-9923,서울특별시 동작구청,2026-04-06
05-378,서울특별시 동작구 성대로 58-7,상도동 259-123,37.49816483,126.9338385,2011-08-24,한전주,02-820-9923,서울특별시 동작구청,2026-04-06
05-379,서울특별시 동작구 성대로8길 6,상도동 259-17,37.49806812,126.9340959,2011-08-24,한전주,02-820-9923,서울특별시 동작구청,2026-04-06
05-380,서울특별시 동작구 성대로8길 10,상도동 259-62,37.49784274,126.9338643,2011-08-24,한전주,02-820-9923,서울특별시 동작구청,2026-04-06
05-381,서울특별시 동작구 성대로8길 17,상도동 259-115,37.49749796,126.9336016,2011-08-24,한전주,02-820-9923,서울특별시 동작구청,2026-04-06
05-382,서울특별시 동작구 성대로6가길 37,상도동 256-183,37.49738967,126.9333077,2011-08-24,전용주,02-820-9923,서울특별시 동작구청,2026-04-06
05-383,서울특별시 동작구 성대로6가길 47,상도동 256-186,37.49706777,126.9336812,2011-08-24,전용주,02-820-9923,서울특별시 동작구청,2026-04-06
05-384,서울특별시 동작구 성대로6가길 41-2,상도동 259-187,37.49713993,126.933831,2011-08-24,전용주,02-820-9923,서울특별시 동작구청,2026-04-06
05-385,서울특별시 동작구 성대로70-13,상도동 259-95,37.49737651,126.933941,2011-08-24,한전주,02-820-9923,서울특별시 동작구청,2026-04-06
05-386,서울특별시 동작구 성대로70-18,상도동 259-73,37.49742825,126.9338194,2011-08-24,전용주,02-820-9923,서울특별시 동작구청,2026-04-06
05-387,서울특별시 동작구 성대로 70-18,상도동 259-73,37.4974914,126.9339579,2011-08-24,전용주,02-820-9923,서울특별시 동작구청,2026-04-06
05-388,서울특별시 동작구 성대로 70-12,상도동 259-103,37.49760861,126.934102,2011-08-24,전용주,02-820-9923,서울특별시 동작구청,2026-04-06
05-389,서울특별시 동작구 성대로6가길 41-2,상도동 259-116,37.49704765,126.933947,2011-08-24,전용주,02-820-9923,서울특별시 동작구청,2026-04-06
05-390,서울특별시 동작구 성대로10가길 20,상도동 259-50,37.49694861,126.9340743,2011-08-24,벽부주,02-820-9923,서울특별시 동작구청,2026-04-06
05-391,서울특별시 동작구 성대로10가길 25,상도동 259-65,37.49674371,126.9342186,2011-08-24,벽부주,02-820-9923,서울특별시 동작구청,2026-04-06
05-392,서울특별시 동작구 성대로10가길 15,상도동 259-42,37.4972235,126.9342239,2011-08-24,한전주,02-820-9923,서울특별시 동작구청,2026-04-06
05-393,서울특별시 동작구 성대로10가길 10,상도동 259-31,37.49736544,126.9342803,2011-08-24,통신주,02-820-9923,서울특별시 동작구청,2026-04-06
05-394,서울특별시 동작구 성대로10길 8-6,상도동 274-35,37.49703668,126.9344728,2011-08-24,벽부주,02-820-9923,서울특별시 동작구청,2026-04-06
05-395,서울특별시 동작구 성대로10길 8-6,상도동 274-35,37.49699154,126.9343145,2011-08-24,전용주,02-820-9923,서울특별시 동작구청,2026-04-06
05-396,서울특별시 동작구 성대로10가길 5,상도동 259-41,37.49733852,126.9344923,2011-08-24,벽부주,02-820-9923,서울특별시 동작구청,2026-04-06
05-397,서울특별시 동작구 성대로10길 10,상도동 274,37.49727326,126.9346055,2011-08-24,한전주,02-820-9923,서울특별시 동작구청,2026-04-06
05-398,서울특별시 동작구 성대로10가길 6,상도동 259-37,37.49755926,126.9344695,2011-08-24,통신주,02-820-9923,서울특별시 동작구청,2026-04-06
05-399,서울특별시 동작구 성대로10가길 2,상도동 259-36,37.49756832,126.9345685,2011-08-24,한전주,02-820-9923,서울특별시 동작구청,2026-04-06
05-400,서울특별시 동작구 성대로 72,상도동 259-35,37.49785203,126.9343675,2011-08-24,한전주,02-820-9923,서울특별시 동작구청,2026-04-06
05-401,서울특별시 동작구 성대로10다길 6,상도동 274-20,37.49682958,126.9347218,2011-08-24,전용주,02-820-9923,서울특별시 동작구청,2026-04-06
05-402,서울특별시 동작구 성대로10다길 1-1,상도동 272-26,37.49670805,126.9349141,2011-08-24,전용주,02-820-9923,서울특별시 동작구청,2026-04-06
05-403,서울특별시 동작구 성대로10다길 8,상도동 274-3,37.49674168,126.9346173,2011-08-24,한전주,02-820-9923,서울특별시 동작구청,2026-04-06
05-404,서울특별시 동작구 성대로10다길 8,상도동 274-3,37.49686097,126.9344588,2020-03-31,전용주,02-820-9923,서울특별시 동작구청,2026-04-06
05-405,서울특별시 동작구 성대로10다길 16,상도동 274-45,37.49657953,126.9346852,2011-08-24,벽부주,02-820-9923,서울특별시 동작구청,2026-04-06
05-406,서울특별시 동작구 성대로10다길 12,상도동 274-8,37.49666274,126.9344477,2011-08-24,벽부주,02-820-9923,서울특별시 동작구청,2026-04-06
05-407,서울특별시 동작구 성대로10다길 12-2,상도동 274-9,37.49659289,126.9344082,2011-08-24,벽부주,02-820-9923,서울특별시 동작구청,2026-04-06
05-408,서울특별시 동작구 성대로10다길 12-7,상도동 274-4,37.49649147,126.9343065,2011-08-24,한전주,02-820-9923,서울특별시 동작구청,2026-04-06
05-409,서울특별시 동작구 성대로10다길 12-8,상도동 274-14,37.49638341,126.9344112,2011-08-24,전용주,02-820-9923,서울특별시 동작구청,2026-04-06
05-410,서울특별시 동작구 성대로6가길 71,상도동 290-55,37.49627741,126.9341738,2011-08-24,한전주,02-820-9923,서울특별시 동작구청,2026-04-06
05-411,서울특별시 동작구 성대로6가길 74,상도동 279-152,37.49610617,126.9340835,2011-08-24,한전주,02-820-9923,서울특별시 동작구청,2026-04-06
05-412,서울특별시 동작구 성대로6가길 69,상도동 290-76,37.49622091,126.9338431,2011-08-24,전용주,02-820-9923,서울특별시 동작구청,2026-04-06
05-413,서울특별시 동작구 성대로6가길 56,상도동 256-189,37.49645738,126.9337609,2011-08-24,한전주,02-820-9923,서울특별시 동작구청,2026-04-06
05-414,서울특별시 동작구 성대로6가길 49-2,상도동 256-188,37.49675703,126.9338822,2011-08-24,전용주,02-820-9923,서울특별시 동작구청,2026-04-06
05-415,서울특별시 동작구 성대로6가길 47,상도동 256-186,37.49691001,126.9335343,2011-08-24,전용주,02-820-9923,서울특별시 동작구청,2026-04-06
05-416,서울특별시 동작구 성대로6자길 19,상도동 283-137,37.49406692,126.9368784,2011-08-24,통신주,02-820-9923,서울특별시 동작구청,2026-04-06
05-417,서울특별시 동작구 성대로6가길 40,상도동 256-218,37.49711487,126.9333193,2011-08-24,한전주,02-820-9923,서울특별시 동작구청,2026-04-06
05-418,서울특별시 동작구 성대로6가길 30,상도동 256-192,37.49749091,126.9330899,2011-08-24,한전주,02-820-9923,서울특별시 동작구청,2026-04-06
05-419,서울특별시 동작구 성대로6가길 21,상도동 256-63,37.49791217,126.9331574,2011-08-24,한전주,02-820-9923,서울특별시 동작구청,2026-04-06
05-420,서울특별시 동작구 성대로6가길 15-10,상도동 256-68,37.49819843,126.9334908,2011-08-24,전용주,02-820-9923,서울특별시 동작구청,2026-04-06
05-421,서울특별시 동작구 성대로6가길 15-7,상도동 256-271,37.4982366,126.9332844,2011-08-24,한전주,02-820-9923,서울특별시 동작구청,2026-04-06
05-422,서울특별시 동작구 성대로6가길 15,상도동 256-57,37.49821848,126.9331034,2011-08-24,통신주,02-820-9923,서울특별시 동작구청,2026-04-06
05-423,서울특별시 동작구 성대로6가길 24,상도동 256-69,37.49786245,126.9328776,2011-08-24,한전주,02-820-9923,서울특별시 동작구청,2026-04-06
05-424,서울특별시 동작구 성대로6다길 2,상도동 256-23,37.4978601,126.9327079,2019-05-03,벽부주,02-820-9923,서울특별시 동작구청,2026-04-06
05-425,서울특별시 동작구 성대로6다길 11,상도동 256-206,37.49766402,126.9325074,2011-08-24,한전주,02-820-9923,서울특별시 동작구청,2026-04-06
05-426,서울특별시 동작구 성대로6다길 19,상도동 256-209,37.49751969,126.9322163,2011-08-24,한전주,02-820-9923,서울특별시 동작구청,2026-04-06
05-427,서울특별시 동작구 성대로6다길 19,상도동 256-209,37.49739136,126.932321,2011-08-24,통신주,02-820-9923,서울특별시 동작구청,2026-04-06
05-428,서울특별시 동작구 성대로6다길 23,상도동 256-210,37.49720672,126.9324371,2011-08-24,한전주,02-820-9923,서울특별시 동작구청,2026-04-06
05-429,서울특별시 동작구 성대로6마길 19,상도동 279-115,37.49481877,126.9359816,2011-08-24,전용주,02-820-9923,서울특별시 동작구청,2026-04-06
05-430,서울특별시 동작구 성대로6다길 31,상도동 256-212,37.4968577,126.9326495,2011-08-24,통신주,02-820-9923,서울특별시 동작구청,2026-04-06
05-431,서울특별시 동작구 성대로6다길 35,상도동 256-213,37.49670235,126.9327684,2011-08-24,전용주,02-820-9923,서울특별시 동작구청,2026-04-06
05-432,서울특별시 동작구 성대로6라길 11,상도동 256-198,37.4969255,126.9330424,2011-08-24,한전주,02-820-9923,서울특별시 동작구청,2026-04-06
05-433,서울특별시 동작구 성대로6라길 13,상도동 256-199,37.49678814,126.9331188,2011-08-24,한전주,02-820-9923,서울특별시 동작구청,2026-04-06
05-434,서울특별시 동작구 성대로6라길 15-1,상도동 256-278,37.49654041,126.9332039,2011-08-24,통신주,02-820-9923,서울특별시 동작구청,2026-04-06
05-436,서울특별시 동작구 성대로6라길 8,상도동 256-204,37.4971664,126.9328301,2011-08-24,전용주,02-820-9923,서울특별시 동작구청,2026-04-06
05-437,서울특별시 동작구 성대로6라길 6,상도동 256-205,37.49748389,126.9326263,2011-08-24,한전주,02-820-9923,서울특별시 동작구청,2026-04-06
05-438,서울특별시 동작구 국사봉1길 89,상도동 256-225,37.49755775,126.9318035,2017-05-31,전용주,02-820-9923,서울특별시 동작구청,2026-04-06
05-439,서울특별시 동작구 국사봉1길 93,상도동 256-77,37.49733465,126.9316228,2011-08-24,한전주,02-820-9923,서울특별시 동작구청,2026-04-06
05-440,서울특별시 동작구 국사봉1길 97,상도동 256-87,37.4971905,126.9316569,2011-08-24,한전주,02-820-9923,서울특별시 동작구청,2026-04-06
05-441,서울특별시 동작구 국사봉1길 100,상도동 297-1,37.49707339,126.9316881,2011-08-24,통신주,02-820-9923,서울특별시 동작구청,2026-04-06
05-442,서울특별시 동작구 국사봉1길 101,상도동 296-1,37.49700359,126.9317418,2011-08-24,한전주,02-820-9923,서울특별시 동작구청,2026-04-06
05-443,서울특별시 동작구 국사봉1길 109,상도동 256-103,37.49686851,126.9318522,2011-08-24,한전주,02-820-9923,서울특별시 동작구청,2026-04-06
05-444,서울특별시 동작구 국사봉1길 114,상도동 296-6,37.4965916,126.9321126,2011-08-24,한전주,02-820-9923,서울특별시 동작구청,2026-04-06
05-445,서울특별시 동작구 국사봉1길 117,상도동 292-57,37.4964881,126.932319,2011-08-24,한전주,02-820-9923,서울특별시 동작구청,2026-04-06
05-446,서울특별시 동작구 국사봉1길 115-7,상도동 290-9,37.49650853,126.9325961,2011-08-24,한전주,02-820-9923,서울특별시 동작구청,2026-04-06
05-447,서울특별시 동작구 국사봉1길 115-16,상도동 290-14,37.49636896,126.9327489,2011-08-24,한전주,02-820-9923,서울특별시 동작구청,2026-04-06
05-448,서울특별시 동작구 국사봉1라길 22-3,상도동 283-69,37.49403272,126.9361179,2011-08-24,벽부주,02-820-9923,서울특별시 동작구청,2026-04-06
05-449,서울특별시 동작구 국사봉1길 137-7,상도동 290-34,37.49623845,126.9329893,2011-08-24,한전주,02-820-9923,서울특별시 동작구청,2026-04-06
05-450,서울특별시 동작구 국사봉1길 137,상도동 289-23,37.49588028,126.93295,2011-08-24,한전주,02-820-9923,서울특별시 동작구청,2026-04-06
05-451,서울특별시 동작구 국사봉1길 145,상도동 290-1,37.49574529,126.93323,2011-08-24,한전주,02-820-9923,서울특별시 동작구청,2026-04-06
05-452,서울특별시 동작구 국사봉1길 130,상도동 294-86,37.49591832,126.9325005,2011-08-24,한전주,02-820-9923,서울특별시 동작구청,2026-04-06
05-453,서울특별시 동작구 국사봉1길 121,상도동 290-27,37.49628311,126.9323051,2011-08-24,한전주,02-820-9923,서울특별시 동작구청,2026-04-06
05-454,서울특별시 동작구 국사봉1길 117,상도동 292-57,37.49646999,126.9321579,2011-08-24,한전주,02-820-9923,서울특별시 동작구청,2026-04-06
05-455,서울특별시 동작구 국사봉길 89,상도동 289-22,37.49608431,126.9312988,2011-08-24,한전주,02-820-9923,서울특별시 동작구청,2026-04-06
05-456,서울특별시 동작구 국사봉길 87-5,상도동 294-12,37.4962308,126.9314287,2011-08-24,통신주,02-820-9923,서울특별시 동작구청,2026-04-06
05-457,서울특별시 동작구 국사봉길 87-10,상도동 294-30,37.49633236,126.9317679,2011-08-24,한전주,02-820-9923,서울특별시 동작구청,2026-04-06
05-458,서울특별시 동작구 국사봉길 87-15,상도동 294-7,37.4964743,126.9318271,2011-08-24,통신주,02-820-9923,서울특별시 동작구청,2026-04-06
05-459,서울특별시 동작구 국사봉길 93,상도동 294-83,37.49585024,126.9316298,2011-08-24,한전주,02-820-9923,서울특별시 동작구청,2026-04-06
05-460,서울특별시 동작구 국사봉길 107,상도동 294-73,37.49550131,126.931992,2011-08-24,한전주,02-820-9923,서울특별시 동작구청,2026-04-06
05-461,서울특별시 동작구 국사봉길 109,상도동 294-74,37.4954609,126.9322238,2011-08-24,전용주,02-820-9923,서울특별시 동작구청,2026-04-06
05-462,서울특별시 동작구 성대로6가길 116,상도동 279-110,37.49506422,126.9358343,2011-08-24,통신주,02-820-9923,서울특별시 동작구청,2026-04-06
05-463,서울특별시 동작구 국사봉길 109-11,상도동 294-87,37.4956255,126.9325092,2019-03-22,전용주,02-820-9923,서울특별시 동작구청,2026-04-06
05-464,서울특별시 동작구 국사봉길 111,상도동 294-4,37.4953324,126.9320487,2011-08-24,한전주,02-820-9923,서울특별시 동작구청,2026-04-06
05-465,서울특별시 동작구 국사봉12길 11,상도동 299-16,37.49523319,126.931865,2011-08-24,전용주,02-820-9923,서울특별시 동작구청,2026-04-06
05-466,서울특별시 동작구 국사봉길 98,상도동 299-14,37.49573067,126.9313076,2020-02-13,전용주,02-820-9923,서울특별시 동작구청,2026-04-06
05-467,서울특별시 동작구 국사봉12길 12,상도동 299-143,37.49516545,126.9315795,2011-08-24,전용주,02-820-9923,서울특별시 동작구청,2026-04-06
05-468,서울특별시 동작구 국사봉12길 22,상도동 299-21,37.49488182,126.9319049,2011-08-24,통신주,02-820-9923,서울특별시 동작구청,2026-04-06
05-469,서울특별시 동작구 국사봉12길 22,상도동 299-13,37.4948457,126.9317636,2011-08-24,한전주,02-820-9923,서울특별시 동작구청,2026-04-06
05-470,서울특별시 동작구 국사봉12길 28-1,상도동 299-245,37.49453263,126.9318289,2011-08-24,전용주,02-820-9923,서울특별시 동작구청,2026-04-06
05-471,서울특별시 동작구 국사봉12길 28,상도동 299-25,37.49458457,126.9320494,2011-08-24,전용주,02-820-9923,서울특별시 동작구청,2026-04-06
05-472,서울특별시 동작구 국사봉12길 36,상도동 299-13,37.49428505,126.9321599,2011-08-24,전용주,02-820-9923,서울특별시 동작구청,2026-04-06
05-473,서울특별시 동작구 국사봉12길37,상도동 299-249,37.49415895,126.932242,2011-08-24,벽부주,02-820-9923,서울특별시 동작구청,2026-04-06
05-474,서울특별시 동작구 국사봉10길 45-3,상도동 299-235,37.49426683,126.931815,2011-08-24,벽부주,02-820-9923,서울특별시 동작구청,2026-04-06
05-475,서울특별시 동작구 국사봉10길 46,상도동 301-2,37.49411575,126.9315296,2011-08-24,한전주,02-820-9923,서울특별시 동작구청,2026-04-06
05-476,서울특별시 동작구 국사봉8길 65,상도동 301-198,37.49409312,126.9313628,2019-03-14,벽부주,02-820-9923,서울특별시 동작구청,2026-04-06
05-477,서울특별시 동작구 국사봉8길 63-1,상도동 299-133,37.4941201,126.9312639,2011-08-24,벽부주,02-820-9923,서울특별시 동작구청,2026-04-06
05-478,서울특별시 동작구 국사봉10길 52,상도동 301-174,37.49395361,126.9316033,2011-08-24,전용주,02-820-9923,서울특별시 동작구청,2026-04-06
05-479,서울특별시 동작구 국사봉10길 54,상도동 301-39,37.4938365,126.9316514,2011-08-24,한전주,02-820-9923,서울특별시 동작구청,2026-04-06
05-480,서울특별시 동작구 국사봉10길 53,상도동 301-35,37.49377127,126.9317985,2011-08-24,통신주,02-820-9923,서울특별시 동작구청,2026-04-06
05-481,서울특별시 동작구 국사봉10길 62-4,상도동 301-42,37.49328918,126.9317198,2015-01-30,전용주,02-820-9923,서울특별시 동작구청,2026-04-06
05-482,서울특별시 동작구 국사봉8길 74,상도동 302-59,37.4936899,126.9313321,2011-08-24,한전주,02-820-9923,서울특별시 동작구청,2026-04-06
05-483,서울특별시 동작구 국사봉10길 65-6,상도동 301-28,37.49399218,126.9320895,2020-02-07,전용주,02-820-9923,서울특별시 동작구청,2026-04-06
05-484,서울특별시 동작구 국사봉10길 71-5,상도동 301-22,37.49382564,126.9323412,2011-08-24,한전주,02-820-9923,서울특별시 동작구청,2026-04-06
05-485,서울특별시 동작구 국사봉14길 24,상도동 299-31,37.4940059,126.9324428,2011-08-24,한전주,02-820-9923,서울특별시 동작구청,2026-04-06
05-486,서울특별시 동작구 국사봉10길 75,상도동 301-233,37.49350371,126.9326553,2019-03-13,통신주,02-820-9923,서울특별시 동작구청,2026-04-06
05-487,서울특별시 동작구 국사봉10길 84,상도동 301-63,37.49325594,126.932664,2011-08-24,통신주,02-820-9923,서울특별시 동작구청,2026-04-06
05-488,서울특별시 동작구 국사봉10길 81-3,상도동 301-70,37.49324037,126.9330118,2011-08-24,전용주,02-820-9923,서울특별시 동작구청,2026-04-06
05-489,서울특별시 동작구 국사봉10길 86,상도동 301-60,37.49305772,126.9326698,2011-08-24,전용주,02-820-9923,서울특별시 동작구청,2026-04-06
05-490,서울특별시 동작구 국사봉10길 88,상도동 301-59,37.49295183,126.932636,2011-08-24,벽부주,02-820-9923,서울특별시 동작구청,2026-04-06
05-491,서울특별시 동작구 국사봉10길 91,상도동 301-75,37.49298348,126.9328367,2019-05-30,한전주,02-820-9923,서울특별시 동작구청,2026-04-06
05-492,서울특별시 동작구 국사봉10길 101,상도동 301-217,37.49303772,126.9331618,2011-08-24,한전주,02-820-9923,서울특별시 동작구청,2026-04-06
05-494,서울특별시 동작구 국사봉10길 101,상도동 301-217,37.49306484,126.9333144,2011-08-24,한전주,02-820-9923,서울특별시 동작구청,2026-04-06
05-495,서울특별시 동작구 국사봉10길 109,상도동 301-134,37.49306064,126.9338515,2011-08-24,전용주,02-820-9923,서울특별시 동작구청,2026-04-06
05-496,서울특별시 동작구 국사봉길 119-5,상도동 293-2,37.49508488,126.9324871,2011-08-24,한전주,02-820-9923,서울특별시 동작구청,2026-04-06
05-497,서울특별시 동작구 국사봉길 119-12,상도동 292-37,37.49498597,126.932849,2017-06-01,벽부주,02-820-9923,서울특별시 동작구청,2026-04-06
05-498,서울특별시 동작구 국사봉길 119-20,상도동 292-51,37.49529224,126.9327102,2011-08-24,한전주,02-820-9923,서울특별시 동작구청,2026-04-06
05-499,서울특별시 동작구 국사봉길 119-28,상도동 292-30,37.49544097,126.9328345,2011-08-24,통신주,02-820-9923,서울특별시 동작구청,2026-04-06
05-500,서울특별시 동작구 국사봉길 119-15,상도동 292-26,37.49554461,126.9328627,2017-05-10,벽부주,02-820-9923,서울특별시 동작구청,2026-04-06
05-501,서울특별시 동작구 국사봉1가길 14-3,상도동 292-20,37.49525183,126.9329506,2011-08-24,벽부주,02-820-9923,서울특별시 동작구청,2026-04-06
05-502,서울특별시 동작구 국사봉1가길 16,상도동 292-20,37.49505825,126.9331882,2011-08-24,전용주,02-820-9923,서울특별시 동작구청,2026-04-06
05-503,서울특별시 동작구 국사봉1가길 7,상도동 288-4,37.49523406,126.9334001,2011-08-24,전용주,02-820-9923,서울특별시 동작구청,2026-04-06
05-504,서울특별시 동작구 국사봉길 143-16,상도동 288-10,37.49513076,126.9339628,2011-08-24,통신주,02-820-9923,서울특별시 동작구청,2026-04-06
05-505,서울특별시 동작구 국사봉길 143-8,상도동 288-18,37.49502471,126.9336321,2011-08-24,한전주,02-820-9923,서울특별시 동작구청,2026-04-06
05-506,서울특별시 동작구 국사봉1길 152,상도동 292-56,37.49548189,126.9334819,2011-08-24,한전주,02-820-9923,서울특별시 동작구청,2026-04-06
05-508,서울특별시 동작구 국사봉1길 145,상도동 290-1,37.49561702,126.9334478,2011-08-24,한전주,02-820-9923,서울특별시 동작구청,2026-04-06
05-509,서울특별시 동작구 국사봉1길 155,상도동 289-25,37.49546852,126.933742,2011-08-24,한전주,02-820-9923,서울특별시 동작구청,2026-04-06
05-510,서울특별시 동작구 국사봉1길 162,상도동 288-8,37.49528162,126.9338609,2011-08-24,한전주,02-820-9923,서울특별시 동작구청,2026-04-06
05-511,서울특별시 동작구 국사봉길 143,상도동 288-20,37.49478362,126.9335023,2011-08-24,한전주,02-820-9923,서울특별시 동작구청,2026-04-06
05-512,서울특별시 동작구 국사봉길 138,상도동 287-26,37.49468662,126.9332536,2011-08-24,한전주,02-820-9923,서울특별시 동작구청,2026-04-06
05-513,서울특별시 동작구 국사봉1가길 22,상도동 292-7,37.49489149,126.9330612,2011-08-24,전용주,02-820-9923,서울특별시 동작구청,2026-04-06
05-514,서울특별시 동작구 국사봉길 135,상도동 293-8,37.4946932,126.9329511,2011-08-24,전용주,02-820-9923,서울특별시 동작구청,2026-04-06
05-515,서울특별시 동작구 국사봉16길 4,상도동 299-156,37.49460975,126.9327617,2011-08-24,한전주,02-820-9923,서울특별시 동작구청,2026-04-06
05-516,서울특별시 동작구 국사봉길 125,상도동 293-4,37.49486196,126.9326258,2011-08-24,한전주,02-820-9923,서울특별시 동작구청,2026-04-06
05-517,서울특별시 동작구 국사봉길 119,상도동 293-2,37.49502176,126.932408,2011-08-24,한전주,02-820-9923,서울특별시 동작구청,2026-04-06
05-518,서울특별시 동작구 국사봉길 115,상도동 294-59,37.49520187,126.9322495,2011-08-24,한전주,02-820-9923,서울특별시 동작구청,2026-04-06
05-519,서울특별시 동작구 국사봉14길 6,상도동 299-13,37.49490685,126.9323516,2011-08-24,벽부주,02-820-9923,서울특별시 동작구청,2026-04-06
05-520,서울특별시 동작구 국사봉14길 6,상도동 299-13,37.49473569,126.9323969,2011-08-24,한전주,02-820-9923,서울특별시 동작구청,2026-04-06
05-521,서울특별시 동작구 국사봉14길 18,상도동 299-13,37.49437762,126.9325471,2011-08-24,한전주,02-820-9923,서울특별시 동작구청,2026-04-06
05-522,서울특별시 동작구 국사봉14길 24,상도동 299-31,37.49407811,126.9326689,2011-08-24,전용주,02-820-9923,서울특별시 동작구청,2026-04-06
05-523,서울특별시 동작구 국사봉14길 29,상도동 299-165,37.4938237,126.9328925,2011-08-24,전용주,02-820-9923,서울특별시 동작구청,2026-04-06
05-524,서울특별시 동작구 국사봉1길 115-17,상도동 290-36,37.49638041,126.9330711,2019-05-02,벽부주,02-820-9923,서울특별시 동작구청,2026-04-06
05-525,서울특별시 동작구 국사봉14길 33,상도동 301-3,37.49356021,126.9329888,2011-08-24,벽부주,02-820-9923,서울특별시 동작구청,2026-04-06
05-526,서울특별시 동작구 국사봉16길 12,상도동 299-13,37.49414582,126.9329035,2011-08-24,한전주,02-820-9923,서울특별시 동작구청,2026-04-06
05-527,서울특별시 동작구 국사봉16길 6,상도동 299-13,37.4944589,126.932875,2011-08-24,전용주,02-820-9923,서울특별시 동작구청,2026-04-06
05-528,서울특별시 동작구 국사봉16길 20,상도동 299-166,37.49374503,126.9331894,2011-08-24,한전주,02-820-9923,서울특별시 동작구청,2026-04-06
05-529,서울특별시 동작구 국사봉16길 26,상도동 301-226,37.49368206,126.9333704,2011-08-24,한전주,02-820-9923,서울특별시 동작구청,2026-04-06
05-530,서울특별시 동작구 국사봉1길 123-3 맞은편,상도동 290-28,37.49618864,126.9325342,2011-08-24,전용주,02-820-9923,서울특별시 동작구청,2026-04-06
05-531,서울특별시 동작구 국사봉16길 24,상도동 301-4,37.49354686,126.9332744,2020-04-02,전용주,02-820-9923,서울특별시 동작구청,2026-04-06
05-532,서울특별시 동작구 국사봉1길 124,상도동 294-3,37.49609163,126.9322742,2011-08-24,전용주,02-820-9923,서울특별시 동작구청,2026-04-06
05-533,서울특별시 동작구 국사봉길 99-10,상도동 294-61,37.49595414,126.9321188,2011-08-24,전용주,02-820-9923,서울특별시 동작구청,2026-04-06
05-535,서울특별시 동작구 국사봉길 107,상도동 294-73,37.4956478,126.9321162,2011-08-24,전용주,02-820-9923,서울특별시 동작구청,2026-04-06
05-536,서울특별시 동작구 국사봉길 105-7,상도동 294-66,37.49576498,126.9322066,2011-08-24,한전주,02-820-9923,서울특별시 동작구청,2026-04-06
05-537,서울특별시 동작구 국사봉길 105-8,상도동 294-71,37.49578759,126.9323536,2011-08-24,벽부주,02-820-9923,서울특별시 동작구청,2026-04-06
05-538,서울특별시 동작구 국사봉16길 28,상도동 286-15,37.49347277,126.9337183,2017-07-25,전용주,02-820-9923,서울특별시 동작구청,2026-04-06
05-539,서울특별시 동작구 국사봉16길 28,상도동 286-15,37.49338278,126.9339134,2017-07-25,전용주,02-820-9923,서울특별시 동작구청,2026-04-06
05-540,서울특별시 동작구 국사봉길 178,상도동 458,37.4933401,126.9341198,2017-07-25,전용주,02-820-9923,서울특별시 동작구청,2026-04-06
05-541,서울특별시 동작구 국사봉길 178,상도동 458,37.49316004,126.9343744,2017-07-25,전용주,02-820-9923,서울특별시 동작구청,2026-04-06
05-542,서울특별시 동작구 국사봉길 178,상도동 458,37.49323,126.9346175,2017-07-25,전용주,02-820-9923,서울특별시 동작구청,2026-04-06
05-543,서울특별시 동작구 국사봉길 178,상도동 산 80-25,37.49335847,126.9347559,2017-07-25,전용주,02-820-9923,서울특별시 동작구청,2026-04-06
05-544,서울특별시 동작구 국사봉길 93,상도동 294-83,37.49597411,126.9316042,2011-08-24,벽부주,02-820-9923,서울특별시 동작구청,2026-04-06
05-545,서울특별시 동작구 국사봉길 93-8,상도동 294-41,37.49610715,126.9318388,2011-08-24,벽부주,02-820-9923,서울특별시 동작구청,2026-04-06
05-546,서울특별시 동작구 국사봉길 93-10,상도동 294-42,37.49620638,126.9320564,2011-08-24,전용주,02-820-9923,서울특별시 동작구청,2026-04-06
05-547,서울특별시 동작구 국사봉길 178,상도동 458,37.4932932,126.9348436,2011-08-24,한전주,02-820-9923,서울특별시 동작구청,2026-04-06
05-548,서울특별시 동작구 국사봉길 175,상도동 산 76-3,37.49314695,126.9351406,2011-08-24,전용주,02-820-9923,서울특별시 동작구청,2026-04-06
05-549,서울특별시 동작구 국사봉길 175,상도동 산 76-3,37.49300063,126.9353131,2011-08-24,전용주,02-820-9923,서울특별시 동작구청,2026-04-06
05-550,서울특별시 동작구 국사봉길 178,상도동 산80-9,37.49282947,126.9353642,2011-08-24,한전주,02-820-9923,서울특별시 동작구청,2026-04-06
05-551,서울특별시 동작구 국사봉길 83,상도동 294-14,37.49622162,126.9311404,2011-08-24,한전주,02-820-9923,서울특별시 동작구청,2026-04-06
05-552,서울특별시 동작구 국사봉길 178,상도동 458,37.49352954,126.9345296,2011-08-24,한전주,02-820-9923,서울특별시 동작구청,2026-04-06
05-553,서울특별시 동작구 국사봉길 178,상도동 458,37.49385608,126.934388,2011-08-24,한전주,02-820-9923,서울특별시 동작구청,2026-04-06
05-554,서울특별시 동작구 국사봉길 178,상도동 458,37.49400244,126.9343002,2011-08-24,한전주,02-820-9923,서울특별시 동작구청,2026-04-06
05-555,서울특별시 동작구 국사봉길 164,상도동 287-22,37.49415779,126.9341672,2011-08-24,전용주,02-820-9923,서울특별시 동작구청,2026-04-06
05-556,서울특별시 동작구 국사봉길 157,상도동 285-20,37.49440784,126.9342122,2011-08-24,한전주,02-820-9923,서울특별시 동작구청,2026-04-06
05-557,서울특별시 동작구 국사봉1나길 2-6,상도동 283-5,37.49455886,126.9343789,2011-08-24,전용주,02-820-9923,서울특별시 동작구청,2026-04-06
05-558,서울특별시 동작구 국사봉1길 174-8,상도동 285-14,37.49472325,126.9342996,2015-02-25,통신주,02-820-9923,서울특별시 동작구청,2026-04-06
05-559,서울특별시 동작구 국사봉길 160,상도동 287-30,37.49438746,126.9340058,2011-08-24,한전주,02-820-9923,서울특별시 동작구청,2026-04-06
05-560,서울특별시 동작구 국사봉길 158-4,상도동 287-24,37.49431303,126.9338335,2011-08-24,전용주,02-820-9923,서울특별시 동작구청,2026-04-06
05-561,서울특별시 동작구 국사봉길 153,상도동 285-12,37.49454967,126.9340679,2011-08-24,한전주,02-820-9923,서울특별시 동작구청,2026-04-06
05-562,서울특별시 동작구 국사봉길 149,상도동 285-1,37.4947027,126.933819,2011-08-24,한전주,02-820-9923,서울특별시 동작구청,2026-04-06
05-563,서울특별시 동작구 국사봉1길 84,상도동 308-19,37.49771082,126.9316338,2011-08-24,전용주,02-820-9923,서울특별시 동작구청,2026-04-06
05-564,서울특별시 동작구 국사봉1길 84-7,상도동 308-17,37.4976251,126.931419,2011-08-24,전용주,02-820-9923,서울특별시 동작구청,2026-04-06
05-565,서울특별시 동작구 국사봉길 149-1,상도동 290-70,37.49571172,126.933623,2011-08-24,한전주,02-820-9923,서울특별시 동작구청,2026-04-06
05-566,서울특별시 동작구 국사봉길 149-1,상도동 290-70,37.49584921,126.9337784,2011-08-24,한전주,02-820-9923,서울특별시 동작구청,2026-04-06
05-567,서울특별시 동작구 성대로6가길 74,상도동 279-152,37.49614009,126.9343209,2011-08-24,전용주,02-820-9923,서울특별시 동작구청,2026-04-06
05-568,서울특별시 동작구 국사봉1길 161-16,상도동 279-150,37.49586074,126.9342505,2011-08-24,한전주,02-820-9923,서울특별시 동작구청,2026-04-06
05-569,서울특별시 동작구 성대로6가길 80,상도동 279-151,37.49605233,126.9344708,2011-08-24,전용주,02-820-9923,서울특별시 동작구청,2026-04-06
05-571,서울특별시 동작구 국사봉1길 161-16,상도동 279-150,37.49594863,126.9343296,2011-08-24,전용주,02-820-9923,서울특별시 동작구청,2026-04-06
05-572,서울특별시 동작구 국사봉1길 161-12,상도동 279-126,37.49558354,126.9339991,2011-08-24,한전주,02-820-9923,서울특별시 동작구청,2026-04-06
05-574,서울특별시 동작구 성대로6나길21,상도동 307-12,37.49796312,126.931659,2011-08-24,통신주,02-820-9923,서울특별시 동작구청,2026-04-06
05-575,서울특별시 동작구 국사봉1길 157,상도동 289-27,37.49533126,126.9339965,2011-08-24,한전주,02-820-9923,서울특별시 동작구청,2026-04-06
05-576,서울특별시 동작구 국사봉1길 165,상도동 279-143,37.49528404,126.9341436,2011-08-24,한전주,02-820-9923,서울특별시 동작구청,2026-04-06
05-577,서울특별시 동작구 국사봉1길 168-10,상도동 283-38,37.49494615,126.9341213,2011-08-24,벽부주,02-820-9923,서울특별시 동작구청,2026-04-06
05-578,서울특별시 동작구 국사봉1길 172,상도동 283,37.49510174,126.9344208,2011-08-24,전용주,02-820-9923,서울특별시 동작구청,2026-04-06
05-579,서울특별시 동작구 국사봉1길 178,상도동 282-29,37.49483385,126.9347179,2013-03-22,벽부주,02-820-9923,서울특별시 동작구청,2026-04-06
05-580,서울특별시 동작구 국사봉1길 181,상도동 374-2,37.49491277,126.9348591,2011-08-24,한전주,02-820-9923,서울특별시 동작구청,2026-04-06
05-581,서울특별시 동작구 국사봉1길 97-5,상도동 256-84,37.49725373,126.931931,2011-08-24,벽부주,02-820-9923,서울특별시 동작구청,2026-04-06
05-582,서울특별시 동작구 국사봉1길 181,상도동 374-2,37.49504566,126.9348477,2020-04-03,전용주,02-820-9923,서울특별시 동작구청,2026-04-06
05-583,서울특별시 동작구 국사봉1길 72-1,상도동 308-3,37.49816563,126.9312941,2011-08-24,벽부주,02-820-9923,서울특별시 동작구청,2026-04-06
05-584,서울특별시 동작구 국사봉1나길 1,상도동 375-1,37.49477539,126.9349017,2011-08-24,전용주,02-820-9923,서울특별시 동작구청,2026-04-06
05-585,서울특별시 동작구 국사봉1나길 2-2,상도동 283-49,37.49466033,126.9345738,2011-08-24,통신주,02-820-9923,서울특별시 동작구청,2026-04-06
05-586,서울특별시 동작구 국사봉1나길 2-12,상도동 283-4,37.49436529,126.9346448,2011-08-24,한전주,02-820-9923,서울특별시 동작구청,2026-04-06
05-587,서울특별시 동작구 국사봉1나길 5,상도동 375-3,37.49465834,126.9350488,2011-08-24,전용주,02-820-9923,서울특별시 동작구청,2026-04-06
05-588,서울특별시 동작구 국사봉3길 7,상도동 321-16,37.49788136,126.9305225,2011-08-24,전용주,02-820-9923,서울특별시 동작구청,2026-04-06
05-589,서울특별시 동작구 국사봉3길 5-4,상도동 321-14,37.49808635,126.9305365,2011-08-24,통신주,02-820-9923,서울특별시 동작구청,2026-04-06
05-590,서울특별시 동작구 국사봉3길 5-11,상도동 321-17,37.49834082,126.9304316,2011-08-24,전용주,02-820-9923,서울특별시 동작구청,2026-04-06
05-591,서울특별시 동작구 국사봉3길 5-12,상도동 321-10,37.49824859,126.9306353,2011-08-24,전용주,02-820-9923,서울특별시 동작구청,2026-04-06
05-592,서울특별시 동작구 국사봉1나길 8-6,상도동 283-52,37.49453661,126.9348849,2011-08-24,벽부주,02-820-9923,서울특별시 동작구청,2026-04-06
05-593,서울특별시 동작구 국사봉길 43-4,상도동 321-30,37.49796222,126.9301153,2011-08-24,벽부주,02-820-9923,서울특별시 동작구청,2026-04-06
05-594,서울특별시 동작구 국사봉1나길 12,상도동 283-25,37.49459987,126.9352326,2011-08-24,벽부주,02-820-9923,서울특별시 동작구청,2026-04-06
05-595,서울특별시 동작구 국사봉1나길 18,상도동 283-24,37.49430477,126.9351933,2011-08-24,한전주,02-820-9923,서울특별시 동작구청,2026-04-06
05-596,서울특별시 동작구 국사봉3길 17-1,상도동 319-9,37.49850773,126.9308103,2011-08-24,벽부주,02-820-9923,서울특별시 동작구청,2026-04-06
05-597,서울특별시 동작구 국사봉3길 17-3,상도동 319-9,37.49856176,126.9307481,2011-08-24,한전주,02-820-9923,서울특별시 동작구청,2026-04-06
05-598,서울특별시 동작구 국사봉1길 54-17,상도동 321-28,37.49844231,126.9306379,2011-08-24,벽부주,02-820-9923,서울특별시 동작구청,2026-04-06
05-599,서울특별시 동작구 국사봉1길 54-7,상도동 317-28,37.4987893,126.9308157,2011-08-24,한전주,02-820-9923,서울특별시 동작구청,2026-04-06
05-600,서울특별시 동작구 국사봉1길 54-6,상도동 317-16,37.49894936,126.9310417,2011-08-24,전용주,02-820-9923,서울특별시 동작구청,2026-04-06
05-601,서울특별시 동작구 국사봉1나길 18-2,상도동 283-158,37.49431366,126.9349727,2011-08-24,한전주,02-820-9923,서울특별시 동작구청,2026-04-06
05-602,서울특별시 동작구 국사봉1나길 22,상도동 283-202,37.49402545,126.9351737,2011-08-24,한전주,02-820-9923,서울특별시 동작구청,2026-04-06
05-603,서울특별시 동작구 국사봉1길 60-5,상도동 317-11,37.49864088,126.9312286,2011-08-24,전용주,02-820-9923,서울특별시 동작구청,2026-04-06
05-604,서울특별시 동작구 국사봉1길 60-10,상도동 317-44,37.49857541,126.9309884,2011-08-24,전용주,02-820-9923,서울특별시 동작구청,2026-04-06
05-605,서울특별시 동작구 국사봉1나길 20,상도동 283-165,37.49415156,126.9351142,2011-08-24,전용주,02-820-9923,서울특별시 동작구청,2026-04-06
05-606,서울특별시 동작구 국사봉1나길 22-2,상도동 283-163,37.49416047,126.9349333,2011-08-24,벽부주,02-820-9923,서울특별시 동작구청,2026-04-06
05-607,서울특별시 동작구 국사봉1라길 4,상도동 377-1,37.49430273,126.9355777,2011-08-24,한전주,02-820-9923,서울특별시 동작구청,2026-04-06
05-608,서울특별시 동작구 성대로6길 27,상도동 256-284,37.49852403,126.9317207,2011-08-24,통신주,02-820-9923,서울특별시 동작구청,2026-04-06
05-609,서울특별시 동작구 성대로6길 27-4,상도동 256-15,37.49853322,126.932026,2020-05-28,통신주,02-820-9923,서울특별시 동작구청,2026-04-06
05-610,서울특별시 동작구 성대로6길 27-10,상도동 256-17,37.49861673,126.9323313,2020-05-28,한전주,02-820-9923,서울특별시 동작구청,2026-04-06
05-611,서울특별시 동작구 성대로6가길 4,상도동 256-19,37.49871152,126.9326393,2020-05-28,통신주,02-820-9923,서울특별시 동작구청,2026-04-06
05-612,서울특별시 동작구 국사봉1라길 4,상도동 377-1,37.49443335,126.9355352,2011-08-24,한전주,02-820-9923,서울특별시 동작구청,2026-04-06
05-613,서울특별시 동작구 국사봉1길 200,상도동 375-5,37.49468106,126.9354134,2011-08-24,전용주,02-820-9923,서울특별시 동작구청,2026-04-06
05-614,서울특별시 동작구 국사봉1길 189,상도동 374-4,37.49484099,126.9354218,2011-08-24,한전주,02-820-9923,서울특별시 동작구청,2026-04-06
05-615,서울특별시 동작구 국사봉1길 185,상도동 374-14,37.49485442,126.9352522,2011-08-24,한전주,02-820-9923,서울특별시 동작구청,2026-04-06
05-616,서울특별시 동작구 국사봉1길 185,상도동 374-14,37.49487684,126.9350571,2011-08-24,전용주,02-820-9923,서울특별시 동작구청,2026-04-06
05-617,서울특별시 동작구 국사봉1길 1,상도동 279-313,37.49492674,126.9356903,2011-08-24,벽부주,02-820-9923,서울특별시 동작구청,2026-04-06
05-618,서울특별시 동작구 성대로6마길 8,상도동 279-166,37.49541294,126.9350764,2011-08-24,한전주,02-820-9923,서울특별시 동작구청,2026-04-06
05-619,서울특별시 동작구 성대로6마길 7,상도동 279-100,37.49556159,126.9350452,2011-08-24,한전주,02-820-9923,서울특별시 동작구청,2026-04-06
05-620,서울특별시 동작구 성대로6마길 13,상도동 279-174,37.49515637,126.9354611,2011-08-24,통신주,02-820-9923,서울특별시 동작구청,2026-04-06
05-621,서울특별시 동작구 성대로6나길 15-3,상도동 256-10,37.4978687,126.931987,2011-08-24,벽부주,02-820-9923,서울특별시 동작구청,2026-04-06
05-622,서울특별시 동작구 성대로6마길 3,상도동 279-97,37.49579798,126.9348131,2011-08-24,한전주,02-820-9923,서울특별시 동작구청,2026-04-06
05-623,서울특별시 동작구 성대로6마길 1,상도동 279-133,37.49598935,126.9346434,2011-08-24,한전주,02-820-9923,서울특별시 동작구청,2026-04-06
05-624,서울특별시 동작구 성대로6마길 8-7,상도동 279-169,37.49520329,126.9347713,2011-08-24,한전주,02-820-9923,서울특별시 동작구청,2026-04-06
05-625,서울특별시 동작구 성대로6마길 8-19,상도동 279-142,37.49539011,126.9345195,2011-08-24,한전주,02-820-9923,서울특별시 동작구청,2026-04-06
05-626,서울특별시 동작구 성대로6마길 8-19,상도동 279-142,37.49538323,126.934299,2011-08-24,전용주,02-820-9923,서울특별시 동작구청,2026-04-06
05-628,서울특별시 동작구 성대로6가길 50,상도동 256-190,37.49671407,126.9335826,2011-08-24,한전주,02-820-9923,서울특별시 동작구청,2026-04-06
05-629,서울특별시 동작구 성대로6가길 85,상도동 279-130,37.49613808,126.9347535,2011-08-24,벽부주,02-820-9923,서울특별시 동작구청,2026-04-06
05-630,서울특별시 동작구 성대로6가길 89,상도동 279-91,37.49620354,126.9350022,2011-08-24,한전주,02-820-9923,서울특별시 동작구청,2026-04-06
05-631,서울특별시 동작구 성대로6가길 95,상도동 279-87,37.49605946,126.9351635,2011-08-24,한전주,02-820-9923,서울특별시 동작구청,2026-04-06
05-632,서울특별시 동작구 성대로6바길 2,상도동 279-572,37.49587712,126.935353,2011-08-24,벽부주,02-820-9923,서울특별시 동작구청,2026-04-06
05-633,서울특별시 동작구 성대로6바길 4,상도동 279-80,37.49594476,126.935483,2011-08-24,벽부주,02-820-9923,서울특별시 동작구청,2026-04-06
05-634,서울특별시 동작구 성대로6바길 11,상도동 279-557,37.49603953,126.9357741,2011-08-24,한전주,02-820-9923,서울특별시 동작구청,2026-04-06
05-635,서울특별시 동작구 성대로6바길 15,상도동 279-271,37.4959067,126.9359071,2011-08-24,전용주,02-820-9923,서울특별시 동작구청,2026-04-06
05-636,서울특별시 동작구 성대로6바길 17,상도동 279-270,37.4957311,126.9360882,2011-08-24,한전주,02-820-9923,서울특별시 동작구청,2026-04-06
05-637,서울특별시 동작구 성대로6가길 20,상도동 279-20,37.49558683,126.9358763,2011-08-24,전용주,02-820-9923,서울특별시 동작구청,2026-04-06
05-638,서울특별시 동작구 성대로6가길 107,상도동 279-511,37.4955079,126.9357209,2011-08-24,한전주,02-820-9923,서울특별시 동작구청,2026-04-06
05-639,서울특별시 동작구 성대로6가길 103,상도동 279-79,37.4957398,126.9355087,2011-08-24,한전주,02-820-9923,서울특별시 동작구청,2026-04-06
05-640,서울특별시 동작구 성대로6다길28,상도동 256-215,37.49703328,126.9324514,2015-01-30,전용주,02-820-9923,서울특별시 동작구청,2026-04-06
05-641,서울특별시 동작구 성대로6가길 106,상도동 279-105,37.49551221,126.935359,2011-08-24,전용주,02-820-9923,서울특별시 동작구청,2026-04-06
05-642,서울특별시 동작구 성대로6가길 111,상도동 279-75,37.49544262,126.9357973,2011-08-24,한전주,02-820-9923,서울특별시 동작구청,2026-04-06
05-643,서울특별시 동작구 성대로6가길 115,상도동 279-74,37.49521748,126.9359954,2011-08-24,한전주,02-820-9923,서울특별시 동작구청,2026-04-06
05-644,서울특별시 동작구 성대로6가길 121,상도동 279-70,37.49504864,126.9361821,2011-08-24,한전주,02-820-9923,서울특별시 동작구청,2026-04-06
05-645,서울특별시 동작구 성대로6가길 126,상도동 283-62,37.49489555,126.9363264,2011-08-24,벽부주,02-820-9923,서울특별시 동작구청,2026-04-06
05-646,서울특별시 동작구 양녕로23길 130,상도동 279-554,37.49492042,126.9365017,2011-08-24,한전주,02-820-9923,서울특별시 동작구청,2026-04-06
05-647,서울특별시 동작구 성대로10길 8-4건너,상도동 259-41,37.49724384,126.9343454,,전용주,02-820-9923,서울특별시 동작구청,2026-04-06
05-648,서울특별시 동작구 성대로10가길 15,상도동 259-42,37.49712204,126.9340487,2011-08-24,한전주,02-820-9923,서울특별시 동작구청,2026-04-06
05-649,서울특별시 동작구 성대로6다길 14,상도동 256-207,37.4976707,126.9323773,2011-08-24,전용주,02-820-9923,서울특별시 동작구청,2026-04-06
05-650,서울특별시 동작구 성대로6나길 5-1,상도동 256-138,37.49806049,126.9325466,2011-08-24,벽부주,02-820-9923,서울특별시 동작구청,2026-04-06
05-651,서울특별시 동작구 성대로6사길 2,상도동 283-85,37.49485064,126.9365894,2017-05-29,한전주,02-820-9923,서울특별시 동작구청,2026-04-06
05-652,서울특별시 동작구 성대로6사길 7,상도동 279-464,37.49479449,126.9368919,2015-01-30,전용주,02-820-9923,서울특별시 동작구청,2026-04-06
05-653,서울특별시 동작구 성대로6아길 1,상도동 283-92,37.4946863,126.9367648,2011-08-24,벽부주,02-820-9923,서울특별시 동작구청,2026-04-06
05-654,서울특별시 동작구 성대로6아길 12,상도동 283-81,37.49438667,126.9366802,2011-08-24,벽부주,02-820-9923,서울특별시 동작구청,2026-04-06
05-655,서울특별시 동작구 성대로6가길 155,상도동 283-187,37.49371764,126.9366186,2011-08-24,벽부주,02-820-9923,서울특별시 동작구청,2026-04-06
05-656,서울특별시 동작구 성대로6자길 14,상도동 283-134,37.49421772,126.9366549,2011-08-24,전용주,02-820-9923,서울특별시 동작구청,2026-04-06
05-657,서울특별시 동작구 성대로6자길 12,상도동 283-121,37.49419978,126.9368132,2011-08-24,한전주,02-820-9923,서울특별시 동작구청,2026-04-06
05-658,서울특별시 동작구 성대로6자길 13,상도동 283-120,37.49414805,126.9369518,2011-08-24,한전주,02-820-9923,서울특별시 동작구청,2026-04-06
05-659,서울특별시 동작구 성대로6자길 7,상도동 283-115,37.49442287,126.9369912,2011-08-24,한전주,02-820-9923,서울특별시 동작구청,2026-04-06
05-660,서울특별시 동작구 성대로6사길 12,상도동 283-95,37.49467743,126.9370362,2011-08-24,한전주,02-820-9923,서울특별시 동작구청,2026-04-06
05-661,서울특별시 동작구 성대로6사길 15,상도동 289-38,37.49464152,126.9372708,2011-08-24,전용주,02-820-9923,서울특별시 동작구청,2026-04-06
05-662,서울특별시 동작구 성대로6사길 20,상도동 283-116,37.49440496,126.9371975,2011-08-24,한전주,02-820-9923,서울특별시 동작구청,2026-04-06
05-664,서울특별시 동작구 성대로6사길 37,상도동 산 75-5,37.49370213,126.9371133,2011-08-24,전용주,02-820-9923,서울특별시 동작구청,2026-04-06
05-665,서울특별시 동작구 성대로6사길 37,상도동 283-60,37.49384178,126.9370906,2017-05-10,전용주,02-820-9923,서울특별시 동작구청,2026-04-06
05-666,서울특별시 동작구 성대로6사길 27-1,상도동 283-104,37.49405579,126.9371328,2011-08-24,한전주,02-820-9923,서울특별시 동작구청,2026-04-06
05-667,서울특별시 동작구 성대로6사길 27-2,상도동 283-60,37.49395004,126.9373647,2011-08-24,한전주,02-820-9923,서울특별시 동작구청,2026-04-06
05-668,서울특별시 동작구 성대로6사길 27-6,상도동 산 75-1,37.4941416,126.937537,2011-08-24,한전주,02-820-9923,서울특별시 동작구청,2026-04-06
05-670,서울특별시 동작구 성대로6사길 15-8,상도동 283-108,37.49434877,126.9374209,2011-08-24,벽부주,02-820-9923,서울특별시 동작구청,2026-04-06
05-671,서울특별시 동작구 성대로6사길 15-6,상도동 283-111,37.49448393,126.9374378,2011-08-24,한전주,02-820-9923,서울특별시 동작구청,2026-04-06
05-672,서울특별시 동작구 성대로6사길 15-11,상도동 283-101,37.49428811,126.9377291,2011-08-24,한전주,02-820-9923,서울특별시 동작구청,2026-04-06
05-673,서울특별시 동작구 성대로6사길 27-18,상도동 산 75-1,37.49418011,126.9379525,2011-08-24,전용주,02-820-9923,서울특별시 동작구청,2026-04-06
05-674,서울특별시 동작구 국사봉1길 43-1,상도동 324-65,37.49931864,126.9308181,2021-07-22,전용주,02-820-9923,서울특별시 동작구청,2026-04-06
05-675,서울특별시 동작구 성대로10길 90,상도동 279-445,37.49469128,126.9376553,2020-05-28,한전주,02-820-9923,서울특별시 동작구청,2026-04-06
05-676,서울특별시 동작구 성대로10길 86,상도동 279-508,37.4948736,126.9374092,2011-08-24,한전주,02-820-9923,서울특별시 동작구청,2026-04-06
05-677,서울특별시 동작구 성대로10길 79,상도동 279-356,37.49504475,126.9373384,2011-08-24,통신주,02-820-9923,서울특별시 동작구청,2026-04-06
05-678,서울특별시 동작구 성대로8길 16,상도동 256-280,37.49767145,126.9337004,2020-05-28,전용주,02-820-9923,서울특별시 동작구청,2026-04-06
05-679,서울특별시 동작구 양녕로23길 117,상도동 279-488,37.4951933,126.9371064,2011-08-24,한전주,02-820-9923,서울특별시 동작구청,2026-04-06
05-680,서울특별시 동작구 양녕로23길 120,상도동 279-61,37.49523828,126.9369848,2011-08-24,한전주,02-820-9923,서울특별시 동작구청,2026-04-06
05-681,서울특별시 동작구 성대로 58-3,상도동 259-87,37.49830907,126.9339713,2011-08-24,통신주,02-820-9923,서울특별시 동작구청,2026-04-06
05-682,서울특별시 동작구 성대로10길 70,상도동 279-20,37.49552201,126.9368121,2011-08-24,벽부주,02-820-9923,서울특별시 동작구청,2026-04-06
05-683,서울특별시 동작구 양녕로23길 124,상도동 279-63,37.49510303,126.936787,2011-08-24,한전주,02-820-9923,서울특별시 동작구청,2026-04-06
05-684,서울특별시 동작구 성대로6바길 31,상도동 279-264,37.49525608,126.936572,2011-08-24,한전주,02-820-9923,서울특별시 동작구청,2026-04-06
05-685,서울특별시 동작구 성대로6바길 25,상도동 279-266,37.49553299,126.9362919,2017-05-29,한전주,02-820-9923,서울특별시 동작구청,2026-04-06
05-686,서울특별시 동작구 성대로10길 58,상도동 279-59,37.49580557,126.9363341,2011-08-24,통신주,02-820-9923,서울특별시 동작구청,2026-04-06
05-687,서울특별시 동작구 성대로6가길 132,상도동 283-59,37.49471316,126.9364425,2011-08-24,벽부주,02-820-9923,서울특별시 동작구청,2026-04-06
05-688,서울특별시 동작구 국사봉1다길 16,상도동 283-65,37.49468827,126.9362446,2011-08-24,한전주,02-820-9923,서울특별시 동작구청,2026-04-06
05-689,서울특별시 동작구 국사봉1다길 8,상도동 282-39,37.49470157,126.9358375,2011-08-24,한전주,02-820-9923,서울특별시 동작구청,2026-04-06
05-690,서울특별시 동작구 국사봉1다길 4,상도동 282-24,37.49475779,126.9356791,2011-08-24,한전주,02-820-9923,서울특별시 동작구청,2026-04-06
05-691,서울특별시 동작구 성대로6가길 135,상도동 283-82,37.49455101,126.9365133,2011-08-24,한전주,02-820-9923,서울특별시 동작구청,2026-04-06
05-692,서울특별시 동작구 성대로6가길 138-2,상도동 283-66,37.49454412,126.9362588,2011-08-24,벽부주,02-820-9923,서울특별시 동작구청,2026-04-06
05-693,서울특별시 동작구 성대로6가길 141,상도동 283-80,37.494337,126.9364795,2011-08-24,한전주,02-820-9923,서울특별시 동작구청,2026-04-06
05-694,서울특별시 동작구 성대로6가길 149,상도동 283-73,37.49411624,126.9364514,2011-08-24,한전주,02-820-9923,서울특별시 동작구청,2026-04-06
05-695,서울특별시 동작구 국사봉1라길 22,상도동 283-69,37.49414542,126.9362535,2011-08-24,한전주,02-820-9923,서울특별시 동작구청,2026-04-06
05-696,서울특별시 동작구 성대로6가길 150,상도동 283-190,37.49398328,126.9363328,2011-08-24,벽부주,02-820-9923,서울특별시 동작구청,2026-04-06
05-697,서울특별시 동작구 국사봉1길 213,상도동 378-3,37.49413402,126.9360048,2011-08-24,한전주,02-820-9923,서울특별시 동작구청,2026-04-06
05-698,서울특별시 동작구 국사봉길 21,상도동 321-36,37.49823883,126.9293631,2022-07-11,통신주,02-820-9923,서울특별시 동작구청,2026-04-06
05-699,서울특별시 동작구 국사봉1라길 10,상도동 377-3,37.49437509,126.9361035,2011-08-24,한전주,02-820-9923,서울특별시 동작구청,2026-04-06
05-700,서울특별시 동작구 국사봉1라길 10,상도동 377-3,37.49443364,126.9360752,2011-08-24,한전주,02-820-9923,서울특별시 동작구청,2026-04-06
05-701,서울특별시 동작구 국사봉1라길 8,상도동 377-2,37.49440424,126.9358434,2011-08-24,통신주,02-820-9923,서울특별시 동작구청,2026-04-06
05-702,서울특별시 동작구 성대로6가길 155,상도동 283-187,37.49370399,126.9363726,2011-08-24,한전주,02-820-9923,서울특별시 동작구청,2026-04-06
05-703,서울특별시 동작구 성대로6가길 152,상도동 283-72,37.49375124,126.9362765,2011-08-24,한전주,02-820-9923,서울특별시 동작구청,2026-04-06
05-704,서울특별시 동작구 국사봉1길 213,상도동 378-3,37.4939065,126.9359682,2017-06-01,한전주,02-820-9923,서울특별시 동작구청,2026-04-06
05-705,서울특별시 동작구 국사봉1길 210,상도동 383-1,37.49396495,126.935759,2011-08-24,한전주,02-820-9923,서울특별시 동작구청,2026-04-06
05-706,서울특별시 동작구 국사봉1길 208,상도동 379-14,37.49404593,126.9355553,2011-08-24,전용주,02-820-9923,서울특별시 동작구청,2026-04-06
05-707,서울특별시 동작구 국사봉1길 214,상도동 380-1,37.49372386,126.9356376,2011-08-24,한전주,02-820-9923,서울특별시 동작구청,2026-04-06
05-708,서울특별시 동작구 성대로 26-2,상도동 313-15,37.49935815,126.9329158,2011-08-24,벽부주,02-820-9923,서울특별시 동작구청,2026-04-06
05-709,서울특별시 동작구 성대로 26-2,상도동 313-19,37.49931753,126.9327943,2011-08-24,벽부주,02-820-9923,서울특별시 동작구청,2026-04-06
05-710,서울특별시 동작구 성대로 24,상도동 314-13,37.49952694,126.9326556,2011-08-24,벽부주,02-820-9923,서울특별시 동작구청,2026-04-06
05-711,서울특별시 동작구 성대로 20-5,상도동 314-14,37.49938258,126.9323136,2011-08-24,벽부주,02-820-9923,서울특별시 동작구청,2026-04-06
05-712,서울특별시 동작구 국사봉1길 235-1,상도동 283-226,37.49347407,126.9360703,2011-08-24,한전주,02-820-9923,서울특별시 동작구청,2026-04-06
05-713,서울특별시 동작구 국사봉1길221-7,상도동 283-226,37.49340888,126.9363107,2020-02-12,벽부주,02-820-9923,서울특별시 동작구청,2026-04-06
05-714,서울특별시 동작구 상도로15사길 8,상도동 356-201,37.50378642,126.932615,2011-08-24,한전주,02-820-9923,서울특별시 동작구청,2026-04-06
05-715,서울특별시 동작구 국사봉길 43-10,상도동 321-19,37.49818973,126.9301406,2011-08-24,한전주,02-820-9923,서울특별시 동작구청,2026-04-06
05-716,서울특별시 동작구 상도로13길 32,상도동 335-129,37.5026157,126.9297604,2011-08-24,전용주,02-820-9923,서울특별시 동작구청,2026-04-06
05-717,서울특별시 동작구 국사봉길 178,상도동 산80-9,37.49320584,126.9357426,2011-08-24,한전주,02-820-9923,서울특별시 동작구청,2026-04-06
05-718,서울특별시 동작구 국사봉1길 235-14,상도동 산 76-1,37.49310442,126.9356353,2011-08-24,전용주,02-820-9923,서울특별시 동작구청,2026-04-06
05-719,서울특별시 동작구 성대로10길 62,상도동 279-261,37.4958012,126.9365857,2011-08-24,통신주,02-820-9923,서울특별시 동작구청,2026-04-06
05-720,서울특별시 동작구 성대로10길 50,상도동 279-6,37.49612083,126.9361642,2011-08-24,벽부주,02-820-9923,서울특별시 동작구청,2026-04-06
05-721,서울특별시 동작구 성대로10길 46,상도동 275-2,37.49626492,126.9360425,2011-08-24,벽부주,02-820-9923,서울특별시 동작구청,2026-04-06
05-722,서울특별시 동작구 성대로10길 26,상도동 272-3,37.49676671,126.9350837,2011-08-24,전용주,02-820-9923,서울특별시 동작구청,2026-04-06
05-723,서울특별시 동작구 성대로10다길 24,상도동 274-28,37.49650549,126.9352112,2017-05-29,한전주,02-820-9923,서울특별시 동작구청,2026-04-06
05-724,서울특별시 동작구 성대로10다길 21,상도동 274-54,37.49649183,126.9349539,2011-08-24,한전주,02-820-9923,서울특별시 동작구청,2026-04-06
05-725,서울특별시 동작구 성대로10다길 18-1,상도동 279-92,37.49637463,126.9348155,2011-08-24,벽부주,02-820-9923,서울특별시 동작구청,2026-04-06
05-726,서울특별시 동작구 국사봉1길 235-14,상도동 산 76-1,37.49295675,126.9364411,2020-05-28,전용주,02-820-9923,서울특별시 동작구청,2026-04-06
05-727,서울특별시 동작구 국사봉1길 221-7,상도동 283-226,37.49288029,126.9366617,2020-04-06,전용주,02-820-9923,서울특별시 동작구청,2026-04-06
05-728,서울특별시 동작구 국사봉1길 235-11,상도동 281,37.4927813,126.9369021,2020-05-28,전용주,02-820-9923,서울특별시 동작구청,2026-04-06
05-729,서울특별시 동작구 국사봉1길 235-14,상도동 280,37.49266368,126.937028,2020-04-06,전용주,02-820-9923,서울특별시 동작구청,2026-04-06
05-730,서울특별시 동작구 국사봉1길 235-14,상도동 280,37.49255778,126.9369758,2020-04-06,전용주,02-820-9923,서울특별시 동작구청,2026-04-06
05-731,서울특별시 동작구 국사봉1길 235-14,상도동 280,37.49265029,126.9372725,2020-04-06,전용주,02-820-9923,서울특별시 동작구청,2026-04-06
05-733,서울특별시 동작구 국사봉1길 235-14,상도동 280,37.4925087,126.9368118,2020-04-06,한전주,02-820-9923,서울특별시 동작구청,2026-04-06
05-734,서울특별시 동작구 국사봉길 178,상도동 산 80-30,37.49303205,126.9351096,2011-08-24,한전주,02-820-9923,서울특별시 동작구청,2026-04-06
05-735,서울특별시 동작구 국사봉16길16,상도동 299-165,37.49391389,126.9330422,2011-08-24,벽부주,02-820-9923,서울특별시 동작구청,2026-04-06
05-736,서울특별시 동작구 상도로13가길12,상도동 348-72,37.50083004,126.9307488,2021-10-07,벽부주,02-820-9923,서울특별시 동작구청,2026-04-06
05-741,서울특별시 동작구 상도로17길 14-2,상도동 356-4,37.50278025,126.9338656,2020-05-27,한전주,02-820-9923,서울특별시 동작구청,2026-04-06
05-743,서울특별시 동작구 상도로15나길 18-1,상도동 331-79,37.50226157,126.9327916,2011-08-24,전용주,02-820-9923,서울특별시 동작구청,2026-04-06
05-744,서울특별시 동작구 상도로15사길 14-3,상도동 356-216,37.50341224,126.9321601,2011-08-24,벽부주,02-820-9923,서울특별시 동작구청,2026-04-06
05-745,서울특별시 동작구 성대로6사길15-12,상도동 283-60,37.49411674,126.93739,2021-02-22,한전주,02-820-9923,서울특별시 동작구청,2026-04-06
05-754,서울특별시 동작구 국사봉1길 221-11,상도동 283-226,37.49329626,126.9363306,2011-08-24,벽부주,02-820-9923,서울특별시 동작구청,2026-04-06
05-757,서울특별시 동작구 상도로15다길 32,상도동 331-153,37.50275116,126.9326142,2015-01-30,벽부주,02-820-9923,서울특별시 동작구청,2026-04-06
05-762,서울특별시 동작구 국사봉10길66-3,상도동 301-84,37.49318577,126.9320789,2013-03-22,전용주,02-820-9923,서울특별시 동작구청,2026-04-06
05-763,서울특별시 동작구 국사봉10길 68,상도동 301-50,37.49344933,126.9321041,2019-03-11,한전주,02-820-9923,서울특별시 동작구청,2026-04-06
05-764,서울특별시 동작구 국사봉길10길67,상도동 301-84,37.49351691,126.9321012,2014-02-22,전용주,02-820-9923,서울특별시 동작구청,2026-04-06
05-765,서울특별시 동작구 국사봉길 109-6,상도동 294-80,37.495479,126.9323624,2018-02-07,한전주,02-820-9923,서울특별시 동작구청,2026-04-06
05-766,서울특별시 동작구 성대로 72,상도동 259-35,37.49777332,126.9345937,2011-08-24,한전주,02-820-9923,서울특별시 동작구청,2026-04-06
05-767,서울특별시 동작구 성대로6가길 31,상도동 256-180,37.49761707,126.9331266,2011-08-24,한전주,02-820-9923,서울특별시 동작구청,2026-04-06
05-768,서울특별시 동작구 성대로6가길 21,상도동 256-63,37.49783775,126.9330133,2019-01-02,통신주,02-820-9923,서울특별시 동작구청,2026-04-06
05-769,서울특별시 동작구 성대로6나길 4,상도동 256-32,37.49824301,126.9326652,2018-01-29,통신주,02-820-9923,서울특별시 동작구청,2026-04-06
05-770,서울특별시 동작구 성대로6길 23,상도동 320-20,37.49869531,126.9318788,2017-05-29,벽부주,02-820-9923,서울특별시 동작구청,2026-04-06
05-771,서울특별시 동작구 국사봉1길 54-10,상도동 318-8,37.49889297,126.9309117,2019-04-18,한전주,02-820-9923,서울특별시 동작구청,2026-04-06
05-772,서울특별시 동작구 국사봉7길 13,상도동 303-18,37.49737047,126.9312439,2018-08-23,통신주,02-820-9923,서울특별시 동작구청,2026-04-06
05-773,서울특별시 동작구 국사봉1길 74,상도동 308-5,37.49820401,126.9314382,2011-08-24,벽부주,02-820-9923,서울특별시 동작구청,2026-04-06
05-774,서울특별시 동작구 국사봉1길 109-1,상도동 256-104,37.49688894,126.9321264,2019-04-25,전용주,02-820-9923,서울특별시 동작구청,2026-04-06
05-775,서울특별시 동작구 국사봉1길 109,상도동 256-103,37.49678302,126.9320445,2019-04-25,통신주,02-820-9923,서울특별시 동작구청,2026-04-06
05-776,서울특별시 동작구 국사봉10길 4,상도동 299-88,37.49602111,126.9310755,2018-05-28,한전주,02-820-9923,서울특별시 동작구청,2026-04-06
05-777,서울특별시 동작구 ,상도동 383-4,37.49361809,126.9358045,2022-07-15,한전주,02-820-9923,서울특별시 동작구청,2026-04-06
05-778,서울특별시 동작구 국사봉10길 23,상도동 299-142,37.495118,126.9313308,2022-07-22,통신주,02-820-9923,서울특별시 동작구청,2026-04-06
05-779,서울특별시 동작구 국사봉2나길 28,상도동 299-37,37.49688996,126.9300146,2022-07-28,통신주,02-820-9923,서울특별시 동작구청,2026-04-06
05-780,서울특별시 동작구 국사봉7길 23,상도동 306-4,37.49749458,126.9316311,2022-07-20,통신주,02-820-9923,서울특별시 동작구청,2026-04-06
05-781,서울특별시 동작구 상도로11길19,상도동 335-114,37.50148229,126.9291027,2022-12-20,통신주,02-820-9923,서울특별시 동작구청,2026-04-06
05-782,서울특별시 동작구 국사봉길 25,상도동 321-36,37.4982344,126.9294959,2023-02-15,벽부주,02-820-9923,서울특별시 동작구청,2026-04-06
05-783,서울특별시 동작구 상도3동 성대로24,상도동 314-13,37.49946391,126.9327291,2023-02-22,벽부주,02-820-9923,서울특별시 동작구청,2026-04-06
05-784,서울특별시 동작구 성대로8길 17,상도동 259-115,37.49739889,126.9336894,2023-03-10,전용주,02-820-9923,서울특별시 동작구청,2026-04-06
05-785,서울특별시 동작구 성대로6가길 17,상도동 256-58,37.49817103,126.9328405,2023-03-16,한전주,02-820-9923,서울특별시 동작구청,2026-04-06
05-786,서울특별시 동작구 국사봉길 81-12,상도동 298-32,37.4966792,126.9316828,2023-04-18,벽부주,02-820-9923,서울특별시 동작구청,2026-04-06
05-787,서울특별시 동작구 성대로6나길 15-4,상도동 307-14,37.49789119,126.931922,2023-08-21,한전주,02-820-9923,서울특별시 동작구청,2026-04-06
05-788,서울특별시 동작구 국사봉16길 16,상도동 299-165,37.49395656,126.9328217,2023-10-30,벽부주,02-820-9923,서울특별시 동작구청,2026-04-06
05-789,서울특별시 동작구 국사봉길59,상도동 303-46,37.49709076,126.9305742,2023-10-31,벽부주,02-820-9923,서울특별시 동작구청,2026-04-06
05-790,서울특별시 동작구 상도로13길12,상도동 336-7,37.50095816,126.9302794,2023-11-29,벽부주,02-820-9923,서울특별시 동작구청,2026-04-06
05-791,서울특별시 동작구 상도로13길 25,상도동 335-20,37.50187247,126.9299279,2023-11-29,벽부주,02-820-9923,서울특별시 동작구청,2026-04-06
05-792,서울특별시 동작구 상도로13나길 33,상도동 335-202,37.50288117,126.9292173,2023-11-29,전용주,02-820-9923,서울특별시 동작구청,2026-04-06
05-793,서울특별시 동작구 상도로13나길 33,상도동 335-202,37.50274166,126.9294634,2023-11-29,전용주,02-820-9923,서울특별시 동작구청,2026-04-06
05-794,서울특별시 동작구 국사봉1나길 12,상도동 375-5,37.49454584,126.935292,2024-03-18,통신주,02-820-9923,서울특별시 동작구청,2026-04-06
05-795,서울특별시 동작구 성대로6길 27-4,상도동 256-284,37.49852638,126.9318959,2024-05-01,한전주,02-820-9923,서울특별시 동작구청,2026-04-06
05-796,서울특별시 동작구 국사봉10길 73,상도동 301-84,37.49350357,126.932415,2025-02-14,통신주,02-820-9923,서울특별시 동작구청,2026-04-06
05-796.,서울특별시 동작구 성대로6길 12,상도동 312-2,37.4989074,126.9324978,2025-02-17,통신주,02-820-9923,서울특별시 동작구청,2026-04-06
05-797,서울특별시 동작구 국사봉10길 71-4,상도동 301-210,37.49373784,126.9324318,2025-02-14,통신주,02-820-9923,서울특별시 동작구청,2026-04-06
05-798,서울특별시 동작구 상도로19길 33,상도동 26-72,37.50361472,126.9357563,2025-05-23,벽부주,02-820-9923,서울특별시 동작구청,2026-04-06
05-799,서울특별시 동작구 상도로13나길 25,상도동 335-11,37.50216272,126.9293763,2025-05-23,통신주,02-820-9923,서울특별시 동작구청,2026-04-06
05-800,서울특별시 동작구 국사봉3길 15,상도동 320-8,37.49809107,126.9309012,2025-11-28,벽부주,02-820-9923,서울특별시 동작구청,2026-04-06
06-001,서울특별시 동작구 성대로1길 26,상도동 190-8,37.50197873,126.9345335,2011-08-24,한전주,02-820-9923,서울특별시 동작구청,2026-04-06
06-002,서울특별시 동작구 성대로1길 26,상도동 190-8,37.50162957,126.9344971,2011-08-24,한전주,02-820-9923,서울특별시 동작구청,2026-04-06
06-003,서울특별시 동작구 성대로1길 24,상도동 242-62,37.50144484,126.9344492,2011-08-24,전용주,02-820-9923,서울특별시 동작구청,2026-04-06
06-004,서울특별시 동작구 성대로1길 18-28,상도동 242-104,37.50142918,126.9346471,2015-01-29,통신주,02-820-9923,서울특별시 동작구청,2026-04-06
06-005,서울특별시 동작구 성대로1길 18-21,상도동 242-75,37.50138423,126.9348253,2020-04-08,한전주,02-820-9923,서울특별시 동작구청,2026-04-06
06-006,서울특별시 동작구 성대로1가길 18-22,상도동 241-6,37.50137757,126.935009,2011-08-24,전용주,02-820-9923,서울특별시 동작구청,2026-04-06
06-007,서울특별시 동작구 상도로22길 37,상도동 197-1,37.50173022,126.9373356,2011-08-24,한전주,02-820-9923,서울특별시 동작구청,2026-04-06
06-008,서울특별시 동작구 성대로1길 18-25,상도동 242-76,37.50124226,126.9347179,2011-08-24,전용주,02-820-9923,서울특별시 동작구청,2026-04-06
06-009,서울특별시 동작구 성대로1길 18-12,상도동 242-83,37.50108459,126.9347294,2019-04-09,통신주,02-820-9923,서울특별시 동작구청,2026-04-06
06-010,서울특별시 동작구 성대로1길 18-7,상도동 242-80,37.50113398,126.934441,2011-08-24,한전주,02-820-9923,서울특별시 동작구청,2026-04-06
06-011,서울특별시 동작구 성대로1길 18-5,상도동 242-79,37.50115187,126.9342035,2011-08-24,한전주,02-820-9923,서울특별시 동작구청,2026-04-06
06-012,서울특별시 동작구 성대로1길 22,상도동 242-78,37.50127583,126.9343221,2011-08-24,한전주,02-820-9923,서울특별시 동작구청,2026-04-06
06-013,서울특별시 동작구 성대로1길 16,상도동 246-2,37.50094226,126.9339746,2020-03-25,한전주,02-820-9923,서울특별시 동작구청,2026-04-06
06-014,서울특별시 동작구 성대로5길 37,상도동 246-3,37.50081389,126.9340087,2011-08-24,한전주,02-820-9923,서울특별시 동작구청,2026-04-06
06-015,서울특별시 동작구 성대로5길 40-1,상도동 242-89,37.50086591,126.9343903,2011-08-24,전용주,02-820-9923,서울특별시 동작구청,2026-04-06
06-016,서울특별시 동작구 성대로5길 40,상도동 242-93,37.50074636,126.9341049,2020-03-17,통신주,02-820-9923,서울특별시 동작구청,2026-04-06
06-017,서울특별시 동작구 성대로5길 35-6,상도동 246-5,37.50056141,126.9336555,2011-08-24,한전주,02-820-9923,서울특별시 동작구청,2026-04-06
06-018,서울특별시 동작구 성대로11길 74,상도동 246-12,37.50049375,126.9335198,2020-03-25,전용주,02-820-9923,서울특별시 동작구청,2026-04-06
06-019,서울특별시 동작구 성대로5길 31,상도동 245-1,37.50053007,126.9340033,2020-03-17,통신주,02-820-9923,서울특별시 동작구청,2026-04-06
06-020,서울특별시 동작구 성대로17길 84,상도동 243-23,37.50044449,126.9340429,2011-08-24,한전주,02-820-9923,서울특별시 동작구청,2026-04-06
06-021,서울특별시 동작구 성대로5길 29,상도동 245-2,37.50038809,126.933879,2011-08-24,전용주,02-820-9923,서울특별시 동작구청,2026-04-06
06-022,서울특별시 동작구 성대로11길 65,상도동 252-1,37.50012907,126.9339188,2011-08-24,한전주,02-820-9923,서울특별시 동작구청,2026-04-06
06-024,서울특별시 동작구 성대로11길 72,상도동 245-3,37.50041043,126.9335595,2011-08-24,전용주,02-820-9923,서울특별시 동작구청,2026-04-06
06-025,서울특별시 동작구 성대로11길 77,상도동 248-25,37.50046884,126.9332711,2011-08-24,전용주,02-820-9923,서울특별시 동작구청,2026-04-06
06-026,서울특별시 동작구 성대로1길 8,상도동 248-27,37.50056557,126.933042,2018-02-05,통신주,02-820-9923,서울특별시 동작구청,2026-04-06
06-027,서울특별시 동작구 상도로 140,상도동 192-45,37.50224262,126.935161,2018-11-14,통신주,02-820-9923,서울특별시 동작구청,2026-04-06
06-028,서울특별시 동작구 상도로22가길 18,상도동 193-19,37.50213946,126.9359951,2011-08-24,벽부주,02-820-9923,서울특별시 동작구청,2026-04-06
06-029,서울특별시 동작구 상도로22나길 16-8,상도동 193-37,37.50172052,126.9360435,2011-08-24,벽부주,02-820-9923,서울특별시 동작구청,2026-04-06
06-030,서울특별시 동작구 성대로3길 16,상도동 247-5,37.5002504,126.9333702,2020-02-13,통신주,02-820-9923,서울특별시 동작구청,2026-04-06
06-031,서울특별시 동작구 양녕로29길 6,상도동 208-21,37.49911136,126.9434106,2020-03-27,통신주,02-820-9923,서울특별시 동작구청,2026-04-06
06-032,서울특별시 동작구 성대로3길 14,상도동 247-7,37.50016246,126.9332148,2011-08-24,한전주,02-820-9923,서울특별시 동작구청,2026-04-06
06-033,서울특별시 동작구 상도로22길 36,상도동 194-10,37.50172326,126.9369652,2011-08-24,벽부주,02-820-9923,서울특별시 동작구청,2026-04-06
06-034,서울특별시 동작구 장승배기로1길18,상도동 201-167,37.50019845,126.9416117,2011-08-24,한전주,02-820-9923,서울특별시 동작구청,2026-04-06
06-035,서울특별시 동작구 성대로3길 11-2,상도동 248-29,37.5003065,126.9329941,2011-08-24,벽부주,02-820-9923,서울특별시 동작구청,2026-04-06
06-036,서울특별시 동작구 성대로3길 8,상도동 248-8,37.50007677,126.9330481,2011-08-24,한전주,02-820-9923,서울특별시 동작구청,2026-04-06
06-037,서울특별시 동작구 양녕로27나길 27,상도동 202-232,37.49966871,126.9408261,2011-08-24,벽부주,02-820-9923,서울특별시 동작구청,2026-04-06
06-038,서울특별시 동작구 양녕로 183-6,상도동 210-315,37.49768975,126.9428519,2021-02-05,벽부주,02-820-9923,서울특별시 동작구청,2026-04-06
06-039,서울특별시 동작구 성대로3길 8-2,상도동 249-8,37.49998681,126.9332828,2011-08-24,전용주,02-820-9923,서울특별시 동작구청,2026-04-06
06-040,서울특별시 동작구 성대로3길 4-1,상도동 249-2,37.49987851,126.9329691,2011-08-24,벽부주,02-820-9923,서울특별시 동작구청,2026-04-06
06-041,서울특별시 동작구 성대로3길 4,상도동 248-6,37.49996175,126.932788,2011-08-24,한전주,02-820-9923,서울특별시 동작구청,2026-04-06
06-042,서울특별시 동작구 성대로 13,상도동 248-4,37.49992558,126.9325676,2011-08-24,한전주,02-820-9923,서울특별시 동작구청,2026-04-06
06-043,서울특별시 동작구 성대로 5,상도동 346-8,37.50016196,126.9323355,2011-08-24,한전주,02-820-9923,서울특별시 동작구청,2026-04-06
06-044,서울특별시 동작구 성대로1길 1,상도동 346-9,37.50025213,126.932457,2011-08-24,한전주,02-820-9923,서울특별시 동작구청,2026-04-06
06-045,서울특별시 동작구 성대로1길 3,상도동 345-13,37.50031526,126.9325559,2011-08-24,한전주,02-820-9923,서울특별시 동작구청,2026-04-06
06-046,서울특별시 동작구 상도로22나길 17-6,상도동 194-27,37.50186058,126.936804,2011-08-24,벽부주,02-820-9923,서울특별시 동작구청,2026-04-06
06-047,서울특별시 동작구 성대로1길 13,상도동 355-5,37.50104785,126.9334741,2011-08-24,통신주,02-820-9923,서울특별시 동작구청,2026-04-06
06-048,서울특별시 동작구 성대로11길 61,상도동 252-5,37.50008184,126.9340545,2011-08-24,한전주,02-820-9923,서울특별시 동작구청,2026-04-06
06-049,서울특별시 동작구 성대로11길 61,상도동 188-51,37.50003235,126.9341677,2011-08-24,전용주,02-820-9923,서울특별시 동작구청,2026-04-06
06-050,서울특별시 동작구 성대로5길 20-5,상도동 253-4,37.49984992,126.9342131,2011-08-24,전용주,02-820-9923,서울특별시 동작구청,2026-04-06
06-051,서울특별시 동작구 성대로11길 46-4,상도동 244-203,37.49950999,126.9345639,2017-05-10,벽부주,02-820-9923,서울특별시 동작구청,2026-04-06
06-052,서울특별시 동작구 성대로11길 46,상도동 244-206,37.49949186,126.9343717,2011-08-24,벽부주,02-820-9923,서울특별시 동작구청,2026-04-06
06-053,서울특별시 동작구 성대로11길 41,상도동 254-11,37.49927557,126.934273,2011-08-24,한전주,02-820-9923,서울특별시 동작구청,2026-04-06
06-054,서울특별시 동작구 성대로11길 43-3,상도동 254-10,37.49919214,126.934126,2019-07-16,전용주,02-820-9923,서울특별시 동작구청,2026-04-06
06-055,서울특별시 동작구 성대로11길 45,상도동 254-17,37.49945124,126.9342304,2011-08-24,통신주,02-820-9923,서울특별시 동작구청,2026-04-06
06-056,서울특별시 동작구 성대로5길 20-12,상도동 252-17,37.49952549,126.9340833,2011-08-24,한전주,02-820-9923,서울특별시 동작구청,2026-04-06
06-057,서울특별시 동작구 성대로5길 20-9,상도동 253-6,37.49957733,126.9341342,2011-08-24,한전주,02-820-9923,서울특별시 동작구청,2026-04-06
06-058,서울특별시 동작구 성대로5길 20-6,상도동 252-13,37.49972819,126.9340322,2011-08-24,전용주,02-820-9923,서울특별시 동작구청,2026-04-06
06-059,서울특별시 동작구 성대로5길 20,상도동 252-8,37.49989937,126.9340208,2011-08-24,한전주,02-820-9923,서울특별시 동작구청,2026-04-06
06-061,서울특별시 동작구 성대로5길 15-3,상도동 251-5,37.49994648,126.9336786,2011-08-24,전용주,02-820-9923,서울특별시 동작구청,2026-04-06
06-062,서울특별시 동작구 성대로5길 12,상도동 251-8,37.49973029,126.9337665,2011-08-24,한전주,02-820-9923,서울특별시 동작구청,2026-04-06
06-063,서울특별시 동작구 성대로5길 12-8,상도동 254-2,37.49943749,126.933812,2011-08-24,한전주,02-820-9923,서울특별시 동작구청,2026-04-06
06-064,서울특별시 동작구 성대로5길 12-14,상도동 254-18,37.49937448,126.9339195,2011-08-24,한전주,02-820-9923,서울특별시 동작구청,2026-04-06
06-065,서울특별시 동작구 성대로11길 41,상도동 254-11,37.49920801,126.9343154,2011-08-24,통신주,02-820-9923,서울특별시 동작구청,2026-04-06
06-066,서울특별시 동작구 성대로11길 35,상도동 257-4,37.49896028,126.9343976,2011-08-24,한전주,02-820-9923,서울특별시 동작구청,2026-04-06
06-067,서울특별시 동작구 성대로11길 29-4,상도동 257-7,37.49884084,126.9342988,2011-08-24,벽부주,02-820-9923,서울특별시 동작구청,2026-04-06
06-068,서울특별시 동작구 성대로11길 29-10,상도동 257-13,37.49878436,126.9339935,2011-08-24,벽부주,02-820-9923,서울특별시 동작구청,2026-04-06
06-069,서울특별시 동작구 성대로11길 29,상도동 257-11,37.49879813,126.9344571,2015-01-29,한전주,02-820-9923,서울특별시 동작구청,2026-04-06
06-070,서울특별시 동작구 성대로11길 27,상도동 257-25,37.49874638,126.9345477,2011-08-24,한전주,02-820-9923,서울특별시 동작구청,2026-04-06
06-071,서울특별시 동작구 성대로11길 23-2,상도동 257-16,37.49858411,126.9343866,2011-08-24,벽부주,02-820-9923,서울특별시 동작구청,2026-04-06
06-072,서울특별시 동작구 성대로 55,상도동 256,37.4984691,126.9341493,2011-08-24,벽부주,02-820-9923,서울특별시 동작구청,2026-04-06
06-073,서울특별시 동작구 성대로11길 20,상도동 264-5,37.49844699,126.9349098,2011-08-24,한전주,02-820-9923,서울특별시 동작구청,2026-04-06
06-074,서울특별시 동작구 성대로11길 11,상도동 260-1,37.49828703,126.9348421,2011-08-24,한전주,02-820-9923,서울특별시 동작구청,2026-04-06
06-075,서울특별시 동작구 성대로11길 14,상도동 260-1,37.49819694,126.9348648,2011-08-24,전용주,02-820-9923,서울특별시 동작구청,2026-04-06
06-076,서울특별시 동작구 성대로 75,상도동 261-1,37.49797173,126.9349356,2011-08-24,전용주,02-820-9923,서울특별시 동작구청,2026-04-06
06-077,서울특별시 동작구 성대로 79,상도동 260-11,37.49782308,126.9349754,2020-03-13,전용주,02-820-9923,서울특별시 동작구청,2026-04-06
06-078,서울특별시 동작구 양녕로22바길 46,상도동 211-481,37.49677048,126.9471696,2020-03-30,한전주,02-820-9923,서울특별시 동작구청,2026-04-06
06-079,서울특별시 동작구 성대로 79,상도동 260-11,37.49776002,126.934998,2011-08-24,한전주,02-820-9923,서울특별시 동작구청,2026-04-06
06-080,서울특별시 동작구 성대로 67,상도동 259-83,37.49800979,126.9345285,2011-08-24,한전주,02-820-9923,서울특별시 동작구청,2026-04-06
06-081,서울특별시 동작구 성대로 69-4,상도동 259-81,37.49810671,126.934633,2011-08-24,한전주,02-820-9923,서울특별시 동작구청,2026-04-06
06-082,서울특별시 동작구 성대로 63,상도동 259-89,37.49821916,126.9343191,2011-08-24,한전주,02-820-9923,서울특별시 동작구청,2026-04-06
06-083,서울특별시 동작구 성대로1길 11,상도동 347-13,37.50086314,126.9334658,2011-08-24,한전주,02-820-9923,서울특별시 동작구청,2026-04-06
06-084,서울특별시 동작구 성대로 55,상도동 256,37.49843077,126.9340928,2011-08-24,한전주,02-820-9923,서울특별시 동작구청,2026-04-06
06-085,서울특별시 동작구 성대로 43,상도동 255-4,37.49879774,126.9337475,2011-08-24,한전주,02-820-9923,서울특별시 동작구청,2026-04-06
06-086,서울특별시 동작구 성대로 35,상도동 255-3,37.49933128,126.9332127,2011-08-24,한전주,02-820-9923,서울특별시 동작구청,2026-04-06
06-087,서울특별시 동작구 성대로5길 2,상도동 250-16,37.49944384,126.9330882,2011-08-24,한전주,02-820-9923,서울특별시 동작구청,2026-04-06
06-088,서울특별시 동작구 성대로 31,상도동 255,37.49937867,126.9333597,2020-04-09,한전주,02-820-9923,서울특별시 동작구청,2026-04-06
06-089,서울특별시 동작구 성대로5길 10,상도동 250-15,37.49960174,126.9334839,2011-08-24,한전주,02-820-9923,서울특별시 동작구청,2026-04-06
06-090,서울특별시 동작구 성대로 23,상도동 250-6,37.49974549,126.9327685,2011-08-24,한전주,02-820-9923,서울특별시 동작구청,2026-04-06
06-091,서울특별시 동작구 성대로17길 82,상도동 243-5,37.50055948,126.9342464,2011-08-24,한전주,02-820-9923,서울특별시 동작구청,2026-04-06
06-092,서울특별시 동작구 성대로29길 117,상도동 243-4,37.50072645,126.9347551,2011-08-24,한전주,02-820-9923,서울특별시 동작구청,2026-04-06
06-093,서울특별시 동작구 성대로29길 118-4,상도동 243-10,37.50087738,126.934772,2011-08-24,벽부주,02-820-9923,서울특별시 동작구청,2026-04-06
06-094,서울특별시 동작구 성대로21다길 34,상도동 239-66,37.50076483,126.9349163,2020-03-17,통신주,02-820-9923,서울특별시 동작구청,2026-04-06
06-095,서울특별시 동작구 성대로21다길 28,상도동 239-76,37.50090915,126.9352073,2015-01-29,벽부주,02-820-9923,서울특별시 동작구청,2026-04-06
06-096,서울특별시 동작구 성대로29길 112,상도동 243-1,37.5010082,126.9350913,2014-02-22,벽부주,02-820-9923,서울특별시 동작구청,2026-04-06
06-097,서울특별시 동작구 성대로29길 106,상도동 239-14,37.50099256,126.9353147,2011-08-24,전용주,02-820-9923,서울특별시 동작구청,2026-04-06
06-098,서울특별시 동작구 성대로29길 104,상도동 239-77,37.50111206,126.9355295,2020-04-10,통신주,02-820-9923,서울특별시 동작구청,2026-04-06
06-099,서울특별시 동작구 성대로29길 98,상도동 239-19,37.5011482,126.9357161,2020-04-10,통신주,02-820-9923,서울특별시 동작구청,2026-04-06
06-100,서울특별시 동작구 성대로1가길 28-3,상도동 240-3,37.50139605,126.9358431,2011-08-24,전용주,02-820-9923,서울특별시 동작구청,2026-04-06
06-101,서울특별시 동작구 성대로1가길 30,상도동 242-1,37.50128803,126.9360467,2011-08-24,통신주,02-820-9923,서울특별시 동작구청,2026-04-06
06-102,서울특별시 동작구 성대로11길 65,상도동 247-4,37.50019432,126.9337887,2011-08-24,한전주,02-820-9923,서울특별시 동작구청,2026-04-06
06-103,서울특별시 동작구 성대로1가길 33,상도동 239-33,37.50122058,126.936273,2011-08-24,한전주,02-820-9923,서울특별시 동작구청,2026-04-06
06-104,서울특별시 동작구 성대로1가길 33,상도동 193-4,37.50137152,126.9363181,2011-08-24,한전주,02-820-9923,서울특별시 동작구청,2026-04-06
06-105,서울특별시 동작구 성대로1가길 30,상도동 242-1,37.50140743,126.9360608,2017-05-10,통신주,02-820-9923,서울특별시 동작구청,2026-04-06
06-106,서울특별시 동작구 성대로1가길 25,상도동 193-15,37.50156276,126.9359023,2011-08-24,한전주,02-820-9923,서울특별시 동작구청,2026-04-06
06-107,서울특별시 동작구 성대로1가길 21,상도동 193-18,37.50168657,126.9357495,2011-08-24,벽부주,02-820-9923,서울특별시 동작구청,2026-04-06
06-108,서울특별시 동작구 성대로1가길 18,상도동 242-11,37.50164137,126.9354697,2011-08-24,한전주,02-820-9923,서울특별시 동작구청,2026-04-06
06-109,서울특별시 동작구 성대로1가길 22-2,상도동 242-97,37.50150173,126.9355065,2011-08-24,벽부주,02-820-9923,서울특별시 동작구청,2026-04-06
06-110,서울특별시 동작구 성대로1가길 22-1,상도동 242-8,37.50139138,126.9355547,2011-08-24,전용주,02-820-9923,서울특별시 동작구청,2026-04-06
06-111,서울특별시 동작구 성대로1가길 14-1,상도동 242-18,37.50154663,126.9352407,2011-08-24,한전주,02-820-9923,서울특별시 동작구청,2026-04-06
06-112,서울특별시 동작구 성대로1가길 14-5,상도동 242-14,37.50127863,126.9353258,2011-08-24,한전주,02-820-9923,서울특별시 동작구청,2026-04-06
06-113,서울특별시 동작구 성대로1가길 14,상도동 242-68,37.50168629,126.9352378,2011-08-24,한전주,02-820-9923,서울특별시 동작구청,2026-04-06
06-114,서울특별시 동작구 성대로1가길 13-1,상도동 192-20,37.50187548,126.9352037,2011-08-24,전용주,02-820-9923,서울특별시 동작구청,2026-04-06
06-115,서울특별시 동작구 성대로1길 26,상도동 190-8,37.50171987,126.9348702,2011-08-24,한전주,02-820-9923,서울특별시 동작구청,2026-04-06
06-116,서울특별시 동작구 성대로1길 26,상도동 190-8,37.50166796,126.9346695,2011-08-24,한전주,02-820-9923,서울특별시 동작구청,2026-04-06
06-117,서울특별시 동작구 성대로29길 114,상도동 243-6,37.50087304,126.935066,2011-08-24,벽부주,02-820-9923,서울특별시 동작구청,2026-04-06
06-119,서울특별시 동작구 상도로20길 14,상도동 192-56,37.50205816,126.9356078,2011-08-24,한전주,02-820-9923,서울특별시 동작구청,2026-04-06
06-120,서울특별시 동작구 상도로20길 12,상도동 192-4,37.50216629,126.9356275,2011-08-24,벽부주,02-820-9923,서울특별시 동작구청,2026-04-06
06-121,서울특별시 동작구 상도로20길 8,상도동 191-8,37.50225646,126.9357519,2011-08-24,전용주,02-820-9923,서울특별시 동작구청,2026-04-06
06-122,서울특별시 동작구 상도로20길 6,상도동 191-7,37.50235776,126.9356472,2011-08-24,벽부주,02-820-9923,서울특별시 동작구청,2026-04-06
06-123,서울특별시 동작구 상도로 140-5,상도동 191-10,37.50226531,126.9354719,2011-08-24,벽부주,02-820-9923,서울특별시 동작구청,2026-04-06
06-124,서울특별시 동작구 성대로 35,상도동 255-3,37.49922322,126.9333117,2020-04-09,한전주,02-820-9923,서울특별시 동작구청,2026-04-06
06-125,서울특별시 동작구 상도로138-7,상도동 192-58,37.50209628,126.9353053,2011-08-24,전용주,02-820-9923,서울특별시 동작구청,2026-04-06
06-126,서울특별시 동작구 상도로 148,상도동 188-37,37.50269584,126.9360172,2020-04-10,벽부주,02-820-9923,서울특별시 동작구청,2026-04-06
06-127,서울특별시 동작구 상도로 148-6,상도동 188-37,37.50265081,126.936054,2018-11-12,한전주,02-820-9923,서울특별시 동작구청,2026-04-06
06-128,서울특별시 동작구 상도로22길 14-9,상도동 188-36,37.50240539,126.9362522,2011-08-24,전용주,02-820-9923,서울특별시 동작구청,2026-04-06
06-129,서울특별시 동작구 상도로22길 14-4,상도동 195-34,37.5025249,126.9364896,2011-08-24,전용주,02-820-9923,서울특별시 동작구청,2026-04-06
06-130,서울특별시 동작구 상도로22길 14,상도동 195-35,37.50259934,126.9366733,2011-08-24,한전주,02-820-9923,서울특별시 동작구청,2026-04-06
06-131,서울특별시 동작구 성대로 63,상도동 259-89,37.49818998,126.9344972,2011-08-24,벽부주,02-820-9923,서울특별시 동작구청,2026-04-06
06-132,서울특별시 동작구 상도로22길 9,상도동 195-12,37.50272769,126.9366053,2011-08-24,한전주,02-820-9923,서울특별시 동작구청,2026-04-06
06-133,서울특별시 동작구 상도로22길 8-1,상도동 195-32,37.50272084,126.9364328,2011-08-24,벽부주,02-820-9923,서울특별시 동작구청,2026-04-06
06-134,서울특별시 동작구 성대로 85-2,상도동 264-224,37.49787737,126.9353937,2011-08-24,벽부주,02-820-9923,서울특별시 동작구청,2026-04-06
06-135,서울특별시 동작구 성대로 85-6,상도동 264-177,37.4980124,126.9351674,2011-08-24,벽부주,02-820-9923,서울특별시 동작구청,2026-04-06
06-136,서울특별시 동작구 상도로22가길 2,상도동 195-13,37.50239894,126.9368176,2011-08-24,한전주,02-820-9923,서울특별시 동작구청,2026-04-06
06-137,서울특별시 동작구 상도로22가길 5,상도동 195-22,37.50229517,126.9365237,2011-08-24,통신주,02-820-9923,서울특별시 동작구청,2026-04-06
06-138,서울특별시 동작구 상도로22가길 10,상도동 193-57,37.50222975,126.9363456,2011-08-24,전용주,02-820-9923,서울특별시 동작구청,2026-04-06
06-139,서울특별시 동작구 상도로22가길 14,상도동 193-5,37.50213506,126.9361958,2011-08-24,전용주,02-820-9923,서울특별시 동작구청,2026-04-06
06-140,서울특별시 동작구 성대로11길 23,상도동 257-5,37.49854823,126.9346807,2011-08-24,한전주,02-820-9923,서울특별시 동작구청,2026-04-06
06-141,서울특별시 동작구 상도로22가길 22,상도동 193-11,37.50203582,126.9359613,2011-08-24,전용주,02-820-9923,서울특별시 동작구청,2026-04-06
06-142,서울특별시 동작구 상도로22가길 21-1,상도동 193-88,37.501912,126.9360801,2011-08-24,벽부주,02-820-9923,서울특별시 동작구청,2026-04-06
06-143,서울특별시 동작구 상도로22가길 26,상도동 193-13,37.50181725,126.9358088,2011-08-24,통신주,02-820-9923,서울특별시 동작구청,2026-04-06
06-144,서울특별시 동작구 성대로21다길 6,상도동 239-60,37.5012005,126.9366264,2011-08-24,한전주,02-820-9923,서울특별시 동작구청,2026-04-06
06-145,서울특별시 동작구 성대로29길 79,상도동 238,37.50120518,126.9369572,2011-08-24,한전주,02-820-9923,서울특별시 동작구청,2026-04-06
06-146,서울특별시 동작구 상도로22나길 26,상도동 193-51,37.50145733,126.9367138,2011-08-24,전용주,02-820-9923,서울특별시 동작구청,2026-04-06
06-147,서울특별시 동작구 상도로22나길 27-3,상도동 193-71,37.50156335,126.9369993,2018-05-28,벽부주,02-820-9923,서울특별시 동작구청,2026-04-06
06-148,서울특별시 동작구 상도로22나길 25,상도동 193-70,37.50155418,126.9367024,2011-08-24,한전주,02-820-9923,서울특별시 동작구청,2026-04-06
06-149,서울특별시 동작구 상도로22나길 24-2,상도동 193-48,37.50150673,126.9364254,2011-08-24,통신주,02-820-9923,서울특별시 동작구청,2026-04-06
06-150,서울특별시 동작구 상도로22나길 23-1,상도동 193-67,37.50169836,126.9367221,2011-08-24,벽부주,02-820-9923,서울특별시 동작구청,2026-04-06
06-151,서울특별시 동작구 상도로22나길 20,상도동 193-46,37.50171175,126.9364931,2011-08-24,전용주,02-820-9923,서울특별시 동작구청,2026-04-06
06-152,서울특별시 동작구 상도로22나길 20-6,상도동 193-43,37.50164629,126.9362358,2011-08-24,전용주,02-820-9923,서울특별시 동작구청,2026-04-06
06-153,서울특별시 동작구 상도로22나길 16-4,상도동 193-2,37.50184226,126.9362442,2020-04-11,전용주,02-820-9923,서울특별시 동작구청,2026-04-06
06-154,서울특별시 동작구 상도로22나길 13,상도동 193-60,37.50196397,126.9363769,2011-08-24,한전주,02-820-9923,서울특별시 동작구청,2026-04-06
06-155,서울특별시 동작구 상도로22나길 10,상도동 193-57,37.50201358,126.9364759,2019-07-19,벽부주,02-820-9923,서울특별시 동작구청,2026-04-06
06-156,서울특별시 동작구 상도로22나길 3,상도동 194-19,37.50207679,126.9367387,2011-08-24,한전주,02-820-9923,서울특별시 동작구청,2026-04-06
06-157,서울특별시 동작구 상도로22길 26,상도동 194-17,37.50216022,126.9369083,2020-04-11,벽부주,02-820-9923,서울특별시 동작구청,2026-04-06
06-158,서울특별시 동작구 상도로22길 32,상도동 194-25,37.50191259,126.9371884,2011-08-24,한전주,02-820-9923,서울특별시 동작구청,2026-04-06
06-159,서울특별시 동작구 상도로22길 30-3,상도동 194-26,37.50192825,126.936982,2020-04-11,전용주,02-820-9923,서울특별시 동작구청,2026-04-06
06-160,서울특별시 동작구 성대로21길 66-1,상도동 238-30,37.50075018,126.9369689,2011-08-24,전용주,02-820-9923,서울특별시 동작구청,2026-04-06
06-161,서울특별시 동작구 상도로22길 37,상도동 197-1,37.50173704,126.9374543,2011-08-24,한전주,02-820-9923,서울특별시 동작구청,2026-04-06
06-162,서울특별시 동작구 성대로37길 73,상도동 197-1,37.50170556,126.9375703,2011-08-24,한전주,02-820-9923,서울특별시 동작구청,2026-04-06
06-163,서울특별시 동작구 성대로37길 70,상도동 201-4,37.50159986,126.9378757,2011-08-24,한전주,02-820-9923,서울특별시 동작구청,2026-04-06
06-164,서울특별시 동작구 성대로37길 71,상도동 199-1,37.50152999,126.9377994,2011-08-24,전용주,02-820-9923,서울특별시 동작구청,2026-04-06
06-165,서울특별시 동작구 성대로37길 65,상도동 199-3,37.50133415,126.9380399,2011-08-24,한전주,02-820-9923,서울특별시 동작구청,2026-04-06
06-166,서울특별시 동작구 성대로37길 57,상도동 202-94,37.50112258,126.9383596,2011-08-24,한전주,02-820-9923,서울특별시 동작구청,2026-04-06
06-167,서울특별시 동작구 성대로37길 45,상도동 202-80,37.50077818,126.9388066,2011-08-24,한전주,02-820-9923,서울특별시 동작구청,2026-04-06
06-168,서울특별시 동작구 성대로37길 37,상도동 202-168,37.50056212,126.9391686,2011-08-24,한전주,02-820-9923,서울특별시 동작구청,2026-04-06
06-169,서울특별시 동작구 성대로31길 36-8,상도동 202-169,37.50046294,126.939033,2011-08-24,전용주,02-820-9923,서울특별시 동작구청,2026-04-06
06-170,서울특별시 동작구 성대로31길 34,상도동 202-173,37.50030293,126.9388833,2011-08-24,한전주,02-820-9923,서울특별시 동작구청,2026-04-06
06-171,서울특별시 동작구 성대로31길 42,상도동 202-100,37.5004785,126.9386372,2011-08-24,전용주,02-820-9923,서울특별시 동작구청,2026-04-06
06-172,서울특별시 동작구 성대로19길 52,상도동 244-183,37.4999858,126.935522,2020-03-27,한전주,02-820-9923,서울특별시 동작구청,2026-04-06
06-173,서울특별시 동작구 성대로31길 44,상도동 202-81,37.50060456,126.9384731,2011-08-24,한전주,02-820-9923,서울특별시 동작구청,2026-04-06
06-174,서울특별시 동작구 성대로31길 48-1,상도동 202-87,37.50081402,126.938422,2011-08-24,벽부주,02-820-9923,서울특별시 동작구청,2026-04-06
06-175,서울특별시 동작구 성대로31길 52,상도동 199-10,37.50084995,126.9382128,2011-08-24,한전주,02-820-9923,서울특별시 동작구청,2026-04-06
06-176,서울특별시 동작구 성대로31길 56-1,상도동 199-7,37.50100977,126.9380119,2011-08-24,전용주,02-820-9923,서울특별시 동작구청,2026-04-06
06-177,서울특별시 동작구 성대로31길 60,상도동 197-21,37.50111558,126.9379072,2011-08-24,한전주,02-820-9923,서울특별시 동작구청,2026-04-06
06-178,서울특별시 동작구 성대로31길 64-1,상도동 197-6,37.50127541,126.9377148,2011-08-24,전용주,02-820-9923,서울특별시 동작구청,2026-04-06
06-179,서울특별시 동작구 성대로31길 68,상도동 197-19,37.50140371,126.9375451,2011-08-24,한전주,02-820-9923,서울특별시 동작구청,2026-04-06
06-180,서울특별시 동작구 상도로22길 45,상도동 197-11,37.50121661,126.9372625,2011-08-24,한전주,02-820-9923,서울특별시 동작구청,2026-04-06
06-181,서울특별시 동작구 성대로29길 66,상도동 197-15,37.50105232,126.9375369,2019-07-31,통신주,02-820-9923,서울특별시 동작구청,2026-04-06
06-182,서울특별시 동작구 성대로29길 64,상도동 197-20,37.50095329,126.937701,2011-08-24,한전주,02-820-9923,서울특별시 동작구청,2026-04-06
06-183,서울특별시 동작구 성대로25길 61,상도동 188-42,37.50083165,126.9376869,2019-07-31,통신주,02-820-9923,서울특별시 동작구청,2026-04-06
06-184,서울특별시 동작구 성대로29길 54,상도동 199-21,37.50062006,126.9379585,2017-05-29,한전주,02-820-9923,서울특별시 동작구청,2026-04-06
06-185,서울특별시 동작구 성대로29길 45,상도동 188-25,37.50035434,126.9381171,2019-07-26,통신주,02-820-9923,서울특별시 동작구청,2026-04-06
06-186,서울특별시 동작구 성대로29길 44,상도동 202-113,37.50030263,126.9382952,2011-08-24,한전주,02-820-9923,서울특별시 동작구청,2026-04-06
06-187,서울특별시 동작구 성대로29길 38,상도동 202-115,37.50007301,126.9385499,2011-08-24,한전주,02-820-9923,서울특별시 동작구청,2026-04-06
06-188,서울특별시 동작구 성대로31길 32,상도동 202-172,37.50023546,126.93907,2011-08-24,전용주,02-820-9923,서울특별시 동작구청,2026-04-06
06-189,서울특별시 동작구 성대로31길 26,상도동 202-165,37.50018599,126.9392396,2019-12-26,한전주,02-820-9923,서울특별시 동작구청,2026-04-06
06-190,서울특별시 동작구 성대로31길 29,상도동 202-215,37.50001693,126.9390051,2011-08-24,전용주,02-820-9923,서울특별시 동작구청,2026-04-06
06-191,서울특별시 동작구 성대로29길 30,상도동 202-217,37.49987721,126.9388752,2011-08-24,통신주,02-820-9923,서울특별시 동작구청,2026-04-06
06-192,서울특별시 동작구 성대로29길 26,상도동 202-209,37.49977823,126.9391353,2011-08-24,전용주,02-820-9923,서울특별시 동작구청,2026-04-06
06-193,서울특별시 동작구 성대로31길 18,상도동 202-150,37.50003082,126.9397458,2011-08-24,한전주,02-820-9923,서울특별시 동작구청,2026-04-06
06-194,서울특별시 동작구 성대로29길 20-4,상도동 202-199,37.49976263,126.9394661,2011-08-24,전용주,02-820-9923,서울특별시 동작구청,2026-04-06
06-195,서울특별시 동작구 성대로29길 18,상도동 202-200,37.49964101,126.939503,2011-08-24,한전주,02-820-9923,서울특별시 동작구청,2026-04-06
06-196,서울특별시 동작구 성대로29길 14-6,상도동 202-190,37.49986641,126.9397855,2011-08-24,벽부주,02-820-9923,서울특별시 동작구청,2026-04-06
06-197,서울특별시 동작구 성대로31길 13,상도동 202-189,37.49994082,126.9399268,2020-03-05,전용주,02-820-9923,서울특별시 동작구청,2026-04-06
06-198,서울특별시 동작구 성대로21가길 9,상도동 244-88,37.49991194,126.9363956,2011-08-24,벽부주,02-820-9923,서울특별시 동작구청,2026-04-06
06-199,서울특별시 동작구 성대로31길 11,상도동 202-188,37.49990258,126.9400484,2011-08-24,통신주,02-820-9923,서울특별시 동작구청,2026-04-06
06-200,서울특별시 동작구 성대로31길 8,상도동 202-135,37.49988691,126.9402379,2011-08-24,한전주,02-820-9923,서울특별시 동작구청,2026-04-06
06-201,서울특별시 동작구 성대로29길 10-5,상도동 202-186,37.49971332,126.939944,2011-08-24,벽부주,02-820-9923,서울특별시 동작구청,2026-04-06
06-202,서울특별시 동작구 성대로29길 15,상도동 235-5,37.49951269,126.9396445,2011-08-24,전용주,02-820-9923,서울특별시 동작구청,2026-04-06
06-203,서울특별시 동작구 성대로29길 10,상도동 202-253,37.49949253,126.9398678,2011-08-24,한전주,02-820-9923,서울특별시 동작구청,2026-04-06
06-204,서울특별시 동작구 성대로29길 1,상도동 235-6,37.49922221,126.9398313,2011-08-24,전용주,02-820-9923,서울특별시 동작구청,2026-04-06
06-205,서울특별시 동작구 성대로31길 2,상도동 202-123,37.49978123,126.9406112,2011-08-24,한전주,02-820-9923,서울특별시 동작구청,2026-04-06
06-206,서울특별시 동작구 성대로31길 7-4,상도동 202-175,37.4997225,126.9402832,2011-08-24,벽부주,02-820-9923,서울특별시 동작구청,2026-04-06
06-207,서울특별시 동작구 성대로31길 7-6,상도동 202-225,37.49953323,126.9401675,2011-08-24,벽부주,02-820-9923,서울특별시 동작구청,2026-04-06
06-208,서울특별시 동작구 성대로31길 8,상도동 202-134,37.49989373,126.9403594,2011-08-24,벽부주,02-820-9923,서울특별시 동작구청,2026-04-06
06-209,서울특별시 동작구 성대로31길 6-5,상도동 202-132,37.5000582,126.9404357,2011-08-24,벽부주,02-820-9923,서울특별시 동작구청,2026-04-06
06-210,서울특별시 동작구 성대로37길 11,상도동 201-167,37.50025649,126.9405627,2020-04-13,한전주,02-820-9923,서울특별시 동작구청,2026-04-06
06-211,서울특별시 동작구 성대로 205,상도동 201-167,37.50019358,126.9408823,2011-08-24,통신주,02-820-9923,서울특별시 동작구청,2026-04-06
06-212,서울특별시 동작구 성대로37길 17,상도동 201-167,37.50031265,126.9402686,2013-03-22,한전주,02-820-9923,서울특별시 동작구청,2026-04-06
06-213,서울특별시 동작구 성대로31길 12-5,상도동 202-140,37.50013242,126.9401953,2011-08-24,벽부주,02-820-9923,서울특별시 동작구청,2026-04-06
06-214,서울특별시 동작구 성대로31길 16-5,상도동 202-148,37.50025844,126.939969,2013-03-22,벽부주,02-820-9923,서울특별시 동작구청,2026-04-06
06-215,서울특별시 동작구 성대로37길 21,상도동 201-167,37.50038911,126.9400226,2011-08-24,한전주,02-820-9923,서울특별시 동작구청,2026-04-06
06-216,서울특별시 동작구 성대로37길 25,상도동 202-153,37.50043857,126.939836,2011-08-24,한전주,02-820-9923,서울특별시 동작구청,2026-04-06
06-217,서울특별시 동작구 성대로31길 20-5,상도동 202-156,37.50028308,126.9396976,2011-08-24,벽부주,02-820-9923,서울특별시 동작구청,2026-04-06
06-218,서울특별시 동작구 성대로31길 26,상도동 202-163,37.5002559,126.9394035,2011-08-24,전용주,02-820-9923,서울특별시 동작구청,2026-04-06
06-219,서울특별시 동작구 성대로37길 31,상도동 202-162,37.50036179,126.9394544,2018-11-19,벽부주,02-820-9923,서울특별시 동작구청,2026-04-06
06-220,서울특별시 동작구 성대로31길 30-4,상도동 202-166,37.50038868,126.9391744,2011-08-24,전용주,02-820-9923,서울특별시 동작구청,2026-04-06
06-221,서울특별시 동작구 성대로37길 31,상도동 201-167,37.50046314,126.9394203,2011-08-24,한전주,02-820-9923,서울특별시 동작구청,2026-04-06
06-222,서울특별시 동작구 성대로27길 24,상도동 198-51,37.49968115,126.9387142,2011-08-24,한전주,02-820-9923,서울특별시 동작구청,2026-04-06
06-223,서울특별시 동작구 성대로25길 23,상도동 198-32,37.49964053,126.9385559,2011-08-24,한전주,02-820-9923,서울특별시 동작구청,2026-04-06
06-224,서울특별시 동작구 성대로29길 33,상도동 198-31,37.49984319,126.9384455,2020-04-14,한전주,02-820-9923,서울특별시 동작구청,2026-04-06
06-225,서울특별시 동작구 성대로29길 45,상도동 198-39,37.5000819,126.9383237,2020-04-14,한전주,02-820-9923,서울특별시 동작구청,2026-04-06
06-226,서울특별시 동작구 성대로25길 19,상도동 198-13,37.49935889,126.9384261,2011-08-24,한전주,02-820-9923,서울특별시 동작구청,2026-04-06
06-227,서울특별시 동작구 양녕로22가길 25,상도동 214-1,37.49543309,126.9436,2011-08-24,전용주,02-820-9923,서울특별시 동작구청,2026-04-06
06-228,서울특별시 동작구 성대로25길 10-5,상도동 236-21,37.49910895,126.9385846,2011-08-24,통신주,02-820-9923,서울특별시 동작구청,2026-04-06
06-229,서울특별시 동작구 성대로25길 10-7,상도동 236-24,37.49920143,126.9388277,2011-08-24,벽부주,02-820-9923,서울특별시 동작구청,2026-04-06
06-230,서울특별시 동작구 성대로25길 10-8,상도동 198-51,37.49922629,126.938986,2011-08-24,한전주,02-820-9923,서울특별시 동작구청,2026-04-06
06-231,서울특별시 동작구 성대로27길 17,상도동 198-51,37.49948072,126.9387907,2011-08-24,한전주,02-820-9923,서울특별시 동작구청,2026-04-06
06-232,서울특별시 동작구 성대로27길 25,상도동 235-12,37.49966553,126.9389941,2011-08-24,한전주,02-820-9923,서울특별시 동작구청,2026-04-06
06-233,서울특별시 동작구 성대로25길 4-5,상도동 236-29,37.49881166,126.938664,2011-08-24,통신주,02-820-9923,서울특별시 동작구청,2026-04-06
06-234,서울특별시 동작구 성대로25길 4-9,상도동 236-27,37.49890863,126.9388929,2011-08-24,통신주,02-820-9923,서울특별시 동작구청,2026-04-06
06-235,서울특별시 동작구 성대로27길 5,상도동 198-51,37.49899662,126.9391643,2019-08-07,통신주,02-820-9923,서울특별시 동작구청,2026-04-06
06-236,서울특별시 동작구 성대로14길 14,상도동 265-1,37.49728764,126.9361717,2021-06-17,한전주,02-820-9923,서울특별시 동작구청,2026-04-06
06-237,서울특별시 동작구 성대로27길 6-4,상도동 235-32,37.4990688,126.939348,2011-08-24,통신주,02-820-9923,서울특별시 동작구청,2026-04-06
06-238,서울특별시 동작구 성대로27길 6-11,상도동 235-28,37.49931671,126.9396163,2011-08-24,전용주,02-820-9923,서울특별시 동작구청,2026-04-06
06-239,서울특별시 동작구 성대로25길 6,상도동 236-6,37.4987305,126.9385453,2011-08-24,한전주,02-820-9923,서울특별시 동작구청,2026-04-06
06-240,서울특별시 동작구 성대로25길 4,상도동 236-13,37.49860663,126.9385765,2011-08-24,한전주,02-820-9923,서울특별시 동작구청,2026-04-06
06-241,서울특별시 동작구 성대로31길 44-1,상도동 202-81,37.50067669,126.9385692,2011-08-24,전용주,02-820-9923,서울특별시 동작구청,2026-04-06
06-242,서울특별시 동작구 성대로 149,상도동 236-14,37.49853458,126.9386359,2011-08-24,한전주,02-820-9923,서울특별시 동작구청,2026-04-06
06-243,서울특별시 동작구 성대로25가길 31,상도동 198-58,37.50032048,126.9379729,2011-08-24,전용주,02-820-9923,서울특별시 동작구청,2026-04-06
06-244,서울특별시 동작구 성대로25가길 27-1,상도동 198-44,37.50025506,126.937792,2011-08-24,전용주,02-820-9923,서울특별시 동작구청,2026-04-06
06-245,서울특별시 동작구 성대로25가길 27-6,상도동 198-1,37.5006086,126.9375797,2011-08-24,벽부주,02-820-9923,서울특별시 동작구청,2026-04-06
06-246,서울특별시 동작구 성대로25가길 25,상도동 198-42,37.50001184,126.937894,2011-08-24,한전주,02-820-9923,서울특별시 동작구청,2026-04-06
06-247,서울특별시 동작구 성대로25가길 18,상도동 198-6,37.49978892,126.9380384,2011-08-24,전용주,02-820-9923,서울특별시 동작구청,2026-04-06
06-248,서울특별시 동작구 성대로25가길 15,상도동 198-68,37.49965602,126.9380413,2011-08-24,한전주,02-820-9923,서울특별시 동작구청,2026-04-06
06-249,서울특별시 동작구 성대로25가길 10,상도동 198-68,37.4995209,126.9380951,2011-08-24,통신주,02-820-9923,서울특별시 동작구청,2026-04-06
06-250,서울특별시 동작구 성대로25길 19,상도동 198-13,37.49929797,126.9382169,2011-08-24,한전주,02-820-9923,서울특별시 동작구청,2026-04-06
06-251,서울특별시 동작구 양녕로29길 56,상도동 202-30,37.50014193,126.9411961,2015-01-29,한전주,02-820-9923,서울특별시 동작구청,2026-04-06
06-252,서울특별시 동작구 양녕로27길 41,상도동 210-361,37.49919599,126.9414428,2011-08-24,한전주,02-820-9923,서울특별시 동작구청,2026-04-06
06-253,서울특별시 동작구 양녕로27길 44,상도동 210-361,37.49918905,126.9410696,2011-08-24,전용주,02-820-9923,서울특별시 동작구청,2026-04-06
06-254,서울특별시 동작구 양녕로25가길 48,상도동 210-361,37.49915966,126.9408576,2011-08-24,전용주,02-820-9923,서울특별시 동작구청,2026-04-06
06-255,서울특별시 동작구 양녕로27길 59,상도동 210-313,37.49911674,126.9406173,2011-08-24,전용주,02-820-9923,서울특별시 동작구청,2026-04-06
06-257,서울특별시 동작구 양녕로27길 41,상도동 210-234,37.49905414,126.9415532,2011-08-24,전용주,02-820-9923,서울특별시 동작구청,2026-04-06
06-258,서울특별시 동작구 양녕로25가길 15,상도동 210-308,37.4987866,126.942591,2020-04-16,통신주,02-820-9923,서울특별시 동작구청,2026-04-06
06-259,서울특별시 동작구 양녕로25가길 8,상도동 209-7,37.49854797,126.9428767,2020-04-16,통신주,02-820-9923,서울특별시 동작구청,2026-04-06
06-260,서울특별시 동작구 양녕로25바길48,상도동 210-361,37.49894072,126.9399644,2020-04-17,전용주,02-820-9923,서울특별시 동작구청,2026-04-06
06-261,서울특별시 동작구 양녕로25바길 13,상도동 210-94,37.49773399,126.9412037,2020-04-17,통신주,02-820-9923,서울특별시 동작구청,2026-04-06
06-262,서울특별시 동작구 양녕로25길36,상도동 210-118,37.49763973,126.9419049,2019-04-01,전용주,02-820-9923,서울특별시 동작구청,2026-04-06
06-263,서울특별시 동작구 양녕로25라길32,상도동 210-62,37.49881284,126.9409936,2019-05-20,통신주,02-820-9923,서울특별시 동작구청,2026-04-06
06-264,서울특별시 동작구 양녕로25라길 28,상도동 210-153,37.49864627,126.9412143,2014-02-22,벽부주,02-820-9923,서울특별시 동작구청,2026-04-06
06-265,서울특별시 동작구 양녕로25라길 18,상도동 210-94,37.49831534,126.9416075,2018-03-27,통신주,02-820-9923,서울특별시 동작구청,2026-04-06
06-266,서울특별시 동작구 양녕로25길 22,상도동 210-94,37.49793065,126.9426058,2020-04-17,통신주,02-820-9923,서울특별시 동작구청,2026-04-06
06-267,서울특별시 동작구 양녕로25다길 19,상도동 210-148,37.49854066,126.9417345,2011-08-24,한전주,02-820-9923,서울특별시 동작구청,2026-04-06
06-268,서울특별시 동작구 양녕로25길 49,상도동 210-285,37.49697737,126.9416509,2020-04-17,전용주,02-820-9923,서울특별시 동작구청,2026-04-06
06-269,서울특별시 동작구 양녕로23길 52-14,상도동 226-24,37.4968507,126.9405993,2011-08-24,통신주,02-820-9923,서울특별시 동작구청,2026-04-06
06-270,서울특별시 동작구 양녕로23길 52-9,상도동 226-22,37.49677855,126.9404467,2011-08-24,한전주,02-820-9923,서울특별시 동작구청,2026-04-06
06-271,서울특별시 동작구 양녕로23길 52-4,상도동 226-11,37.4966612,126.9400256,2019-12-19,전용주,02-820-9923,서울특별시 동작구청,2026-04-06
06-274,서울특별시 동작구 양녕로30길 11-9,상도동 211-444,37.49941399,126.9450898,2020-03-27,전용주,02-820-9923,서울특별시 동작구청,2026-04-06
06-277,서울특별시 동작구 양녕로26길 15,상도동 210-352,37.4975507,126.9441129,2020-04-21,전용주,02-820-9923,서울특별시 동작구청,2026-04-06
06-278,서울특별시 동작구 양녕로20길 115,상도동 211-371,37.49737766,126.9449669,2011-08-24,한전주,02-820-9923,서울특별시 동작구청,2026-04-06
06-279,서울특별시 동작구 양녕로26나길 23,상도동 214-350,37.49712103,126.9453233,2011-08-24,통신주,02-820-9923,서울특별시 동작구청,2026-04-06
06-2791,서울특별시 동작구 양녕로26길 69,상도동 214-123,37.49530682,126.94334,2020-04-03,통신주,02-820-9923,서울특별시 동작구청,2026-04-06
06-280,서울특별시 동작구 양녕로22라길 16,상도동 214-1,37.49605809,126.9458584,2019-09-18,전용주,02-820-9923,서울특별시 동작구청,2026-04-06
06-281,서울특별시 동작구 양녕로22길99,상도동 214-1,37.49509877,126.9464019,2020-02-07,전용주,02-820-9923,서울특별시 동작구청,2026-04-06
06-282,서울특별시 동작구 성대로29길 24-6,상도동 202-206,37.49997202,126.9392766,2011-08-24,벽부주,02-820-9923,서울특별시 동작구청,2026-04-06
06-283,서울특별시 동작구 ,상도동 산 65-217,37.49245499,126.9430255,2020-04-21,한전주,02-820-9923,서울특별시 동작구청,2026-04-06
06-284,서울특별시 동작구 ,상도동 산 65-239,37.4926095,126.9434777,2020-04-21,한전주,02-820-9923,서울특별시 동작구청,2026-04-06
06-285,서울특별시 동작구 양녕로22가길 1,상도동 214-1,37.49444069,126.9432587,2020-04-21,한전주,02-820-9923,서울특별시 동작구청,2026-04-06
06-286,서울특별시 동작구 양녕로22가길 39,상도동 214-200,37.49605952,126.9440886,2011-08-24,벽부주,02-820-9923,서울특별시 동작구청,2026-04-06
06-287,서울특별시 동작구 양녕로26길 53,상도동 214-297,37.49610676,126.9439529,2020-04-22,벽부주,02-820-9923,서울특별시 동작구청,2026-04-06
06-288,서울특별시 동작구 성대로31길 20,상도동 202-151,37.50007358,126.9396695,2015-01-29,벽부주,02-820-9923,서울특별시 동작구청,2026-04-06
06-289,서울특별시 동작구 양녕로26길 29,상도동 210-339,37.49732323,126.9441979,2020-04-22,한전주,02-820-9923,서울특별시 동작구청,2026-04-06
06-290,서울특별시 동작구 양녕로20길 130,상도동 212-44,37.49804235,126.9454074,2019-01-11,통신주,02-820-9923,서울특별시 동작구청,2026-04-06
06-291,서울특별시 동작구 성대로27길 12-10,상도동 235-7,37.49946524,126.9393533,2011-08-24,한전주,02-820-9923,서울특별시 동작구청,2026-04-06
06-292,서울특별시 동작구 양녕로22라길 40,상도동 211-201,37.4971373,126.9464174,2020-03-30,벽부주,02-820-9923,서울특별시 동작구청,2026-04-06
06-293,서울특별시 동작구 양녕로22라길 51,상도동 211-162,37.49762157,126.9463718,2020-03-30,한전주,02-820-9923,서울특별시 동작구청,2026-04-06
06-294,서울특별시 동작구 양녕로22라길 75,상도동 211-155,37.49854058,126.9463202,2020-03-30,한전주,02-820-9923,서울특별시 동작구청,2026-04-06
06-295,서울특별시 동작구 양녕로22라길 80,상도동 211-180,37.4987726,126.9463568,2011-08-24,전용주,02-820-9923,서울특별시 동작구청,2026-04-06
06-296,서울특별시 동작구 양녕로22라길 76,상도동 211-147,37.49873212,126.9464954,2020-04-22,벽부주,02-820-9923,서울특별시 동작구청,2026-04-06
06-297,서울특별시 동작구 성대로27길 5,상도동 236-5,37.49887277,126.9392294,2017-06-26,한전주,02-820-9923,서울특별시 동작구청,2026-04-06
06-298,서울특별시 동작구 양녕로22마길 38,상도동 214-20,37.49673879,126.9468163,2015-01-29,한전주,02-820-9923,서울특별시 동작구청,2026-04-06
06-299,서울특별시 동작구 양녕로22바길 42,상도동 214-1,37.49663753,126.9470482,2011-08-24,한전주,02-820-9923,서울특별시 동작구청,2026-04-06
06-300,서울특별시 동작구 양녕로22바길 56,상도동 211-476,37.49735614,126.9471692,2020-03-30,벽부주,02-820-9923,서울특별시 동작구청,2026-04-06
06-301,서울특별시 동작구 양녕로22바길 62,상도동 211-70,37.49754985,126.9471747,2011-08-24,벽부주,02-820-9923,서울특별시 동작구청,2026-04-06
06-302,서울특별시 동작구 양녕로22바길 70,상도동 211-82,37.49794854,126.9471631,2011-08-24,벽부주,02-820-9923,서울특별시 동작구청,2026-04-06
06-303,서울특별시 동작구 양녕로22바길 64,상도동 211-76,37.49802748,126.9473751,2020-04-22,벽부주,02-820-9923,서울특별시 동작구청,2026-04-06
06-304,서울특별시 동작구 양녕로22바길 64,상도동 211-77,37.4978788,126.9473554,2020-04-22,벽부주,02-820-9923,서울특별시 동작구청,2026-04-06
06-305,서울특별시 동작구 양녕로22바길 80,상도동 211-180,37.49839003,126.9471544,2011-08-24,전용주,02-820-9923,서울특별시 동작구청,2026-04-06
06-306,서울특별시 동작구 성대로25길 10,상도동 198-56,37.49893316,126.9384151,2020-04-14,한전주,02-820-9923,서울특별시 동작구청,2026-04-06
06-319,서울특별시 동작구 ,상도동 산 65-49,37.49793493,126.9377148,2020-04-20,한전주,02-820-9923,서울특별시 동작구청,2026-04-06
06-320,서울특별시 동작구 장승배기로1길16,상도동 201-167,37.50012871,126.941804,2011-08-24,전용주,02-820-9923,서울특별시 동작구청,2026-04-06
06-321,서울특별시 동작구 장승배기로1길12,상도동 201-167,37.50005674,126.9420246,2011-08-24,한전주,02-820-9923,서울특별시 동작구청,2026-04-06
06-322,서울특별시 동작구 양녕로29길 39,상도동 203-8,37.49991028,126.9419201,2011-08-24,한전주,02-820-9923,서울특별시 동작구청,2026-04-06
06-323,서울특별시 동작구 양녕로29길 37,상도동 203-8,37.49983157,126.9421831,2011-08-24,한전주,02-820-9923,서울특별시 동작구청,2026-04-06
06-324,서울특별시 동작구 양녕로29길30,상도동 203-44,37.49975738,126.9424743,2011-08-24,전용주,02-820-9923,서울특별시 동작구청,2026-04-06
06-325,서울특별시 동작구 양녕로29길 28,상도동 203-44,37.49964708,126.9426384,2011-08-24,전용주,02-820-9923,서울특별시 동작구청,2026-04-06
06-326,서울특별시 동작구 양녕로29길 22,상도동 203-35,37.49953003,126.9427911,2011-08-24,한전주,02-820-9923,서울특별시 동작구청,2026-04-06
06-327,서울특별시 동작구 양녕로29길 18,상도동 208-23,37.49932521,126.9431193,2011-08-24,한전주,02-820-9923,서울특별시 동작구청,2026-04-06
06-328,서울특별시 동작구 양녕로29길 12,상도동 208-22,37.4991924,126.9433003,2011-08-24,한전주,02-820-9923,서울특별시 동작구청,2026-04-06
06-329,서울특별시 동작구 양녕로29길 6,상도동 208-20,37.49902582,126.9435407,2011-08-24,한전주,02-820-9923,서울특별시 동작구청,2026-04-06
06-330,서울특별시 동작구 장승배기로 1,상도동 208-14,37.49887727,126.9437783,2020-05-28,한전주,02-820-9923,서울특별시 동작구청,2026-04-06
06-331,서울특별시 동작구 양녕로27길 6,상도동 208-33,37.4987938,126.9435098,2011-08-24,전용주,02-820-9923,서울특별시 동작구청,2026-04-06
06-332,서울특별시 동작구 양녕로27길 16,상도동 210-36,37.499003,126.9429273,2019-08-13,전용주,02-820-9923,서울특별시 동작구청,2026-04-06
06-333,서울특별시 동작구 양녕로27길 16,상도동 208-45,37.49906598,126.9427378,2011-08-24,전용주,02-820-9923,서울특별시 동작구청,2026-04-06
06-334,서울특별시 동작구 양녕로27길 18,상도동 210-361,37.49914019,126.9424833,2011-08-24,전용주,02-820-9923,서울특별시 동작구청,2026-04-06
06-335,서울특별시 동작구 양녕로27길 18,상도동 208-45,37.49911557,126.9427971,2011-08-24,한전주,02-820-9923,서울특별시 동작구청,2026-04-06
06-337,서울특별시 동작구 양녕로27가길 2,상도동 203-35,37.49919198,126.9424521,2011-08-24,한전주,02-820-9923,서울특별시 동작구청,2026-04-06
06-338,서울특별시 동작구 양녕로27가길 4-1,상도동 203-35,37.49942637,126.9427121,2011-08-24,한전주,02-820-9923,서울특별시 동작구청,2026-04-06
06-339,서울특별시 동작구 양녕로27가길 6,상도동 203-49,37.49935196,126.9425566,2011-08-24,전용주,02-820-9923,서울특별시 동작구청,2026-04-06
06-340,서울특별시 동작구 양녕로27가길 10,상도동 203-52,37.49945547,126.9423247,2011-08-24,한전주,02-820-9923,서울특별시 동작구청,2026-04-06
06-341,서울특별시 동작구 양녕로27가길 15,상도동 202-44,37.49959952,126.9421013,2011-08-24,한전주,02-820-9923,서울특별시 동작구청,2026-04-06
06-342,서울특별시 동작구 양녕로27가길 20,상도동 202-39,37.49965122,126.9418835,2011-08-24,벽부주,02-820-9923,서울특별시 동작구청,2026-04-06
06-343,서울특별시 동작구 양녕로27가길 27,상도동 202-48,37.49969159,126.9415329,2011-08-24,한전주,02-820-9923,서울특별시 동작구청,2026-04-06
06-344,서울특별시 동작구 양녕로27가길 27,상도동 202-55,37.49975911,126.9414085,2011-08-24,한전주,02-820-9923,서울특별시 동작구청,2026-04-06
06-345,서울특별시 동작구 양녕로27가길 32,상도동 202-67,37.49988961,126.9411172,2011-08-24,전용주,02-820-9923,서울특별시 동작구청,2026-04-06
06-346,서울특별시 동작구 양녕로29길 49,상도동 202-55,37.50002045,126.9415044,2011-08-24,한전주,02-820-9923,서울특별시 동작구청,2026-04-06
06-347,서울특별시 동작구 양녕로27나길 20,상도동 202-55,37.49956309,126.9413153,2011-08-24,한전주,02-820-9923,서울특별시 동작구청,2026-04-06
06-349,서울특별시 동작구 양녕로27나길 12,상도동 202-53,37.49943941,126.9417367,2011-08-24,한전주,02-820-9923,서울특별시 동작구청,2026-04-06
06-350,서울특별시 동작구 양녕로27나길 12,상도동 202-54,37.49940343,126.9418554,2011-08-24,한전주,02-820-9923,서울특별시 동작구청,2026-04-06
06-351,서울특별시 동작구 양녕로27나길 6,상도동 203-57,37.49933596,126.942076,2011-08-24,통신주,02-820-9923,서울특별시 동작구청,2026-04-06
06-352,서울특별시 동작구 양녕로25가길 26,상도동 210-361,37.4991378,126.9422062,2011-08-24,전용주,02-820-9923,서울특별시 동작구청,2026-04-06
06-353,서울특별시 동작구 양녕로25가길32,상도동 210-248,37.49915339,126.9418358,2011-08-24,한전주,02-820-9923,서울특별시 동작구청,2026-04-06
06-354,서울특별시 동작구 양녕로27길 45,상도동 210-361,37.49919813,126.9412166,2019-08-16,전용주,02-820-9923,서울특별시 동작구청,2026-04-06
06-357,서울특별시 동작구 성대로 188-8,상도동 202-234,37.49936016,126.9409112,2011-08-24,한전주,02-820-9923,서울특별시 동작구청,2026-04-06
06-358,서울특별시 동작구 성대로 190,상도동 202-241,37.49946591,126.9406793,2011-08-24,벽부주,02-820-9923,서울특별시 동작구청,2026-04-06
06-359,서울특별시 동작구 성대로 186,상도동 202-68,37.49948158,126.9404813,2011-08-24,한전주,02-820-9923,서울특별시 동작구청,2026-04-06
06-360,서울특별시 동작구 양녕로27길 60,상도동 202-236,37.49922256,126.940507,2011-08-24,전용주,02-820-9923,서울특별시 동작구청,2026-04-06
06-362,서울특별시 동작구 양녕로25가길 42,상도동 210-216,37.49909677,126.9412111,2011-08-24,벽부주,02-820-9923,서울특별시 동작구청,2026-04-06
06-365,서울특별시 동작구 ,상도동 231-28,37.4985216,126.9396707,2019-08-19,한전주,02-820-9923,서울특별시 동작구청,2026-04-06
06-366,서울특별시 동작구 양녕로25사길 45-9,상도동 231-24,37.49818832,126.9398491,2011-08-24,한전주,02-820-9923,서울특별시 동작구청,2026-04-06
06-367,서울특별시 동작구 양녕로25사길 45-11,상도동 230-1,37.49796988,126.9399623,2011-08-24,한전주,02-820-9923,서울특별시 동작구청,2026-04-06
06-368,서울특별시 동작구 양녕로25사길 45-17,상도동 230-4,37.49776725,126.9401412,2011-08-24,한전주,02-820-9923,서울특별시 동작구청,2026-04-06
06-369,서울특별시 동작구 양녕로25사길 45-23,상도동 230-5,37.49769071,126.9402368,2011-08-24,벽부주,02-820-9923,서울특별시 동작구청,2026-04-06
06-370,서울특별시 동작구 양녕로25사길 45-27,상도동 230-8,37.49753318,126.9405259,2011-08-24,한전주,02-820-9923,서울특별시 동작구청,2026-04-06
06-371,서울특별시 동작구 양녕로25사길 45-29,상도동 227-25,37.49740713,126.9407007,2011-08-24,한전주,02-820-9923,서울특별시 동작구청,2026-04-06
06-372,서울특별시 동작구 양녕로25길 60-23,상도동 227-29,37.49717502,126.9405058,2011-08-24,한전주,02-820-9923,서울특별시 동작구청,2026-04-06
06-373,서울특별시 동작구 양녕로25길 60-11,상도동 210-336,37.49716617,126.9408196,2011-08-24,벽부주,02-820-9923,서울특별시 동작구청,2026-04-06
06-374,서울특별시 동작구 양녕로25사길 5-2,상도동 227-18,37.49727215,126.94104,2011-08-24,전용주,02-820-9923,서울특별시 동작구청,2026-04-06
06-375,서울특별시 동작구 양녕로25사길 5-5,상도동 227-14,37.49709869,126.941026,2011-08-24,벽부주,02-820-9923,서울특별시 동작구청,2026-04-06
06-376,서울특별시 동작구 양녕로25길 60-2,상도동 227-10,37.49684638,126.9409584,2011-08-24,한전주,02-820-9923,서울특별시 동작구청,2026-04-06
06-377,서울특별시 동작구 양녕로25길 60-8,상도동 227-6,37.49695893,126.9408056,2011-08-24,한전주,02-820-9923,서울특별시 동작구청,2026-04-06
06-378,서울특별시 동작구 양녕로23길 52-19,상도동 226-8,37.49697907,126.9405427,2020-04-19,전용주,02-820-9923,서울특별시 동작구청,2026-04-06
06-379,서울특별시 동작구 성대로16길 42,상도동 279-22,37.49670506,126.9377186,2020-04-28,전용주,02-820-9923,서울특별시 동작구청,2026-04-06
06-380,서울특별시 동작구 양녕로23길 52-7,상도동 226-20,37.49675595,126.9403082,2011-08-24,한전주,02-820-9923,서울특별시 동작구청,2026-04-06
06-381,서울특별시 동작구 양녕로23길 52-3,상도동 산 65-165,37.49668593,126.9399266,2011-08-24,전용주,02-820-9923,서울특별시 동작구청,2026-04-06
06-382,서울특별시 동작구 양녕로23길 46,상도동 226-29,37.49656907,126.940461,2011-08-24,벽부주,02-820-9923,서울특별시 동작구청,2026-04-06
06-383,서울특별시 동작구 양녕로25길 64-1,상도동 215-31,37.4966504,126.9409472,2011-08-24,전용주,02-820-9923,서울특별시 동작구청,2026-04-06
06-384,서울특별시 동작구 양녕로25길 58,상도동 227-11,37.49687356,126.9412637,2011-08-24,벽부주,02-820-9923,서울특별시 동작구청,2026-04-06
06-385,서울특별시 동작구 양녕로25사길 7,상도동 210-479,37.49729025,126.9412012,2011-08-24,한전주,02-820-9923,서울특별시 동작구청,2026-04-06
06-386,서울특별시 동작구 양녕로25사길 8,상도동 228-12,37.49740285,126.9411643,2011-08-24,한전주,02-820-9923,서울특별시 동작구청,2026-04-06
06-387,서울특별시 동작구 양녕로25사길 15,상도동 210-479,37.49755364,126.9408956,2011-08-24,한전주,02-820-9923,서울특별시 동작구청,2026-04-06
06-388,서울특별시 동작구 양녕로25사길 18,상도동 228-1,37.49763699,126.9409125,2011-08-24,한전주,02-820-9923,서울특별시 동작구청,2026-04-06
06-389,서울특별시 동작구 양녕로25사길 19-1,상도동 210-479,37.49772473,126.940692,2011-08-24,전용주,02-820-9923,서울특별시 동작구청,2026-04-06
06-390,서울특별시 동작구 양녕로25사길 26,상도동 231-35,37.49800617,126.9404514,2011-08-24,한전주,02-820-9923,서울특별시 동작구청,2026-04-06
06-391,서울특별시 동작구 양녕로25사길 33,상도동 235-8,37.49811419,126.9402478,2011-08-24,한전주,02-820-9923,서울특별시 동작구청,2026-04-06
06-392,서울특별시 동작구 양녕로25사길 34,상도동 231-11,37.49829432,126.9401063,2011-08-24,한전주,02-820-9923,서울특별시 동작구청,2026-04-06
06-393,서울특별시 동작구 양녕로25사길 46,상도동 231-7,37.49860048,126.939747,2011-08-24,한전주,02-820-9923,서울특별시 동작구청,2026-04-06
06-394,서울특별시 동작구 양녕로25바길 44-1,상도동 210-361,37.49877407,126.9400465,2011-08-24,한전주,02-820-9923,서울특별시 동작구청,2026-04-06
06-395,서울특별시 동작구 양녕로25바길 39,상도동 231-2,37.49861644,126.9401371,2011-08-24,전용주,02-820-9923,서울특별시 동작구청,2026-04-06
06-396,서울특별시 동작구 양녕로25바길 36,상도동 210-160,37.4984859,126.9403493,2011-08-24,한전주,02-820-9923,서울특별시 동작구청,2026-04-06
06-397,서울특별시 동작구 양녕로25바길 29,상도동 210-430,37.49824725,126.94057,2011-08-24,통신주,02-820-9923,서울특별시 동작구청,2026-04-06
06-398,서울특별시 동작구 양녕로25바길 27,상도동 210-94,37.49814595,126.9406888,2011-08-24,통신주,02-820-9923,서울특별시 동작구청,2026-04-06
06-399,서울특별시 동작구 양녕로25바길 23,상도동 210-94,37.49803339,126.9408302,2011-08-24,한전주,02-820-9923,서울특별시 동작구청,2026-04-06
06-400,서울특별시 동작구 양녕로25바길 17,상도동 210-94,37.49792765,126.9410904,2011-08-24,한전주,02-820-9923,서울특별시 동작구청,2026-04-06
06-401,서울특별시 동작구 양녕로25바길 10,상도동 210-94,37.49759442,126.9413706,2011-08-24,한전주,02-820-9923,서울특별시 동작구청,2026-04-06
06-402,서울특별시 동작구 양녕로25바길 5,상도동 210-94,37.49744359,126.941546,2011-08-24,한전주,02-820-9923,서울특별시 동작구청,2026-04-06
06-405,서울특별시 동작구 양녕로25마길 15,상도동 210-94,37.49806289,126.9412684,2020-04-17,한전주,02-820-9923,서울특별시 동작구청,2026-04-06
06-407,서울특별시 동작구 양녕로25마길 20,상도동 210-163,37.49823415,126.9414012,2011-08-24,전용주,02-820-9923,서울특별시 동작구청,2026-04-06
06-408,서울특별시 동작구 양녕로25마길 20,상도동 210-166,37.49818451,126.9412401,2011-08-24,전용주,02-820-9923,서울특별시 동작구청,2026-04-06
06-409,서울특별시 동작구 양녕로25마길 25,상도동 210-94,37.49834431,126.9409657,2011-08-24,한전주,02-820-9923,서울특별시 동작구청,2026-04-06
06-410,서울특별시 동작구 양녕로25마길 35,상도동 210-156,37.49861898,126.9407054,2011-08-24,통신주,02-820-9923,서울특별시 동작구청,2026-04-06
06-411,서울특별시 동작구 양녕로25마길 39,상도동 210-242,37.49882156,126.9404027,2011-08-24,한전주,02-820-9923,서울특별시 동작구청,2026-04-06
06-412,서울특별시 동작구 양녕로25라길 39,상도동 210-241,37.49893202,126.9405836,2011-08-24,벽부주,02-820-9923,서울특별시 동작구청,2026-04-06
06-413,서울특별시 동작구 양녕로25라길 39,상도동 210-94,37.49894787,126.940739,2011-08-24,한전주,02-820-9923,서울특별시 동작구청,2026-04-06
06-414,서울특별시 동작구 양녕로25라길 31,상도동 210-94,37.49869575,126.9410615,2011-08-24,한전주,02-820-9923,서울특별시 동작구청,2026-04-06
06-415,서울특별시 동작구 양녕로25라길 21,상도동 210-94,37.49841437,126.9414321,2011-08-24,한전주,02-820-9923,서울특별시 동작구청,2026-04-06
06-416,서울특별시 동작구 양녕로25라길 13,상도동 210-94,37.49818248,126.9416868,2011-08-24,전용주,02-820-9923,서울특별시 동작구청,2026-04-06
06-417,서울특별시 동작구 양녕로25라길 9,상도동 210-94,37.49806542,126.9418339,2011-08-24,한전주,02-820-9923,서울특별시 동작구청,2026-04-06
06-418,서울특별시 동작구 양녕로25라길 7,상도동 210-173,37.49784032,126.9421365,2014-02-22,전용주,02-820-9923,서울특별시 동작구청,2026-04-06
06-419,서울특별시 동작구 양녕로25길 32,상도동 210-180,37.4977525,126.942196,2011-08-24,한전주,02-820-9923,서울특별시 동작구청,2026-04-06
06-420,서울특별시 동작구 양녕로25길 32,상도동 210-180,37.49770971,126.942213,2011-08-24,한전주,02-820-9923,서울특별시 동작구청,2026-04-06
06-421,서울특별시 동작구 양녕로25길 2,상도동 210-274,37.4979734,126.942504,2011-08-24,전용주,02-820-9923,서울특별시 동작구청,2026-04-06
06-422,서울특별시 동작구 양녕로25다길 3,상도동 210-94,37.49809269,126.9423116,2011-08-24,전용주,02-820-9923,서울특별시 동작구청,2026-04-06
06-423,서울특별시 동작구 양녕로25다길 11,상도동 210-94,37.49825928,126.9421136,2011-08-24,한전주,02-820-9923,서울특별시 동작구청,2026-04-06
06-424,서울특별시 동작구 양녕로25다길 15,상도동 210-94,37.4984844,126.9418533,2011-08-24,한전주,02-820-9923,서울특별시 동작구청,2026-04-06
06-425,서울특별시 동작구 양녕로25다길 19,상도동 210-148,37.49844151,126.9416583,2011-08-24,한전주,02-820-9923,서울특별시 동작구청,2026-04-06
06-426,서울특별시 동작구 양녕로25다길 28,상도동 210-128,37.49880635,126.9415279,2019-08-23,통신주,02-820-9923,서울특별시 동작구청,2026-04-06
06-427,서울특별시 동작구 양녕로25다길 32,상도동 210-57,37.49892566,126.941378,2011-08-24,전용주,02-820-9923,서울특별시 동작구청,2026-04-06
06-428,서울특별시 동작구 성대로14길 7,상도동 265-7,37.49741375,126.9361235,2019-08-30,한전주,02-820-9923,서울특별시 동작구청,2026-04-06
06-429,서울특별시 동작구 양녕로25가길 46,상도동 210-435,37.49906734,126.9409255,2011-08-24,전용주,02-820-9923,서울특별시 동작구청,2026-04-06
06-431,서울특별시 동작구 양녕로25가길 32,상도동 210-233,37.49902274,126.9418218,2011-08-24,한전주,02-820-9923,서울특별시 동작구청,2026-04-06
06-432,서울특별시 동작구 양녕로25나길 25,상도동 210-94,37.49885835,126.9419237,2011-08-24,벽부주,02-820-9923,서울특별시 동작구청,2026-04-06
06-433,서울특별시 동작구 양녕로 182,상도동 210-54,37.49864437,126.9419437,2011-08-24,한전주,02-820-9923,서울특별시 동작구청,2026-04-06
06-434,서울특별시 동작구 양녕로25나길 17,상도동 210-94,37.49866698,126.9421105,2011-08-24,한전주,02-820-9923,서울특별시 동작구청,2026-04-06
06-435,서울특별시 동작구 양녕로25나길 15,상도동 210-94,37.49853642,126.9422745,2011-08-24,벽부주,02-820-9923,서울특별시 동작구청,2026-04-06
06-436,서울특별시 동작구 양녕로25나길 11,상도동 210-94,37.4984126,126.9424188,2011-08-24,한전주,02-820-9923,서울특별시 동작구청,2026-04-06
06-437,서울특별시 동작구 양녕로25나길 5,상도동 210-94,37.49827978,126.9425857,2011-08-24,한전주,02-820-9923,서울특별시 동작구청,2026-04-06
06-438,서울특별시 동작구 양녕로25나길 2,상도동 210-223,37.498138,126.9428516,2011-08-24,전용주,02-820-9923,서울특별시 동작구청,2026-04-06
06-439,서울특별시 동작구 양녕로25길 12,상도동 210-94,37.49830481,126.9431116,2011-08-24,한전주,02-820-9923,서울특별시 동작구청,2026-04-06
06-440,서울특별시 동작구 양녕로25길 6,상도동 210-94,37.49840852,126.9433009,2011-08-24,벽부주,02-820-9923,서울특별시 동작구청,2026-04-06
06-441,서울특별시 동작구 양녕로25길 2-3,상도동 210-215,37.498546,126.9434591,2011-08-24,한전주,02-820-9923,서울특별시 동작구청,2026-04-06
06-442,서울특별시 동작구 양녕로25길 2-4,상도동 209-19,37.49865181,126.9433318,2011-08-24,한전주,02-820-9923,서울특별시 동작구청,2026-04-06
06-443,서울특별시 동작구 양녕로25길 2-9,상도동 210-281,37.49879358,126.9430433,2011-08-24,한전주,02-820-9923,서울특별시 동작구청,2026-04-06
06-444,서울특별시 동작구 양녕로25가길 4,상도동 210-212,37.49843318,126.9430606,2011-08-24,벽부주,02-820-9923,서울특별시 동작구청,2026-04-06
06-445,서울특별시 동작구 양녕로25가길 11,상도동 210-94,37.49866275,126.9426731,2011-08-24,한전주,02-820-9923,서울특별시 동작구청,2026-04-06
06-446,서울특별시 동작구 양녕로25가길 23,상도동 210-91,37.49894418,126.9424014,2011-08-24,한전주,02-820-9923,서울특별시 동작구청,2026-04-06
06-447,서울특별시 동작구 양녕로25가길 26,상도동 210-245,37.49903868,126.9421752,2014-02-22,한전주,02-820-9923,서울특별시 동작구청,2026-04-06
06-449,서울특별시 동작구 양녕로27길 8,상도동 208-34,37.4989018,126.9432666,2021-07-21,벽부주,02-820-9923,서울특별시 동작구청,2026-04-06
06-450,서울특별시 동작구 상도로22길 30,상도동 194-22,37.50198689,126.9371149,2022-05-18,통신주,02-820-9923,서울특별시 동작구청,2026-04-06
06-452,서울특별시 동작구 성대로1길 10,상도동 347-3,37.50074133,126.933169,2011-08-24,한전주,02-820-9923,서울특별시 동작구청,2026-04-06
06-453,서울특별시 동작구 성대로1길 8,상도동 248-27,37.50044382,126.9328555,2011-08-24,한전주,02-820-9923,서울특별시 동작구청,2026-04-06
06-454,서울특별시 동작구 성대로21길 71,상도동 238-4,37.50103393,126.9368358,2011-08-24,한전주,02-820-9923,서울특별시 동작구청,2026-04-06
06-455,서울특별시 동작구 성대로21다길 5,상도동 239-6,37.50104053,126.9365587,2011-08-24,한전주,02-820-9923,서울특별시 동작구청,2026-04-06
06-456,서울특별시 동작구 성대로21다길 7,상도동 239-5,37.50107199,126.9364031,2011-08-24,한전주,02-820-9923,서울특별시 동작구청,2026-04-06
06-457,서울특별시 동작구 성대로21다길 5-10,상도동 239-5,37.50083093,126.9363383,2011-08-24,한전주,02-820-9923,서울특별시 동작구청,2026-04-06
06-458,서울특별시 동작구 성대로21다길 12,상도동 239-5,37.50109433,126.9360723,2011-08-24,한전주,02-820-9923,서울특별시 동작구청,2026-04-06
06-459,서울특별시 동작구 성대로21다길 16,상도동 239-5,37.50101085,126.9358095,2011-08-24,통신주,02-820-9923,서울특별시 동작구청,2026-04-06
06-460,서울특별시 동작구 성대로21다길 15-1,상도동 239-5,37.50086901,126.9359396,2020-04-23,벽부주,02-820-9923,서울특별시 동작구청,2026-04-06
06-461,서울특별시 동작구 성대로21다길 24,상도동 239-5,37.50090484,126.9355551,2011-08-24,한전주,02-820-9923,서울특별시 동작구청,2026-04-06
06-462,서울특별시 동작구 성대로21다길 26,상도동 239-5,37.50086199,126.9354534,2011-08-24,전용주,02-820-9923,서울특별시 동작구청,2026-04-06
06-463,서울특별시 동작구 성대로21다길 25-2,상도동 239-83,37.50069087,126.9355836,2011-08-24,전용주,02-820-9923,서울특별시 동작구청,2026-04-06
06-464,서울특별시 동작구 성대로21다길 30,상도동 239-5,37.50071764,126.9351142,2011-08-24,한전주,02-820-9923,서울특별시 동작구청,2026-04-06
06-465,서울특별시 동작구 성대로10길 97-2,상도동 279-429,37.49451126,126.938006,2011-08-24,한전주,02-820-9923,서울특별시 동작구청,2026-04-06
06-466,서울특별시 동작구 성대로10길 97-4,상도동 279-463,37.49463528,126.938266,2011-08-24,한전주,02-820-9923,서울특별시 동작구청,2026-04-06
06-467,서울특별시 동작구 성대로12길 79,상도동 279-463,37.49485817,126.9380481,2013-10-07,통신주,02-820-9923,서울특별시 동작구청,2026-04-06
06-468,서울특별시 동작구 성대로12길 71,상도동 279-422,37.49498879,126.9379999,2011-08-24,한전주,02-820-9923,서울특별시 동작구청,2026-04-06
06-469,서울특별시 동작구 성대로12길 74,상도동 279-463,37.49506529,126.9378302,2011-08-24,전용주,02-820-9923,서울특별시 동작구청,2026-04-06
06-470,서울특별시 동작구 성대로21다길 31-2,상도동 239-75,37.50057576,126.9351567,2020-04-23,벽부주,02-820-9923,서울특별시 동작구청,2026-04-06
06-471,서울특별시 동작구 성대로21다길 33,상도동 239-5,37.50064099,126.9350012,2011-08-24,통신주,02-820-9923,서울특별시 동작구청,2026-04-06
06-472,서울특별시 동작구 성대로21다길 40,상도동 239-24,37.5004788,126.9349759,2011-12-01,벽부주,02-820-9923,서울특별시 동작구청,2026-04-06
06-473,서울특별시 동작구 성대로12길 58,상도동 279-20,37.4956799,126.9372276,2011-08-24,전용주,02-820-9923,서울특별시 동작구청,2026-04-06
06-474,서울특별시 동작구 성대로17길 78,상도동 244-52,37.50044019,126.9344105,2011-08-24,전용주,02-820-9923,서울특별시 동작구청,2026-04-06
06-475,서울특별시 동작구 성대로17길 76,상도동 244-51,37.5004403,126.9345971,2011-08-24,전용주,02-820-9923,서울특별시 동작구청,2026-04-06
06-476,서울특별시 동작구 성대로17길 73,상도동 244-20,37.50034798,126.9346707,2011-08-24,한전주,02-820-9923,서울특별시 동작구청,2026-04-06
06-477,서울특별시 동작구 성대로17길 68,상도동 244-245,37.50028729,126.9349054,2011-08-24,한전주,02-820-9923,서울특별시 동작구청,2026-04-06
06-478,서울특별시 동작구 성대로17길 61,상도동 244-181,37.50019059,126.9351882,2011-08-24,한전주,02-820-9923,서울특별시 동작구청,2026-04-06
06-479,서울특별시 동작구 성대로21나길 22,상도동 244-66,37.50033934,126.9353294,2011-08-24,전용주,02-820-9923,서울특별시 동작구청,2026-04-06
06-480,서울특별시 동작구 성대로21나길 18,상도동 244-65,37.50040255,126.9355895,2011-08-24,전용주,02-820-9923,서울특별시 동작구청,2026-04-06
06-481,서울특별시 동작구 성대로21나길 14,상도동 244-88,37.50045896,126.9357732,2011-08-24,전용주,02-820-9923,서울특별시 동작구청,2026-04-06
06-482,서울특별시 동작구 성대로21나길 9,상도동 244-142,37.50053567,126.9359936,2011-08-24,전용주,02-820-9923,서울특별시 동작구청,2026-04-06
06-483,서울특별시 동작구 성대로21나길 6,상도동 244-141,37.50056283,126.9362396,2011-08-24,전용주,02-820-9923,서울특별시 동작구청,2026-04-06
06-484,서울특별시 동작구 성대로21길 50,상도동 244-131,37.50038498,126.9364179,2011-08-24,한전주,02-820-9923,서울특별시 동작구청,2026-04-06
06-485,서울특별시 동작구 성대로21길 62,상도동 238-19,37.50051354,126.9367401,2011-08-24,한전주,02-820-9923,서울특별시 동작구청,2026-04-06
06-486,서울특별시 동작구 성대로21길 63,상도동 238-32,37.50065321,126.9367682,2013-10-07,한전주,02-820-9923,서울특별시 동작구청,2026-04-06
06-487,서울특별시 동작구 성대로21길 68,상도동 238-23,37.50080415,126.936802,2011-08-24,한전주,02-820-9923,서울특별시 동작구청,2026-04-06
06-488,서울특별시 동작구 성대로21가길 2,상도동 244-136,37.50006065,126.9364747,2011-08-24,벽부주,02-820-9923,서울특별시 동작구청,2026-04-06
06-489,서울특별시 동작구 성대로21길 46,상도동 244-375,37.49999765,126.9366189,2011-08-24,한전주,02-820-9923,서울특별시 동작구청,2026-04-06
06-490,서울특별시 동작구 성대로21가길 9,상도동 244-88,37.49983074,126.9362035,2011-08-24,한전주,02-820-9923,서울특별시 동작구청,2026-04-06
06-491,서울특별시 동작구 성대로21가길 9,상도동 244-317,37.49972265,126.9362629,2011-08-24,전용주,02-820-9923,서울특별시 동작구청,2026-04-06
06-492,서울특별시 동작구 성대로19길 26,상도동 244-305,37.49951323,126.9363677,2011-08-24,한전주,02-820-9923,서울특별시 동작구청,2026-04-06
06-493,서울특별시 동작구 성대로19길 24,상도동 244-125,37.49953136,126.9365826,2020-03-26,전용주,02-820-9923,서울특별시 동작구청,2026-04-06
06-494,서울특별시 동작구 성대로19길 24,상도동 244-174,37.49935797,126.9366732,2011-08-24,전용주,02-820-9923,서울특별시 동작구청,2026-04-06
06-495,서울특별시 동작구 성대로21길 31,상도동 244-174,37.49920258,126.9367497,2011-08-24,전용주,02-820-9923,서울특별시 동작구청,2026-04-06
06-496,서울특별시 동작구 성대로19길 24,상도동 244-125,37.49912593,126.936614,2011-08-24,전용주,02-820-9923,서울특별시 동작구청,2026-04-06
06-497,서울특별시 동작구 성대로14길 48,상도동 279-20,37.49611247,126.9373855,2011-08-24,한전주,02-820-9923,서울특별시 동작구청,2026-04-06
06-498,서울특별시 동작구 성대로14길 49,상도동 279-226,37.49597743,126.937592,2011-08-24,전용주,02-820-9923,서울특별시 동작구청,2026-04-06
06-499,서울특별시 동작구 양녕로23길 102,상도동 279-20,37.49574101,126.9377647,2011-08-24,한전주,02-820-9923,서울특별시 동작구청,2026-04-06
06-500,서울특별시 동작구 성대로12가길 11,상도동 279-16,37.49702668,126.9368052,2011-08-24,통신주,02-820-9923,서울특별시 동작구청,2026-04-06
06-501,서울특별시 동작구 성대로12가길 14,상도동 279-199,37.49692975,126.9366724,2020-04-28,한전주,02-820-9923,서울특별시 동작구청,2026-04-06
06-502,서울특별시 동작구 성대로14길 80,상도동 279-463,37.49492153,126.9385965,2011-08-24,전용주,02-820-9923,서울특별시 동작구청,2026-04-06
06-503,서울특별시 동작구 성대로12길 85,상도동 279-426,37.49477732,126.9385033,2011-08-24,전용주,02-820-9923,서울특별시 동작구청,2026-04-06
06-504,서울특별시 동작구 성대로14길 81,상도동 279-408,37.49489905,126.9387011,2011-08-24,한전주,02-820-9923,서울특별시 동작구청,2026-04-06
06-505,서울특별시 동작구 성대로14길 83,상도동 279-463,37.49474819,126.9387974,2011-08-24,전용주,02-820-9923,서울특별시 동작구청,2026-04-06
06-506,서울특별시 동작구 성대로19길24,상도동 244-125,37.49935788,126.9365092,2019-09-26,벽부주,02-820-9923,서울특별시 동작구청,2026-04-06
06-507,서울특별시 동작구 성대로19길 20,상도동 244-220,37.49899527,126.9366028,2011-08-24,전용주,02-820-9923,서울특별시 동작구청,2026-04-06
06-508,서울특별시 동작구 성대로19길 23,상도동 244-305,37.49911229,126.9363963,2011-08-24,한전주,02-820-9923,서울특별시 동작구청,2026-04-06
06-509,서울특별시 동작구 성대로14길 14,상도동 279-315,37.49704227,126.9364631,,전용주,02-820-9923,서울특별시 동작구청,2026-04-06
06-510,서울특별시 동작구 양녕로23길 96,상도동 279-38,37.49589205,126.9379935,2011-08-24,전용주,02-820-9923,서울특별시 동작구청,2026-04-06
06-511,서울특별시 동작구 성대로19길 27,상도동 244-305,37.49920907,126.9362436,2011-08-24,전용주,02-820-9923,서울특별시 동작구청,2026-04-06
06-512,서울특별시 동작구 성대로19길 33,상도동 244-305,37.4993441,126.9360286,2011-08-24,한전주,02-820-9923,서울특별시 동작구청,2026-04-06
06-513,서울특별시 동작구 성대로19길 39,상도동 244-366,37.49945213,126.9358617,2011-08-24,전용주,02-820-9923,서울특별시 동작구청,2026-04-06
06-514,서울특별시 동작구 성대로19길 39,상도동 244-305,37.49950392,126.9358249,2011-08-24,한전주,02-820-9923,서울특별시 동작구청,2026-04-06
06-515,서울특별시 동작구 성대로21가길 13,상도동 244-350,37.49972245,126.9358869,2019-03-05,통신주,02-820-9923,서울특별시 동작구청,2026-04-06
06-516,서울특별시 동작구 성대로21가길 12,상도동 244-98,37.49984869,126.9360762,2011-08-24,한전주,02-820-9923,서울특별시 동작구청,2026-04-06
06-517,서울특별시 동작구 성대로21가길 8-5,상도동 244-347,37.50002659,126.9359828,2020-03-16,벽부주,02-820-9923,서울특별시 동작구청,2026-04-06
06-518,서울특별시 동작구 성대로21가길 8-12,상도동 244-144,37.50018885,126.9361212,2011-08-24,벽부주,02-820-9923,서울특별시 동작구청,2026-04-06
06-519,서울특별시 동작구 성대로21가길 8-14,상도동 244-150,37.50016399,126.9359685,2011-08-24,한전주,02-820-9923,서울특별시 동작구청,2026-04-06
06-520,서울특별시 동작구 성대로19길 56,상도동 244-182,37.50012766,126.9354483,2015-01-29,전용주,02-820-9923,서울특별시 동작구청,2026-04-06
06-521,서울특별시 동작구 성대로21가길 19,상도동 244-111,37.49960287,126.9355336,2020-03-27,통신주,02-820-9923,서울특별시 동작구청,2026-04-06
06-522,서울특별시 동작구 성대로21가길 27,상도동 244-111,37.49947883,126.9352425,2011-08-24,한전주,02-820-9923,서울특별시 동작구청,2026-04-06
06-523,서울특별시 동작구 성대로21가길 29,상도동 244-111,37.49930528,126.9350589,2011-08-24,한전주,02-820-9923,서울특별시 동작구청,2026-04-06
06-524,서울특별시 동작구 성대로27길 6-10,상도동 235-30,37.49920178,126.939509,2022-10-24,전용주,02-820-9923,서울특별시 동작구청,2026-04-06
06-525,서울특별시 동작구 성대로17길 47,상도동 244-32,37.49949668,126.9349315,2011-08-24,한전주,02-820-9923,서울특별시 동작구청,2026-04-06
06-526,서울특별시 동작구 성대로17길 53,상도동 244-181,37.49971296,126.9350048,2017-05-29,한전주,02-820-9923,서울특별시 동작구청,2026-04-06
06-527,서울특별시 동작구 성대로17길 57,상도동 244-181,37.49993375,126.9350866,2011-08-24,한전주,02-820-9923,서울특별시 동작구청,2026-04-06
06-528,서울특별시 동작구 성대로11길 36-16,상도동 244-111,37.49913626,126.9349007,2015-01-29,벽부주,02-820-9923,서울특별시 동작구청,2026-04-06
06-529,서울특별시 동작구 성대로11길 36-6,상도동 244-208,37.49903482,126.9347679,2011-08-24,한전주,02-820-9923,서울특별시 동작구청,2026-04-06
06-530,서울특별시 동작구 성대로17길 35,상도동 244-48,37.49915221,126.9352456,2011-08-24,전용주,02-820-9923,서울특별시 동작구청,2026-04-06
06-531,서울특별시 동작구 성대로17길 32,상도동 244-43,37.49904872,126.9354662,2011-08-24,한전주,02-820-9923,서울특별시 동작구청,2026-04-06
06-532,서울특별시 동작구 성대로17길 25,상도동 244-165,37.49881909,126.9357011,2011-08-24,전용주,02-820-9923,서울특별시 동작구청,2026-04-06
06-533,서울특별시 동작구 성대로17길 22,상도동 244-159,37.49876289,126.9359019,2011-08-24,한전주,02-820-9923,서울특별시 동작구청,2026-04-06
06-534,서울특별시 동작구 성대로17길 16,상도동 244-249,37.49854907,126.9362243,2011-08-24,한전주,02-820-9923,서울특별시 동작구청,2026-04-06
06-535,서울특별시 동작구 성대로17길 8,상도동 244-251,37.49833076,126.9365553,2011-08-24,한전주,02-820-9923,서울특별시 동작구청,2026-04-06
06-536,서울특별시 동작구 성대로 109,상도동 264-123,37.49801766,126.9365697,2011-08-24,한전주,02-820-9923,서울특별시 동작구청,2026-04-06
06-537,서울특별시 동작구 성대로 114,상도동 244-339,37.49797496,126.9367507,2017-05-29,전용주,02-820-9923,서울특별시 동작구청,2026-04-06
06-538,서울특별시 동작구 성대로 117,상도동 244-258,37.49811021,126.9369343,2011-08-24,한전주,02-820-9923,서울특별시 동작구청,2026-04-06
06-539,서울특별시 동작구 성대로16길 55,상도동 279-483,37.49642607,126.9383408,2011-08-24,한전주,02-820-9923,서울특별시 동작구청,2026-04-06
06-540,서울특별시 동작구 성대로 117,상도동 244-228,37.49813283,126.9371068,2011-08-24,전용주,02-820-9923,서울특별시 동작구청,2026-04-06
06-541,서울특별시 동작구 성대로19길 4,상도동 244-332,37.49822733,126.9369144,2011-08-24,전용주,02-820-9923,서울특별시 동작구청,2026-04-06
06-542,서울특별시 동작구 성대로19길 8,상도동 244-332,37.49846386,126.9369312,2011-08-24,통신주,02-820-9923,서울특별시 동작구청,2026-04-06
06-543,서울특별시 동작구 성대로19가길 2,상도동 244-327,37.4985066,126.9368266,2011-08-24,한전주,02-820-9923,서울특별시 동작구청,2026-04-06
06-544,서울특별시 동작구 양녕로23길 67,상도동 산 65-179,37.49639289,126.9395056,2011-08-24,한전주,02-820-9923,서울특별시 동작구청,2026-04-06
06-545,서울특별시 동작구 성대로21길 15,상도동 235-11,37.49875217,126.936914,2011-08-24,한전주,02-820-9923,서울특별시 동작구청,2026-04-06
06-546,서울특별시 동작구 성대로19가길 3-1,상도동 244-327,37.49857407,126.9366286,2011-08-24,벽부주,02-820-9923,서울특별시 동작구청,2026-04-06
06-547,서울특별시 동작구 성대로19가길 7,상도동 244-327,37.49866633,126.9364617,2011-08-24,벽부주,02-820-9923,서울특별시 동작구청,2026-04-06
06-548,서울특별시 동작구 성대로19가길 12,상도동 244-284,37.49881494,126.9363542,2019-07-23,전용주,02-820-9923,서울특별시 동작구청,2026-04-06
06-549,서울특별시 동작구 성대로19가길 15,상도동 244-102,37.49890267,126.9361279,2011-08-24,한전주,02-820-9923,서울특별시 동작구청,2026-04-06
06-550,서울특별시 동작구 성대로19가길 20,상도동 244-196,37.49904449,126.9359751,2011-08-24,전용주,02-820-9923,서울특별시 동작구청,2026-04-06
06-551,서울특별시 동작구 성대로19가길 25,상도동 244-27,37.49919075,126.9356979,2011-08-24,한전주,02-820-9923,서울특별시 동작구청,2026-04-06
06-552,서울특별시 동작구 성대로19가길 32,상도동 244-191,37.49936184,126.9355084,2011-08-24,전용주,02-820-9923,서울특별시 동작구청,2026-04-06
06-553,서울특별시 동작구 성대로 83,상도동 264-221,37.49772863,126.935261,2011-08-24,한전주,02-820-9923,서울특별시 동작구청,2026-04-06
06-554,서울특별시 동작구 성대로 93,상도동 264-173,37.49775361,126.9356313,2011-08-24,한전주,02-820-9923,서울특별시 동작구청,2026-04-06
06-555,서울특별시 동작구 성대로 96,상도동 259-4,37.49768387,126.9357897,2011-08-24,전용주,02-820-9923,서울특별시 동작구청,2026-04-06
06-556,서울특별시 동작구 성대로11가길 20,상도동 264-172,37.49781456,126.9358631,2011-08-24,한전주,02-820-9923,서울특별시 동작구청,2026-04-06
06-557,서울특별시 동작구 성대로11가길 21,상도동 264-162,37.49788902,126.9361033,2011-08-24,한전주,02-820-9923,서울특별시 동작구청,2026-04-06
06-558,서울특별시 동작구 성대로11가길 17,상도동 264-78,37.49810973,126.9360268,2011-08-24,벽부주,02-820-9923,서울특별시 동작구청,2026-04-06
06-559,서울특별시 동작구 성대로14길 20-1,상도동 279-197,37.49696786,126.9363303,2018-07-09,벽부주,02-820-9923,서울특별시 동작구청,2026-04-06
06-560,서울특별시 동작구 성대로11가길 15,상도동 264-163,37.49811409,126.9357611,2011-08-24,한전주,02-820-9923,서울특별시 동작구청,2026-04-06
06-561,서울특별시 동작구 성대로11가길 7,상도동 264-165,37.49828515,126.9355319,2011-08-24,한전주,02-820-9923,서울특별시 동작구청,2026-04-06
06-562,서울특별시 동작구 성대로11가길 3,상도동 264-230,37.49841793,126.9353113,2011-08-24,한전주,02-820-9923,서울특별시 동작구청,2026-04-06
06-563,서울특별시 동작구 성대로11가길 1,상도동 264-81,37.49857322,126.935068,2011-08-24,전용주,02-820-9923,서울특별시 동작구청,2026-04-06
06-564,서울특별시 동작구 성대로11나길 3,상도동 264-17,37.49866775,126.9349209,2011-08-24,한전주,02-820-9923,서울특별시 동작구청,2026-04-06
06-565,서울특별시 동작구 양녕로23길 43,상도동 210-256,37.49639556,126.9403311,2011-08-24,한전주,02-820-9923,서울특별시 동작구청,2026-04-06
06-566,서울특별시 동작구 양녕로23길 43,상도동 210-256,37.49649005,126.9401105,2011-08-24,한전주,02-820-9923,서울특별시 동작구청,2026-04-06
06-567,서울특별시 동작구 양녕로23길44,상도동 226-29,37.4965645,126.9403423,2021-10-27,한전주,02-820-9923,서울특별시 동작구청,2026-04-06
06-568,서울특별시 동작구 양녕로23길 33,상도동 210-256,37.49606018,126.940812,2011-08-24,한전주,02-820-9923,서울특별시 동작구청,2026-04-06
06-569,서울특별시 동작구 양녕로23길 32,상도동 210-357,37.49602198,126.9410099,2011-08-24,전용주,02-820-9923,서울특별시 동작구청,2026-04-06
06-570,서울특별시 동작구 양녕로23길 24,상도동 210-448,37.49581271,126.9414285,2011-08-24,한전주,02-820-9923,서울특별시 동작구청,2026-04-06
06-571,서울특별시 동작구 양녕로23길 12,상도동 산65-145,37.49568447,126.9417509,2011-08-24,한전주,02-820-9923,서울특별시 동작구청,2026-04-06
06-572,서울특별시 동작구 양녕로23길 12,상도동 산65-145,37.4956193,126.9420506,2011-08-24,한전주,02-820-9923,서울특별시 동작구청,2026-04-06
06-573,서울특별시 동작구 양녕로 159,상도동 216-16,37.49554071,126.9425709,2011-08-24,한전주,02-820-9923,서울특별시 동작구청,2026-04-06
06-574,서울특별시 동작구 양녕로23길 2,상도동 산 65-169,37.49551582,126.9423362,2011-08-24,한전주,02-820-9923,서울특별시 동작구청,2026-04-06
06-575,서울특별시 동작구 양녕로25길 71,상도동 210-436,37.49617506,126.9408119,2011-08-24,한전주,02-820-9923,서울특별시 동작구청,2026-04-06
06-576,서울특별시 동작구 양녕로25길 69,상도동 210-436,37.49644547,126.9410294,2011-08-24,한전주,02-820-9923,서울특별시 동작구청,2026-04-06
06-577,서울특별시 동작구 양녕로25길 61,상도동 210-283,37.4967654,126.9411818,2011-08-24,한전주,02-820-9923,서울특별시 동작구청,2026-04-06
06-578,서울특별시 동작구 양녕로25길 47,상도동 210-94,37.49703812,126.941518,2011-08-24,한전주,02-820-9923,서울특별시 동작구청,2026-04-06
06-579,서울특별시 동작구 양녕로25길 43,상도동 210-94,37.4973108,126.9417609,2011-08-24,한전주,02-820-9923,서울특별시 동작구청,2026-04-06
06-580,서울특별시 동작구 양녕로25길 41,상도동 210-99,37.49739645,126.9418711,2011-08-24,전용주,02-820-9923,서울특별시 동작구청,2026-04-06
06-581,서울특별시 동작구 양녕로25길 39-1,상도동 223-10,37.49733345,126.9420154,2011-08-24,전용주,02-820-9923,서울특별시 동작구청,2026-04-06
06-582,서울특별시 동작구 양녕로25길 39-1,상도동 223-11,37.49728624,126.9422105,2024-08-27,벽부주,02-820-9923,서울특별시 동작구청,2026-04-06
06-583,서울특별시 동작구 양녕로25길 39-10,상도동 223-16,37.49731109,126.9423518,2011-08-24,벽부주,02-820-9923,서울특별시 동작구청,2026-04-06
06-584,서울특별시 동작구 양녕로25길 39-12,상도동 210-293,37.49752292,126.9425524,2011-08-24,전용주,02-820-9923,서울특별시 동작구청,2026-04-06
06-585,서울특별시 동작구 양녕로 183-7,상도동 210-389,37.49759057,126.9427078,2011-08-24,벽부주,02-820-9923,서울특별시 동작구청,2026-04-06
06-586,서울특별시 동작구 양녕로 183-4,상도동 210-2,37.4977394,126.9430413,2011-08-24,벽부주,02-820-9923,서울특별시 동작구청,2026-04-06
06-587,서울특별시 동작구 양녕로25길 37,상도동 210-99,37.49750239,126.9420294,2011-08-24,한전주,02-820-9923,서울특별시 동작구청,2026-04-06
06-588,서울특별시 동작구 양녕로25길 23,상도동 210-94,37.49783602,126.942555,2011-08-24,전용주,02-820-9923,서울특별시 동작구청,2026-04-06
06-589,서울특별시 동작구 성대로11나길 8,상도동 264-79,37.49872418,126.9351442,2019-07-25,통신주,02-820-9923,서울특별시 동작구청,2026-04-06
06-590,서울특별시 동작구 양녕로26길 4,상도동 211-1,37.49823315,126.9439824,2011-08-24,한전주,02-820-9923,서울특별시 동작구청,2026-04-06
06-591,서울특별시 동작구 양녕로26길 10,상도동 210-361,37.49810931,126.9440899,2011-08-24,한전주,02-820-9923,서울특별시 동작구청,2026-04-06
06-592,서울특별시 동작구 양녕로26길 11,상도동 211-1,37.49806435,126.9442878,2011-08-24,한전주,02-820-9923,서울특별시 동작구청,2026-04-06
06-593,서울특별시 동작구 양녕로26길 11,상도동 211-431,37.49797654,126.9443586,2011-08-24,전용주,02-820-9923,서울특별시 동작구청,2026-04-06
06-594,서울특별시 동작구 양녕로24길 19,상도동 210-19,37.49791545,126.9437904,2011-08-24,전용주,02-820-9923,서울특별시 동작구청,2026-04-06
06-595,서울특별시 동작구 양녕로24길 12,상도동 210-317,37.49769242,126.9437227,2011-08-24,한전주,02-820-9923,서울특별시 동작구청,2026-04-06
06-596,서울특별시 동작구 양녕로24길 8,상도동 210-317,37.49743332,126.94359,2011-08-24,한전주,02-820-9923,서울특별시 동작구청,2026-04-06
06-597,서울특별시 동작구 양녕로24길 6-1,상도동 210-318,37.49726902,126.9438644,2011-08-24,전용주,02-820-9923,서울특별시 동작구청,2026-04-06
06-598,서울특별시 동작구 양녕로 170,상도동 210-318,37.49723078,126.9439746,2011-08-24,한전주,02-820-9923,서울특별시 동작구청,2026-04-06
06-599,서울특별시 동작구 양녕로 170,상도동 530,37.49705506,126.9439409,2011-08-24,한전주,02-820-9923,서울특별시 동작구청,2026-04-06
06-600,서울특별시 동작구 양녕로26길 43,상도동 530,37.49672615,126.9438535,2011-08-24,한전주,02-820-9923,서울특별시 동작구청,2026-04-06
06-601,서울특별시 동작구 양녕로26길 45,상도동 215-14,37.49649187,126.9438027,2011-08-24,한전주,02-820-9923,서울특별시 동작구청,2026-04-06
06-602,서울특별시 동작구 양녕로26길 52,상도동 215-1,37.49629814,126.943769,2011-08-24,전용주,02-820-9923,서울특별시 동작구청,2026-04-06
06-603,서울특별시 동작구 양녕로26길 56,상도동 215-41,37.49614719,126.943721,2011-08-24,한전주,02-820-9923,서울특별시 동작구청,2026-04-06
06-604,서울특별시 동작구 양녕로26길 62,상도동 215-14,37.49598498,126.943642,2011-08-24,통신주,02-820-9923,서울특별시 동작구청,2026-04-06
06-605,서울특별시 동작구 양녕로26길 64,상도동 215-34,37.49586331,126.9435827,2011-08-24,한전주,02-820-9923,서울특별시 동작구청,2026-04-06
06-606,서울특별시 동작구 양녕로26길 68,상도동 214-1,37.49557265,126.9434105,2011-08-24,한전주,02-820-9923,서울특별시 동작구청,2026-04-06
06-607,서울특별시 동작구 양녕로26길 70,상도동 215-38,37.49562438,126.9432408,2011-08-24,한전주,02-820-9923,서울특별시 동작구청,2026-04-06
06-608,서울특별시 동작구 양녕로22나길 42,상도동 215-38,37.4954801,126.9430006,2011-08-24,한전주,02-820-9923,서울특별시 동작구청,2026-04-06
06-609,서울특별시 동작구 양녕로22나길 42,상도동 210-6,37.49548903,126.9428253,2011-08-24,한전주,02-820-9923,서울특별시 동작구청,2026-04-06
06-610,서울특별시 동작구 양녕로26길 86,상도동 214-209,37.49490122,126.9430322,2011-08-24,한전주,02-820-9923,서울특별시 동작구청,2026-04-06
06-611,서울특별시 동작구 양녕로26길 83,상도동 214-1,37.49502518,126.9431734,2011-08-24,전용주,02-820-9923,서울특별시 동작구청,2026-04-06
06-612,서울특별시 동작구 양녕로26길 80,상도동 214-135,37.49518963,126.9432044,2011-08-24,한전주,02-820-9923,서울특별시 동작구청,2026-04-06
06-613,서울특별시 동작구 양녕로22가길 6,상도동 214-440,37.49456577,126.9433801,2011-08-24,전용주,02-820-9923,서울특별시 동작구청,2026-04-06
06-614,서울특별시 동작구 성대로11나길 5-2,상도동 264-21,37.49881872,126.935031,2020-04-23,벽부주,02-820-9923,서울특별시 동작구청,2026-04-06
06-615,서울특별시 동작구 양녕로22가길 14,상도동 214-1,37.4948857,126.9435467,2011-08-24,한전주,02-820-9923,서울특별시 동작구청,2026-04-06
06-616,서울특별시 동작구 양녕로22가길 18,상도동 214-110,37.49508172,126.9436568,2011-08-24,한전주,02-820-9923,서울특별시 동작구청,2026-04-06
06-617,서울특별시 동작구 성대로21길 62,상도동 238-2,37.49889438,126.9374765,2021-04-14,벽부주,02-820-9923,서울특별시 동작구청,2026-04-06
06-618,서울특별시 동작구 양녕로22가길 28,상도동 214-413,37.49541969,126.9438431,2011-08-24,한전주,02-820-9923,서울특별시 동작구청,2026-04-06
06-619,서울특별시 동작구 양녕로22가길 34,상도동 214-396,37.49580272,126.9440577,2011-08-24,한전주,02-820-9923,서울특별시 동작구청,2026-04-06
06-620,서울특별시 동작구 양녕로22가길 42,상도동 214-194,37.49605506,126.9441904,2011-08-24,한전주,02-820-9923,서울특별시 동작구청,2026-04-06
06-621,서울특별시 동작구 성대로11나길 7,상도동 264-24,37.49874678,126.9352855,2011-08-24,통신주,02-820-9923,서울특별시 동작구청,2026-04-06
06-622,서울특별시 동작구 양녕로22가길 50,상도동 214-196,37.49639302,126.9443569,2011-08-24,한전주,02-820-9923,서울특별시 동작구청,2026-04-06
06-623,서울특별시 동작구 양녕로22가길 51,상도동 214-286,37.49660027,126.9443964,2011-08-24,통신주,02-820-9923,서울특별시 동작구청,2026-04-06
06-624,서울특별시 동작구 양녕로22가길 51-1,상도동 214-289,37.49665426,126.9442465,2019-09-10,벽부주,02-820-9923,서울특별시 동작구청,2026-04-06
06-625,서울특별시 동작구 양녕로22가길 63,상도동 214-1,37.49691778,126.9441926,2011-08-24,한전주,02-820-9923,서울특별시 동작구청,2026-04-06
06-626,서울특별시 동작구 양녕로22가길 60,상도동 214-322,37.49684362,126.9445545,2011-08-24,한전주,02-820-9923,서울특별시 동작구청,2026-04-06
06-627,서울특별시 동작구 양녕로20길 100,상도동 214-82,37.49666136,126.9449872,2011-08-24,한전주,02-820-9923,서울특별시 동작구청,2026-04-06
06-628,서울특별시 동작구 양녕로20길 92,상도동 214-83,37.49651266,126.9449025,2011-08-24,전용주,02-820-9923,서울특별시 동작구청,2026-04-06
06-629,서울특별시 동작구 양녕로20길 92,상도동 214-85,37.49633692,126.9448121,2011-08-24,한전주,02-820-9923,서울특별시 동작구청,2026-04-06
06-630,서울특별시 동작구 양녕로20길 83,상도동 214-192,37.49619492,126.9446115,2011-08-24,전용주,02-820-9923,서울특별시 동작구청,2026-04-06
06-631,서울특별시 동작구 양녕로20길 82,상도동 214-1,37.49591109,126.9445806,2011-08-24,한전주,02-820-9923,서울특별시 동작구청,2026-04-06
06-632,서울특별시 동작구 양녕로20길 75,상도동 214-1,37.4958885,126.9444478,2011-08-24,한전주,02-820-9923,서울특별시 동작구청,2026-04-06
06-633,서울특별시 동작구 양녕로20길 76,상도동 214-88,37.49576689,126.9445129,2011-08-24,전용주,02-820-9923,서울특별시 동작구청,2026-04-06
06-634,서울특별시 동작구 양녕로20길 72,상도동 214-1,37.49560467,126.9444169,2011-08-24,한전주,02-820-9923,서울특별시 동작구청,2026-04-06
06-635,서울특별시 동작구 양녕로20길 68,상도동 214-1,37.49540414,126.9443039,2011-08-24,전용주,02-820-9923,서울특별시 동작구청,2026-04-06
06-636,서울특별시 동작구 양녕로20길 66,상도동 214-1,37.4952712,126.9442221,2011-08-24,한전주,02-820-9923,서울특별시 동작구청,2026-04-06
06-637,서울특별시 동작구 양녕로20길 60,상도동 214-277,37.4950121,126.9440922,2011-08-24,한전주,02-820-9923,서울특별시 동작구청,2026-04-06
06-638,서울특별시 동작구 양녕로20길 54,상도동 214-403,37.49480707,126.9439878,2011-08-24,전용주,02-820-9923,서울특별시 동작구청,2026-04-06
06-639,서울특별시 동작구 양녕로20길 52,상도동 214-92,37.4946471,126.9438918,2011-08-24,한전주,02-820-9923,서울특별시 동작구청,2026-04-06
06-640,서울특별시 동작구 양녕로20길 42,상도동 214-1,37.49447586,126.9437901,2011-08-24,전용주,02-820-9923,서울특별시 동작구청,2026-04-06
06-641,서울특별시 동작구 성대로11나길 13,상도동 264-107,37.49866351,126.9354128,2011-08-24,전용주,02-820-9923,서울특별시 동작구청,2026-04-06
06-642,서울특별시 동작구 성대로11나길 17,상도동 264-29,37.49849028,126.935806,2011-08-24,벽부주,02-820-9923,서울특별시 동작구청,2026-04-06
06-643,서울특별시 동작구 양녕로22나길 10,상도동 214-365,37.4945662,126.9442904,2011-08-24,한전주,02-820-9923,서울특별시 동작구청,2026-04-06
06-644,서울특별시 동작구 양녕로22나길 16,상도동 214-246,37.49482755,126.9444231,2011-08-24,전용주,02-820-9923,서울특별시 동작구청,2026-04-06
06-645,서울특별시 동작구 양녕로22나길 18,상도동 214-244,37.49499203,126.9445106,2011-08-24,한전주,02-820-9923,서울특별시 동작구청,2026-04-06
06-646,서울특별시 동작구 양녕로22나길 24,상도동 214-68,37.49517002,126.944601,2011-08-24,전용주,02-820-9923,서울특별시 동작구청,2026-04-06
06-647,서울특별시 동작구 양녕로22나길 30,상도동 214-66,37.49542687,126.9447421,2011-08-24,한전주,02-820-9923,서울특별시 동작구청,2026-04-06
06-648,서울특별시 동작구 양녕로22나길 34,상도동 214-1,37.49570851,126.9449031,2011-08-24,전용주,02-820-9923,서울특별시 동작구청,2026-04-06
06-649,서울특별시 동작구 양녕로22나길 37,상도동 214-1,37.49583015,126.944903,2011-08-24,전용주,02-820-9923,서울특별시 동작구청,2026-04-06
06-650,서울특별시 동작구 양녕로22나길 45,상도동 214-1,37.49612756,126.9450667,2011-08-24,전용주,02-820-9923,서울특별시 동작구청,2026-04-06
06-651,서울특별시 동작구 양녕로22나길 47,상도동 214-1,37.49625148,126.945143,2011-08-24,전용주,02-820-9923,서울특별시 동작구청,2026-04-06
06-652,서울특별시 동작구 양녕로22나길 53,상도동 214-1,37.49642046,126.9452361,2011-08-24,전용주,02-820-9923,서울특별시 동작구청,2026-04-06
06-653,서울특별시 동작구 양녕로22나길 57,상도동 214-1,37.4966007,126.9453236,2011-08-24,한전주,02-820-9923,서울특별시 동작구청,2026-04-06
06-654,서울특별시 동작구 양녕로22나길 60,상도동 214-58,37.49667509,126.9454452,2011-08-24,전용주,02-820-9923,서울특별시 동작구청,2026-04-06
06-655,서울특별시 동작구 양녕로22나길 63,상도동 214-1,37.49682151,126.9454592,2011-08-24,전용주,02-820-9923,서울특별시 동작구청,2026-04-06
06-656,서울특별시 동작구 양녕로22나길 63,상도동 214-1,37.49698598,126.9455382,2011-08-24,한전주,02-820-9923,서울특별시 동작구청,2026-04-06
06-657,서울특별시 동작구 성대로12가길 38,상도동 279-20,37.49648651,126.9376114,2011-08-24,한전주,02-820-9923,서울특별시 동작구청,2026-04-06
06-658,서울특별시 동작구 양녕로20길 112,상도동 214-348,37.49719078,126.9451366,2011-08-24,한전주,02-820-9923,서울특별시 동작구청,2026-04-06
06-659,서울특별시 동작구 양녕로20길 104,상도동 413,37.49705106,126.945001,2011-08-24,전용주,02-820-9923,서울특별시 동작구청,2026-04-06
06-660,서울특별시 동작구 양녕로20길 104,상도동 214-105,37.49684607,126.9449786,2011-08-24,한전주,02-820-9923,서울특별시 동작구청,2026-04-06
06-661,서울특별시 동작구 양녕로22다길 27,상도동 214-1,37.4968645,126.9458634,2011-08-24,한전주,02-820-9923,서울특별시 동작구청,2026-04-06
06-662,서울특별시 동작구 양녕로22다길 24,상도동 214-38,37.49671809,126.9458692,2011-08-24,전용주,02-820-9923,서울특별시 동작구청,2026-04-06
06-663,서울특별시 동작구 양녕로22다길 17,상도동 214-1,37.49650176,126.9456969,2011-08-24,한전주,02-820-9923,서울특별시 동작구청,2026-04-06
06-664,서울특별시 동작구 양녕로22다길 11,상도동 214-1,37.49612775,126.9454908,2011-08-24,한전주,02-820-9923,서울특별시 동작구청,2026-04-06
06-665,서울특별시 동작구 양녕로22다길 8,상도동 214-179,37.49591599,126.9454259,2011-08-24,전용주,02-820-9923,서울특별시 동작구청,2026-04-06
06-666,서울특별시 동작구 양녕로22다길 1,상도동 214-1,37.49569966,126.9452423,2011-08-24,한전주,02-820-9923,서울특별시 동작구청,2026-04-06
06-667,서울특별시 동작구 양녕로22다길 1,상도동 214-1,37.49568838,126.9451999,2011-08-24,한전주,02-820-9923,서울특별시 동작구청,2026-04-06
06-668,서울특별시 동작구 양녕로22길 62,상도동 214-252,37.49543383,126.9451634,2011-08-24,전용주,02-820-9923,서울특별시 동작구청,2026-04-06
06-669,서울특별시 동작구 양녕로22길 55,상도동 214-1,37.49530087,126.9450334,2011-08-24,한전주,02-820-9923,서울특별시 동작구청,2026-04-06
06-670,서울특별시 동작구 양녕로22길 50,상도동 214-255,37.49513191,126.944994,2011-08-24,전용주,02-820-9923,서울특별시 동작구청,2026-04-06
06-671,서울특별시 동작구 양녕로22길 47,상도동 214-1,37.49504176,126.9448894,2011-08-24,한전주,02-820-9923,서울특별시 동작구청,2026-04-06
06-672,서울특별시 동작구 양녕로22길 41,상도동 214-1,37.49469479,126.9447059,2011-08-24,한전주,02-820-9923,서울특별시 동작구청,2026-04-06
06-673,서울특별시 동작구 양녕로22길 37,상도동 214-1,37.49455284,126.9446297,2011-08-24,한전주,02-820-9923,서울특별시 동작구청,2026-04-06
06-674,서울특별시 동작구 양녕로22길 32,상도동 214-421,37.4943253,126.9445507,2011-08-24,전용주,02-820-9923,서울특별시 동작구청,2026-04-06
06-675,서울특별시 동작구 양녕로22길 32,상도동 214-437,37.49420815,126.9445169,2011-08-24,한전주,02-820-9923,서울특별시 동작구청,2026-04-06
06-676,서울특별시 동작구 양녕로22길 32-7,상도동 214-437,37.49417903,126.944859,2011-08-24,한전주,02-820-9923,서울특별시 동작구청,2026-04-06
06-677,서울특별시 동작구 양녕로22길 38-1,상도동 214-249,37.49444261,126.9449294,2011-08-24,전용주,02-820-9923,서울특별시 동작구청,2026-04-06
06-678,서울특별시 동작구 양녕로22길 62,상도동 214-1,37.4954767,126.9453329,2011-08-24,한전주,02-820-9923,서울특별시 동작구청,2026-04-06
06-679,서울특별시 동작구 양녕로22길 72,상도동 214-1,37.4953191,126.9455027,2011-08-24,한전주,02-820-9923,서울특별시 동작구청,2026-04-06
06-680,서울특별시 동작구 양녕로22길 77,상도동 214-1,37.49514127,126.9457629,2011-08-24,한전주,02-820-9923,서울특별시 동작구청,2026-04-06
06-681,서울특별시 동작구 양녕로22길 91,상도동 214-1,37.49498146,126.9460061,2011-08-24,한전주,02-820-9923,서울특별시 동작구청,2026-04-06
06-682,서울특별시 동작구 양녕로22길 91,상도동 산 65-159,37.49481939,126.9462579,2011-08-24,전용주,02-820-9923,서울특별시 동작구청,2026-04-06
06-683,서울특별시 동작구 양녕로22길 99,상도동 산 65-159,37.49518664,126.946464,2011-08-24,전용주,02-820-9923,서울특별시 동작구청,2026-04-06
06-684,서울특별시 동작구 양녕로22길 69,상도동 214-1,37.49549482,126.9455478,2011-08-24,전용주,02-820-9923,서울특별시 동작구청,2026-04-06
06-685,서울특별시 동작구 양녕로22라길 7,상도동 214-1,37.49570436,126.9456692,2011-08-24,한전주,02-820-9923,서울특별시 동작구청,2026-04-06
06-686,서울특별시 동작구 양녕로22라길 13,상도동 214-27,37.49592744,126.9458443,2011-08-24,벽부주,02-820-9923,서울특별시 동작구청,2026-04-06
06-687,서울특별시 동작구 양녕로22라길 22,상도동 214-29,37.49626991,126.9460307,2011-08-24,한전주,02-820-9923,서울특별시 동작구청,2026-04-06
06-688,서울특별시 동작구 양녕로22라길 25,상도동 214-1,37.49645914,126.9460758,2011-08-24,전용주,02-820-9923,서울특별시 동작구청,2026-04-06
06-689,서울특별시 동작구 양녕로22라길 28,상도동 214-1,37.4966552,126.9462735,2011-08-24,한전주,02-820-9923,서울특별시 동작구청,2026-04-06
06-690,서울특별시 동작구 양녕로26나길 43,상도동 214-410,37.49673405,126.9463102,2011-08-24,한전주,02-820-9923,서울특별시 동작구청,2026-04-06
06-691,서울특별시 동작구 양녕로26나길 29,상도동 214-1,37.49679251,126.9460755,2011-08-24,한전주,02-820-9923,서울특별시 동작구청,2026-04-06
06-692,서울특별시 동작구 양녕로22라길 38,상도동 211-390,37.49692782,126.946426,2011-08-24,한전주,02-820-9923,서울특별시 동작구청,2026-04-06
06-693,서울특별시 동작구 양녕로22라길 48,상도동 211-244,37.49738959,126.94642,2011-08-24,벽부주,02-820-9923,서울특별시 동작구청,2026-04-06
06-694,서울특별시 동작구 양녕로22라길 56,상도동 211-370,37.49776125,126.9464141,2011-08-24,한전주,02-820-9923,서울특별시 동작구청,2026-04-06
06-695,서울특별시 동작구 양녕로22라길 57,상도동 211-407,37.49795944,126.9463574,2011-08-24,한전주,02-820-9923,서울특별시 동작구청,2026-04-06
06-696,서울특별시 동작구 양녕로28길 47,상도동 211-158,37.49817343,126.9463459,2011-08-24,한전주,02-820-9923,서울특별시 동작구청,2026-04-06
06-697,서울특별시 동작구 양녕로22라길 71,상도동 211-155,37.49845949,126.9463259,2011-08-24,벽부주,02-820-9923,서울특별시 동작구청,2026-04-06
06-698,서울특별시 동작구 양녕로22라길 80,상도동 211-180,37.49883342,126.9463539,2020-03-30,한전주,02-820-9923,서울특별시 동작구청,2026-04-06
06-699,서울특별시 동작구 양녕로22라길 84,상도동 212-128,37.49908118,126.9463227,2011-08-24,한전주,02-820-9923,서울특별시 동작구청,2026-04-06
06-700,서울특별시 동작구 양녕로22마길 89,상도동 211-180,37.49904533,126.9467298,2011-08-24,한전주,02-820-9923,서울특별시 동작구청,2026-04-06
06-701,서울특별시 동작구 양녕로22마길 86,상도동 211-180,37.49890793,126.9467412,2011-08-24,벽부주,02-820-9923,서울특별시 동작구청,2026-04-06
06-702,서울특별시 동작구 양녕로22마길 82,상도동 211-180,37.49875927,126.9467583,2015-01-29,전용주,02-820-9923,서울특별시 동작구청,2026-04-06
06-703,서울특별시 동작구 양녕로22마길 80,상도동 211-180,37.4985588,126.9467669,2011-08-24,한전주,02-820-9923,서울특별시 동작구청,2026-04-06
06-704,서울특별시 동작구 양녕로22마길 75,상도동 211-129,37.49838308,126.9467105,2011-08-24,통신주,02-820-9923,서울특별시 동작구청,2026-04-06
06-705,서울특별시 동작구 양녕로28길 59,상도동 211-180,37.49818039,126.9467898,2011-08-24,한전주,02-820-9923,서울특별시 동작구청,2026-04-06
06-706,서울특별시 동작구 양녕로22마길 64,상도동 211-109,37.49803623,126.9468012,2011-08-24,벽부주,02-820-9923,서울특별시 동작구청,2026-04-06
06-707,서울특별시 동작구 양녕로22마길 62,상도동 211-180,37.49772763,126.9467958,2011-08-24,한전주,02-820-9923,서울특별시 동작구청,2026-04-06
06-708,서울특별시 동작구 양녕로22마길 54,상도동 211-192,37.49739876,126.9467932,2011-08-24,한전주,02-820-9923,서울특별시 동작구청,2026-04-06
06-709,서울특별시 동작구 양녕로22마길 48,상도동 211-190,37.49711495,126.9467934,2011-08-24,한전주,02-820-9923,서울특별시 동작구청,2026-04-06
06-710,서울특별시 동작구 양녕로22마길 40,상도동 214-1,37.4967703,126.9467569,2011-08-24,전용주,02-820-9923,서울특별시 동작구청,2026-04-06
06-711,서울특별시 동작구 양녕로26나길 49,상도동 214-1,37.49645709,126.9465224,2011-08-24,한전주,02-820-9923,서울특별시 동작구청,2026-04-06
06-712,서울특별시 동작구 양녕로26나길 55,상도동 214-1,37.49624308,126.9464689,2011-08-24,전용주,02-820-9923,서울특별시 동작구청,2026-04-06
06-713,서울특별시 동작구 양녕로22마길 23,상도동 214-24,37.49617996,126.9463587,2011-08-24,한전주,02-820-9923,서울특별시 동작구청,2026-04-06
06-714,서울특별시 동작구 양녕로22마길 19,상도동 214-1,37.49595014,126.9462231,2011-08-24,전용주,02-820-9923,서울특별시 동작구청,2026-04-06
06-715,서울특별시 동작구 양녕로22마길 15,상도동 214-1,37.49576763,126.9461102,2011-08-24,한전주,02-820-9923,서울특별시 동작구청,2026-04-06
06-716,서울특별시 동작구 양녕로22마길 12,상도동 214-150,37.49557163,126.9460425,2011-08-24,전용주,02-820-9923,서울특별시 동작구청,2026-04-06
06-717,서울특별시 동작구 양녕로22마길 3,상도동 214-1,37.49540939,126.9459125,2011-08-24,한전주,02-820-9923,서울특별시 동작구청,2026-04-06
06-718,서울특별시 동작구 양녕로22마길 2,상도동 214-1,37.49523365,126.9458194,2011-08-24,전용주,02-820-9923,서울특별시 동작구청,2026-04-06
06-719,서울특별시 동작구 양녕로22바길 6,상도동 214-142,37.49517752,126.9462124,2011-08-24,전용주,02-820-9923,서울특별시 동작구청,2026-04-06
06-720,서울특별시 동작구 양녕로22바길 8,상도동 214-141,37.49528792,126.9462773,2011-08-24,한전주,02-820-9923,서울특별시 동작구청,2026-04-06
06-721,서울특별시 동작구 양녕로22바길 12,상도동 214-5,37.4955831,126.9464835,2011-08-24,전용주,02-820-9923,서울특별시 동작구청,2026-04-06
06-722,서울특별시 동작구 양녕로22바길 19,상도동 214-1,37.49573181,126.9465936,2011-08-24,한전주,02-820-9923,서울특별시 동작구청,2026-04-06
06-723,서울특별시 동작구 양녕로22바길 18,상도동 214-301,37.4957071,126.9467463,2011-08-24,전용주,02-820-9923,서울특별시 동작구청,2026-04-06
06-724,서울특별시 동작구 양녕로22바길 20,상도동 214-300,37.49586024,126.9466784,2011-08-24,벽부주,02-820-9923,서울특별시 동작구청,2026-04-06
06-725,서울특별시 동작구 양녕로22바길 26,상도동 214-299,37.49608554,126.94678,2011-08-24,전용주,02-820-9923,서울특별시 동작구청,2026-04-06
06-726,서울특별시 동작구 양녕로26나길 62,상도동 214-1,37.49612374,126.9465623,2011-08-24,전용주,02-820-9923,서울특별시 동작구청,2026-04-06
06-727,서울특별시 동작구 양녕로22바길 26,상도동 214-299,37.49628607,126.9468957,2011-08-24,통신주,02-820-9923,서울특별시 동작구청,2026-04-06
06-728,서울특별시 동작구 양녕로22바길 37,상도동 214-3,37.4964821,126.9470426,2011-08-24,한전주,02-820-9923,서울특별시 동작구청,2026-04-06
06-730,서울특별시 동작구 양녕로22바길 81,상도동 211-100,37.49848911,126.9470864,2022-04-19,통신주,02-820-9923,서울특별시 동작구청,2026-04-06
06-731,서울특별시 동작구 양녕로22바길 56,상도동 211-475,37.4974575,126.9471748,2011-08-24,한전주,02-820-9923,서울특별시 동작구청,2026-04-06
06-732,서울특별시 동작구 양녕로22바길 65,상도동 211-107,37.49775257,126.9471605,2011-08-24,한전주,02-820-9923,서울특별시 동작구청,2026-04-06
06-733,서울특별시 동작구 성대로11나길 23,상도동 264-76,37.49842052,126.9359333,2011-08-24,벽부주,02-820-9923,서울특별시 동작구청,2026-04-06
06-734,서울특별시 동작구 양녕로20길 92,상도동 211-180,37.49819181,126.9471545,2011-08-24,한전주,02-820-9923,서울특별시 동작구청,2026-04-06
06-735,서울특별시 동작구 양녕로28길 67,상도동 214-76,37.49819196,126.9474853,2011-08-24,전용주,02-820-9923,서울특별시 동작구청,2026-04-06
06-736,서울특별시 동작구 성대로10길 11,상도동 261-9,37.49713818,126.9347328,2011-08-24,한전주,02-820-9923,서울특별시 동작구청,2026-04-06
06-737,서울특별시 동작구 양녕로22바길 80-1,상도동 211-87,37.49850498,126.9473154,2011-08-24,벽부주,02-820-9923,서울특별시 동작구청,2026-04-06
06-738,서울특별시 동작구 양녕로20길 80,상도동 211-180,37.49861753,126.9471316,2011-08-24,한전주,02-820-9923,서울특별시 동작구청,2026-04-06
06-739,서울특별시 동작구 양녕로20길 56,상도동 211-180,37.49876844,126.9471202,2011-08-24,한전주,02-820-9923,서울특별시 동작구청,2026-04-06
06-740,서울특별시 동작구 양녕로22바길94,상도동 211-92,37.49900046,126.9471341,2011-08-24,벽부주,02-820-9923,서울특별시 동작구청,2026-04-06
06-742,서울특별시 동작구 양녕로28길 46,상도동 211-180,37.49810346,126.9460322,2011-08-24,한전주,02-820-9923,서울특별시 동작구청,2026-04-06
06-743,서울특별시 동작구 양녕로28길 46-2,상도동 211-180,37.4978827,126.9460012,2011-08-24,한전주,02-820-9923,서울특별시 동작구청,2026-04-06
06-744,서울특별시 동작구 양녕로22다길 46-2,상도동 212-54,37.49763496,126.9460947,2011-08-24,전용주,02-820-9923,서울특별시 동작구청,2026-04-06
06-745,서울특별시 동작구 양녕로22다길 38,상도동 212-72,37.49746149,126.9460411,2011-08-24,벽부주,02-820-9923,서울특별시 동작구청,2026-04-06
06-746,서울특별시 동작구 양녕로22다길 48,상도동 212-54,37.49755154,126.9459138,2011-08-24,한전주,02-820-9923,서울특별시 동작구청,2026-04-06
06-747,서울특별시 동작구 양녕로22다길 53,상도동 212-54,37.49781961,126.9459674,2011-08-24,전용주,02-820-9923,서울특별시 동작구청,2026-04-06
06-748,서울특별시 동작구 양녕로22다길 41,상도동 211-361,37.49724965,126.9458038,2011-08-24,벽부주,02-820-9923,서울특별시 동작구청,2026-04-06
06-749,서울특별시 동작구 양녕로22다길 36,상도동 211-252,37.49708985,126.9460838,2011-08-24,벽부주,02-820-9923,서울특별시 동작구청,2026-04-06
06-750,서울특별시 동작구 양녕로22다길 36,상도동 211-252,37.49719573,126.9461233,2011-08-24,벽부주,02-820-9923,서울특별시 동작구청,2026-04-06
06-751,서울특별시 동작구 양녕로28길 38-16,상도동 212-51,37.49760543,126.9455519,2011-08-24,한전주,02-820-9923,서울특별시 동작구청,2026-04-06
06-752,서울특별시 동작구 양녕로28길 38-18,상도동 212-53,37.49740493,126.945487,2011-08-24,한전주,02-820-9923,서울특별시 동작구청,2026-04-06
06-753,서울특별시 동작구 양녕로28길 38-10,상도동 212-49,37.49784649,126.9456281,2011-08-24,한전주,02-820-9923,서울특별시 동작구청,2026-04-06
06-754,서울특별시 동작구 양녕로28길 30,상도동 211-376,37.49825409,126.9454044,2011-08-24,한전주,02-820-9923,서울특별시 동작구청,2026-04-06
06-755,서울특별시 동작구 양녕로20길 125,상도동 212-40,37.4979049,126.9452944,2011-08-24,한전주,02-820-9923,서울특별시 동작구청,2026-04-06
06-756,서울특별시 동작구 양녕로20길 123,상도동 212-41,37.49769088,126.9452324,2011-08-24,한전주,02-820-9923,서울특별시 동작구청,2026-04-06
06-757,서울특별시 동작구 양녕로20길 115,상도동 211-371,37.49740476,126.945128,2011-08-24,벽부주,02-820-9923,서울특별시 동작구청,2026-04-06
06-758,서울특별시 동작구 성대로12가길 28,상도동 279-20,37.4967274,126.937368,2011-08-24,통신주,02-820-9923,서울특별시 동작구청,2026-04-06
06-7581,서울특별시 동작구 양녕로22가길 57,상도동 214-1,37.49680755,126.9445008,2020-04-22,전용주,02-820-9923,서울특별시 동작구청,2026-04-06
06-759,서울특별시 동작구 양녕로26나길 14,상도동 211-375,37.4974136,126.9447576,2011-08-24,전용주,02-820-9923,서울특별시 동작구청,2026-04-06
06-760,서울특별시 동작구 양녕로26나길 14,상도동 211-375,37.49748553,126.9444353,2011-08-24,전용주,02-820-9923,서울특별시 동작구청,2026-04-06
06-761,서울특별시 동작구 양녕로26나길 14,상도동 211-16,37.497526,126.9442741,2011-08-24,전용주,02-820-9923,서울특별시 동작구청,2026-04-06
06-762,서울특별시 동작구 양녕로26가길 4,상도동 211-1,37.49801938,126.9444405,2011-08-24,전용주,02-820-9923,서울특별시 동작구청,2026-04-06
06-763,서울특별시 동작구 양녕로26가길 4,상도동 211-431,37.49790683,126.9446103,2011-08-24,전용주,02-820-9923,서울특별시 동작구청,2026-04-06
06-764,서울특별시 동작구 양녕로26가길 4-7,상도동 211-13,37.49787319,126.9449213,2011-08-24,전용주,02-820-9923,서울특별시 동작구청,2026-04-06
06-765,서울특별시 동작구 양녕로26가길 4-16,상도동 211-54,37.49813904,126.9450398,2011-08-24,전용주,02-820-9923,서울특별시 동작구청,2026-04-06
06-766,서울특별시 동작구 양녕로26가길 14,상도동 211-416,37.49814346,126.9448673,2011-08-24,한전주,02-820-9923,서울특별시 동작구청,2026-04-06
06-767,서울특별시 동작구 양녕로26가길 9,상도동 211-1,37.49824694,126.9445704,2011-08-24,전용주,02-820-9923,서울특별시 동작구청,2026-04-06
06-768,서울특별시 동작구 양녕로28길 22,상도동 211-408,37.49842282,126.944952,2011-08-24,한전주,02-820-9923,서울특별시 동작구청,2026-04-06
06-769,서울특별시 동작구 양녕로28길 28,상도동 211-410,37.49833731,126.9451386,2011-08-24,한전주,02-820-9923,서울특별시 동작구청,2026-04-06
06-770,서울특별시 동작구 양녕로28길 35,상도동 211-174,37.49816641,126.9457749,2011-08-24,한전주,02-820-9923,서울특별시 동작구청,2026-04-06
06-771,서울특별시 동작구 양녕로30길 27-8,상도동 211-174,37.49843454,126.9459613,2011-08-24,전용주,02-820-9923,서울특별시 동작구청,2026-04-06
06-772,서울특별시 동작구 양녕로30길 27-5,상도동 212-96,37.49852015,126.9459923,2011-08-24,통신주,02-820-9923,서울특별시 동작구청,2026-04-06
06-773,서울특별시 동작구 양녕로30길 25,상도동 212-125,37.49865506,126.9454692,2011-08-24,한전주,02-820-9923,서울특별시 동작구청,2026-04-06
06-774,서울특별시 동작구 양녕로30길 29,상도동 산 65-131,37.49874731,126.9452288,2011-08-24,한전주,02-820-9923,서울특별시 동작구청,2026-04-06
06-775,서울특별시 동작구 양녕로30길 25,상도동 산 65-131,37.49895009,126.9453474,2011-08-24,한전주,02-820-9923,서울특별시 동작구청,2026-04-06
06-776,서울특별시 동작구 양녕로28길 13,상도동 211-376,37.4987876,126.9446859,2011-08-24,한전주,02-820-9923,서울특별시 동작구청,2026-04-06
06-777,서울특별시 동작구 양녕로28길 8,상도동 211-376,37.49896325,126.9445953,2011-08-24,한전주,02-820-9923,서울특별시 동작구청,2026-04-06
06-778,서울특별시 동작구 양녕로28길 8,상도동 211-464,37.49895862,126.9443154,2011-08-24,한전주,02-820-9923,서울특별시 동작구청,2026-04-06
06-779,서울특별시 동작구 성대로 76,상도동 261-12,37.49762702,126.9348087,2019-08-27,전용주,02-820-9923,서울특별시 동작구청,2026-04-06
06-780,서울특별시 동작구 성대로10나길6,상도동 259-4,37.49719693,126.9350664,2011-08-24,전용주,02-820-9923,서울특별시 동작구청,2026-04-06
06-781,서울특별시 동작구 성대로10나길 6-2,상도동 269-9,37.49701004,126.9351796,2011-08-24,전용주,02-820-9923,서울특별시 동작구청,2026-04-06
06-782,서울특별시 동작구 성대로12길 15,상도동 266-6,37.49715899,126.9357053,2011-08-24,한전주,02-820-9923,서울특별시 동작구청,2026-04-06
06-783,서울특별시 동작구 성대로10나길 8,상도동 269-1,37.49725555,126.9351624,,전용주,02-820-9923,서울특별시 동작구청,2026-04-06
06-784,서울특별시 동작구 성대로12길 8,상도동 262-2,37.49724661,126.9352925,2011-08-24,벽부주,02-820-9923,서울특별시 동작구청,2026-04-06
06-786,서울특별시 동작구 성대로12길 12,상도동 267-1,37.49701478,126.9356093,2011-08-24,벽부주,02-820-9923,서울특별시 동작구청,2026-04-06
06-787,서울특별시 동작구 성대로10나길 20,상도동 259-4,37.4968187,126.9354173,2011-08-24,전용주,02-820-9923,서울특별시 동작구청,2026-04-06
06-788,서울특별시 동작구 성대로10길 30,상도동 269-13,37.49668353,126.9353835,2011-08-24,한전주,02-820-9923,서울특별시 동작구청,2026-04-06
06-789,서울특별시 동작구 양녕로25길 33,상도동 223-15,37.49745974,126.9423347,2021-06-25,벽부주,02-820-9923,서울특별시 동작구청,2026-04-06
06-790,서울특별시 동작구 성대로12길 17,상도동 266-4,37.49704194,126.9358609,2011-08-24,통신주,02-820-9923,서울특별시 동작구청,2026-04-06
06-791,서울특별시 동작구 양녕로 210-5,상도동 211-437,37.49972696,126.9448209,2011-08-24,벽부주,02-820-9923,서울특별시 동작구청,2026-04-06
06-792,서울특별시 동작구 양녕로30길 11-5,상도동 211-438,37.4996099,126.9449709,2011-08-24,전용주,02-820-9923,서울특별시 동작구청,2026-04-06
06-793,서울특별시 동작구 양녕로30길 11-9,상도동 211-437,37.49959649,126.9451942,2011-08-24,한전주,02-820-9923,서울특별시 동작구청,2026-04-06
06-794,서울특별시 동작구 양녕로30길 11-5,상도동 211-437,37.49953115,126.9451547,2011-08-24,한전주,02-820-9923,서울특별시 동작구청,2026-04-06
06-795,서울특별시 동작구 양녕로30길 5,상도동 211-437,37.49930809,126.9450361,2011-08-24,한전주,02-820-9923,서울특별시 동작구청,2026-04-06
06-796,서울특별시 동작구 양녕로30길 5,상도동 211-444,37.49930357,126.9449937,2011-08-24,한전주,02-820-9923,서울특별시 동작구청,2026-04-06
06-797,서울특별시 동작구 양녕로30길 8-4,상도동 211-437,37.49931474,126.9448071,2011-08-24,전용주,02-820-9923,서울특별시 동작구청,2026-04-06
06-798,서울특별시 동작구 양녕로22가길 19,상도동 214-212,37.49522365,126.943685,2022-07-28,통신주,02-820-9923,서울특별시 동작구청,2026-04-06
06-799,서울특별시 동작구 양녕로30길 19-1,상도동 211-472,37.49920682,126.9452256,2011-08-24,벽부주,02-820-9923,서울특별시 동작구청,2026-04-06
06-800,서울특별시 동작구 양녕로30길 19-1,상도동 211-472,37.49915507,126.9453585,2011-08-24,한전주,02-820-9923,서울특별시 동작구청,2026-04-06
06-801,서울특별시 동작구 양녕로30길 19-3,상도동 산 65-100,37.49931507,126.9455083,2011-08-24,전용주,02-820-9923,서울특별시 동작구청,2026-04-06
06-802,서울특별시 동작구 양녕로30길 19-7,상도동 산 65-100,37.49945251,126.945593,2011-08-24,전용주,02-820-9923,서울특별시 동작구청,2026-04-06
06-803,서울특별시 동작구 양녕로30길 19-9,상도동 산 65-100,37.49953815,126.9456749,2011-08-24,전용주,02-820-9923,서울특별시 동작구청,2026-04-06
06-804,서울특별시 동작구 양녕로30길 21,상도동 산 65-131,37.49904021,126.9453954,2011-08-24,한전주,02-820-9923,서울특별시 동작구청,2026-04-06
06-805,서울특별시 동작구 양녕로30길 21,상도동 212-93,37.49897726,126.9456527,2011-08-24,한전주,02-820-9923,서울특별시 동작구청,2026-04-06
06-806,서울특별시 동작구 양녕로30길 21-1,상도동 212-118,37.49882424,126.9459836,2011-08-24,전용주,02-820-9923,서울특별시 동작구청,2026-04-06
06-807,서울특별시 동작구 ,상도동 445,37.4949809,126.9424441,2011-08-24,전용주,02-820-9923,서울특별시 동작구청,2026-04-06
06-808,서울특별시 동작구 ,상도동 445-1,37.49501234,126.9422433,2011-08-24,전용주,02-820-9923,서울특별시 동작구청,2026-04-06
06-809,서울특별시 동작구 ,상도동 445,37.49504601,126.9420143,2011-08-24,전용주,02-820-9923,서울특별시 동작구청,2026-04-06
06-810,서울특별시 동작구 ,상도동 445,37.49505714,126.9417316,2011-08-24,전용주,02-820-9923,서울특별시 동작구청,2026-04-06
06-811,서울특별시 동작구 성대로21길 36,상도동 244-171,37.49952473,126.9368257,2011-08-24,한전주,02-820-9923,서울특별시 동작구청,2026-04-06
06-812,서울특별시 동작구 성대로21길 31,상도동 244-322,37.49926012,126.9369305,2011-08-24,전용주,02-820-9923,서울특별시 동작구청,2026-04-06
06-813,서울특별시 동작구 성대로21길 16,상도동 244-332,37.49912955,126.9370777,2011-08-24,한전주,02-820-9923,서울특별시 동작구청,2026-04-06
06-814,서울특별시 동작구 성대로21길 18,상도동 244-332,37.4989449,126.9371796,2011-08-24,전용주,02-820-9923,서울특별시 동작구청,2026-04-06
06-815,서울특별시 동작구 성대로21길 14,상도동 244-332,37.49878952,126.9372589,2020-04-25,한전주,02-820-9923,서울특별시 동작구청,2026-04-06
06-816,서울특별시 동작구 성대로21길 15,상도동 244-332,37.49865889,126.9372844,2011-08-24,전용주,02-820-9923,서울특별시 동작구청,2026-04-06
06-817,서울특별시 동작구 성대로19길 10,상도동 244-216,37.49852598,126.9372733,2011-08-24,한전주,02-820-9923,서울특별시 동작구청,2026-04-06
06-818,서울특별시 동작구 성대로21길 6,상도동 244-235,37.49833117,126.9373356,2011-08-24,한전주,02-820-9923,서울특별시 동작구청,2026-04-06
06-819,서울특별시 동작구 성대로21길 2,상도동 244-339,37.49818025,126.9373301,2011-08-24,한전주,02-820-9923,서울특별시 동작구청,2026-04-06
06-820,서울특별시 동작구 성대로 125,상도동 244-236,37.49822425,126.9374714,2020-04-25,전용주,02-820-9923,서울특별시 동작구청,2026-04-06
06-821,서울특별시 동작구 성대로 126-6,상도동 264-185,37.49804629,126.9374405,2020-04-25,벽부주,02-820-9923,서울특별시 동작구청,2026-04-06
06-822,서울특별시 동작구 성대로 126-5,상도동 237-9,37.49803057,126.9375479,2020-04-25,벽부주,02-820-9923,서울특별시 동작구청,2026-04-06
06-823,서울특별시 동작구 성대로 126-8,상도동 237-7,37.49785938,126.9375339,2020-04-25,한전주,02-820-9923,서울특별시 동작구청,2026-04-06
06-824,서울특별시 동작구 성대로 126-13,상도동 산 65-49,37.49775812,126.9377404,2020-04-25,전용주,02-820-9923,서울특별시 동작구청,2026-04-06
06-825,서울특별시 동작구 성대로16길 21,상도동 264-58,37.49756974,126.9371864,2021-10-12,벽부주,02-820-9923,서울특별시 동작구청,2026-04-06
06-827,서울특별시 동작구 성대로 122-3,상도동 264-129,37.4979257,126.9372935,2011-08-24,한전주,02-820-9923,서울특별시 동작구청,2026-04-06
06-828,서울특별시 동작구 성대로16길 15-7,상도동 264-63,37.49771394,126.9372485,2011-08-24,벽부주,02-820-9923,서울특별시 동작구청,2026-04-06
06-829,서울특별시 동작구 성대로16길 15-1,상도동 264-101,37.49770141,126.9369969,2011-08-24,전용주,02-820-9923,서울특별시 동작구청,2026-04-06
06-830,서울특별시 동작구 성대로16길 15-6,상도동 264-97,37.49770487,126.9371411,2020-04-25,전용주,02-820-9923,서울특별시 동작구청,2026-04-06
06-831,서울특별시 동작구 성대로16길 15-11,상도동 237-19,37.49766559,126.937404,2020-02-13,벽부주,02-820-9923,서울특별시 동작구청,2026-04-06
06-832,서울특별시 동작구 성대로16길 15-14,상도동 237-24,37.49762739,126.9375793,2011-08-24,전용주,02-820-9923,서울특별시 동작구청,2026-04-06
06-833,서울특별시 동작구 성대로16길 16,상도동 264-151,37.49749975,126.9368783,2019-09-02,한전주,02-820-9923,서울특별시 동작구청,2026-04-06
06-834,서울특별시 동작구 성대로16길 19,상도동 264-59,37.49754718,126.9371073,2011-08-24,한전주,02-820-9923,서울특별시 동작구청,2026-04-06
06-835,서울특별시 동작구 성대로16길 16,상도동 264-151,37.49746374,126.9369264,2020-04-25,벽부주,02-820-9923,서울특별시 동작구청,2026-04-06
06-836,서울특별시 동작구 성대로16길 18-1,상도동 264-266,37.49734886,126.9369322,2020-04-25,벽부주,02-820-9923,서울특별시 동작구청,2026-04-06
06-837,서울특별시 동작구 성대16길14,상도동 264-104,37.49757624,126.9366945,2019-09-03,한전주,02-820-9923,서울특별시 동작구청,2026-04-06
06-838,서울특별시 동작구 성대로16길 7-1,상도동 264-242,37.49767299,126.9364937,2011-08-24,한전주,02-820-9923,서울특별시 동작구청,2026-04-06
06-839,서울특별시 동작구 성대로 104,상도동 264-229,37.49776515,126.9361459,2011-08-24,한전주,02-820-9923,서울특별시 동작구청,2026-04-06
06-840,서울특별시 동작구 성대로16길 31-1,상도동 237-27,37.49740102,126.9375965,2011-08-24,전용주,02-820-9923,서울특별시 동작구청,2026-04-06
06-841,서울특별시 동작구 성대로16길 25-3,상도동 279-347,37.49742367,126.9378368,2011-08-24,벽부주,02-820-9923,서울특별시 동작구청,2026-04-06
06-842,서울특별시 동작구 성대로16길 33-1,상도동 279-536,37.49725922,126.9377917,2011-08-24,전용주,02-820-9923,서울특별시 동작구청,2026-04-06
06-843,서울특별시 동작구 성대로16길 33-4,상도동 279-469,37.49738329,126.9381365,2011-08-24,전용주,02-820-9923,서울특별시 동작구청,2026-04-06
06-844,서울특별시 동작구 성대로16길 33-2,상도동 279-486,37.49713988,126.9378794,2011-08-24,전용주,02-820-9923,서울특별시 동작구청,2026-04-06
06-845,서울특별시 동작구 양녕로29길 4,상도동 208-19,37.49895379,126.9436454,2011-08-24,통신주,02-820-9923,서울특별시 동작구청,2026-04-06
06-846,서울특별시 동작구 양녕로22바길 31,상도동 214-299,37.49624552,126.9468788,2011-08-24,한전주,02-820-9923,서울특별시 동작구청,2026-04-06
06-847,서울특별시 동작구 양녕로25마길 30,상도동 210-441,37.49848392,126.9408808,2011-08-24,전용주,02-820-9923,서울특별시 동작구청,2026-04-06
06-848,서울특별시 동작구 성대로16길 33,상도동 279-336,37.49706095,126.9377042,2021-08-25,한전주,02-820-9923,서울특별시 동작구청,2026-04-06
06-849,서울특별시 동작구 성대로16길 33,상도동 279-336,37.49715551,126.9376137,2011-08-24,한전주,02-820-9923,서울특별시 동작구청,2026-04-06
06-850,서울특별시 동작구 성대로16길 39,상도동 279-334,37.4968921,126.9378683,2011-08-24,한전주,02-820-9923,서울특별시 동작구청,2026-04-06
06-851,서울특별시 동작구 성대로16길 39-7,상도동 279-471,37.49702737,126.9381085,2011-08-24,전용주,02-820-9923,서울특별시 동작구청,2026-04-06
06-852,서울특별시 동작구 성대로16길 39-9,상도동 279-472,37.49710629,126.9382611,2011-08-24,벽부주,02-820-9923,서울특별시 동작구청,2026-04-06
06-853,서울특별시 동작구 양녕로25마길 44,상도동 211-478,37.49697096,126.9471751,2011-08-24,한전주,02-820-9923,서울특별시 동작구청,2026-04-06
06-854,서울특별시 동작구 양녕로 22바길 56,상도동 211-476,37.49725027,126.9471721,2011-08-24,전용주,02-820-9923,서울특별시 동작구청,2026-04-06
06-855,서울특별시 동작구 양녕로22바길 50,상도동 211-477,37.49711737,126.9471637,2011-08-24,한전주,02-820-9923,서울특별시 동작구청,2026-04-06
06-856,서울특별시 동작구 성대로16길 49,상도동 279-331,37.49662645,126.9381569,2011-08-24,한전주,02-820-9923,서울특별시 동작구청,2026-04-06
06-857,서울특별시 동작구 성대로16길 45-5,상도동 279-475,37.4967887,126.9382783,2018-10-15,통신주,02-820-9923,서울특별시 동작구청,2026-04-06
06-858,서울특별시 동작구 성대로16길 45-5,상도동 279-476,37.49688113,126.9384253,2011-08-24,한전주,02-820-9923,서울특별시 동작구청,2026-04-06
06-859,서울특별시 동작구 성대로16길 45-8,상도동 279-476,37.49696003,126.9385524,2023-06-23,전용주,02-820-9923,서울특별시 동작구청,2026-04-06
06-860,서울특별시 동작구 성대로16길 51-6,상도동 279-483,37.49652527,126.9385132,2011-08-24,한전주,02-820-9923,서울특별시 동작구청,2026-04-06
06-861,서울특별시 동작구 성대로16길 51-7,상도동 279-480,37.49662671,126.9386516,2020-03-26,전용주,02-820-9923,서울특별시 동작구청,2026-04-06
06-862,서울특별시 동작구 양녕로23길82,상도동 279-458,37.4962167,126.9385474,2019-07-02,통신주,02-820-9923,서울특별시 동작구청,2026-04-06
06-863,서울특별시 동작구 성대로16길 74,상도동 279-463,37.49565831,126.939003,2011-08-24,한전주,02-820-9923,서울특별시 동작구청,2026-04-06
06-864,서울특별시 동작구 양녕로23길 82,상도동 279-328,37.49625948,126.9385162,2011-08-24,전용주,02-820-9923,서울특별시 동작구청,2026-04-06
06-865,서울특별시 동작구 양녕로23길 81,상도동 279-456,37.49615367,126.9386294,2011-08-24,전용주,02-820-9923,서울특별시 동작구청,2026-04-06
06-866,서울특별시 동작구 양녕로23길 80,상도동 산 65-189,37.49633394,126.9387537,2011-08-24,한전주,02-820-9923,서울특별시 동작구청,2026-04-06
06-867,서울특별시 동작구 양녕로23길 67,상도동 산 65-181,37.49620801,126.9391693,2011-08-24,한전주,02-820-9923,서울특별시 동작구청,2026-04-06
06-868,서울특별시 동작구 성대로16길 65,상도동 279-460,37.49598032,126.938802,2011-08-24,전용주,02-820-9923,서울특별시 동작구청,2026-04-06
06-869,서울특별시 동작구 성대로16길 70,상도동 279-463,37.49580915,126.9388559,2011-08-24,한전주,02-820-9923,서울특별시 동작구청,2026-04-06
06-870,서울특별시 동작구 성대로16길 90,상도동 279-389,37.49500516,126.939159,2011-08-24,한전주,02-820-9923,서울특별시 동작구청,2026-04-06
06-871,서울특별시 동작구 성대로16길 73-2,상도동 279-366,37.49578457,126.9392347,2011-08-24,전용주,02-820-9923,서울특별시 동작구청,2026-04-06
06-872,서울특별시 동작구 성대로16길 75,상도동 279-535,37.49558181,126.9391699,2011-08-24,전용주,02-820-9923,서울특별시 동작구청,2026-04-06
06-873,서울특별시 동작구 성대로16길 79,상도동 279-368,37.4954805,126.9392717,2011-08-24,전용주,02-820-9923,서울특별시 동작구청,2026-04-06
06-874,서울특별시 동작구 성대로16길 79,상도동 279-369,37.49539494,126.9393425,2011-08-24,한전주,02-820-9923,서울특별시 동작구청,2026-04-06
06-875,서울특별시 동작구 성대로16길 87,상도동 279-371,37.49517205,126.9395603,2011-08-24,한전주,02-820-9923,서울특별시 동작구청,2026-04-06
06-876,서울특별시 동작구 성대로12가길 75,상도동 279-463,37.49512448,126.9390374,2011-08-24,한전주,02-820-9923,서울특별시 동작구청,2026-04-06
06-877,서울특별시 동작구 성대로12가길 68,상도동 279-463,37.49531131,126.9387828,2020-02-13,통신주,02-820-9923,서울특별시 동작구청,2026-04-06
06-878,서울특별시 동작구 성대로12가길 65,상도동 279-384,37.49548697,126.9387119,2011-08-24,한전주,02-820-9923,서울특별시 동작구청,2026-04-06
06-879,서울특별시 동작구 성대로12가길 59,상도동 279-382,37.4957391,126.938429,2011-08-24,한전주,02-820-9923,서울특별시 동작구청,2026-04-06
06-880,서울특별시 동작구 성대로12가길 49,상도동 279-26,37.49600702,126.9381687,2011-08-24,한전주,02-820-9923,서울특별시 동작구청,2026-04-06
06-881,서울특별시 동작구 성대로12가길 21,상도동 279-214,37.49695255,126.9371756,2019-09-02,한전주,02-820-9923,서울특별시 동작구청,2026-04-06
06-882,서울특별시 동작구 성대로12가길 16,상도동 279-315,37.49712137,126.9369521,2011-08-24,전용주,02-820-9923,서울특별시 동작구청,2026-04-06
06-883,서울특별시 동작구 성대로12가길15,상도동 279-7,37.4972295,126.936969,2011-08-24,전용주,02-820-9923,서울특별시 동작구청,2026-04-06
06-884,서울특별시 동작구 성대로14길 78,상도동 279-463,37.49499582,126.9385258,2019-02-25,통신주,02-820-9923,서울특별시 동작구청,2026-04-06
06-885,서울특별시 동작구 성대로14길 71,상도동 279-463,37.49522996,126.9382881,2011-08-24,한전주,02-820-9923,서울특별시 동작구청,2026-04-06
06-886,서울특별시 동작구 성대로14길 62,상도동 279-463,37.49548436,126.9380306,2011-08-24,한전주,02-820-9923,서울특별시 동작구청,2026-04-06
06-887,서울특별시 동작구 성대로12길 57,상도동 279-20,37.49552011,126.9374765,2011-08-24,한전주,02-820-9923,서울특별시 동작구청,2026-04-06
06-888,서울특별시 동작구 성대로12길 66,상도동 279-435,37.49533983,126.9373353,2018-11-05,전용주,02-820-9923,서울특별시 동작구청,2026-04-06
06-889,서울특별시 동작구 성대로12길 65,상도동 279-419,37.49540979,126.9375897,2011-08-24,한전주,02-820-9923,서울특별시 동작구청,2026-04-06
06-890,서울특별시 동작구 성대로12길 71,상도동 279-422,37.4952477,126.9377453,2011-08-24,한전주,02-820-9923,서울특별시 동작구청,2026-04-06
06-891,서울특별시 동작구 성대로10길 91,상도동 279-442,37.49460348,126.9377486,2011-08-24,한전주,02-820-9923,서울특별시 동작구청,2026-04-06
06-892,서울특별시 동작구 성대로12가길15-6,상도동 279-319,37.49727464,126.9371442,2011-08-24,전용주,02-820-9923,서울특별시 동작구청,2026-04-06
06-893,서울특별시 동작구 성대로12가길 15-8,상도동 279-303,37.49730852,126.937311,2011-08-24,벽부주,02-820-9923,서울특별시 동작구청,2026-04-06
06-894,서울특별시 동작구 성대로14길 7-20,상도동 279-289,37.49724967,126.9367881,2011-08-24,벽부주,02-820-9923,서울특별시 동작구청,2026-04-06
06-895,서울특별시 동작구 성대로16길 14-2,상도동 264-47,37.49738476,126.9366664,2011-08-24,통신주,02-820-9923,서울특별시 동작구청,2026-04-06
06-896,서울특별시 동작구 성대로14길 7-11,상도동 264-46,37.49741168,126.9364628,2011-08-24,한전주,02-820-9923,서울특별시 동작구청,2026-04-06
06-897,서울특별시 동작구 성대로14길 7-10,상도동 산 66-84,37.49734184,126.9364346,,전용주,02-820-9923,서울특별시 동작구청,2026-04-06
06-898,서울특별시 동작구 성대로14길 7-3,상도동 264-3,37.49748817,126.9362818,2011-08-24,전용주,02-820-9923,서울특별시 동작구청,2026-04-06
06-899,서울특별시 동작구 성대로14길 4,상도동 265-1,37.49757121,126.9357191,2019-08-30,한전주,02-820-9923,서울특별시 동작구청,2026-04-06
06-900,서울특별시 동작구 성대로12길 40,상도동 279-118,37.49633279,126.9365768,2018-10-29,통신주,02-820-9923,서울특별시 동작구청,2026-04-06
06-901,서울특별시 동작구 성대로12길 41,상도동 279-237,37.49621128,126.9368087,2011-08-24,한전주,02-820-9923,서울특별시 동작구청,2026-04-06
06-902,서울특별시 동작구 성대로12길 48,상도동 279-20,37.49601747,126.9366449,2011-08-24,벽부주,02-820-9923,서울특별시 동작구청,2026-04-06
06-903,서울특별시 동작구 성대로12길 48,상도동 279-118,37.49601535,126.936888,2018-10-29,통신주,02-820-9923,서울특별시 동작구청,2026-04-06
06-904,서울특별시 동작구 성대로12길 51,상도동 279-250,37.49582403,126.9371653,2011-08-24,한전주,02-820-9923,서울특별시 동작구청,2026-04-06
06-905,서울특별시 동작구 성대로10길 65,상도동 279-254,37.4956301,126.9367696,2011-08-24,한전주,02-820-9923,서울특별시 동작구청,2026-04-06
06-906,서울특별시 동작구 성대로10길 55,상도동 279-52,37.49597231,126.9364414,2011-08-24,한전주,02-820-9923,서울특별시 동작구청,2026-04-06
06-907,서울특별시 동작구 성대로10길 51,상도동 279-287,37.49610963,126.9362914,2011-08-24,벽부주,02-820-9923,서울특별시 동작구청,2026-04-06
06-908,서울특별시 동작구 성대로10길 37,상도동 277-4,37.49646981,126.9358671,2011-08-24,한전주,02-820-9923,서울특별시 동작구청,2026-04-06
06-909,서울특별시 동작구 성대로10길 35,상도동 276-4,37.49659576,126.9355305,2011-08-24,한전주,02-820-9923,서울특별시 동작구청,2026-04-06
06-910,서울특별시 동작구 성대로12길 12,상도동 267-2,37.49713182,126.9354566,,전용주,02-820-9923,서울특별시 동작구청,2026-04-06
06-911,서울특별시 동작구 성대로10나길 1-6,상도동 261-18,37.49736577,126.9348768,2011-08-24,전용주,02-820-9923,서울특별시 동작구청,2026-04-06
06-912,서울특별시 동작구 성대로10길17,상도동 259-4,37.49715855,126.9348968,2011-08-24,전용주,02-820-9923,서울특별시 동작구청,2026-04-06
06-913,서울특별시 동작구 성대로10길 19,상도동 269-12,37.49703239,126.9348743,2011-08-24,한전주,02-820-9923,서울특별시 동작구청,2026-04-06
06-914,서울특별시 동작구 성대로21가길 16,상도동 244-183,37.4997043,126.935641,2011-08-24,한전주,02-820-9923,서울특별시 동작구청,2026-04-06
06-915,서울특별시 동작구 성대로21길 40,상도동 244-169,37.49983101,126.9367039,2011-08-24,전용주,02-820-9923,서울특별시 동작구청,2026-04-06
06-916,서울특별시 동작구 성대로21길 66-9,상도동 238-41,37.50085175,126.9373533,2011-08-24,전용주,02-820-9923,서울특별시 동작구청,2026-04-06
06-917,서울특별시 동작구 성대로21길 68-2,상도동 238-25,37.500989,126.9370789,2020-04-29,전용주,02-820-9923,서울특별시 동작구청,2026-04-06
06-918,서울특별시 동작구 성대로21길 74,상도동 238-22,37.50094836,126.9368839,2020-04-29,벽부주,02-820-9923,서울특별시 동작구청,2026-04-06
06-919,서울특별시 동작구 ,상도동 530-5,37.49654108,126.9430846,2011-08-24,전용주,02-820-9923,서울특별시 동작구청,2026-04-06
06-920,서울특별시 동작구 양녕로27나길 26,상도동 202-74,37.49965754,126.9410099,2011-08-24,전용주,02-820-9923,서울특별시 동작구청,2026-04-06
06-921,서울특별시 동작구 양녕로26길 39,상도동 214-292,37.49679154,126.9439919,2020-04-02,벽부주,02-820-9923,서울특별시 동작구청,2026-04-06
06-922,서울특별시 동작구 양녕로22길 21,상도동 214-437,37.49423274,126.9441098,2011-08-24,한전주,02-820-9923,서울특별시 동작구청,2026-04-06
06-923,서울특별시 동작구 성대로14길 45,상도동 279-228,37.49618906,126.9373826,2018-11-30,통신주,02-820-9923,서울특별시 동작구청,2026-04-06
06-924,서울특별시 동작구 성대로14길 37,상도동 279-234,37.49643222,126.9371761,2011-08-24,한전주,02-820-9923,서울특별시 동작구청,2026-04-06
06-925,서울특별시 동작구 성대로14길 33,상도동 279-235,37.49651774,126.9370375,2011-08-24,한전주,02-820-9923,서울특별시 동작구청,2026-04-06
06-926,서울특별시 동작구 성대로14길 27,상도동 279-200,37.49672486,126.9368337,2011-08-24,전용주,02-820-9923,서울특별시 동작구청,2026-04-06
06-927,서울특별시 동작구 성대로12가길 6,상도동 279-17,37.49679223,126.9364492,2011-08-24,전용주,02-820-9923,서울특별시 동작구청,2026-04-06
06-928,서울특별시 동작구 성대로12길 28,상도동 259-4,37.49674925,126.9361071,2011-08-24,통신주,02-820-9923,서울특별시 동작구청,2026-04-06
06-929,서울특별시 동작구 성대로12길 23,상도동 279-525,37.49683934,126.9360929,2011-08-24,한전주,02-820-9923,서울특별시 동작구청,2026-04-06
06-930,서울특별시 동작구 ,상도동 530,37.49650516,126.9433278,2011-08-24,전용주,02-820-9923,서울특별시 동작구청,2026-04-06
06-931,서울특별시 동작구 ,상도동 530-4,37.49640163,126.943506,2011-08-24,전용주,02-820-9923,서울특별시 동작구청,2026-04-06
06-932,서울특별시 동작구 ,상도동 530,37.4963837,126.9436926,2011-08-24,전용주,02-820-9923,서울특별시 동작구청,2026-04-06
06-933,서울특별시 동작구 성대로16길 67-5,상도동 279-461,37.49599396,126.9390508,2011-08-24,벽부주,02-820-9923,서울특별시 동작구청,2026-04-06
06-934,서울특별시 동작구 성대로12가길 48,상도동 279-20,37.49606777,126.9380414,2011-08-24,전용주,02-820-9923,서울특별시 동작구청,2026-04-06
06-935,서울특별시 동작구 성대로12가길 47,상도동 279-499,37.49618036,126.937982,2011-08-24,전용주,02-820-9923,서울특별시 동작구청,2026-04-06
06-936,서울특별시 동작구 성대로12가길 41,상도동 279-220,37.49636047,126.9378037,2011-08-24,전용주,02-820-9923,서울특별시 동작구청,2026-04-06
06-937,서울특별시 동작구 성대로12가길 31,상도동 279-211,37.4966554,126.9375123,2011-08-24,한전주,02-820-9923,서울특별시 동작구청,2026-04-06
06-938,서울특별시 동작구 성대로12길28,상도동 277-11,37.49665021,126.9362316,2019-08-29,전용주,02-820-9923,서울특별시 동작구청,2026-04-06
06-939,서울특별시 동작구 성대로17길4,상도동 244-300,37.49826771,126.9365921,2018-10-11,벽부주,02-820-9923,서울특별시 동작구청,2026-04-06
06-940,서울특별시 동작구 성대로12길 30,상도동 275-16,37.4965399,126.9363589,,전용주,02-820-9923,서울특별시 동작구청,2026-04-06
06-941,서울특별시 동작구 성대로12길 65,상도동 279-243,37.49649042,126.9364975,2011-08-24,한전주,02-820-9923,서울특별시 동작구청,2026-04-06
06-942,서울특별시 동작구 성대로12길 15-5,상도동 266-7,37.49716811,126.9359174,,벽부주,02-820-9923,서울특별시 동작구청,2026-04-06
06-943,서울특별시 동작구 성대로12길 11,상도동 262-2,37.49728728,126.9355158,2011-08-24,한전주,02-820-9923,서울특별시 동작구청,2026-04-06
06-944,서울특별시 동작구 성대로12길 1,상도동 263-8,37.49752142,126.9353007,2011-08-24,한전주,02-820-9923,서울특별시 동작구청,2026-04-06
06-945,서울특별시 동작구 성대로14길 8,상도동 265-1,37.49745869,126.9359228,2019-08-30,한전주,02-820-9923,서울특별시 동작구청,2026-04-06
06-946,서울특별시 동작구 성대로10길 1-8,상도동 261-17,37.49745812,126.9348682,,전용주,02-820-9923,서울특별시 동작구청,2026-04-06
06-947,서울특별시 동작구 성대로14길 33,상도동 279-235,37.49659655,126.936995,2011-08-24,벽부주,02-820-9923,서울특별시 동작구청,2026-04-06
06-948,서울특별시 동작구 성대로 105,상도동 264-161,37.49794319,126.9363068,2011-08-24,통신주,02-820-9923,서울특별시 동작구청,2026-04-06
06-949,서울특별시 동작구 양녕로23길 49,상도동 산 65-179,37.49654163,126.939661,2020-08-27,한전주,02-820-9923,서울특별시 동작구청,2026-04-06
06-950,서울특별시 동작구 양녕로23길 51 뒤쪽,상도동 210-291,37.49649447,126.9399296,2011-08-24,전용주,02-820-9923,서울특별시 동작구청,2026-04-06
06-951,서울특별시 동작구 성대로16길23-1,상도동 237-21,37.49749103,126.9374183,2022-08-18,전용주,02-820-9923,서울특별시 동작구청,2026-04-06
06-952,서울특별시 동작구 성대로29길 32,상도동 202-223,37.49991319,126.9387649,2023-05-09,벽부주,02-820-9923,서울특별시 동작구청,2026-04-06
06-953,서울특별시 동작구 성대로31길 71,상도동 197-10,37.50148693,126.9373047,2024-01-18,벽부주,02-820-9923,서울특별시 동작구청,2026-04-06
06-984,서울특별시 동작구 상도로148,상도동 188-37,37.50244141,126.9362097,2024-08-01,한전주,02-820-9923,서울특별시 동작구청,2026-04-06
06-985,서울특별시 동작구 양녕로25마길 3,상도동 210-94,37.49768021,126.9417606,2020-04-17,한전주,02-820-9923,서울특별시 동작구청,2026-04-06
06-986,서울특별시 동작구 양녕로25마길 15,상도동 210-94,37.49794584,126.9414353,2011-08-24,통신주,02-820-9923,서울특별시 동작구청,2026-04-06
06-987,서울특별시 동작구 상도로22나길 2,상도동 194-3,37.50227738,126.9369591,2023-07-31,벽부주,02-820-9923,서울특별시 동작구청,2026-04-06
06-988,서울특별시 동작구 양녕로22길 48,상도동 214-256,37.49500123,126.9449205,2024-03-07,통신주,02-820-9923,서울특별시 동작구청,2026-04-06
06-989,서울특별시 동작구 양녕로25길 39-12,상도동 223-2,37.49745532,126.94251,2024-09-04,벽부주,02-820-9923,서울특별시 동작구청,2026-04-06
06-990,서울특별시 동작구 성대로149,상도동 906-5,37.49855725,126.9389158,2025-03-19,전용주,02-820-9923,서울특별시 동작구청,2026-04-06
06-991,서울특별시 동작구 성대로149,상도동 906-5,37.49866105,126.9392691,2025-03-07,한전주,02-820-9923,서울특별시 동작구청,2026-04-06
06-992,서울특별시 동작구 성대로40,상도동 256-174,37.49900709,126.9335155,2025-03-19,전용주,02-820-9923,서울특별시 동작구청,2026-04-06
06-993,서울특별시 동작구 성대로 3,상도동 345-9,37.50042537,126.9320893,2025-03-19,한전주,02-820-9923,서울특별시 동작구청,2026-04-06
06-994,서울특별시 동작구 성대로37길 59,상도동 202-95,37.50120811,126.9382323,2025-07-02,통신주,02-820-9923,서울특별시 동작구청,2026-04-06
06-995,서울특별시 동작구 성대로31길 22,상도동 202-159,37.50010503,126.9394941,2025-07-30,통신주,02-820-9923,서울특별시 동작구청,2026-04-06
06-997,서울특별시 동작구 양녕로25가길 54,상도동 210-361,37.49908282,126.940346,2025-10-01,한전주,02-820-9923,서울특별시 동작구청,2026-04-06
06-998,서울특별시 동작구 양녕로22길 79,상도동 214-417,37.49509855,126.9459128,2025-10-30,통신주,02-820-9923,서울특별시 동작구청,2026-04-06
06-999,서울특별시 동작구 양녕로25길 20,상도동 210-275,37.49804335,126.9427527,2026-03-12,전용주,02-820-9923,서울특별시 동작구청,2026-04-06
07-1046,서울특별시 동작구 흑석로6길 16-1,흑석동 204-141,37.50610856,126.9561007,2011-08-24,전용주,02-820-9923,서울특별시 동작구청,2026-04-06
07-1147,서울특별시 동작구 흑석로3길 19-3,흑석동 204-153,37.50720546,126.9559078,2011-08-24,벽부주,02-820-9923,서울특별시 동작구청,2026-04-06
07-173,서울특별시 동작구 서달로14마길 4-4,흑석동 50-62,37.5074718,126.9641668,2022-06-16,한전주,02-820-9923,서울특별시 동작구청,2026-04-06
07-197,서울특별시 동작구 서달로14나길 27,흑석동 54-142,37.50696244,126.9632227,2011-08-24,벽부주,02-820-9923,서울특별시 동작구청,2026-04-06
07-3017,서울특별시 동작구 흑석로7길 29,흑석동 203-2,37.50797861,126.9573861,2011-08-24,벽부주,02-820-9923,서울특별시 동작구청,2026-04-06
07-3018,서울특별시 동작구 흑석로 81-12,흑석동 195-37,37.50746091,126.9584354,2011-08-24,벽부주,02-820-9923,서울특별시 동작구청,2026-04-06
07-3019,서울특별시 동작구 흑석로 75-15,흑석동 205-21,37.50706189,126.9575252,2020-12-15,벽부주,02-820-9923,서울특별시 동작구청,2026-04-06
07-3020,서울특별시 동작구 흑석로6길 50-1,흑석동 211-40,37.50573649,126.9550321,2020-12-14,벽부주,02-820-9923,서울특별시 동작구청,2026-04-06
07-3021,서울특별시 동작구 흑석로6나길 32-1,흑석동 213-6,37.50542353,126.9554027,2011-08-24,벽부주,02-820-9923,서울특별시 동작구청,2026-04-06
07-3025,서울특별시 동작구 흑석로13마길 12-6,흑석동 186-86,37.50930605,126.959376,2011-08-24,벽부주,02-820-9923,서울특별시 동작구청,2026-04-06
07-3026,서울특별시 동작구 흑석로13마길 12-7,흑석동 173-103,37.50927667,126.9591215,2011-08-24,벽부주,02-820-9923,서울특별시 동작구청,2026-04-06
07-3028,서울특별시 동작구 서달로13길 11-10,흑석동 102-81,37.50817612,126.9618762,2011-08-24,전용주,02-820-9923,서울특별시 동작구청,2026-04-06
07-3029,서울특별시 동작구 서달로14마길 9,흑석동 50-31,37.50726286,126.9644955,2011-08-24,벽부주,02-820-9923,서울특별시 동작구청,2026-04-06
07-3030,서울특별시 동작구 서달로14나길 24-3,흑석동 54-155,37.50721466,126.9630161,2011-08-24,벽부주,02-820-9923,서울특별시 동작구청,2026-04-06
07-3047,서울특별시 동작구 흑석로5길 25-3,흑석동 204-92,37.50709079,126.956462,2011-08-24,벽부주,02-820-9923,서울특별시 동작구청,2026-04-06
07-3048,서울특별시 동작구 흑석로 85-7,흑석동 190-37,37.50754231,126.9593345,2011-08-24,벽부주,02-820-9923,서울특별시 동작구청,2026-04-06
07-3049,서울특별시 동작구 흑석로13마길 62,흑석동 194-18,37.50744075,126.9587578,2011-08-24,벽부주,02-820-9923,서울특별시 동작구청,2026-04-06
07-3050,서울특별시 동작구 흑석로13마길 56,흑석동 195-1,37.50756684,126.9586163,2011-08-24,벽부주,02-820-9923,서울특별시 동작구청,2026-04-06
07-3051,서울특별시 동작구 흑석로5길 26,흑석동 204-57,37.50753022,126.9569877,2011-08-24,벽부주,02-820-9923,서울특별시 동작구청,2026-04-06
07-3053,서울특별시 동작구 현충로8길 3,흑석동 43-94,37.50691379,126.9662509,2011-08-24,벽부주,02-820-9923,서울특별시 동작구청,2026-04-06
07-3054,서울특별시 동작구 현충로8길 5-2,흑석동 43-75,37.50668404,126.9662906,2011-08-24,벽부주,02-820-9923,서울특별시 동작구청,2026-04-06
07-3056,서울특별시 동작구 서달로14사길 5,흑석동 43-20,37.50710268,126.9651623,2011-08-24,통신주,02-820-9923,서울특별시 동작구청,2026-04-06
07-3057,서울특별시 동작구 서달로14바길 7-11,흑석동 43-51,37.50714768,126.9649898,2011-08-24,벽부주,02-820-9923,서울특별시 동작구청,2026-04-06
07-3058,서울특별시 동작구 서달로14길 50-6,흑석동 43-101,37.50711405,126.9655157,2011-08-24,벽부주,02-820-9923,서울특별시 동작구청,2026-04-06
07-3059,서울특별시 동작구 서달로14길 50-5,흑석동 43-26,37.50707353,126.965609,2011-08-24,벽부주,02-820-9923,서울특별시 동작구청,2026-04-06
07-3060,서울특별시 동작구 서달로14길 50-11,흑석동 43-120,37.50689555,126.9654988,2011-08-24,벽부주,02-820-9923,서울특별시 동작구청,2026-04-06
07-3061,서울특별시 동작구 서달로14바길 11,흑석동 50-6,37.50699887,126.9645007,2011-08-24,벽부주,02-820-9923,서울특별시 동작구청,2026-04-06
07-3062,서울특별시 동작구 서달로14길 34,흑석동 43-3,37.50742018,126.9648087,2011-08-24,벽부주,02-820-9923,서울특별시 동작구청,2026-04-06
07-3063,서울특별시 동작구 서달로14길 24,흑석동 50-22,37.50773313,126.9642854,2011-08-24,벽부주,02-820-9923,서울특별시 동작구청,2026-04-06
07-3064,서울특별시 동작구 서달로14길 19,흑석동 6-10,37.50795156,126.9640733,2011-08-24,벽부주,02-820-9923,서울특별시 동작구청,2026-04-06
07-3065,서울특별시 동작구 서달로14길 16,흑석동 50-24,37.50780733,126.9638528,2011-08-24,벽부주,02-820-9923,서울특별시 동작구청,2026-04-06
07-3066,서울특별시 동작구 서달로14다길 1,흑석동 50-38,37.50769473,126.9639575,2011-08-24,전용주,02-820-9923,서울특별시 동작구청,2026-04-06
07-3067,서울특별시 동작구 흑석로11길 39-1,흑석동 186-142,37.5087946,126.9590228,2018-04-04,벽부주,02-820-9923,서울특별시 동작구청,2026-04-06
07-3068,서울특별시 동작구 흑석로3길 33-4,흑석동 204-78,37.50809503,126.955452,2011-08-24,전용주,02-820-9923,서울특별시 동작구청,2026-04-06
07-3069,서울특별시 동작구 서달로14라길 5,흑석동 52-15,37.50721713,126.9637174,2011-08-24,벽부주,02-820-9923,서울특별시 동작구청,2026-04-06
07-3070,서울특별시 동작구 서달로15길 17,흑석동 101-4,37.50857039,126.9621276,2019-12-26,벽부주,02-820-9923,서울특별시 동작구청,2026-04-06
07-3072,서울특별시 동작구 서달로14라길 12,흑석동 53-6,37.50691758,126.9638419,2011-08-24,벽부주,02-820-9923,서울특별시 동작구청,2026-04-06
07-3073,서울특별시 동작구 서달로14나길 23,흑석동 54-144,37.50713588,126.9632,2011-08-24,벽부주,02-820-9923,서울특별시 동작구청,2026-04-06
07-3074,서울특별시 동작구 서달로12나길 14,흑석동 54-162,37.50697606,126.963545,2011-08-24,벽부주,02-820-9923,서울특별시 동작구청,2026-04-06
07-3075,서울특별시 동작구 서달로12나길 18,흑석동 54-162,37.50686799,126.9637119,2011-08-24,벽부주,02-820-9923,서울특별시 동작구청,2026-04-06
07-3099,서울특별시 동작구 서달로14나길 22,흑석동 54-158,37.50729581,126.9632197,2011-08-24,벽부주,02-820-9923,서울특별시 동작구청,2026-04-06
07-3100,서울특별시 동작구 서달로14나길 24-2,흑석동 54-154,37.50721921,126.9631575,2011-08-24,벽부주,02-820-9923,서울특별시 동작구청,2026-04-06
07-3101,서울특별시 동작구 서달로12길 24,흑석동 54-152,37.50674611,126.9629259,2011-08-24,벽부주,02-820-9923,서울특별시 동작구청,2026-04-06
07-3102,서울특별시 동작구 서달로12가길 8,흑석동 97-20,37.50662213,126.9626347,2011-08-24,한전주,02-820-9923,서울특별시 동작구청,2026-04-06
07-3103,서울특별시 동작구 서달로12길 13,흑석동 97-37,37.50696225,126.9626091,2011-08-24,벽부주,02-820-9923,서울특별시 동작구청,2026-04-06
07-3104,서울특별시 동작구 서달로12길 13,흑석동 97-6,37.5070411,126.962643,2011-08-24,벽부주,02-820-9923,서울특별시 동작구청,2026-04-06
07-3116,서울특별시 동작구 흑석로7길 9-1,흑석동 196-7,37.50742021,126.9579972,2020-11-27,한전주,02-820-9923,서울특별시 동작구청,2026-04-06
07-3138,서울특별시 동작구 흑석로3길 28-8,흑석동 204-111,37.50758176,126.956244,2020-10-16,벽부주,02-820-9923,서울특별시 동작구청,2026-04-06
07-3139,서울특별시 동작구 서달로12길 33-15,흑석동 54-279,37.50666739,126.9633218,2020-12-17,벽부주,02-820-9923,서울특별시 동작구청,2026-04-06
07-3140,서울특별시 동작구 흑석로6가길 1,흑석동 207-57,37.50631838,126.957011,2020-12-18,벽부주,02-820-9923,서울특별시 동작구청,2026-04-06
07-3142,서울특별시 동작구 현충로 102 계단,흑석동 9-27,37.50753283,126.9648765,2020-12-18,벽부주,02-820-9923,서울특별시 동작구청,2026-04-06
07-3143,서울특별시 동작구 흑석로3길 31-1,흑석동 204-159,37.50793525,126.9558451,2024-07-18,벽부주,02-820-9923,서울특별시 동작구청,2026-04-06
07-3147,서울특별시 동작구 현충로 85-5,흑석동 2-26,37.50887293,126.9643923,2020-12-21,한전주,02-820-9923,서울특별시 동작구청,2026-04-06
07-3158,서울특별시 동작구 흑석로3길 52,흑석동 198-14,37.50934356,126.9571846,2020-05-29,전용주,02-820-9923,서울특별시 동작구청,2026-04-06
07-3160,서울특별시 동작구 흑석로9길 17-1,흑석동 194-19,37.50762782,126.95908,2020-06-01,벽부주,02-820-9923,서울특별시 동작구청,2026-04-06
07-3161,서울특별시 동작구 서달로15길 20-10,흑석동 106-10,37.50890834,126.9623593,2011-08-24,벽부주,02-820-9923,서울특별시 동작구청,2026-04-06
07-3162,서울특별시 동작구 서달로13길 6,흑석동 102-94,37.50802311,126.9623909,2011-08-24,벽부주,02-820-9923,서울특별시 동작구청,2026-04-06
07-3163,서울특별시 동작구 흑석로10길 18,흑석동 223-52,37.50662348,126.9598977,2011-08-24,벽부주,02-820-9923,서울특별시 동작구청,2026-04-06
07-3164,서울특별시 동작구 흑석로10길 20-4,흑석동 223-53,37.50650173,126.9595443,2020-12-18,벽부주,02-820-9923,서울특별시 동작구청,2026-04-06
07-3165,서울특별시 동작구 흑석로8길 4,흑석동 223-73,37.50693867,126.959431,2020-06-01,벽부주,02-820-9923,서울특별시 동작구청,2026-04-06
07-3166,서울특별시 동작구 흑석로13가길 13,흑석동 184-17,37.50835823,126.9608242,2011-08-24,벽부주,02-820-9923,서울특별시 동작구청,2026-04-06
07-3167,서울특별시 동작구 흑석로101-5,흑석동 184-21,37.50795952,126.9607905,2011-08-24,벽부주,02-820-9923,서울특별시 동작구청,2026-04-06
07-3168,서울특별시 동작구 흑석로11길 4,흑석동 184-14,37.50777697,126.9605078,2011-08-24,벽부주,02-820-9923,서울특별시 동작구청,2026-04-06
07-3169,서울특별시 동작구 흑석로13가길 22,흑석동 186-113,37.50817788,126.9603917,2011-08-24,벽부주,02-820-9923,서울특별시 동작구청,2026-04-06
07-3170,서울특별시 동작구 흑석로13마길 12-5,흑석동 186-11,37.50922716,126.9592516,2020-06-01,벽부주,02-820-9923,서울특별시 동작구청,2026-04-06
07-3171,서울특별시 동작구 흑석로3가길 21-5,흑석동 173-150,37.51060298,126.9579077,2021-02-17,벽부주,02-820-9923,서울특별시 동작구청,2026-04-06
07-3172,서울특별시 동작구 흑석로5길 99,흑석동 186-15,37.50949733,126.9588528,2011-08-24,벽부주,02-820-9923,서울특별시 동작구청,2026-04-06
07-3173,서울특별시 동작구 흑석로3길 31,흑석동 204-170,37.508066,126.9561222,2011-08-24,벽부주,02-820-9923,서울특별시 동작구청,2026-04-06
07-3174,서울특별시 동작구 흑석로3길 31,흑석동 204-161,37.50811101,126.9560119,2011-08-24,벽부주,02-820-9923,서울특별시 동작구청,2026-04-06
07-3175,서울특별시 동작구 흑석로13바길 20,흑석동 196-14,37.50884161,126.9581858,2011-08-24,벽부주,02-820-9923,서울특별시 동작구청,2026-04-06
07-3176,서울특별시 동작구 흑석로3길 50,흑석동 198-47,37.50922188,126.9570405,2011-08-24,벽부주,02-820-9923,서울특별시 동작구청,2026-04-06
07-3177,서울특별시 동작구 흑석로5길 47,흑석동 200-11,37.50848959,126.9564471,2011-08-24,벽부주,02-820-9923,서울특별시 동작구청,2026-04-06
07-3179,서울특별시 동작구 흑석로5길 7-4,흑석동 204-61,37.50674853,126.9568044,2011-08-24,벽부주,02-820-9923,서울특별시 동작구청,2026-04-06
07-3180,서울특별시 동작구 흑석로5길 7-8,흑석동 204-100,37.5069602,126.9566204,2011-08-24,벽부주,02-820-9923,서울특별시 동작구청,2026-04-06
07-3181,서울특별시 동작구 흑석로5길 7-4,흑석동 204-100,37.50686781,126.9565074,2011-08-24,벽부주,02-820-9923,서울특별시 동작구청,2026-04-06
07-3182,서울특별시 동작구 흑석로5길 7-8,흑석동 204-100,37.50696464,126.9564508,2011-08-24,벽부주,02-820-9923,서울특별시 동작구청,2026-04-06
07-3183,서울특별시 동작구 흑석로5길 1-8,흑석동 204-60,37.50648716,126.9565783,2011-08-24,벽부주,02-820-9923,서울특별시 동작구청,2026-04-06
07-3184,서울특별시 동작구 흑석로5길 24-3,흑석동 204-124,37.50752804,126.9571856,2011-08-24,벽부주,02-820-9923,서울특별시 동작구청,2026-04-06
07-3185,서울특별시 동작구 흑석로5길 24-4,흑석동 204-38,37.50721505,126.9574968,2011-08-24,벽부주,02-820-9923,서울특별시 동작구청,2026-04-06
07-3186,서울특별시 동작구 흑석로7길 25-6,흑석동 221-1,37.50788166,126.9571204,2011-08-24,벽부주,02-820-9923,서울특별시 동작구청,2026-04-06
07-3187,서울특별시 동작구 흑석로7길 39-3,흑석동 201-21,37.50832763,126.9570466,2011-08-24,벽부주,02-820-9923,서울특별시 동작구청,2026-04-06
07-3188,서울특별시 동작구 흑석로7길 31,흑석동 221-1,37.50809127,126.9574709,2011-08-24,전용주,02-820-9923,서울특별시 동작구청,2026-04-06
07-3189,서울특별시 동작구 현충로2길 4,흑석동 172-23,37.51137211,126.9608792,2019-09-19,전용주,02-820-9923,서울특별시 동작구청,2026-04-06
07-3190,서울특별시 동작구 현충로2길 4,흑석동 산 4-8,37.51120982,126.9605527,2019-09-19,전용주,02-820-9923,서울특별시 동작구청,2026-04-06
07-3191,서울특별시 동작구 현충로2길 4,흑석동 172-25,37.51128289,126.9601681,2019-09-19,전용주,02-820-9923,서울특별시 동작구청,2026-04-06
07-3192,서울특별시 동작구 현충로2길 4,흑석동 172-16,37.51160044,126.9600067,2019-09-19,전용주,02-820-9923,서울특별시 동작구청,2026-04-06
07-3225,서울특별시 동작구 흑석로7길 20,흑석동 199-25,37.50765661,126.9576775,2020-05-29,전용주,02-820-9923,서울특별시 동작구청,2026-04-06
07-3226,서울특별시 동작구 흑석로9길 37-5,흑석동 194-51,37.5076545,126.9580847,2011-08-24,전용주,02-820-9923,서울특별시 동작구청,2026-04-06
07-3227,서울특별시 동작구 흑석로9길 27-11,흑석동 194-50,37.50758926,126.9583223,2011-08-24,전용주,02-820-9923,서울특별시 동작구청,2026-04-06
07-3228,서울특별시 동작구 흑석로7길 6-1,흑석동 195-10,37.5071816,126.9584271,2011-08-24,전용주,02-820-9923,서울특별시 동작구청,2026-04-06
07-3229,서울특별시 동작구 흑석로 75-12,흑석동 205-17,37.50714984,126.9578079,2020-12-18,벽부주,02-820-9923,서울특별시 동작구청,2026-04-06
07-3230,서울특별시 동작구 흑석로6나길 28,흑석동 221,37.50530199,126.9556459,2011-08-24,전용주,02-820-9923,서울특별시 동작구청,2026-04-06
07-3231,서울특별시 동작구 흑석로6나길 16,흑석동 200-94,37.50525945,126.9563302,2011-08-24,전용주,02-820-9923,서울특별시 동작구청,2026-04-06
07-3232,서울특별시 동작구 흑석로6가길 21,흑석동 221,37.50608362,126.9556738,2011-08-24,전용주,02-820-9923,서울특별시 동작구청,2026-04-06
07-3233,서울특별시 동작구 흑석로6가길 7,흑석동 204-172,37.50625516,126.9566011,2020-05-29,전용주,02-820-9923,서울특별시 동작구청,2026-04-06
07-3235,서울특별시 동작구 서달로14나길 13,흑석동 51-9,37.50756396,126.9635306,2011-08-24,전용주,02-820-9923,서울특별시 동작구청,2026-04-06
07-3238,서울특별시 동작구 서달로15길 8-12,흑석동 112-2,37.50880485,126.9627467,2011-08-24,전용주,02-820-9923,서울특별시 동작구청,2026-04-06
07-3239,서울특별시 동작구 서달로2길 29,흑석동 327,37.50084005,126.9630249,2011-08-24,전용주,02-820-9923,서울특별시 동작구청,2026-04-06
07-3240,서울특별시 동작구 서달로2길 29,흑석동 327,37.50077916,126.9628044,2011-08-24,전용주,02-820-9923,서울특별시 동작구청,2026-04-06
07-3243,서울특별시 동작구 흑석로3길 50,흑석동 198-47,37.50914981,126.9570773,2022-12-15,전용주,02-820-9923,서울특별시 동작구청,2026-04-06
07-3244,서울특별시 동작구 흑석로9길 85-1,흑석동 200-100,37.50892861,126.9558361,2011-08-24,전용주,02-820-9923,서울특별시 동작구청,2026-04-06
07-3245,서울특별시 동작구 흑석로 85-11,흑석동 190-28,37.50755137,126.9594646,2011-08-24,전용주,02-820-9923,서울특별시 동작구청,2026-04-06
07-3246,서울특별시 동작구 흑석로6나길 10,흑석동 200-94,37.50537667,126.9565903,2011-08-24,전용주,02-820-9923,서울특별시 동작구청,2026-04-06
07-3248,서울특별시 동작구 현충로12길 67,흑석동 290-6,37.50407797,126.9665717,2011-08-24,전용주,02-820-9923,서울특별시 동작구청,2026-04-06
07-3250,서울특별시 동작구 흑석로3길 19-3,흑석동 211-32,37.50680231,126.9560409,2015-02-16,전용주,02-820-9923,서울특별시 동작구청,2026-04-06
07-3251,서울특별시 동작구 흑석로3길 21,흑석동 204-104,37.50720981,126.9555006,2015-02-16,전용주,02-820-9923,서울특별시 동작구청,2026-04-06
07-3252,서울특별시 동작구 흑석로3길 21,흑석동 204-104,37.50731112,126.955362,2015-02-16,전용주,02-820-9923,서울특별시 동작구청,2026-04-06
07-3257,서울특별시 동작구 현충로8길 7,흑석동 43-78,37.50662316,126.9660532,2011-08-24,전용주,02-820-9923,서울특별시 동작구청,2026-04-06
07-3258,서울특별시 동작구 현충로 108,흑석동 9-44,37.50737526,126.9652357,2011-08-24,전용주,02-820-9923,서울특별시 동작구청,2026-04-06
07-3259,서울특별시 동작구 흑석로6길 16,흑석동 207-57,37.50588809,126.9568642,2017-05-10,전용주,02-820-9923,서울특별시 동작구청,2026-04-06
07-3260,서울특별시 동작구 흑석로6나길 6,흑석동 221,37.50546232,126.9567203,2011-08-24,전용주,02-820-9923,서울특별시 동작구청,2026-04-06
07-3261,서울특별시 동작구 흑석로6나길 20,흑석동 200-94,37.50532014,126.9559994,2011-08-24,전용주,02-820-9923,서울특별시 동작구청,2026-04-06
07-3262,서울특별시 동작구 흑석로6나길 24,흑석동 221,37.50530881,126.9558128,2011-08-24,전용주,02-820-9923,서울특별시 동작구청,2026-04-06
07-3263,서울특별시 동작구 흑석로6나길 32,흑석동 221,37.50530191,126.9554395,2011-08-24,전용주,02-820-9923,서울특별시 동작구청,2026-04-06
07-3264,서울특별시 동작구 흑석로6나길 34,흑석동 200-94,37.50534237,126.9552133,2011-08-24,전용주,02-820-9923,서울특별시 동작구청,2026-04-06
07-3265,서울특별시 동작구 흑석로6나길 38,흑석동 221,37.50532203,126.9550295,2011-08-24,전용주,02-820-9923,서울특별시 동작구청,2026-04-06
07-3266,서울특별시 동작구 흑석로6나길 42,흑석동 200-94,37.50531069,126.9548203,2011-08-24,전용주,02-820-9923,서울특별시 동작구청,2026-04-06
07-3267,서울특별시 동작구 흑석로6길 31,흑석동 207-57,37.50549136,126.9560643,2011-08-24,전용주,02-820-9923,서울특별시 동작구청,2026-04-06
07-3268,서울특별시 동작구 흑석로6가길 31,흑석동 210-2,37.50604523,126.9554052,2011-08-24,전용주,02-820-9923,서울특별시 동작구청,2026-04-06
07-3269,서울특별시 동작구 흑석로6가길 13,흑석동 208-1,37.5061019,126.956375,2011-08-24,전용주,02-820-9923,서울특별시 동작구청,2026-04-06
07-3270,서울특별시 동작구 흑석로6가길 1,흑석동 208-9,37.50635211,126.9568555,2011-08-24,전용주,02-820-9923,서울특별시 동작구청,2026-04-06
07-3271,서울특별시 동작구 흑석로6가길 19,흑석동 208-9,37.50604995,126.9559876,2011-08-24,전용주,02-820-9923,서울특별시 동작구청,2026-04-06
07-3272,서울특별시 동작구 흑석로6가길 31,흑석동 204-141,37.50613758,126.9553938,2011-08-24,전용주,02-820-9923,서울특별시 동작구청,2026-04-06
07-3273,서울특별시 동작구 서달로14마길 10-3,흑석동 50-67,37.50717445,126.9641274,2011-08-24,전용주,02-820-9923,서울특별시 동작구청,2026-04-06
07-3274,서울특별시 동작구 서달로14길 28,흑석동 50-16,37.50758226,126.964475,2011-08-24,전용주,02-820-9923,서울특별시 동작구청,2026-04-06
07-3275,서울특별시 동작구 현충로 98,흑석동 8-33,37.50781203,126.9645173,2011-08-24,전용주,02-820-9923,서울특별시 동작구청,2026-04-06
07-3276,서울특별시 동작구 현충로 92,흑석동 6-2,37.50810699,126.9641184,2011-08-24,전용주,02-820-9923,서울특별시 동작구청,2026-04-06
07-3277,서울특별시 동작구 서달로14다길 7-1,흑석동 50-70,37.50738387,126.9639095,2011-08-24,전용주,02-820-9923,서울특별시 동작구청,2026-04-06
07-3278,서울특별시 동작구 서달로14다길 10,흑석동 50-46,37.50732526,126.9637541,2011-08-24,전용주,02-820-9923,서울특별시 동작구청,2026-04-06
07-3300,서울특별시 동작구 서달로2길,흑석동 산 70-7,37.50098229,126.9640992,2011-08-24,전용주,02-820-9923,서울특별시 동작구청,2026-04-06
07-3301,서울특별시 동작구 서달로2길,흑석동 산 70-7,37.50081779,126.9638844,2011-08-24,전용주,02-820-9923,서울특별시 동작구청,2026-04-06
07-3302,서울특별시 동작구 서달로2길,흑석동 산 70-7,37.50069827,126.9634406,2011-08-24,전용주,02-820-9923,서울특별시 동작구청,2026-04-06
07-3303,서울특별시 동작구 서달로2길,흑석동 327,37.50071386,126.9628695,2011-08-24,전용주,02-820-9923,서울특별시 동작구청,2026-04-06
07-3304,서울특별시 동작구 서달로2길,흑석동 76-87,37.50065976,126.9627395,2011-08-24,전용주,02-820-9923,서울특별시 동작구청,2026-04-06
07-3314,서울특별시 동작구 서달로 134-4,흑석동 228-12,37.50542559,126.9612272,2020-06-05,전용주,02-820-9923,서울특별시 동작구청,2026-04-06
07-3317,서울특별시 동작구 흑석로7길 39,흑석동 199-1,37.50845835,126.9572473,2020-09-03,전용주,02-820-9923,서울특별시 동작구청,2026-04-06
07-3322,서울특별시 동작구 흑석로3길 52,흑석동 198-19,37.50935715,126.9573684,2020-05-29,벽부주,02-820-9923,서울특별시 동작구청,2026-04-06
07-3323,서울특별시 동작구 흑석로5길 110,흑석동 173-58,37.50972266,126.9590789,2020-05-29,전용주,02-820-9923,서울특별시 동작구청,2026-04-06
07-3324,서울특별시 동작구 서달로 83,흑석동 339-5,37.50093566,126.9592476,2011-08-24,전용주,02-820-9923,서울특별시 동작구청,2026-04-06
07-3325,서울특별시 동작구 서달로 83,흑석동 339-5,37.50108663,126.9593833,2011-08-24,전용주,02-820-9923,서울특별시 동작구청,2026-04-06
07-3326,서울특별시 동작구 서달로 83,흑석동 339-5,37.50121279,126.9594595,2011-08-24,전용주,02-820-9923,서울특별시 동작구청,2026-04-06
07-3327,서울특별시 동작구 서달로 83,흑석동 339-5,37.50126467,126.9596659,2011-08-24,전용주,02-820-9923,서울특별시 동작구청,2026-04-06
07-3328,서울특별시 동작구 서달로 83,흑석동 339-5,37.50126249,126.9598666,2011-08-24,전용주,02-820-9923,서울특별시 동작구청,2026-04-06
07-3329,서울특별시 동작구 서달로 83,흑석동 339-5,37.50126254,126.9600108,2011-08-24,전용주,02-820-9923,서울특별시 동작구청,2026-04-06
07-3330,서울특별시 동작구 서달로15길 6,흑석동 105,37.50832064,126.9630071,2011-08-24,전용주,02-820-9923,서울특별시 동작구청,2026-04-06
07-3331,서울특별시 동작구 서달로15길 6,흑석동 105,37.50841535,126.9633549,2011-08-24,전용주,02-820-9923,서울특별시 동작구청,2026-04-06
07-3332,서울특별시 동작구 서달로15길 6,흑석동 105,37.50858875,126.9632162,2011-08-24,전용주,02-820-9923,서울특별시 동작구청,2026-04-06
07-3333,서울특별시 동작구 서달로15길 6,흑석동 105,37.50870588,126.9632162,2011-08-24,전용주,02-820-9923,서울특별시 동작구청,2026-04-06
07-3334,서울특별시 동작구 서달로15길 18-3,흑석동 106-20,37.5087214,126.9624159,2011-08-24,전용주,02-820-9923,서울특별시 동작구청,2026-04-06
07-3335,서울특별시 동작구 서달로15길 20-5,흑석동 106-26,37.50875513,126.9622491,2011-08-24,전용주,02-820-9923,서울특별시 동작구청,2026-04-06
07-3336,서울특별시 동작구 서달로15길 23,흑석동 181-1,37.50865586,126.9617402,2011-08-24,전용주,02-820-9923,서울특별시 동작구청,2026-04-06
07-3338,서울특별시 동작구 서달로13길 12,흑석동 102-93,37.50821003,126.9622522,2011-08-24,전용주,02-820-9923,서울특별시 동작구청,2026-04-06
07-3339,서울특별시 동작구 서달로13길 4-6,흑석동 102-6,37.50817176,126.9623455,2011-08-24,전용주,02-820-9923,서울특별시 동작구청,2026-04-06
07-3340,서울특별시 동작구 서달로13길 5-30,흑석동 102-30,37.50781113,126.9616332,2011-08-24,한전주,02-820-9923,서울특별시 동작구청,2026-04-06
07-3341,서울특별시 동작구 흑석로8길 17,흑석동 223-51,37.50673611,126.9599005,2011-08-24,전용주,02-820-9923,서울특별시 동작구청,2026-04-06
07-3342,서울특별시 동작구 흑석로 111-5,흑석동 181-15,37.50843716,126.9611098,2011-08-24,전용주,02-820-9923,서울특별시 동작구청,2026-04-06
07-3343,서울특별시 동작구 흑석로11길 19,흑석동 198-90,37.50838716,126.9597752,2011-08-24,전용주,02-820-9923,서울특별시 동작구청,2026-04-06
07-3344,서울특별시 동작구 흑석로3가길 5,흑석동 173-81,37.51018183,126.9581059,2011-08-24,전용주,02-820-9923,서울특별시 동작구청,2026-04-06
07-3345,서울특별시 동작구 흑석로3가길 5,흑석동 173-191,37.50997234,126.9581004,2011-08-24,전용주,02-820-9923,서울특별시 동작구청,2026-04-06
07-3346,서울특별시 동작구 흑석로9길 94,흑석동 173-191,37.5098552,126.9580778,2011-08-24,전용주,02-820-9923,서울특별시 동작구청,2026-04-06
07-3348,서울특별시 동작구 흑석로13마길 41,흑석동 186-72,37.50808058,126.9590939,2011-08-24,전용주,02-820-9923,서울특별시 동작구청,2026-04-06
07-3349,서울특별시 동작구 흑석로13가길 34-12,흑석동 186-58,37.50802668,126.9595463,2011-08-24,전용주,02-820-9923,서울특별시 동작구청,2026-04-06
07-3350,서울특별시 동작구 흑석로13가길 34-6,흑석동 191-6,37.50789603,126.9595323,2011-08-24,전용주,02-820-9923,서울특별시 동작구청,2026-04-06
07-3351,서울특별시 동작구 흑석로 27-5,흑석동 211-32,37.50653395,126.9552098,2011-08-24,전용주,02-820-9923,서울특별시 동작구청,2026-04-06
07-3352,서울특별시 동작구 흑석로 27-5,흑석동 211-32,37.50674795,126.9552521,2011-08-24,전용주,02-820-9923,서울특별시 동작구청,2026-04-06
07-3353,서울특별시 동작구 흑석로 27-5,흑석동 211-32,37.50681107,126.955368,2011-08-24,전용주,02-820-9923,서울특별시 동작구청,2026-04-06
07-3354,서울특별시 동작구 흑석로 27-5,흑석동 211-32,37.50674137,126.9557073,2011-08-24,전용주,02-820-9923,서울특별시 동작구청,2026-04-06
07-3355,서울특별시 동작구 흑석로 27-5,흑석동 211-32,37.50670768,126.9559844,2011-08-24,전용주,02-820-9923,서울특별시 동작구청,2026-04-06
07-3356,서울특별시 동작구 흑석로 27-5,흑석동 204-139,37.50677533,126.9561653,2011-08-24,전용주,02-820-9923,서울특별시 동작구청,2026-04-06
07-3357,서울특별시 동작구 흑석로3길 15,흑석동 204-156,37.50691499,126.9561935,2011-08-24,전용주,02-820-9923,서울특별시 동작구청,2026-04-06
07-3358,서울특별시 동작구 흑석로3길 21,흑석동 204-86,37.50716481,126.9556222,2011-08-24,전용주,02-820-9923,서울특별시 동작구청,2026-04-06
07-3359,서울특별시 동작구 흑석로3길 17,흑석동 204-89,37.5070073,126.9560804,2011-08-24,전용주,02-820-9923,서울특별시 동작구청,2026-04-06
07-3360,서울특별시 동작구 흑석로3길 21,흑석동 204-72,37.50716035,126.9557466,2011-08-24,전용주,02-820-9923,서울특별시 동작구청,2026-04-06
07-3365,서울특별시 동작구 흑석로3길 41,흑석동 200-27,37.50902334,126.9561866,2011-08-24,전용주,02-820-9923,서울특별시 동작구청,2026-04-06
07-3366,서울특별시 동작구 흑석로9길 83,흑석동 200-6,37.50916066,126.9559632,2011-08-24,전용주,02-820-9923,서울특별시 동작구청,2026-04-06
07-3367,서울특별시 동작구 흑석로13마길 46-2,흑석동 193-3,37.50813448,126.9586358,2011-08-24,전용주,02-820-9923,서울특별시 동작구청,2026-04-06
07-3368,서울특별시 동작구 흑석로13바길 4,흑석동 191-10,37.50842069,126.95904,2011-08-24,전용주,02-820-9923,서울특별시 동작구청,2026-04-06
07-3369,서울특별시 동작구 흑석로13바길 14,흑석동 196-13,37.50870427,126.9583443,2011-08-24,전용주,02-820-9923,서울특별시 동작구청,2026-04-06
07-3370,서울특별시 동작구 흑석로5길 62,흑석동 198-23,37.5088908,126.9571566,2011-08-24,전용주,02-820-9923,서울특별시 동작구청,2026-04-06
07-3372,서울특별시 동작구 흑석로9길 74,흑석동 198-90,37.50889957,126.9565062,2011-08-24,전용주,02-820-9923,서울특별시 동작구청,2026-04-06
07-3373,서울특별시 동작구 흑석로5길 39,흑석동 204-170,37.50807968,126.9565576,2014-02-22,전용주,02-820-9923,서울특별시 동작구청,2026-04-06
07-3374,서울특별시 동작구 흑석로5길 29,흑석동 204-6,37.5079175,126.9565718,2011-08-24,전용주,02-820-9923,서울특별시 동작구청,2026-04-06
07-3375,서울특별시 동작구 흑석로5길 29,흑석동 204-143,37.50785889,126.9564531,2011-08-24,전용주,02-820-9923,서울특별시 동작구청,2026-04-06
07-3376,서울특별시 동작구 흑석로5길 29,흑석동 204-170,37.5077126,126.9567727,2011-08-24,전용주,02-820-9923,서울특별시 동작구청,2026-04-06
07-3377,서울특별시 동작구 흑석로5길 1-14,흑석동 204-65,37.50649836,126.9564171,2011-08-24,전용주,02-820-9923,서울특별시 동작구청,2026-04-06
07-3378,서울특별시 동작구 흑석로7길 31-2,흑석동 201-37,37.50805965,126.9572334,2011-08-24,전용주,02-820-9923,서울특별시 동작구청,2026-04-06
07-3379,서울특별시 동작구 ,흑석동 2-3,37.50883236,126.9643075,2018-06-21,전용주,02-820-9923,서울특별시 동작구청,2026-04-06
07-3380,서울특별시 동작구 ,흑석동 7-1,37.50878507,126.9643471,2018-06-21,전용주,02-820-9923,서울특별시 동작구청,2026-04-06
07-3381,서울특별시 동작구 ,흑석동 2-3,37.50887746,126.9644828,2018-06-21,전용주,02-820-9923,서울특별시 동작구청,2026-04-06
07-3382,서울특별시 동작구 ,흑석동 7-1,37.5088144,126.9645168,2018-06-21,전용주,02-820-9923,서울특별시 동작구청,2026-04-06
07-3383,서울특별시 동작구 ,흑석동 2-3,37.50893385,126.9647316,2018-06-21,전용주,02-820-9923,서울특별시 동작구청,2026-04-06
07-3384,서울특별시 동작구 ,흑석동 7-1,37.50886403,126.9647543,2018-06-21,전용주,02-820-9923,서울특별시 동작구청,2026-04-06
07-3385,서울특별시 동작구 ,흑석동 2-3,37.50894968,126.9649465,2018-06-21,전용주,02-820-9923,서울특별시 동작구청,2026-04-06
07-3386,서울특별시 동작구 ,흑석동 7-1,37.50888888,126.9650088,2018-06-21,전용주,02-820-9923,서울특별시 동작구청,2026-04-06
07-3387,서울특별시 동작구 ,흑석동 2-3,37.50896551,126.9651529,2018-06-21,전용주,02-820-9923,서울특별시 동작구청,2026-04-06
07-3388,서울특별시 동작구 ,흑석동 7-1,37.50890697,126.9652293,2018-06-21,전용주,02-820-9923,서울특별시 동작구청,2026-04-06
07-3389,서울특별시 동작구 ,흑석동 2-21,37.5090669,126.9652434,2018-06-21,전용주,02-820-9923,서울특별시 동작구청,2026-04-06
07-3390,서울특별시 동작구 ,흑석동 2-21,37.50904891,126.9653621,2018-06-21,전용주,02-820-9923,서울특별시 동작구청,2026-04-06
07-3391,서울특별시 동작구 ,흑석동 260-5,37.50920429,126.9651896,2018-06-21,전용주,02-820-9923,서울특별시 동작구청,2026-04-06
07-3392,서울특별시 동작구 ,흑석동 260-5,37.50921333,126.9652998,2018-06-21,전용주,02-820-9923,서울특별시 동작구청,2026-04-06
07-3393,서울특별시 동작구 ,흑석동 260-5,37.50932364,126.9650849,2018-06-21,전용주,02-820-9923,서울특별시 동작구청,2026-04-06
07-3394,서울특별시 동작구 ,흑석동 260-5,37.50935069,126.9651697,2018-06-21,전용주,02-820-9923,서울특별시 동작구청,2026-04-06
07-3401,서울특별시 동작구 흑석로6길 23,흑석동 207-57,37.50573708,126.9566042,2021-02-16,통신주,02-820-9923,서울특별시 동작구청,2026-04-06
07-3402,서울특별시 동작구 흑석로9길 37-3,흑석동 196-36,37.50779415,126.9580479,2011-08-24,통신주,02-820-9923,서울특별시 동작구청,2026-04-06
07-3404,서울특별시 동작구 흑석로13마길 54,흑석동 194-6,37.50769977,126.9587039,2011-08-24,통신주,02-820-9923,서울특별시 동작구청,2026-04-06
07-3410,서울특별시 동작구 현충로 108,흑석동 9-73,37.507328,126.9653855,2011-08-24,통신주,02-820-9923,서울특별시 동작구청,2026-04-06
07-3411,서울특별시 동작구 흑석로6길 34,흑석동 207-45,37.50568053,126.9559624,2017-05-10,통신주,02-820-9923,서울특별시 동작구청,2026-04-06
07-3412,서울특별시 동작구 흑석로6길 44,흑석동 207-57,37.50582456,126.9556202,2017-05-10,통신주,02-820-9923,서울특별시 동작구청,2026-04-06
07-3413,서울특별시 동작구 현충로 98,흑석동 50-91,37.50774894,126.9644438,2011-08-24,통신주,02-820-9923,서울특별시 동작구청,2026-04-06
07-3414,서울특별시 동작구 서달로14길 16,흑석동 50-24,37.50791098,126.9639602,2011-08-24,통신주,02-820-9923,서울특별시 동작구청,2026-04-06
07-3415,서울특별시 동작구 서달로13길17,흑석동 181-23,37.50836992,126.9621447,2018-09-17,통신주,02-820-9923,서울특별시 동작구청,2026-04-06
07-3416,서울특별시 동작구 흑석로5길 70,흑석동 198-90,37.50897427,126.95751,2019-01-15,통신주,02-820-9923,서울특별시 동작구청,2026-04-06
07-3421,서울특별시 동작구 흑석로11길 13,흑석동 188-7,37.50818902,126.9600213,2020-06-01,통신주,02-820-9923,서울특별시 동작구청,2026-04-06
07-3427,서울특별시 동작구 서달로15길 20-5,흑석동 106-26,37.50878438,126.9621501,2011-08-24,통신주,02-820-9923,서울특별시 동작구청,2026-04-06
07-3428,서울특별시 동작구 서달로13길 7-14,흑석동 102-40,37.5080009,126.9619662,2011-08-24,통신주,02-820-9923,서울특별시 동작구청,2026-04-06
07-3429,서울특별시 동작구 흑석로8길 10-3,흑석동 223-22,37.50667509,126.9593152,2011-08-24,통신주,02-820-9923,서울특별시 동작구청,2026-04-06
07-3430,서울특별시 동작구 흑석로 111,흑석동 186,37.50866242,126.9611238,2011-08-24,통신주,02-820-9923,서울특별시 동작구청,2026-04-06
07-3431,서울특별시 동작구 흑석로 111-8,흑석동 186,37.50856547,126.9608693,2011-08-24,통신주,02-820-9923,서울특별시 동작구청,2026-04-06
07-3432,서울특별시 동작구 흑석로13가길 18,흑석동 105-2,37.50830632,126.9605302,2011-08-24,통신주,02-820-9923,서울특별시 동작구청,2026-04-06
07-3433,서울특별시 동작구 흑석로13마길 35,흑석동 198-90,37.50824732,126.9592522,2011-08-24,통신주,02-820-9923,서울특별시 동작구청,2026-04-06
07-3434,서울특별시 동작구 흑석로9길 33-3,흑석동 194-30,37.50784826,126.9581949,2011-08-24,통신주,02-820-9923,서울특별시 동작구청,2026-04-06
07-3435,서울특별시 동작구 흑석로13마길 64,흑석동 194-16,37.50737321,126.9588624,2011-08-24,통신주,02-820-9923,서울특별시 동작구청,2026-04-06
07-3436,서울특별시 동작구 흑석로13바길 22,흑석동 196-15,37.5087456,126.9580389,2011-08-24,벽부주,02-820-9923,서울특별시 동작구청,2026-04-06
07-3437,서울특별시 동작구 흑석로9길 44,흑석동 198-63,37.50821982,126.9578949,2011-08-24,통신주,02-820-9923,서울특별시 동작구청,2026-04-06
07-3438,서울특별시 동작구 흑석로9길 52,흑석동 198-8,37.50845397,126.9575894,2011-08-24,통신주,02-820-9923,서울특별시 동작구청,2026-04-06
07-3439,서울특별시 동작구 흑석로9길 56-1,흑석동 198-26,37.50869719,126.9574423,2011-08-24,통신주,02-820-9923,서울특별시 동작구청,2026-04-06
07-3486,서울특별시 동작구 흑석로7길 26,흑석동 221-1,37.50782998,126.9574739,2011-08-24,한전주,02-820-9923,서울특별시 동작구청,2026-04-06
07-3487,서울특별시 동작구 흑석로7길 14,흑석동 199-12,37.50750575,126.9578416,2011-08-24,한전주,02-820-9923,서울특별시 동작구청,2026-04-06
07-3488,서울특별시 동작구 흑석로7길 14,흑석동 199-28,37.50738417,126.9579831,2011-08-24,한전주,02-820-9923,서울특별시 동작구청,2026-04-06
07-3489,서울특별시 동작구 흑석로7길 14,흑석동 196-43,37.50751259,126.9580848,2011-08-24,한전주,02-820-9923,서울특별시 동작구청,2026-04-06
07-3490,서울특별시 동작구 흑석로9길 27-6,흑석동 194-9,37.507756,126.9584635,2011-08-24,한전주,02-820-9923,서울특별시 동작구청,2026-04-06
07-3492,서울특별시 동작구 흑석로9길 4,흑석동 190-4,37.50760562,126.9600188,2021-03-11,한전주,02-820-9923,서울특별시 동작구청,2026-04-06
07-3493,서울특별시 동작구 흑석로7길 13-1,흑석동 204-52,37.50730745,126.9576268,2011-08-24,한전주,02-820-9923,서울특별시 동작구청,2026-04-06
07-3494,서울특별시 동작구 흑석로7길 5,흑석동 195-10,37.50711848,126.9583056,2011-08-24,한전주,02-820-9923,서울특별시 동작구청,2026-04-06
07-3495,서울특별시 동작구 흑석로 81-7,흑석동 195-10,37.50725147,126.9585713,2011-08-24,한전주,02-820-9923,서울특별시 동작구청,2026-04-06
07-3497,서울특별시 동작구 흑석로6길 12-2,흑석동 207-4,37.50615162,126.9568075,2011-08-24,한전주,02-820-9923,서울특별시 동작구청,2026-04-06
07-3498,서울특별시 동작구 흑석로6길 23,흑석동 207-57,37.50576864,126.9566805,2011-08-24,한전주,02-820-9923,서울특별시 동작구청,2026-04-06
07-3508,서울특별시 동작구 현충로 110,흑석동 43-23,37.50719293,126.9656429,2011-08-24,한전주,02-820-9923,서울특별시 동작구청,2026-04-06
07-351,서울특별시 동작구 서달로2길,흑석동 327,37.50070721,126.9632201,2011-08-24,전용주,02-820-9923,서울특별시 동작구청,2026-04-06
07-3510,서울특별시 동작구 흑석로13길 27,흑석동 198-92,37.5100582,126.9588581,2011-08-24,한전주,02-820-9923,서울특별시 동작구청,2026-04-06
07-3512,서울특별시 동작구 서달로14가길 1,흑석동 4-8,37.50805492,126.963273,2011-08-24,한전주,02-820-9923,서울특별시 동작구청,2026-04-06
07-3513,서울특별시 동작구 서달로14길 8,흑석동 4-8,37.50799191,126.9634371,2011-08-24,한전주,02-820-9923,서울특별시 동작구청,2026-04-06
07-3514,서울특별시 동작구 서달로14길 12,흑석동 4-8,37.50805729,126.9636491,2011-08-24,한전주,02-820-9923,서울특별시 동작구청,2026-04-06
07-3516,서울특별시 동작구 서달로14나길 24-5,흑석동 54-161,37.50727994,126.9628889,2011-08-24,한전주,02-820-9923,서울특별시 동작구청,2026-04-06
07-3523,서울특별시 동작구 흑석로3길 21,흑석동 204-117,37.50741947,126.9559727,2011-08-24,한전주,02-820-9923,서울특별시 동작구청,2026-04-06
07-3525,서울특별시 동작구 흑석로13가길 43,흑석동 190-14,37.50746581,126.9595749,2011-08-24,한전주,02-820-9923,서울특별시 동작구청,2026-04-06
07-3527,서울특별시 동작구 흑석로13마길 65-9,흑석동 190-19,37.50751523,126.9591875,2011-08-24,한전주,02-820-9923,서울특별시 동작구청,2026-04-06
07-3528,서울특별시 동작구 흑석로 85,흑석동 190-19,37.50731921,126.9590265,2011-08-24,한전주,02-820-9923,서울특별시 동작구청,2026-04-06
07-3530,서울특별시 동작구 흑석로92-1,흑석동 223-68,37.50713252,126.9598041,2015-02-16,전용주,02-820-9923,서울특별시 동작구청,2026-04-06
07-3540,서울특별시 동작구 현충로8길 13,흑석동 43-79,37.50653761,126.9662172,2011-08-24,한전주,02-820-9923,서울특별시 동작구청,2026-04-06
07-3541,서울특별시 동작구 현충로6길 4,흑석동 43-97,37.50694524,126.9659625,2011-08-24,한전주,02-820-9923,서울특별시 동작구청,2026-04-06
07-3542,서울특별시 동작구 현충로6길 9,흑석동 43-35,37.50680554,126.9657986,2011-08-24,한전주,02-820-9923,서울특별시 동작구청,2026-04-06
07-3543,서울특별시 동작구 현충로6길 10,흑석동 43-16,37.50670414,126.9656742,2011-08-24,한전주,02-820-9923,서울특별시 동작구청,2026-04-06
07-3544,서울특별시 동작구 서달로14사길 9,흑석동 43-7,37.50682111,126.9651115,2011-08-24,한전주,02-820-9923,서울특별시 동작구청,2026-04-06
07-3545,서울특별시 동작구 서달로14길 50-7,흑석동 43-101,37.50701945,126.9655242,2011-08-24,한전주,02-820-9923,서울특별시 동작구청,2026-04-06
07-3546,서울특별시 동작구 서달로14바길 7-8,흑석동 43-50,37.50698772,126.9648852,2011-08-24,한전주,02-820-9923,서울특별시 동작구청,2026-04-06
07-3547,서울특별시 동작구 서달로14바길 7,흑석동 43-85,37.50716107,126.9645487,2011-08-24,한전주,02-820-9923,서울특별시 동작구청,2026-04-06
07-3548,서울특별시 동작구 흑석로6길 12,흑석동 207-65,37.50601654,126.9570112,2011-08-24,한전주,02-820-9923,서울특별시 동작구청,2026-04-06
07-3549,서울특별시 동작구 흑석로6길 18-4,흑석동 207-16,37.50590601,126.9565786,2011-08-24,한전주,02-820-9923,서울특별시 동작구청,2026-04-06
07-3550,서울특별시 동작구 흑석로6나길 2,흑석동 200-94,37.50562224,126.9567174,2011-08-24,한전주,02-820-9923,서울특별시 동작구청,2026-04-06
07-3551,서울특별시 동작구 흑석로6길 26,흑석동 207-57,37.50564686,126.9562847,2011-08-24,한전주,02-820-9923,서울특별시 동작구청,2026-04-06
07-3552,서울특별시 동작구 흑석로6길 40,흑석동 209,37.50589671,126.955787,2011-08-24,한전주,02-820-9923,서울특별시 동작구청,2026-04-06
07-3553,서울특별시 동작구 흑석로6길 49,흑석동 211-19,37.50565554,126.9553941,2011-08-24,한전주,02-820-9923,서울특별시 동작구청,2026-04-06
07-3554,서울특별시 동작구 흑석로6길 55,흑석동 211-21,37.50554953,126.9550238,2011-08-24,한전주,02-820-9923,서울특별시 동작구청,2026-04-06
07-3555,서울특별시 동작구 흑석로6가길 39,흑석동 208-9,37.50597077,126.9550857,2011-08-24,한전주,02-820-9923,서울특별시 동작구청,2026-04-06
07-3556,서울특별시 동작구 흑석로6가길 13,흑석동 208-1,37.50612213,126.9562647,2011-08-24,한전주,02-820-9923,서울특별시 동작구청,2026-04-06
07-3557,서울특별시 동작구 서달로14바길 10,흑석동 43-86,37.50709797,126.9644639,2011-08-24,한전주,02-820-9923,서울특별시 동작구청,2026-04-06
07-3558,서울특별시 동작구 서달로14바길 15,흑석동 50-13,37.50680066,126.9645319,2011-08-24,한전주,02-820-9923,서울특별시 동작구청,2026-04-06
07-3559,서울특별시 동작구 서달로14라길 27,흑석동 43-103,37.50682549,126.9646902,2011-08-24,한전주,02-820-9923,서울특별시 동작구청,2026-04-06
07-3560,서울특별시 동작구 서달로14라길 21,흑석동 50-18,37.50679834,126.9642915,2011-08-24,한전주,02-820-9923,서울특별시 동작구청,2026-04-06
07-3561,서울특별시 동작구 서달로14라길 15,흑석동 50-4,37.50688612,126.9640992,2011-08-24,한전주,02-820-9923,서울특별시 동작구청,2026-04-06
07-3562,서울특별시 동작구 서달로14마길 11,흑석동 50-77,37.50701232,126.9642773,2011-08-24,한전주,02-820-9923,서울특별시 동작구청,2026-04-06
07-3563,서울특별시 동작구 서달로14마길 11,흑석동 50-75,37.50713621,126.9642999,2011-08-24,벽부주,02-820-9923,서울특별시 동작구청,2026-04-06
07-3564,서울특별시 동작구 흑석로9길 83,흑석동 198-90,37.50928237,126.9561469,2011-08-24,한전주,02-820-9923,서울특별시 동작구청,2026-04-06
07-3565,서울특별시 동작구 서달로14마길 7,흑석동 50-74,37.50728037,126.9642941,2011-08-24,한전주,02-820-9923,서울특별시 동작구청,2026-04-06
07-3566,서울특별시 동작구 서달로14마길 6,흑석동 50-5,37.50740652,126.9643082,2011-08-24,한전주,02-820-9923,서울특별시 동작구청,2026-04-06
07-3567,서울특별시 동작구 현충로 100-1,흑석동 9-89,37.50759586,126.964752,2011-08-24,한전주,02-820-9923,서울특별시 동작구청,2026-04-06
07-3568,서울특별시 동작구 서달로14길 19,흑석동 6-10,37.5079223,126.9641553,2011-08-24,한전주,02-820-9923,서울특별시 동작구청,2026-04-06
07-3569,서울특별시 동작구 서달로14다길 5,흑석동 50-54,37.50749875,126.9638982,2011-08-24,한전주,02-820-9923,서울특별시 동작구청,2026-04-06
07-3570,서울특별시 동작구 서달로14라길 5,흑석동 52-15,37.50715179,126.9636693,2011-08-24,한전주,02-820-9923,서울특별시 동작구청,2026-04-06
07-3571,서울특별시 동작구 흑석로8길17,흑석동 223-35,37.50671354,126.9597789,2019-05-17,한전주,02-820-9923,서울특별시 동작구청,2026-04-06
07-3572,서울특별시 동작구 서달로14라길 11,흑석동 50-11,37.50697844,126.9639748,2011-08-24,한전주,02-820-9923,서울특별시 동작구청,2026-04-06
07-3573,서울특별시 동작구 서달로14라길 5,흑석동 52-20,37.50722608,126.9635449,2022-06-14,한전주,02-820-9923,서울특별시 동작구청,2026-04-06
07-3574,서울특별시 동작구 서달로14나길 29,흑석동 54-143,37.50684754,126.963152,2011-08-24,한전주,02-820-9923,서울특별시 동작구청,2026-04-06
07-3575,서울특별시 동작구 서달로12나길 2-5,흑석동 55-3,37.5066358,126.9631437,2011-08-24,한전주,02-820-9923,서울특별시 동작구청,2026-04-06
07-3599,서울특별시 동작구 서달로14나길 9,흑석동 51-9,37.50765637,126.9637115,2011-08-24,한전주,02-820-9923,서울특별시 동작구청,2026-04-06
07-3600,서울특별시 동작구 서달로14나길 30,흑석동 54-147,37.50699842,126.9630219,2011-08-24,벽부주,02-820-9923,서울특별시 동작구청,2026-04-06
07-3601,서울특별시 동작구 서달로14나길 30,흑석동 54-148,37.50689253,126.9629513,2011-08-24,한전주,02-820-9923,서울특별시 동작구청,2026-04-06
07-3602,서울특별시 동작구 서달로12길 26,흑석동 54-153,37.50661545,126.9629033,2011-08-24,한전주,02-820-9923,서울특별시 동작구청,2026-04-06
07-3603,서울특별시 동작구 서달로14나길 24-5,흑석동 54-156,37.50719433,126.9628267,2011-08-24,벽부주,02-820-9923,서울특별시 동작구청,2026-04-06
07-3604,서울특별시 동작구 서달로14가길 12,흑석동 97-23,37.50742634,126.9628464,2011-08-24,한전주,02-820-9923,서울특별시 동작구청,2026-04-06
07-3605,서울특별시 동작구 서달로14가길 1,흑석동 4-7,37.50769445,126.9630555,2011-08-24,한전주,02-820-9923,서울특별시 동작구청,2026-04-06
07-3606,서울특별시 동작구 서달로10길 11,흑석동 332-5,37.50630222,126.9624765,2011-08-24,한전주,02-820-9923,서울특별시 동작구청,2026-04-06
07-3629,서울특별시 동작구 서달로2길 29,흑석동 336-10,37.50168493,126.9636522,2011-08-24,한전주,02-820-9923,서울특별시 동작구청,2026-04-06
07-3630,서울특별시 동작구 서달로2길 29,흑석동 336-10,37.50153404,126.9637427,2011-08-24,한전주,02-820-9923,서울특별시 동작구청,2026-04-06
07-3631,서울특별시 동작구 서달로2길,흑석동 336-10,37.50127512,126.9641104,2011-08-24,한전주,02-820-9923,서울특별시 동작구청,2026-04-06
07-3632,서울특별시 동작구 서달로2길,흑석동 336-11,37.50114226,126.9642433,2011-08-24,한전주,02-820-9923,서울특별시 동작구청,2026-04-06
07-3633,서울특별시 동작구 서달로2길,흑석동 산 70-7,37.50072086,126.9636611,2011-08-24,한전주,02-820-9923,서울특별시 동작구청,2026-04-06
07-3635,서울특별시 동작구 서달로2길29,흑석동 76-159,37.50036235,126.9625078,2011-08-24,한전주,02-820-9923,서울특별시 동작구청,2026-04-06
07-3636,서울특별시 동작구 서달로2길29,흑석동 76-78,37.50067762,126.9622362,2020-02-13,한전주,02-820-9923,서울특별시 동작구청,2026-04-06
07-3637,서울특별시 동작구 서달로2길29,흑석동 79-285,37.5007903,126.9624058,2020-02-13,한전주,02-820-9923,서울특별시 동작구청,2026-04-06
07-3638,서울특별시 동작구 서달로2길29,흑석동 79-305,37.50087368,126.9625273,2020-02-13,한전주,02-820-9923,서울특별시 동작구청,2026-04-06
07-3639,서울특별시 동작구 흑석로6길 60,흑석동 221,37.50567331,126.9547325,2020-05-29,한전주,02-820-9923,서울특별시 동작구청,2026-04-06
07-3668,서울특별시 동작구 서달로 150,흑석동 86-225,37.50684033,126.9617157,2011-08-24,한전주,02-820-9923,서울특별시 동작구청,2026-04-06
07-3669,서울특별시 동작구 서달로 150,흑석동 332-1,37.50663536,126.9617525,2011-08-24,한전주,02-820-9923,서울특별시 동작구청,2026-04-06
07-3672,서울특별시 동작구 흑석로10길 28,흑석동 234-24,37.50630583,126.9597537,2011-08-24,한전주,02-820-9923,서울특별시 동작구청,2026-04-06
07-3674,서울특별시 동작구 서달로83,흑석동 산 63-101,37.50095626,126.9601891,2019-12-19,한전주,02-820-9923,서울특별시 동작구청,2026-04-06
07-3675,서울특별시 동작구 서달로1길17,흑석동 79-291,37.50016779,126.9599407,2019-12-19,한전주,02-820-9923,서울특별시 동작구청,2026-04-06
07-3676,서울특별시 동작구 서달로1길17,흑석동 328,37.49991774,126.9598787,2019-12-19,한전주,02-820-9923,서울특별시 동작구청,2026-04-06
07-3677,서울특별시 동작구 서달로83,흑석동 329-3,37.50044036,126.9599773,2019-12-19,한전주,02-820-9923,서울특별시 동작구청,2026-04-06
07-3678,서울특별시 동작구 서달로 114,흑석동 86-201,37.50368657,126.9609822,2014-02-22,한전주,02-820-9923,서울특별시 동작구청,2026-04-06
07-3679,서울특별시 동작구 서달로 167,흑석동 102-1,37.50811562,126.9628856,2011-08-24,한전주,02-820-9923,서울특별시 동작구청,2026-04-06
07-3680,서울특별시 동작구 서달로15길 7,흑석동 101-10,37.50825075,126.9628007,2011-08-24,한전주,02-820-9923,서울특별시 동작구청,2026-04-06
07-3681,서울특별시 동작구 서달로15길 7,흑석동 101-1,37.50834078,126.9625943,2011-08-24,한전주,02-820-9923,서울특별시 동작구청,2026-04-06
07-3682,서울특별시 동작구 서달로15길 8-5,흑석동 106-4,37.50857055,126.9626366,2011-08-24,한전주,02-820-9923,서울특별시 동작구청,2026-04-06
07-3683,서울특별시 동작구 서달로15길 8-7,흑석동 106-3,37.50867417,126.9626648,2011-08-24,한전주,02-820-9923,서울특별시 동작구청,2026-04-06
07-3684,서울특별시 동작구 서달로15길 17,흑석동 101-4,37.50850736,126.9622521,2011-08-24,한전주,02-820-9923,서울특별시 동작구청,2026-04-06
07-3685,서울특별시 동작구 서달로15길 24,흑석동 180-18,37.50870095,126.9618618,2011-08-24,한전주,02-820-9923,서울특별시 동작구청,2026-04-06
07-3686,서울특별시 동작구 흑석로 124,흑석동 108-4,37.50916738,126.9623733,2020-03-06,한전주,02-820-9923,서울특별시 동작구청,2026-04-06
07-3687,서울특별시 동작구 서달로13길 13,흑석동 102-134,37.50842169,126.9620287,2011-08-24,한전주,02-820-9923,서울특별시 동작구청,2026-04-06
07-3688,서울특별시 동작구 서달로13길 8,흑석동 102-91,37.50814021,126.9622975,2011-08-24,한전주,02-820-9923,서울특별시 동작구청,2026-04-06
07-3690,서울특별시 동작구 서달로13길 5-14,흑석동 101-3,37.50787658,126.9620233,2011-08-24,한전주,02-820-9923,서울특별시 동작구청,2026-04-06
07-3691,서울특별시 동작구 서달로13길 5-30,흑석동 102-31,37.50773456,126.9616841,2011-08-24,한전주,02-820-9923,서울특별시 동작구청,2026-04-06
07-3692,서울특별시 동작구 서달로13길 11-9,흑석동 102-38,37.50803195,126.9618564,2011-08-24,한전주,02-820-9923,서울특별시 동작구청,2026-04-06
07-3693,서울특별시 동작구 서달로13길 11-13,흑석동 102-34,37.50793048,126.9615342,2011-08-24,한전주,02-820-9923,서울특별시 동작구청,2026-04-06
07-3694,서울특별시 동작구 흑석로 94,흑석동 224-6,37.50722049,126.9601773,2011-08-24,한전주,02-820-9923,서울특별시 동작구청,2026-04-06
07-3695,서울특별시 동작구 흑석로10길 12,흑석동 224-6,37.50694342,126.9601266,2011-08-24,한전주,02-820-9923,서울특별시 동작구청,2026-04-06
07-3696,서울특별시 동작구 흑석로10길 19,흑석동 224-6,37.50679924,126.9600955,2011-08-24,한전주,02-820-9923,서울특별시 동작구청,2026-04-06
07-3697,서울특별시 동작구 흑석로10길 18,흑석동 223-52,37.50665731,126.9600164,2011-08-24,한전주,02-820-9923,서울특별시 동작구청,2026-04-06
07-3698,서울특별시 동작구 흑석로8길 16,흑석동 223-70,37.5066324,126.9596432,2011-08-24,한전주,02-820-9923,서울특별시 동작구청,2026-04-06
07-3699,서울특별시 동작구 흑석로8길 3,흑석동 223-46,37.506959,126.9595724,2011-08-24,한전주,02-820-9923,서울특별시 동작구청,2026-04-06
07-3700,서울특별시 동작구 흑석로8길 4,흑석동 223-18,37.50702428,126.9594507,2021-06-11,전용주,02-820-9923,서울특별시 동작구청,2026-04-06
07-3701,서울특별시 동작구 흑석로92-4,흑석동 223-32,37.50699063,126.9598551,2011-08-24,한전주,02-820-9923,서울특별시 동작구청,2026-04-06
07-3702,서울특별시 동작구 흑석로 128-1,흑석동 114-9,37.50936351,126.9628878,2022-05-20,한전주,02-820-9923,서울특별시 동작구청,2026-04-06
07-3703,서울특별시 동작구 흑석로13길 13,흑석동 341-7,37.50941448,126.9602977,2011-08-24,한전주,02-820-9923,서울특별시 동작구청,2026-04-06
07-3704,서울특별시 동작구 흑석로13길 9,흑석동 177-3,37.50923213,126.9606032,2011-08-24,한전주,02-820-9923,서울특별시 동작구청,2026-04-06
07-3705,서울특별시 동작구 흑석로13길 9,흑석동 169-3,37.50913759,126.9607955,2011-08-24,한전주,02-820-9923,서울특별시 동작구청,2026-04-06
07-3706,서울특별시 동작구 흑석로13길 7,흑석동 178-3,37.50898674,126.9610246,2011-08-24,한전주,02-820-9923,서울특별시 동작구청,2026-04-06
07-3707,서울특별시 동작구 흑석로 115-3,흑석동 180-8,37.50889902,126.9614121,2011-08-24,한전주,02-820-9923,서울특별시 동작구청,2026-04-06
07-3708,서울특별시 동작구 흑석로 115,흑석동 178-3,37.50873228,126.961251,2011-08-24,한전주,02-820-9923,서울특별시 동작구청,2026-04-06
07-3709,서울특별시 동작구 흑석로13가길 13,흑석동 186-2,37.50846177,126.9606093,2011-08-24,한전주,02-820-9923,서울특별시 동작구청,2026-04-06
07-3710,서울특별시 동작구 흑석로101-11,흑석동 181-10,37.50819151,126.9607423,2011-08-24,한전주,02-820-9923,서울특별시 동작구청,2026-04-06
07-3711,서울특별시 동작구 흑석로11길 12,흑석동 186-115,37.50804944,126.9602447,2011-08-24,한전주,02-820-9923,서울특별시 동작구청,2026-04-06
07-3712,서울특별시 동작구 흑석로11길 20,흑석동 186-4,37.50828811,126.959976,2011-08-24,한전주,02-820-9923,서울특별시 동작구청,2026-04-06
07-3713,서울특별시 동작구 흑석로13마길 30,흑석동 186-147,37.50856506,126.959645,2011-08-24,한전주,02-820-9923,서울특별시 동작구청,2026-04-06
07-3714,서울특별시 동작구 흑석로13마길 20,흑석동 186-147,37.50880384,126.9596901,2011-08-24,한전주,02-820-9923,서울특별시 동작구청,2026-04-06
07-3715,서울특별시 동작구 흑석로13마길 12,흑석동 186-12,37.50930159,126.9595315,2011-08-24,한전주,02-820-9923,서울특별시 동작구청,2026-04-06
07-3716,서울특별시 동작구 흑석로5길 109,흑석동 198-92,37.50993209,126.9589204,2011-08-24,한전주,02-820-9923,서울특별시 동작구청,2026-04-06
07-3717,서울특별시 동작구 흑석로3길 59,흑석동 186-62,37.50962093,126.9580468,2011-08-24,한전주,02-820-9923,서울특별시 동작구청,2026-04-06
07-3718,서울특별시 동작구 흑석로3길 63,흑석동 186-19,37.50968637,126.9583833,2011-08-24,한전주,02-820-9923,서울특별시 동작구청,2026-04-06
07-3719,서울특별시 동작구 흑석로3길 66,흑석동 186-138,37.50974951,126.9585671,2011-08-24,한전주,02-820-9923,서울특별시 동작구청,2026-04-06
07-3720,서울특별시 동작구 흑석로3길 67,흑석동 173-191,37.50995221,126.9584878,2011-08-24,한전주,02-820-9923,서울특별시 동작구청,2026-04-06
07-3721,서울특별시 동작구 흑석로3길 69,흑석동 173-191,37.51025179,126.9584961,2011-08-24,한전주,02-820-9923,서울특별시 동작구청,2026-04-06
07-3722,서울특별시 동작구 흑석로5길 103,흑석동 186-132,37.50956724,126.9590818,2011-08-24,한전주,02-820-9923,서울특별시 동작구청,2026-04-06
07-3723,서울특별시 동작구 흑석로5길 94,흑석동 186-91,37.50927203,126.9587172,2011-08-24,한전주,02-820-9923,서울특별시 동작구청,2026-04-06
07-3724,서울특별시 동작구 흑석로5길 92,흑석동 186-61,37.50913012,126.9587257,2011-08-24,한전주,02-820-9923,서울특별시 동작구청,2026-04-06
07-3726,서울특별시 동작구 흑석로11길 39,흑석동 186-65,37.50897927,126.9589124,2011-08-24,한전주,02-820-9923,서울특별시 동작구청,2026-04-06
07-3727,서울특별시 동작구 흑석로11길 35,흑석동 186-89,37.50887352,126.9592462,2011-08-24,한전주,02-820-9923,서울특별시 동작구청,2026-04-06
07-3728,서울특별시 동작구 흑석로13마길 35,흑석동 198-90,37.5083059,126.9592945,2011-08-24,한전주,02-820-9923,서울특별시 동작구청,2026-04-06
07-3729,서울특별시 동작구 흑석로13가길 34-18,흑석동 191-4,37.50790949,126.9593768,2011-08-24,한전주,02-820-9923,서울특별시 동작구청,2026-04-06
07-3730,서울특별시 동작구 흑석로13가길 32,흑석동 188-11,37.50790067,126.9599281,2011-08-24,한전주,02-820-9923,서울특별시 동작구청,2026-04-06
07-3731,서울특별시 동작구 흑석로9길 6,흑석동 190-5,37.5077114,126.9597614,2011-08-24,한전주,02-820-9923,서울특별시 동작구청,2026-04-06
07-3732,서울특별시 동작구 흑석로9길 18,흑석동 190-14,37.50778107,126.9593118,2011-08-24,한전주,02-820-9923,서울특별시 동작구청,2026-04-06
07-3733,서울특별시 동작구 흑석로9길 23,흑석동 194-6,37.50776294,126.958981,2011-08-24,한전주,02-820-9923,서울특별시 동작구청,2026-04-06
07-3734,서울특별시 동작구 흑석로9길 24,흑석동 194-6,37.50783273,126.958882,2011-08-24,한전주,02-820-9923,서울특별시 동작구청,2026-04-06
07-3735,서울특별시 동작구 흑석로9길 29,흑석동 194-71,37.50790246,126.9585964,2011-08-24,한전주,02-820-9923,서울특별시 동작구청,2026-04-06
07-3736,서울특별시 동작구 흑석로9길 36,흑석동 196-62,37.50804199,126.9582513,2011-08-24,한전주,02-820-9923,서울특별시 동작구청,2026-04-06
07-3737,서울특별시 동작구 흑석로9길 39,흑석동 199-5,37.50804417,126.9580449,2011-08-24,한전주,02-820-9923,서울특별시 동작구청,2026-04-06
07-3738,서울특별시 동작구 흑석로3길 19,흑석동 204-154,37.507138,126.9562104,2011-08-24,한전주,02-820-9923,서울특별시 동작구청,2026-04-06
07-3739,서울특별시 동작구 흑석로3길 22,흑석동 204-149,37.50727312,126.9561311,2011-08-24,한전주,02-820-9923,서울특별시 동작구청,2026-04-06
07-3740,서울특별시 동작구 흑석로3길 25,흑석동 204-68,37.50752305,126.9558765,2011-08-24,한전주,02-820-9923,서울특별시 동작구청,2026-04-06
07-3741,서울특별시 동작구 흑석로3길 26,흑석동 204-68,37.5076515,126.9560234,2011-08-24,한전주,02-820-9923,서울특별시 동작구청,2026-04-06
07-3742,서울특별시 동작구 흑석로5길 29,흑석동 204-7,37.50780253,126.9563231,2011-08-24,한전주,02-820-9923,서울특별시 동작구청,2026-04-06
07-3743,서울특별시 동작구 흑석로3길 30,흑석동 204-19,37.50790385,126.9562127,2011-08-24,한전주,02-820-9923,서울특별시 동작구청,2026-04-06
07-3744,서울특별시 동작구 흑석로3길 31-2,흑석동 204-22,37.50805914,126.9558479,2011-08-24,한전주,02-820-9923,서울특별시 동작구청,2026-04-06
07-3745,서울특별시 동작구 흑석로3길 33-2,흑석동 204-170,37.50826193,126.9560089,2011-08-24,한전주,02-820-9923,서울특별시 동작구청,2026-04-06
07-3746,서울특별시 동작구 흑석로3길 33-4,흑석동 204-81,37.50809959,126.9556047,2011-08-24,한전주,02-820-9923,서울특별시 동작구청,2026-04-06
07-3747,서울특별시 동작구 흑석로3길 37,흑석동 200-30,37.50860431,126.9560172,2011-08-24,한전주,02-820-9923,서울특별시 동작구청,2026-04-06
07-3748,서울특별시 동작구 흑석로8길 7,흑석동 223-15,37.50685539,126.959595,2011-08-24,한전주,02-820-9923,서울특별시 동작구청,2026-04-06
07-3749,서울특별시 동작구 흑석로3길 39-1,흑석동 200-9,37.5088949,126.9560595,2011-08-24,한전주,02-820-9923,서울특별시 동작구청,2026-04-06
07-3750,서울특별시 동작구 흑석로9길 94,흑석동 30-68,37.50942194,126.9559234,2011-08-24,한전주,02-820-9923,서울특별시 동작구청,2026-04-06
07-3751,서울특별시 동작구 흑석로9길 76,흑석동 198-90,37.50901894,126.9564553,2019-04-19,한전주,02-820-9923,서울특별시 동작구청,2026-04-06
07-3752,서울특별시 동작구 흑석로9길 65,흑석동 204-126,37.50865188,126.9567495,2011-08-24,한전주,02-820-9923,서울특별시 동작구청,2026-04-06
07-3753,서울특별시 동작구 흑석로3길 48,흑석동 198-37,37.50918345,126.9566701,2011-08-24,한전주,02-820-9923,서울특별시 동작구청,2026-04-06
07-3754,서울특별시 동작구 흑석로3길 51,흑석동 198-13,37.50932771,126.9569471,2011-08-24,한전주,02-820-9923,서울특별시 동작구청,2026-04-06
07-3755,서울특별시 동작구 흑석로3길 54,흑석동 198-90,37.509445,126.9573796,2011-08-24,한전주,02-820-9923,서울특별시 동작구청,2026-04-06
07-3756,서울특별시 동작구 흑석로3길 56,흑석동 198-90,37.50950816,126.9576482,2011-08-24,한전주,02-820-9923,서울특별시 동작구청,2026-04-06
07-3757,서울특별시 동작구 흑석로3길 60,흑석동 186-20,37.50951952,126.9578999,2011-08-24,한전주,02-820-9923,서울특별시 동작구청,2026-04-06
07-3758,서울특별시 동작구 흑석로13바길 9-5,흑석동 196-54,37.5081817,126.9583841,2011-08-24,한전주,02-820-9923,서울특별시 동작구청,2026-04-06
07-3759,서울특별시 동작구 흑석로13바길 9-5,흑석동 196-54,37.50832138,126.9584745,2011-08-24,한전주,02-820-9923,서울특별시 동작구청,2026-04-06
07-3760,서울특별시 동작구 흑석로13바길 10,흑석동 186-35,37.5085107,126.9587685,2011-08-24,한전주,02-820-9923,서울특별시 동작구청,2026-04-06
07-3761,서울특별시 동작구 흑석로13바길 15,흑석동 196-17,37.50858943,126.9584687,2011-08-24,한전주,02-820-9923,서울특별시 동작구청,2026-04-06
07-3762,서울특별시 동작구 흑석로9길 45,흑석동 199-39,37.50831658,126.9576348,2011-08-24,한전주,02-820-9923,서울특별시 동작구청,2026-04-06
07-3763,서울특별시 동작구 흑석로9길 56,흑석동 198-67,37.50861156,126.9573603,2011-08-24,한전주,02-820-9923,서울특별시 동작구청,2026-04-06
07-3764,서울특별시 동작구 흑석로7길 42,흑석동 198-90,37.50856418,126.9571568,2011-08-24,한전주,02-820-9923,서울특별시 동작구청,2026-04-06
07-3765,서울특별시 동작구 흑석로5길 84,흑석동 186-139,37.50908265,126.9582451,2011-08-24,한전주,02-820-9923,서울특별시 동작구청,2026-04-06
07-3766,서울특별시 동작구 흑석로5길 73,흑석동 186-135,37.50903857,126.9577998,2011-08-24,한전주,02-820-9923,서울특별시 동작구청,2026-04-06
07-3767,서울특별시 동작구 흑석로5길 68,흑석동 198-39,37.5090125,126.9573375,2011-08-24,한전주,02-820-9923,서울특별시 동작구청,2026-04-06
07-3768,서울특별시 동작구 흑석로5길 49,흑석동 201-4,37.50859776,126.9565856,2011-08-24,한전주,02-820-9923,서울특별시 동작구청,2026-04-06
07-3769,서울특별시 동작구 흑석로5길 43,흑석동 200-19,37.50837921,126.9564274,2011-08-24,한전주,02-820-9923,서울특별시 동작구청,2026-04-06
07-3770,서울특별시 동작구 흑석로5길 34,흑석동 221-1,37.50803244,126.9567527,2011-08-24,한전주,02-820-9923,서울특별시 동작구청,2026-04-06
07-3771,서울특별시 동작구 흑석로5길 29,흑석동 204-170,37.50793558,126.9567245,2011-08-24,한전주,02-820-9923,서울특별시 동작구청,2026-04-06
07-3772,서울특별시 동작구 흑석로5길 21,흑석동 204-94,37.50745356,126.9567898,2011-08-24,한전주,02-820-9923,서울특별시 동작구청,2026-04-06
07-3773,서울특별시 동작구 흑석로5길 19,흑석동 204-158,37.50728464,126.956838,2011-08-24,한전주,02-820-9923,서울특별시 동작구청,2026-04-06
07-3774,서울특별시 동작구 흑석로5길 15,흑석동 204-8,37.50706618,126.9569258,2011-08-24,한전주,02-820-9923,서울특별시 동작구청,2026-04-06
07-3775,서울특별시 동작구 흑석로5길 9,흑석동 204-170,37.50684774,126.9570616,2011-08-24,한전주,02-820-9923,서울특별시 동작구청,2026-04-06
07-3776,서울특별시 동작구 흑석로5길 24-6,흑석동 204-5,37.50741772,126.9573412,2011-08-24,한전주,02-820-9923,서울특별시 동작구청,2026-04-06
07-3777,서울특별시 동작구 흑석로5길 24-8,흑석동 204-3,37.50743354,126.9574797,2011-08-24,한전주,02-820-9923,서울특별시 동작구청,2026-04-06
07-3778,서울특별시 동작구 흑석로7길 25-1,흑석동 204-16,37.50782089,126.9572505,2011-08-24,벽부주,02-820-9923,서울특별시 동작구청,2026-04-06
07-3779,서울특별시 동작구 흑석로7길 35,흑석동 201-52,37.50832551,126.9573972,2011-08-24,한전주,02-820-9923,서울특별시 동작구청,2026-04-06
07-3780,서울특별시 동작구 흑석로7길 31,흑석동 199-3,37.50819037,126.9574341,2011-08-24,한전주,02-820-9923,서울특별시 동작구청,2026-04-06
07-3781,서울특별시 동작구 서달로6길 8,흑석동 86-201,37.50364162,126.9613017,2021-03-03,전용주,02-820-9923,서울특별시 동작구청,2026-04-06
07-3782,서울특별시 동작구 흑석로5길 78,흑석동 198-9,37.50898343,126.9579398,2024-08-01,통신주,02-820-9923,서울특별시 동작구청,2026-04-06
07-3783,서울특별시 동작구 서달로14나길20,흑석동 52-5,37.50740618,126.963214,2021-10-26,벽부주,02-820-9923,서울특별시 동작구청,2026-04-06
07-3786,서울특별시 동작구 흑석로5길 100,흑석동 173-98,37.50933069,126.9589773,2022-01-07,벽부주,02-820-9923,서울특별시 동작구청,2026-04-06
07-3787,서울특별시 동작구 흑석로13마길 40,흑석동 198-90,37.50820899,126.9591334,2022-05-30,통신주,02-820-9923,서울특별시 동작구청,2026-04-06
07-3789,서울특별시 동작구 ,흑석동 189-6,37.5077611,126.9601827,2022-07-11,벽부주,02-820-9923,서울특별시 동작구청,2026-04-06
07-3790,서울특별시 동작구 ,흑석동 산 70-7,37.50066452,126.9635707,2022-10-04,한전주,02-820-9923,서울특별시 동작구청,2026-04-06
07-3791,서울특별시 동작구 흑석로8길 9,흑석동 223-23,37.506718,126.959629,2023-02-28,통신주,02-820-9923,서울특별시 동작구청,2026-04-06
07-3792,서울특별시 동작구 서달로14가길 11,흑석동 54-159,37.50738698,126.9630302,2023-05-30,벽부주,02-820-9923,서울특별시 동작구청,2026-04-06
07-3794,서울특별시 동작구 서달로14나길16,흑석동 52-10,37.50747831,126.9633638,2023-06-01,통신주,02-820-9923,서울특별시 동작구청,2026-04-06
07-3796,서울특별시 동작구 흑석로13가길 34-18,흑석동 192-2,37.50793645,126.9591732,2024-05-29,벽부주,02-820-9923,서울특별시 동작구청,2026-04-06
07-3797,서울특별시 동작구 ,흑석동 239-187,37.49932305,126.9598083,2020-11-03,전용주,02-820-9923,서울특별시 동작구청,2026-04-06
07-3798,서울특별시 동작구 ,흑석동 239-187,37.49948974,126.9598082,2020-11-03,전용주,02-820-9923,서울특별시 동작구청,2026-04-06
07-3799,서울특별시 동작구 ,흑석동 239-187,37.49969023,126.9598449,2020-11-03,전용주,02-820-9923,서울특별시 동작구청,2026-04-06
07-3800,서울특별시 동작구 서달로 61,흑석동 330,37.49904146,126.9597236,2022-07-29,한전주,02-820-9923,서울특별시 동작구청,2026-04-06
07-3801,서울특별시 동작구 흑석로11길5,흑석동 188-5,37.50791881,126.9603014,2022-09-07,한전주,02-820-9923,서울특별시 동작구청,2026-04-06
07-3802,서울특별시 동작구 서달로1길,흑석동 328-7,37.49962043,126.959941,2024-08-23,한전주,02-820-9923,서울특별시 동작구청,2026-04-06
07-3803,서울특별시 동작구 서달로1길,흑석동 257-132,37.49987722,126.9599579,2024-08-23,한전주,02-820-9923,서울특별시 동작구청,2026-04-06
07-3804,서울특별시 동작구 흑석로5길 1-2,흑석동 204-171,37.50670583,126.9570758,2025-06-04,전용주,02-820-9923,서울특별시 동작구청,2026-04-06
07-3805,서울특별시 동작구 흑석로13마길 20,흑석동 186,37.50899531,126.9596985,2025-07-21,전용주,02-820-9923,서울특별시 동작구청,2026-04-06
07-3806,서울특별시 동작구 흑석로8길 17,흑석동 223-35,37.50682394,126.9598467,2025-11-28,벽부주,02-820-9923,서울특별시 동작구청,2026-04-06
07-3807,서울특별시 동작구 흑석로3길 31-2,흑석동 204-81,37.50814019,126.9557291,2025-12-02,전용주,02-820-9923,서울특별시 동작구청,2026-04-06
07-3894,서울특별시 동작구 서달로12길18,흑석동 97-11,37.50684065,126.9627138,2022-11-25,벽부주,02-820-9923,서울특별시 동작구청,2026-04-06
07-7161,서울특별시 동작구 흑석로5길 7-4,흑석동 204-170,37.50665836,126.9566037,2011-08-24,한전주,02-820-9923,서울특별시 동작구청,2026-04-06
07-7183,서울특별시 동작구 흑석로 84,흑석동 211-38,37.50495888,126.9537489,2020-05-19,한전주,02-820-9923,서울특별시 동작구청,2026-04-06
07-803,서울특별시 동작구 흑석로13마길 1,흑석동 186-102,37.50943004,126.9597011,2011-08-24,한전주,02-820-9923,서울특별시 동작구청,2026-04-06
07-883,서울특별시 동작구 흑석로13마길 30,흑석동 186-30,37.50866862,126.9594923,2011-08-24,전용주,02-820-9923,서울특별시 동작구청,2026-04-06
07-923,서울특별시 동작구 흑석로3길 33-10,흑석동 200-61,37.50783375,126.9554861,2011-08-24,전용주,02-820-9923,서울특별시 동작구청,2026-04-06
07-925,서울특별시 동작구 흑석로3길 35-6,흑석동 200-93,37.50858848,126.9558448,2011-08-24,전용주,02-820-9923,서울특별시 동작구청,2026-04-06
07-926,서울특별시 동작구 흑석로3길 35-5,흑석동 200-98,37.50855464,126.9557119,2011-08-24,한전주,02-820-9923,서울특별시 동작구청,2026-04-06
07-933,서울특별시 동작구 흑석로9길 94,흑석동 30-68,37.50956153,126.9557565,2011-08-24,한전주,02-820-9923,서울특별시 동작구청,2026-04-06
07-976,서울특별시 동작구 흑석로5길 25-3,흑석동 204-59,37.50755259,126.9565607,2011-08-24,벽부주,02-820-9923,서울특별시 동작구청,2026-04-06
08-3000,서울특별시 동작구 사당로24가길 16,사당동 1001-15,37.48318161,126.9770366,2021-10-15,벽부주,02-820-9923,서울특별시 동작구청,2026-04-06
08-3001,서울특별시 동작구 동작대로 89,사당동 147-52,37.48483123,126.9814768,2018-11-08,전용주,02-820-9923,서울특별시 동작구청,2026-04-06
08-3002,서울특별시 동작구 동작대로 89,사당동 147-54,37.48466679,126.9814656,2018-11-08,전용주,02-820-9923,서울특별시 동작구청,2026-04-06
08-3003,서울특별시 동작구 동작대로 89,사당동 147-56,37.4844911,126.9814628,2018-11-08,전용주,02-820-9923,서울특별시 동작구청,2026-04-06
08-3004,서울특별시 동작구 동작대로 89,사당동 708-332,37.48440776,126.9815307,2018-11-08,전용주,02-820-9923,서울특별시 동작구청,2026-04-06
08-3005,서울특별시 동작구 동작대로 89,사당동 708-283,37.48443257,126.9817087,2018-11-08,전용주,02-820-9923,서울특별시 동작구청,2026-04-06
08-3006ㄴ,서울특별시 동작구 사당로30길 9-1,사당동 708-374,37.48440319,126.9810869,2011-08-24,한전주,02-820-9923,서울특별시 동작구청,2026-04-06
08-3007,서울특별시 동작구 사당로 300,사당동 708-286,37.48438065,126.9809738,2018-10-29,전용주,02-820-9923,서울특별시 동작구청,2026-04-06
08-3008,서울특별시 동작구 사당로 300,사당동 147-158,37.48424772,126.9808184,2011-08-24,전용주,02-820-9923,서울특별시 동작구청,2026-04-06
08-3009,서울특별시 동작구 사당로 300,사당동 147-158,37.48423643,126.980629,2011-08-24,전용주,02-820-9923,서울특별시 동작구청,2026-04-06
08-3010,서울특별시 동작구 사당로 300,사당동 147-46,37.48464419,126.9809879,2018-10-29,전용주,02-820-9923,서울특별시 동작구청,2026-04-06
08-3011,서울특별시 동작구 사당로 300,사당동 147-46,37.48483791,126.9809907,2018-10-29,전용주,02-820-9923,서울특별시 동작구청,2026-04-06
08-3012,서울특별시 동작구 사당로 300,사당동 147-29,37.48423866,126.9804735,2011-08-24,전용주,02-820-9923,서울특별시 동작구청,2026-04-06
08-3013,서울특별시 동작구 동작대로23길 29,사당동 1113,37.48416427,126.9801457,2011-08-24,한전주,02-820-9923,서울특별시 동작구청,2026-04-06
08-3014,서울특별시 동작구 동작대로23길 33,사당동 1006-2,37.4842701,126.9799054,2011-08-24,전용주,02-820-9923,서울특별시 동작구청,2026-04-06
08-3015,서울특별시 동작구 사당로28길 10,사당동 1003-42,37.48393216,126.9795832,2011-08-24,한전주,02-820-9923,서울특별시 동작구청,2026-04-06
08-3017,서울특별시 동작구 사당로28길 6,사당동 1003-40,37.48412137,126.9795832,2011-08-24,벽부주,02-820-9923,서울특별시 동작구청,2026-04-06
08-3018,서울특별시 동작구 사당로28길 14,사당동 1003-46,37.48355373,126.9795494,2011-08-24,한전주,02-820-9923,서울특별시 동작구청,2026-04-06
08-3019,서울특별시 동작구 동작대로19길 46,사당동 1003-35,37.48355593,126.9792526,2011-08-24,한전주,02-820-9923,서울특별시 동작구청,2026-04-06
08-3020,서울특별시 동작구 동작대로19길 46,사당동 1003-26,37.48373159,126.9790123,2011-08-24,전용주,02-820-9923,서울특별시 동작구청,2026-04-06
08-3021,서울특별시 동작구 사당로 282-9,사당동 1003-26,37.48381944,126.9790179,2011-08-24,전용주,02-820-9923,서울특별시 동작구청,2026-04-06
08-3023,서울특별시 동작구 동작대로19길46,사당동 1003-8,37.4835739,126.978936,2011-08-24,한전주,02-820-9923,서울특별시 동작구청,2026-04-06
08-3024,서울특별시 동작구 동작대로19길 54,사당동 1003-22,37.48359637,126.9786449,2011-08-24,전용주,02-820-9923,서울특별시 동작구청,2026-04-06
08-3025,서울특별시 동작구 동작대로19길 60,사당동 1003-18,37.48358056,126.9784272,2011-08-24,한전주,02-820-9923,서울특별시 동작구청,2026-04-06
08-3026,서울특별시 동작구 동작대로19길 60,사당동 1092,37.48358279,126.9782944,2011-08-24,한전주,02-820-9923,서울특별시 동작구청,2026-04-06
08-3027,서울특별시 동작구 동작대로21길 33,사당동 1006-48,37.48388264,126.9798009,2011-08-24,전용주,02-820-9923,서울특별시 동작구청,2026-04-06
08-3028,서울특별시 동작구 동작대로21길 27,사당동 1006-48,37.48387368,126.9800722,2011-08-24,전용주,02-820-9923,서울특별시 동작구청,2026-04-06
08-3029,서울특별시 동작구 동작대로21길 25,사당동 1006-48,37.48386021,126.9803351,2011-08-24,전용주,02-820-9923,서울특별시 동작구청,2026-04-06
08-3030,서울특별시 동작구 동작대로21길 19,사당동 1006-48,37.48386251,126.9806263,2011-08-24,한전주,02-820-9923,서울특별시 동작구청,2026-04-06
08-3031ㄴ,서울특별시 동작구 사당로30길 24,사당동 1006-48,37.4838558,126.9809231,2019-10-10,한전주,02-820-9923,서울특별시 동작구청,2026-04-06
08-3032ㄴ,서울특별시 동작구 동작대로19길 16,사당동 1006-31,37.48357198,126.9809203,2011-08-24,한전주,02-820-9923,서울특별시 동작구청,2026-04-06
08-3033,서울특별시 동작구 사당로30길28,사당동 1006-30,37.48365078,126.9806913,2022-04-04,벽부주,02-820-9923,서울특별시 동작구청,2026-04-06
08-3034,서울특별시 동작구 동작대로19길 24,사당동 1006-36,37.48353137,126.9804878,2011-08-24,한전주,02-820-9923,서울특별시 동작구청,2026-04-06
08-3035,서울특별시 동작구 동작대로19길 32,사당동 1006-41,37.48353129,126.9800158,2011-08-24,한전주,02-820-9923,서울특별시 동작구청,2026-04-06
08-3036,서울특별시 동작구 동작대로19길36,사당동 1006-43,37.48354026,126.9797727,2018-11-08,전용주,02-820-9923,서울특별시 동작구청,2026-04-06
08-3037,서울특별시 동작구 사당로28길 11,사당동 1006-45,37.4836371,126.9796624,2011-08-24,전용주,02-820-9923,서울특별시 동작구청,2026-04-06
08-3038,서울특별시 동작구 동작대로23길 33,사당동 1113,37.48422052,126.9797838,2011-08-24,전용주,02-820-9923,서울특별시 동작구청,2026-04-06
08-3039ㄴ,서울특별시 동작구 동작대로23길 15,사당동 1090,37.48416665,126.9809484,2011-08-24,한전주,02-820-9923,서울특별시 동작구청,2026-04-06
08-3040,서울특별시 동작구 사당로30길 19,사당동 1007-51,37.48397521,126.9810841,2011-08-24,전용주,02-820-9923,서울특별시 동작구청,2026-04-06
08-3041ㄴ,서울특별시 동작구 사당로30길 23-4,사당동 1090,37.48382878,126.9810107,2011-08-24,통신주,02-820-9923,서울특별시 동작구청,2026-04-06
08-3042,서울특별시 동작구 사당로30길 23-5,사당동 1007-9,37.48381983,126.9813471,2011-08-24,전용주,02-820-9923,서울특별시 동작구청,2026-04-06
08-3043,서울특별시 동작구 동작대로23길 7,사당동 1113,37.48424328,126.9812028,2018-11-08,전용주,02-820-9923,서울특별시 동작구청,2026-04-06
08-3044,서울특별시 동작구 동작대로23길 7,사당동 1113,37.48428611,126.981395,2018-11-08,전용주,02-820-9923,서울특별시 동작구청,2026-04-06
08-3045,서울특별시 동작구 사당로30길 29-4,사당동 1007-53,37.48352247,126.9812002,2011-08-24,한전주,02-820-9923,서울특별시 동작구청,2026-04-06
08-3046,서울특별시 동작구 사당로30길 35-5,사당동 1007-22,37.48329498,126.9812652,2011-08-24,벽부주,02-820-9923,서울특별시 동작구청,2026-04-06
08-3047ㄴ,서울특별시 동작구 사당로30길 36,사당동 1005-23,37.48333997,126.9809034,2011-08-24,전용주,02-820-9923,서울특별시 동작구청,2026-04-06
08-3048ㄴ,서울특별시 동작구 사당로30길 38,사당동 1005-25,37.48313499,126.9809035,2011-08-24,한전주,02-820-9923,서울특별시 동작구청,2026-04-06
08-3049ㄴ,서울특별시 동작구 사당로30길 43,사당동 1090,37.48299084,126.9809629,2011-08-24,한전주,02-820-9923,서울특별시 동작구청,2026-04-06
08-3050ㄴ,서울특별시 동작구 동작대로17길 7,사당동 1091,37.4827498,126.9808668,2011-08-24,한전주,02-820-9923,서울특별시 동작구청,2026-04-06
08-3051,서울특별시 동작구 동작대로17길 6-6,사당동 1007-34,37.48293681,126.9811607,2018-11-08,한전주,02-820-9923,서울특별시 동작구청,2026-04-06
08-3052,서울특별시 동작구 동작대로 71,사당동 1007-50,37.48281747,126.9814321,2011-08-24,벽부주,02-820-9923,서울특별시 동작구청,2026-04-06
08-3053,서울특별시 동작구 동작대로17길 5,사당동 1090,37.48275435,126.9811438,2011-08-24,벽부주,02-820-9923,서울특별시 동작구청,2026-04-06
08-3054,서울특별시 동작구 동작대로13길 9,사당동 1096,37.48175856,126.9800361,2011-08-24,한전주,02-820-9923,서울특별시 동작구청,2026-04-06
08-3055,서울특별시 동작구 동작대로13길 17,사당동 1096,37.48176302,126.9798043,2011-08-24,한전주,02-820-9923,서울특별시 동작구청,2026-04-06
08-3056,서울특별시 동작구 동작대로17길 11,사당동 1091,37.4827948,126.9805417,2011-08-24,한전주,02-820-9923,서울특별시 동작구청,2026-04-06
08-3057,서울특별시 동작구 동작대로17길 10-1,사당동 1005-53,37.48293899,126.9806943,2011-08-24,전용주,02-820-9923,서울특별시 동작구청,2026-04-06
08-3058,서울특별시 동작구 동작대로17길 14-2,사당동 1005-44,37.48285334,126.980406,2011-08-24,한전주,02-820-9923,서울특별시 동작구청,2026-04-06
08-3059,서울특별시 동작구 동작대로17길 14-4,사당동 1005-43,37.48297047,126.9803947,2011-08-24,통신주,02-820-9923,서울특별시 동작구청,2026-04-06
08-3060,서울특별시 동작구 동작대로17길 15,사당동 1091,37.48279924,126.9801347,2011-08-24,한전주,02-820-9923,서울특별시 동작구청,2026-04-06
08-3061,서울특별시 동작구 동작대로17길 16-4,사당동 1005-36,37.48296366,126.9800555,2011-08-24,전용주,02-820-9923,서울특별시 동작구청,2026-04-06
08-3062,서울특별시 동작구 동작대로19길 23-8,사당동 1005-15,37.48324078,126.9804173,2011-08-24,벽부주,02-820-9923,서울특별시 동작구청,2026-04-06
08-3063,서울특별시 동작구 동작대로19길 19-3,사당동 1005-20,37.48334443,126.9806377,2011-08-24,벽부주,02-820-9923,서울특별시 동작구청,2026-04-06
08-3064,서울특별시 동작구 동작대로19길 19-5,사당동 1005-21,37.4832273,126.9806179,2020-05-28,벽부주,02-820-9923,서울특별시 동작구청,2026-04-06
08-3065,서울특별시 동작구 동작대로19길 17,사당동 1091,37.48345031,126.9806772,2011-08-24,한전주,02-820-9923,서울특별시 동작구청,2026-04-06
08-3066,서울특별시 동작구 동작대로17길 16-7,사당동 1005-4,37.48328351,126.9800017,2011-08-24,한전주,02-820-9923,서울특별시 동작구청,2026-04-06
08-3067,서울특별시 동작구 사당로28길 17-3,사당동 1005-32,37.48306948,126.9797644,2011-08-24,벽부주,02-820-9923,서울특별시 동작구청,2026-04-06
08-3068,서울특별시 동작구 동작대로17길18,사당동 1005-30,37.48286226,126.9798436,2018-11-08,벽부주,02-820-9923,서울특별시 동작구청,2026-04-06
08-3069,서울특별시 동작구 사당로28길 23,사당동 1091,37.4827969,126.9796174,2011-08-24,한전주,02-820-9923,서울특별시 동작구청,2026-04-06
08-3070,서울특별시 동작구 동작대로13길 22,사당동 1092,37.48282164,126.9794083,2011-08-24,전용주,02-820-9923,서울특별시 동작구청,2026-04-06
08-3071,서울특별시 동작구 동작대로13길 22,사당동 1092,37.48283061,126.9791652,2011-08-24,전용주,02-820-9923,서울특별시 동작구청,2026-04-06
08-3072,서울특별시 동작구 동작대로13길 22,사당동 1092,37.48283957,126.9789221,2011-08-24,전용주,02-820-9923,서울특별시 동작구청,2026-04-06
08-3073,서울특별시 동작구 동작대로13길 22,사당동 1092,37.48286205,126.9786309,2011-08-24,전용주,02-820-9923,서울특별시 동작구청,2026-04-06
08-3074,서울특별시 동작구 동작대로13길 22,사당동 1092,37.4828575,126.9784048,2011-08-24,전용주,02-820-9923,서울특별시 동작구청,2026-04-06
08-3075,서울특별시 동작구 동작대로17길 28,사당동 1004-52,37.48291162,126.9787525,2018-12-12,전용주,02-820-9923,서울특별시 동작구청,2026-04-06
08-3076,서울특별시 동작구 동작대로17길 30,사당동 1092,37.48295658,126.9782606,2018-12-10,전용주,02-820-9923,서울특별시 동작구청,2026-04-06
08-3077,서울특별시 동작구 사당로26길 18,사당동 1092,37.48320662,126.9782747,2017-05-10,한전주,02-820-9923,서울특별시 동작구청,2026-04-06
08-3078,서울특별시 동작구 동작대로19길 55-8,사당동 1004-10,37.48326749,126.9785771,2011-08-24,벽부주,02-820-9923,서울특별시 동작구청,2026-04-06
08-3079,서울특별시 동작구 동작대로19길 49-4,사당동 1004-49,37.48331935,126.9788909,2011-08-24,전용주,02-820-9923,서울특별시 동작구청,2026-04-06
08-3080,서울특별시 동작구 동작대로17길 24-19,사당동 1004-29,37.48328562,126.9792075,2011-08-24,전용주,02-820-9923,서울특별시 동작구청,2026-04-06
08-3081,서울특별시 동작구 동작대로17길 24-6,사당동 1004-51,37.48309867,126.9792414,2011-08-24,한전주,02-820-9923,서울특별시 동작구청,2026-04-06
08-3082,서울특별시 동작구 사당로28길 18,사당동 1004-42,37.48319558,126.9795552,2011-08-24,한전주,02-820-9923,서울특별시 동작구청,2026-04-06
08-3083,서울특별시 동작구 동작대로19길 39,사당동 1004-40,37.48345237,126.9795607,2011-08-24,한전주,02-820-9923,서울특별시 동작구청,2026-04-06
08-3084,서울특별시 동작구 사당로26길 18,사당동 1002-18,37.48294076,126.9779723,2018-12-12,한전주,02-820-9923,서울특별시 동작구청,2026-04-06
08-3085,서울특별시 동작구 동작대로17길 38,사당동 1002-17,37.48294298,126.977766,2011-08-24,벽부주,02-820-9923,서울특별시 동작구청,2026-04-06
08-3086,서울특별시 동작구 동작대로17길 38,사당동 1002-17,37.482988,126.9776444,2011-08-24,통신주,02-820-9923,서울특별시 동작구청,2026-04-06
08-3087,서울특별시 동작구 사당로24길 8,사당동 1001-39,37.48296095,126.9775314,2011-08-24,한전주,02-820-9923,서울특별시 동작구청,2026-04-06
08-3088,서울특별시 동작구 사당로22길 41-1,사당동 1016-4,37.48163408,126.976828,2011-08-24,한전주,02-820-9923,서울특별시 동작구청,2026-04-06
08-3089,서울특별시 동작구 사당로24가길 13,사당동 1001-52,37.48319515,126.9771808,2011-08-24,한전주,02-820-9923,서울특별시 동작구청,2026-04-06
08-3090,서울특별시 동작구 사당로24가길 7,사당동 1001-29,37.48333708,126.9772882,2011-08-24,한전주,02-820-9923,서울특별시 동작구청,2026-04-06
08-3091,서울특별시 동작구 사당로24길 4,사당동 1001-33,37.48366149,126.9775255,2014-02-22,전용주,02-820-9923,서울특별시 동작구청,2026-04-06
08-3092,서울특별시 동작구 사당로24길 7,사당동 1093,37.4835624,126.9776556,2011-08-24,한전주,02-820-9923,서울특별시 동작구청,2026-04-06
08-3093,서울특별시 동작구 사당로24길 7,사당동 1093,37.48335967,126.9776387,2011-08-24,전용주,02-820-9923,서울특별시 동작구청,2026-04-06
08-3094,서울특별시 동작구 사당로24가길 13-4,사당동 1001-51,37.48297439,126.9771045,2011-08-24,한전주,02-820-9923,서울특별시 동작구청,2026-04-06
08-3095,서울특별시 동작구 사당로22길 3,사당동 1093,37.48317029,126.976754,2011-08-24,한전주,02-820-9923,서울특별시 동작구청,2026-04-06
08-3096,서울특별시 동작구 사당로22길 4,사당동 1001-1,37.4833302,126.9766691,2011-08-24,한전주,02-820-9923,서울특별시 동작구청,2026-04-06
08-3097,서울특별시 동작구 사당로16사길16-9,사당동 1001-24,37.48339899,126.9771454,2022-03-22,벽부주,02-820-9923,서울특별시 동작구청,2026-04-06
08-3098,서울특별시 동작구 사당로22길 2,사당동 321-2,37.48318826,126.9765307,2011-08-24,벽부주,02-820-9923,서울특별시 동작구청,2026-04-06
08-3099,서울특별시 동작구 사당로22가길 4,사당동 321-36,37.48311616,126.9764374,2018-12-12,벽부주,02-820-9923,서울특별시 동작구청,2026-04-06
08-3100,서울특별시 동작구 사당로22가길 8,사당동 321-122,37.48302379,126.9763244,2020-03-05,벽부주,02-820-9923,서울특별시 동작구청,2026-04-06
08-3101,서울특별시 동작구 사당로22가길 8-2,사당동 321-7,37.48316118,126.9762706,2011-08-24,벽부주,02-820-9923,서울특별시 동작구청,2026-04-06
08-3102,서울특별시 동작구 사당로22가길 11,사당동 321-20,37.48277824,126.9762142,2011-08-24,전용주,02-820-9923,서울특별시 동작구청,2026-04-06
08-3103,서울특별시 동작구 사당로22가길 12,사당동 321-25,37.48296292,126.9760615,2011-08-24,전용주,02-820-9923,서울특별시 동작구청,2026-04-06
08-3104,서울특별시 동작구 동작대로15길 100,사당동 321-27,37.48278721,126.9760333,2011-08-24,한전주,02-820-9923,서울특별시 동작구청,2026-04-06
08-3105,서울특별시 동작구 사당로20길5-6,사당동 321-80,37.48298541,126.9758863,2018-12-07,벽부주,02-820-9923,서울특별시 동작구청,2026-04-06
08-3106,서울특별시 동작구 동작대로15길 101-7,사당동 321-51,37.4825822,126.9758723,2011-08-24,벽부주,02-820-9923,서울특별시 동작구청,2026-04-06
08-3107,서울특별시 동작구 동작대로15길 101-7,사당동 321-103,37.48237496,126.9758299,2020-05-29,벽부주,02-820-9923,서울특별시 동작구청,2026-04-06
08-3108,서울특별시 동작구 사당로20길 15,사당동 321-137,37.48242449,126.9756999,2011-08-24,한전주,02-820-9923,서울특별시 동작구청,2026-04-06
08-3109,서울특별시 동작구 사당로20길 23,사당동 321-105,37.48209787,126.9756972,2011-08-24,한전주,02-820-9923,서울특별시 동작구청,2026-04-06
08-3110,서울특별시 동작구 사당로22가길 31,사당동 321-97,37.48197856,126.9760223,2011-08-24,통신주,02-820-9923,서울특별시 동작구청,2026-04-06
08-3111,서울특별시 동작구 사당로22가길 36,사당동 321-96,37.48176681,126.9759743,2011-08-24,벽부주,02-820-9923,서울특별시 동작구청,2026-04-06
08-3112,서울특별시 동작구 동작대로11길 104,사당동 319-44,37.48157078,126.9756861,2011-08-24,한전주,02-820-9923,서울특별시 동작구청,2026-04-06
08-3113,서울특별시 동작구 동작대로15가길 10,사당동 321-49,37.48227368,126.9762455,2011-08-24,전용주,02-820-9923,서울특별시 동작구청,2026-04-06
08-3114,서울특별시 동작구 동작대로15가길 2,사당동 321-22,37.48245163,126.9762567,2011-08-24,전용주,02-820-9923,서울특별시 동작구청,2026-04-06
08-3115,서울특별시 동작구 동작대로15길 96,사당동 321-21,37.48262734,126.9763217,2018-12-12,한전주,02-820-9923,서울특별시 동작구청,2026-04-06
08-3116,서울특별시 동작구 동작대로15가길 2,사당동 321-22,37.48262731,126.9761719,2019-10-23,한전주,02-820-9923,서울특별시 동작구청,2026-04-06
08-3117,서울특별시 동작구 사당로22가길 21,사당동 321-160,37.48236149,126.9760646,2011-08-24,벽부주,02-820-9923,서울특별시 동작구청,2026-04-06
08-3118,서울특별시 동작구 사당로22가길 23,사당동 321-160,37.48224435,126.9760222,2011-08-24,전용주,02-820-9923,서울특별시 동작구청,2026-04-06
08-3119,서울특별시 동작구 동작대로15길 92-6,사당동 1013-10,37.48273325,126.9765054,2011-08-24,전용주,02-820-9923,서울특별시 동작구청,2026-04-06
08-3120,서울특별시 동작구 사당로22길 18,사당동 1093,37.48261167,126.9768022,2011-08-24,한전주,02-820-9923,서울특별시 동작구청,2026-04-06
08-3121,서울특별시 동작구 사당로22길 12-1,사당동 1013-15,37.48289099,126.9768106,2011-08-24,한전주,02-820-9923,서울특별시 동작구청,2026-04-06
08-3122,서울특별시 동작구 동작대로17길 9,사당동 1009-32,37.4827295,126.9806746,2018-11-08,벽부주,02-820-9923,서울특별시 동작구청,2026-04-06
08-3123,서울특별시 동작구 동작대로9가길 16,사당동 1028-27,37.47974475,126.9797426,2021-02-15,벽부주,02-820-9923,서울특별시 동작구청,2026-04-06
08-3124,서울특별시 동작구 동작대로15길 89,사당동 1094,37.48250574,126.97648,2011-08-24,한전주,02-820-9923,서울특별시 동작구청,2026-04-06
08-3125,서울특별시 동작구 동작대로15가길 11,사당동 1014-16,37.48216108,126.9763812,2011-08-24,벽부주,02-820-9923,서울특별시 동작구청,2026-04-06
08-3126,서울특별시 동작구 동작대로15가길 21,사당동 1014-10,37.48178269,126.976517,2011-08-24,전용주,02-820-9923,서울특별시 동작구청,2026-04-06
08-3127,서울특별시 동작구 사당로22길 44,사당동 1095,37.48133447,126.9766952,2011-08-24,한전주,02-820-9923,서울특별시 동작구청,2026-04-06
08-3128,서울특별시 동작구 사당로22길 36,사당동 1094,37.48183229,126.9767572,2011-08-24,전용주,02-820-9923,서울특별시 동작구청,2026-04-06
08-3129,서울특별시 동작구 사당로22길 30,사당동 1014-26,37.482026,126.9767487,2018-12-12,통신주,02-820-9923,서울특별시 동작구청,2026-04-06
08-3130,서울특별시 동작구 사당로22길 25,사당동 1094,37.4824067,126.976856,2011-08-24,한전주,02-820-9923,서울특별시 동작구청,2026-04-06
08-3131,서울특별시 동작구 동작대로15길 79,사당동 1015-46,37.48235718,126.9770482,2019-12-26,벽부주,02-820-9923,서울특별시 동작구청,2026-04-06
08-3132,서울특별시 동작구 동작대로13길 38-9,사당동 1015-42,37.48224237,126.977379,2011-08-24,전용주,02-820-9923,서울특별시 동작구청,2026-04-06
08-3133,서울특별시 동작구 동작대로13길 38-7,사당동 1015-39,37.4820464,126.9773677,2011-08-24,벽부주,02-820-9923,서울특별시 동작구청,2026-04-06
08-3134,서울특별시 동작구 동작대로15길 73,사당동 1094,37.48237305,126.9775485,2011-08-24,한전주,02-820-9923,서울특별시 동작구청,2026-04-06
08-3135,서울특별시 동작구 동작대로13길 36-10,사당동 1015-19,37.48233031,126.9778877,2011-08-24,한전주,02-820-9923,서울특별시 동작구청,2026-04-06
08-3136,서울특별시 동작구 동작대로13길 36-6,사당동 1015-19,37.48221318,126.9778821,2011-08-24,전용주,02-820-9923,서울특별시 동작구청,2026-04-06
08-3137,서울특별시 동작구 동작대로13길 36-5,사당동 1015-17,37.48210055,126.9778256,2011-08-24,벽부주,02-820-9923,서울특별시 동작구청,2026-04-06
08-3138,서울특별시 동작구 동작대로13길 34,사당동 1015-50,37.48190461,126.9780122,2011-08-24,한전주,02-820-9923,서울특별시 동작구청,2026-04-06
08-3139,서울특별시 동작구 동작대로13길 36,사당동 1015-16,37.48191809,126.9777974,2011-08-24,벽부주,02-820-9923,서울특별시 동작구청,2026-04-06
08-3140,서울특별시 동작구 동작대로13길 38-1,사당동 1015-12,37.48192704,126.9775175,2011-08-24,한전주,02-820-9923,서울특별시 동작구청,2026-04-06
08-3141,서울특별시 동작구 동작대로13길 38-19,사당동 1015-38,37.48210274,126.9775175,2011-08-24,벽부주,02-820-9923,서울특별시 동작구청,2026-04-06
08-3142,서울특별시 동작구 동작대로13길 42-5,사당동 1015-8,37.48214322,126.9771557,2018-12-12,벽부주,02-820-9923,서울특별시 동작구청,2026-04-06
08-3143,서울특별시 동작구 동작대로13길 42-1,사당동 1015-6,37.48194048,126.9771049,2011-08-24,벽부주,02-820-9923,서울특별시 동작구청,2026-04-06
08-3144,서울특별시 동작구 사당로22길 33,사당동 1015-4,37.48202602,126.9768476,2011-08-24,한전주,02-820-9923,서울특별시 동작구청,2026-04-06
08-3145,서울특별시 동작구 동작대로15길 78,사당동 1012-7,37.48251263,126.9771782,2011-08-24,벽부주,02-820-9923,서울특별시 동작구청,2026-04-06
08-3146,서울특별시 동작구 동작대로15길 80-8,사당동 1012-13,37.48267707,126.9771838,2011-08-24,한전주,02-820-9923,서울특별시 동작구청,2026-04-06
08-3147,서울특별시 동작구 동작대로15길 77,사당동 1015-43,37.48235723,126.9772602,2011-08-24,한전주,02-820-9923,서울특별시 동작구청,2026-04-06
08-3148,서울특별시 동작구 동작대로15길 74-6,사당동 1012-28,37.48258253,126.9775484,2011-08-24,한전주,02-820-9923,서울특별시 동작구청,2026-04-06
08-3149,서울특별시 동작구 동작대로15길 74-5,사당동 1012-25,37.48269065,126.9775201,2011-08-24,벽부주,02-820-9923,서울특별시 동작구청,2026-04-06
08-3151,서울특별시 동작구 동작대로17길 33-8,사당동 1012-36,37.4827448,126.9779893,2011-08-24,전용주,02-820-9923,서울특별시 동작구청,2026-04-06
08-3152,서울특별시 동작구 동작대로17길 33,사당동 1092,37.48284621,126.9782494,2011-08-24,한전주,02-820-9923,서울특별시 동작구청,2026-04-06
08-3153,서울특별시 동작구 남부순환로269가길 12,사당동 1039-24,37.47762048,126.9789094,2021-06-04,벽부주,02-820-9923,서울특별시 동작구청,2026-04-06
08-3154,서울특별시 동작구 동작대로13길 22,사당동 1094,37.48238218,126.9782212,2011-08-24,한전주,02-820-9923,서울특별시 동작구청,2026-04-06
08-3155,서울특별시 동작구 동작대로13길 22,사당동 1094,37.48224253,126.97821,2011-08-24,전용주,02-820-9923,서울특별시 동작구청,2026-04-06
08-3156,서울특별시 동작구 동작대로13길 22,사당동 1094,37.48208259,126.9781987,2011-08-24,전용주,02-820-9923,서울특별시 동작구청,2026-04-06
08-3157,서울특별시 동작구 동작대로13길 22,사당동 1094,37.48193618,126.9782016,2011-08-24,전용주,02-820-9923,서울특별시 동작구청,2026-04-06
08-3158,서울특별시 동작구 동작대로17길24-11,사당동 1004-24,37.48309187,126.9790266,2020-06-19,벽부주,02-820-9923,서울특별시 동작구청,2026-04-06
08-3159,서울특별시 동작구 동작대로13길 22,사당동 1011-1,37.48190466,126.9782694,2011-08-24,전용주,02-820-9923,서울특별시 동작구청,2026-04-06
08-3160,서울특별시 동작구 동작대로13길 22,사당동 1011-1,37.48187773,126.9788121,2011-08-24,한전주,02-820-9923,서울특별시 동작구청,2026-04-06
08-3161,서울특별시 동작구 동작대로13길 22,사당동 1011-1,37.48186878,126.9791654,2011-08-24,한전주,02-820-9923,서울특별시 동작구청,2026-04-06
08-3162,서울특별시 동작구 동작대로13길 22,사당동 1011-1,37.48185531,126.9794311,2011-08-24,한전주,02-820-9923,서울특별시 동작구청,2026-04-06
08-3163,서울특별시 동작구 동작대로13길 22,사당동 1011-1,37.4818733,126.9792672,2011-08-24,전용주,02-820-9923,서울특별시 동작구청,2026-04-06
08-3164,서울특별시 동작구 동작대로13길 22,사당동 1011-1,37.48189126,126.978928,2011-08-24,전용주,02-820-9923,서울특별시 동작구청,2026-04-06
08-3165,서울특별시 동작구 동작대로13길 22,사당동 1011-1,37.48187995,126.9786454,2011-08-24,전용주,02-820-9923,서울특별시 동작구청,2026-04-06
08-3166,서울특별시 동작구 동작대로13길 22,사당동 1011-1,37.48188893,126.9784729,2011-08-24,한전주,02-820-9923,서울특별시 동작구청,2026-04-06
08-3167,서울특별시 동작구 사당로28길 34,사당동 1096,37.48172919,126.9795329,2011-08-24,한전주,02-820-9923,서울특별시 동작구청,2026-04-06
08-3168,서울특별시 동작구 동작대로13길 18,사당동 1010-1,37.48197246,126.9795583,2011-08-24,한전주,02-820-9923,서울특별시 동작구청,2026-04-06
08-3169,서울특별시 동작구 동작대로13길 18,사당동 1096,37.48227881,126.979578,2011-08-24,한전주,02-820-9923,서울특별시 동작구청,2026-04-06
08-3170,서울특별시 동작구 동작대로13길 18,사당동 1096,37.48228112,126.9798889,2011-08-24,한전주,02-820-9923,서울특별시 동작구청,2026-04-06
08-3171,서울특별시 동작구 동작대로13길 16-6,사당동 1010-17,37.48199733,126.980084,2011-08-24,한전주,02-820-9923,서울특별시 동작구청,2026-04-06
08-3172ㄴ,서울특별시 동작구 사당로30길 64,사당동 1010-36,37.48191411,126.9808275,2011-08-24,한전주,02-820-9923,서울특별시 동작구청,2026-04-06
08-3173ㄴ,서울특별시 동작구 사당로30길 72,사당동 1096,37.48172489,126.9807964,2011-08-24,한전주,02-820-9923,서울특별시 동작구청,2026-04-06
08-3174ㄴ,서울특별시 동작구 동작대로15길 15,사당동 1010-32,37.48215964,126.98085,2011-08-24,한전주,02-820-9923,서울특별시 동작구청,2026-04-06
08-3175ㄴ,서울특별시 동작구 사당로30길 54,사당동 1009-36,37.48250653,126.9808612,2011-08-24,한전주,02-820-9923,서울특별시 동작구청,2026-04-06
08-3176,서울특별시 동작구 동작대로15길 18-7,사당동 1009-31,37.48264165,126.9806661,2011-08-24,벽부주,02-820-9923,서울특별시 동작구청,2026-04-06
08-3177,서울특별시 동작구 동작대로15길 18-3,사당동 1009-30,37.48251776,126.9806407,2011-08-24,한전주,02-820-9923,서울특별시 동작구청,2026-04-06
08-3178,서울특별시 동작구 동작대로15길 15,사당동 1096,37.482279,126.9806775,2011-08-24,한전주,02-820-9923,서울특별시 동작구청,2026-04-06
08-3179,서울특별시 동작구 동작대로15길 21-4,사당동 1010-23,37.48208974,126.980426,2011-08-24,벽부주,02-820-9923,서울특별시 동작구청,2026-04-06
08-3180,서울특별시 동작구 동작대로15길 25,사당동 1096,37.48228794,126.9802705,2011-08-24,한전주,02-820-9923,서울특별시 동작구청,2026-04-06
08-3181,서울특별시 동작구 동작대로15길 24-7,사당동 1009-21,37.48256951,126.9803242,2011-08-24,전용주,02-820-9923,서울특별시 동작구청,2026-04-06
08-3182,서울특별시 동작구 동작대로15길 24-9,사당동 1009-20,37.48268214,126.9803298,2011-08-24,전용주,02-820-9923,서울특별시 동작구청,2026-04-06
08-3183,서울특별시 동작구 동작대로15길 24-7,사당동 1009-18,37.48260102,126.98018,2011-08-24,전용주,02-820-9923,서울특별시 동작구청,2026-04-06
08-3184,서울특별시 동작구 동작대로15길 28,사당동 1009-13,37.4823397,126.980002,2020-06-19,통신주,02-820-9923,서울특별시 동작구청,2026-04-06
08-3185,서울특별시 동작구 동작대로15길 32,사당동 1009-6,37.48235091,126.9796769,2011-08-24,전용주,02-820-9923,서울특별시 동작구청,2026-04-06
08-3186,서울특별시 동작구 사당로28길,사당동 1096,37.48256488,126.9795751,2011-08-24,한전주,02-820-9923,서울특별시 동작구청,2026-04-06
08-3187,서울특별시 동작구 사당로30길 63,사당동 1008-6,37.48198846,126.9809151,2018-11-08,벽부주,02-820-9923,서울특별시 동작구청,2026-04-06
08-3188,서울특별시 동작구 동작대로13길 7,사당동 1090,37.48172491,126.9809038,2011-08-24,한전주,02-820-9923,서울특별시 동작구청,2026-04-06
08-3189,서울특별시 동작구 동작대로13길 6-15,사당동 1008-13,37.48234891,126.9811863,2011-08-24,전용주,02-820-9923,서울특별시 동작구청,2026-04-06
08-3190,서울특별시 동작구 동작대로13길6-7,사당동 1008-10,37.48200652,126.9811581,2018-11-08,전용주,02-820-9923,서울특별시 동작구청,2026-04-06
08-3191,서울특별시 동작구 동작대로13길6앞,사당동 1008-8,37.48180155,126.981243,2018-11-08,전용주,02-820-9923,서울특별시 동작구청,2026-04-06
08-3192ㄴ,서울특별시 동작구 사당로30길 81,사당동 1019-57,37.48128792,126.9808898,2011-08-24,전용주,02-820-9923,서울특별시 동작구청,2026-04-06
08-3193,서울특별시 동작구 사당로30길 79,사당동 1019-6,37.48131948,126.9810339,2019-10-15,한전주,02-820-9923,서울특별시 동작구청,2026-04-06
08-3194,서울특별시 동작구 동작대로9길 8-10,사당동 1019-57,37.48100415,126.9812008,2011-08-24,전용주,02-820-9923,서울특별시 동작구청,2026-04-06
08-3195,서울특별시 동작구 동작대로9길 8-5,사당동 1019-16,37.48082393,126.9810878,2011-08-24,전용주,02-820-9923,서울특별시 동작구청,2026-04-06
08-3196,서울특별시 동작구 사당로30길 96,사당동 1029-37,37.48057159,126.9807458,2011-08-24,한전주,02-820-9923,서울특별시 동작구청,2026-04-06
08-3197,서울특별시 동작구 동작대로9길 17,사당동 1098,37.4806031,126.9805847,2011-08-24,한전주,02-820-9923,서울특별시 동작구청,2026-04-06
08-3198,서울특별시 동작구 동작대로9가길 1,사당동 1098,37.48062783,126.9802964,2011-08-24,한전주,02-820-9923,서울특별시 동작구청,2026-04-06
08-3199,서울특별시 동작구 동작대로9길 21-3,사당동 1029-34,37.48042061,126.9803445,2011-08-24,벽부주,02-820-9923,서울특별시 동작구청,2026-04-06
08-3200ㄱ,서울특별시 동작구 동작대로9가길 5,사당동 1102,37.48024938,126.9801241,2011-08-24,한전주,02-820-9923,서울특별시 동작구청,2026-04-06
08-3201ㄱ,서울특별시 동작구 동작대로9가길 5-2,사당동 1029-7,37.48013,126.9801269,2020-04-02,벽부주,02-820-9923,서울특별시 동작구청,2026-04-06
08-3202,서울특별시 동작구 동작대로9가길 9,사당동 1029-49,37.47997909,126.9802089,2011-08-24,벽부주,02-820-9923,서울특별시 동작구청,2026-04-06
08-3203,서울특별시 동작구 동작대로9가길 7-5,사당동 1029-9,37.4800039,126.9803842,2011-08-24,벽부주,02-820-9923,서울특별시 동작구청,2026-04-06
08-3204,서울특별시 동작구 동작대로7길 20,사당동 1029-23,37.4797156,126.9805171,2011-08-24,한전주,02-820-9923,서울특별시 동작구청,2026-04-06
08-3205ㄴ,서울특별시 동작구 동작대로7길 16,사당동 1101,37.47989584,126.9807319,2011-08-24,한전주,02-820-9923,서울특별시 동작구청,2026-04-06
08-3206ㄴ,서울특별시 동작구 사당로30길 104,사당동 1029-42,37.48023822,126.9807403,2011-08-24,한전주,02-820-9923,서울특별시 동작구청,2026-04-06
08-3207ㄴ,서울특별시 동작구 사당로30길 88,사당동 1020-42,37.48088019,126.9807684,2011-08-24,한전주,02-820-9923,서울특별시 동작구청,2026-04-06
08-3208ㄴ,서울특별시 동작구 동작대로11길 15,사당동 1097,37.48117302,126.9807852,2011-08-24,한전주,02-820-9923,서울특별시 동작구청,2026-04-06
08-3209,서울특별시 동작구 동작대로11길16,사당동 1018-30,37.48125409,126.9806326,2018-11-08,한전주,02-820-9923,서울특별시 동작구청,2026-04-06
08-3210,서울특별시 동작구 동작대로11길 20-4,사당동 1018-41,37.48140049,126.9805534,2011-08-24,벽부주,02-820-9923,서울특별시 동작구청,2026-04-06
08-3211,서울특별시 동작구 동작대로11길 17,사당동 1097,37.48120226,126.9804715,2011-08-24,전용주,02-820-9923,서울특별시 동작구청,2026-04-06
08-3212,서울특별시 동작구 동작대로9길20-10옆,사당동 1020-48,37.48108062,126.9804517,2018-11-08,전용주,02-820-9923,서울특별시 동작구청,2026-04-06
08-3213,서울특별시 동작구 동작대로9길 20-10,사당동 1020-48,37.480977,126.9804433,2011-08-24,한전주,02-820-9923,서울특별시 동작구청,2026-04-06
08-3215,서울특별시 동작구 동작대로9길 28,사당동 1020-47,37.48071789,126.9800448,2011-08-24,통신주,02-820-9923,서울특별시 동작구청,2026-04-06
08-3216,서울특별시 동작구 동작대로11길 25,사당동 1020-47,37.48110759,126.9801012,2011-08-24,전용주,02-820-9923,서울특별시 동작구청,2026-04-06
08-3217,서울특별시 동작구 동작대로11길25옆,사당동 1020-21,37.48121121,126.9801351,2018-11-08,통신주,02-820-9923,서울특별시 동작구청,2026-04-06
08-3218,서울특별시 동작구 동작대로11길 26-3,사당동 1018-14,37.48140268,126.9801718,2015-02-12,벽부주,02-820-9923,서울특별시 동작구청,2026-04-06
08-3219,서울특별시 동작구 동작대로13길 17,사당동 1018-1,37.48129451,126.979892,2011-08-24,전용주,02-820-9923,서울특별시 동작구청,2026-04-06
08-3220ㄱ,서울특별시 동작구 동작대로9길 32,사당동 1098,37.48065252,126.9797424,2011-08-24,한전주,02-820-9923,서울특별시 동작구청,2026-04-06
08-3221ㄴ,서울특별시 동작구 사당로30길 123-1,사당동 1101,37.47950165,126.9807772,2011-08-24,한전주,02-820-9923,서울특별시 동작구청,2026-04-06
08-3222ㄴ,서울특별시 동작구 사당로30길 137,사당동 1101,37.47867047,126.9807463,2011-08-24,한전주,02-820-9923,서울특별시 동작구청,2026-04-06
08-3223,서울특별시 동작구 동작대로 19,사당동 1042-1,37.4783281,126.9808566,2018-12-07,통신주,02-820-9923,서울특별시 동작구청,2026-04-06
08-3224ㄴ,서울특별시 동작구 사당로30길 148,사당동 1101,37.47806228,126.9807352,2011-08-24,한전주,02-820-9923,서울특별시 동작구청,2026-04-06
08-3225ㄴ,서울특별시 동작구 사당로30길 157,사당동 1101,37.47783928,126.9807239,2011-08-24,한전주,02-820-9923,서울특별시 동작구청,2026-04-06
08-3226ㄴ,서울특별시 동작구 사당로30길 161,사당동 1042-4,37.47765232,126.9807268,2011-08-24,한전주,02-820-9923,서울특별시 동작구청,2026-04-06
08-3227ㄴ,서울특별시 동작구 동작대로1길 12,사당동 1042-7,37.477364,126.980724,2011-08-24,한전주,02-820-9923,서울특별시 동작구청,2026-04-06
08-3228ㄴ,서울특별시 동작구 동작대로1길 11,사당동 1107,37.47726939,126.9807071,2011-08-24,한전주,02-820-9923,서울특별시 동작구청,2026-04-06
08-3229,서울특별시 동작구 동작대로1길 18,사당동 1041-13,37.47736619,126.9803792,2011-08-24,한전주,02-820-9923,서울특별시 동작구청,2026-04-06
08-3230ㄴ,서울특별시 동작구 남부순환로271길 14,사당동 1104,37.47738416,126.9800598,2011-08-24,한전주,02-820-9923,서울특별시 동작구청,2026-04-06
08-3231,서울특별시 동작구 동작대로17길 40,사당동 1001-39,37.48295641,126.9773307,2011-08-24,한전주,02-820-9923,서울특별시 동작구청,2026-04-06
08-3232,서울특별시 동작구 동작대로13길 22,사당동 1094,37.48268628,126.9782353,2011-08-24,전용주,02-820-9923,서울특별시 동작구청,2026-04-06
08-3233,서울특별시 동작구 동작대로13길 22,사당동 1094,37.4825331,126.9782297,2011-08-24,전용주,02-820-9923,서울특별시 동작구청,2026-04-06
08-3234,서울특별시 동작구 사당로26길 51,사당동 1095,37.4815555,126.9781734,2011-08-24,전용주,02-820-9923,서울특별시 동작구청,2026-04-06
08-3235ㄱ,서울특별시 동작구 동작대로9다길 3,사당동 1098,37.48071295,126.9775829,2011-08-24,한전주,02-820-9923,서울특별시 동작구청,2026-04-06
08-3236ㄱ,서울특별시 동작구 동작대로9길 74,사당동 1022-48,37.48077371,126.9773087,2011-08-24,한전주,02-820-9923,서울특별시 동작구청,2026-04-06
08-3237ㄱ,서울특별시 동작구 동작대로11길 77,사당동 1022-3,37.4807714,126.9770148,2011-08-24,한전주,02-820-9923,서울특별시 동작구청,2026-04-06
08-3238,서울특별시 동작구 사당로22길 60,사당동 1022-46,37.48082319,126.9769215,2011-08-24,한전주,02-820-9923,서울특별시 동작구청,2026-04-06
08-3239,서울특별시 동작구 사당로22길 58-2,사당동 426-2,37.48086596,126.9767519,2011-08-24,전용주,02-820-9923,서울특별시 동작구청,2026-04-06
08-3240,서울특별시 동작구 사당로22길 58,사당동 1022-46,37.48098086,126.9768847,2011-08-24,전용주,02-820-9923,서울특별시 동작구청,2026-04-06
08-3241,서울특별시 동작구 사당로22길 49,사당동 1022-1,37.48117232,126.9768451,2011-08-24,한전주,02-820-9923,서울특별시 동작구청,2026-04-06
08-3242,서울특별시 동작구 사당로22길 52,사당동 1095,37.4811723,126.9767716,2011-08-24,한전주,02-820-9923,서울특별시 동작구청,2026-04-06
08-3243,서울특별시 동작구 동작대로11길 95,사당동 383-1,37.48135016,126.9763023,2011-08-24,한전주,02-820-9923,서울특별시 동작구청,2026-04-06
08-3244,서울특별시 동작구 동작대로11길 96-4,사당동 383-25,37.48153035,126.9762457,2011-08-24,전용주,02-820-9923,서울특별시 동작구청,2026-04-06
08-3245,서울특별시 동작구 동작대로11길 96-6,사당동 383-26,37.48166325,126.9762372,2011-08-24,전용주,02-820-9923,서울특별시 동작구청,2026-04-06
08-3246,서울특별시 동작구 동작대로11길 96-9,사당동 732-10,37.4818457,126.9762117,2011-08-24,전용주,02-820-9923,서울특별시 동작구청,2026-04-06
08-3247,서울특별시 동작구 동작대로11길 96-5,사당동 732-10,37.48166547,126.9760846,2011-08-24,전용주,02-820-9923,서울특별시 동작구청,2026-04-06
08-3248,서울특별시 동작구 동작대로11나길 3,사당동 429-10,37.48116539,126.9760141,2018-12-07,전용주,02-820-9923,서울특별시 동작구청,2026-04-06
08-3249,서울특별시 동작구 동작대로11나길  6-1,사당동 429-16,37.48093787,126.9759406,2011-08-24,한전주,02-820-9923,서울특별시 동작구청,2026-04-06
08-3250,서울특별시 동작구 동작대로11나길 8-1,사당동 429-31,37.48072839,126.9759322,2011-08-24,전용주,02-820-9923,서울특별시 동작구청,2026-04-06
08-3251,서울특별시 동작구 사당로22나길 20,사당동 429-29,37.48046935,126.9759408,2011-08-24,한전주,02-820-9923,서울특별시 동작구청,2026-04-06
08-3252,서울특별시 동작구 사당로22나길 18,사당동 425-3,37.48039504,126.9760539,2018-11-14,통신주,02-820-9923,서울특별시 동작구청,2026-04-06
08-3253,서울특별시 동작구 동작대로11가길 19,사당동 427-20,37.4804379,126.976362,2012-08-20,한전주,02-820-9923,서울특별시 동작구청,2026-04-06
08-3254,서울특별시 동작구 남부순환로265길 108,사당동 428-3,37.48027119,126.976232,2011-08-24,전용주,02-820-9923,서울특별시 동작구청,2026-04-06
08-3255,서울특별시 동작구 남부순환로265길 102,사당동 437-13,37.48005491,126.9760455,2011-08-24,한전주,02-820-9923,서울특별시 동작구청,2026-04-06
08-3256,서울특별시 동작구 남부순환로265길 95,사당동 437-12,37.47984087,126.9757997,2011-08-24,통신주,02-820-9923,서울특별시 동작구청,2026-04-06
08-3257,서울특별시 동작구 남부순환로265길 92,사당동 437-16,37.47976879,126.9757969,2011-08-24,한전주,02-820-9923,서울특별시 동작구청,2026-04-06
08-3258,서울특별시 동작구 남부순환로265길91,사당동 432-21,37.47962684,126.9756047,2020-03-18,통신주,02-820-9923,서울특별시 동작구청,2026-04-06
08-3259,서울특별시 동작구 남부순환로265길 84,사당동 437-21,37.47939931,126.9754804,2011-08-24,한전주,02-820-9923,서울특별시 동작구청,2026-04-06
08-3260,서울특별시 동작구 남부순환로265길 85,사당동 437-25,37.47930692,126.9753307,2011-08-24,전용주,02-820-9923,서울특별시 동작구청,2026-04-06
08-3261,서울특별시 동작구 남부순환로269길 82,사당동 437-31,37.47913795,126.9751837,2011-08-24,한전주,02-820-9923,서울특별시 동작구청,2026-04-06
08-3262,서울특별시 동작구 남부순환로269길 79,사당동 437-32,37.47908388,126.9751074,2011-08-24,한전주,02-820-9923,서울특별시 동작구청,2026-04-06
08-3263,서울특별시 동작구 남부순환로269길 79,사당동 438-1,37.47916044,126.9749944,2011-08-24,한전주,02-820-9923,서울특별시 동작구청,2026-04-06
08-3264,서울특별시 동작구 사당로20길 85,사당동 438-1,37.47944881,126.9752515,2011-08-24,전용주,02-820-9923,서울특별시 동작구청,2026-04-06
08-3265,서울특별시 동작구 사당로20길 78,사당동 432-19,37.47966283,126.975356,2011-08-24,한전주,02-820-9923,서울특별시 동작구청,2026-04-06
08-3266,서울특별시 동작구 사당로20길 72,사당동 432-17,37.47985432,126.9754944,2011-08-24,한전주,02-820-9923,서울특별시 동작구청,2026-04-06
08-3267,서울특별시 동작구 사당로20길 70,사당동 425-3,37.48010886,126.9755028,2011-08-24,한전주,02-820-9923,서울특별시 동작구청,2026-04-06
08-3268,서울특별시 동작구 사당로20아길 4,사당동 431-9,37.48013584,126.9752654,2011-08-24,한전주,02-820-9923,서울특별시 동작구청,2026-04-06
08-3269,서울특별시 동작구 사당로20아길 7-5,사당동 433-7,37.48000741,126.9751269,2011-08-24,전용주,02-820-9923,서울특별시 동작구청,2026-04-06
08-3270,서울특별시 동작구 사당로20아길 9,사당동 435-35,37.48007945,126.9748923,2011-08-24,한전주,02-820-9923,서울특별시 동작구청,2026-04-06
08-3271,서울특별시 동작구 사당로20라길27,사당동 439-8,37.47930898,126.9744121,2020-07-10,통신주,02-820-9923,서울특별시 동작구청,2026-04-06
08-3272,서울특별시 동작구 동작대로11길 26-6,사당동 1018-30,37.48174514,126.9806607,2011-08-24,전용주,02-820-9923,서울특별시 동작구청,2026-04-06
08-3273,서울특별시 동작구 동작대로13길 9,사당동 1096,37.48175411,126.9804035,2011-08-24,전용주,02-820-9923,서울특별시 동작구청,2026-04-06
08-3274,서울특별시 동작구 동작대로13길 9,사당동 1096,37.48175634,126.9802594,2011-08-24,한전주,02-820-9923,서울특별시 동작구청,2026-04-06
08-3275ㄴ,서울특별시 동작구 사당로30길 76,사당동 1018-34,37.48147712,126.9808106,2011-08-24,한전주,02-820-9923,서울특별시 동작구청,2026-04-06
08-3276,서울특별시 동작구 동작대로 53-1,사당동 1019-8,37.4813105,126.9812007,2011-08-24,벽부주,02-820-9923,서울특별시 동작구청,2026-04-06
08-3277,서울특별시 동작구 동작대로9길7,사당동 1030-3,37.48058292,126.9811302,2018-11-08,벽부주,02-820-9923,서울특별시 동작구청,2026-04-06
08-3278,서울특별시 동작구 동작대로11길 26,사당동 1018-13,37.48127653,126.9801436,2011-08-24,한전주,02-820-9923,서울특별시 동작구청,2026-04-06
08-3279,서울특별시 동작구 동작대로11길 33,사당동 1020-10,37.48113005,126.9797338,2011-08-24,벽부주,02-820-9923,서울특별시 동작구청,2026-04-06
08-3280,서울특별시 동작구 동작대로9길 32-9,사당동 1020-46,37.48100616,126.9797423,2011-08-24,전용주,02-820-9923,서울특별시 동작구청,2026-04-06
08-3281,서울특별시 동작구 동작대로11길 35,사당동 1097,37.48133274,126.9795104,2011-08-24,한전주,02-820-9923,서울특별시 동작구청,2026-04-06
08-3282,서울특별시 동작구 사당로28길 39,사당동 1097,37.48102865,126.9794936,2011-08-24,한전주,02-820-9923,서울특별시 동작구청,2026-04-06
08-3283,서울특별시 동작구 동작대로9길40,사당동 1021-45,37.48071778,126.9793862,2018-11-08,한전주,02-820-9923,서울특별시 동작구청,2026-04-06
08-3284ㄱ,서울특별시 동작구 동작대로9길 35,사당동 1028-1,37.48064346,126.9794739,2018-11-08,한전주,02-820-9923,서울특별시 동작구청,2026-04-06
08-3285ㄱ,서울특별시 동작구 동작대로9가길1옆,사당동 1029-1,37.48060978,126.9800929,2018-11-08,한전주,02-820-9923,서울특별시 동작구청,2026-04-06
08-3286ㄱ,서울특별시 동작구 동작대로9가길1-1앞,사당동 1029-2,37.48044534,126.9800816,2018-11-08,전용주,02-820-9923,서울특별시 동작구청,2026-04-06
08-3287ㄱ,서울특별시 동작구 동작대로9가길 8,사당동 1028-10,37.47998808,126.9800478,2018-11-08,전용주,02-820-9923,서울특별시 동작구청,2026-04-06
08-3288ㄱ,서울특별시 동작구 동작대로9가길 9-1,사당동 1102,37.47985969,126.9801016,2011-08-24,한전주,02-820-9923,서울특별시 동작구청,2026-04-06
08-3289,서울특별시 동작구 동작대로7길 22-7,사당동 1029-17,37.47974709,126.9802571,2011-08-24,통신주,02-820-9923,서울특별시 동작구청,2026-04-06
08-3290,서울특별시 동작구 사당로30길 104,사당동 1029-36,37.48033733,126.9807459,2018-11-08,벽부주,02-820-9923,서울특별시 동작구청,2026-04-06
08-3291ㄴ,서울특별시 동작구 사당로30길 124,사당동 1032-5,37.47932819,126.9806896,2011-08-24,전용주,02-820-9923,서울특별시 동작구청,2026-04-06
08-3292,서울특별시 동작구 사당로30길 123-6,사당동 1031-7,37.47931923,126.9809836,2011-08-24,벽부주,02-820-9923,서울특별시 동작구청,2026-04-06
08-3293ㄴ,서울특별시 동작구 사당로30길 131,사당동 1101,37.47903988,126.9807632,2011-08-24,한전주,02-820-9923,서울특별시 동작구청,2026-04-06
08-3294,서울특별시 동작구 동작대로5길9,사당동 1031-41,37.47903766,126.9809554,2011-08-24,한전주,02-820-9923,서울특별시 동작구청,2026-04-06
08-3295,서울특별시 동작구 동작대로 27,사당동 1031-41,37.47902417,126.9811334,2011-08-24,전용주,02-820-9923,서울특별시 동작구청,2026-04-06
08-3296,서울특별시 동작구 동작대로 27,사당동 1031-29,37.47883946,126.9811165,2011-08-24,전용주,02-820-9923,서울특별시 동작구청,2026-04-06
08-3297,서울특별시 동작구 동작대로 25-1,사당동 1031-41,37.47864574,126.9810657,2011-08-24,전용주,02-820-9923,서울특별시 동작구청,2026-04-06
08-3298,서울특별시 동작구 동작대로5길 20,사당동 1032-15,37.47900153,126.9803901,2011-08-24,벽부주,02-820-9923,서울특별시 동작구청,2026-04-06
08-3299ㄴ,서울특별시 동작구 사당로30길 154,사당동 1101,37.47830556,126.9807436,2011-08-24,한전주,02-820-9923,서울특별시 동작구청,2026-04-06
08-3301,서울특별시 동작구 사당로30길 158,사당동 1041-21,37.47777392,126.9805091,2011-08-24,벽부주,02-820-9923,서울특별시 동작구청,2026-04-06
08-3302,서울특별시 동작구 사당로30길 164-5,사당동 1041-19,37.47765903,126.9804498,2011-08-24,전용주,02-820-9923,서울특별시 동작구청,2026-04-06
08-3303,서울특별시 동작구 동작대로1길 8,사당동 1042-20,37.47737078,126.9808823,2011-08-24,벽부주,02-820-9923,서울특별시 동작구청,2026-04-06
08-3304,서울특별시 동작구 동작대로1길 27,사당동 1107,37.47728954,126.9799553,2011-08-24,한전주,02-820-9923,서울특별시 동작구청,2026-04-06
08-3305,서울특별시 동작구 남부순환로271길 7,사당동 1044-38,37.47714084,126.9797688,2018-12-07,전용주,02-820-9923,서울특별시 동작구청,2026-04-06
08-3306,서울특별시 동작구 남부순환로271길 8,사당동 1107,37.47701024,126.9800345,2011-08-24,한전주,02-820-9923,서울특별시 동작구청,2026-04-06
08-3307,서울특별시 동작구 동작대로1길 32-5,사당동 1039-52,37.47756204,126.9796613,2011-08-24,벽부주,02-820-9923,서울특별시 동작구청,2026-04-06
08-3308,서울특별시 동작구 동작대로1길 33,사당동 1106,37.47731648,126.979438,2011-08-24,한전주,02-820-9923,서울특별시 동작구청,2026-04-06
08-3309,서울특별시 동작구 남부순환로 2075,사당동 1044-31,37.47709122,126.979424,2011-08-24,통신주,02-820-9923,서울특별시 동작구청,2026-04-06
08-3310,서울특별시 동작구 동작대로1길 36-4,사당동 1039-47,37.47746063,126.9793984,2018-12-07,벽부주,02-820-9923,서울특별시 동작구청,2026-04-06
08-3311,서울특별시 동작구 동작대로1길 36-4,사당동 1039-47,37.47754172,126.9794069,2018-12-07,벽부주,02-820-9923,서울특별시 동작구청,2026-04-06
08-3312,서울특별시 동작구 동작대로1길 36-6,사당동 1039-46,37.47762733,126.9794436,2011-08-24,벽부주,02-820-9923,서울특별시 동작구청,2026-04-06
08-3313,서울특별시 동작구 남부순환로271가길 7,사당동 1039-45,37.47771293,126.9795086,2018-12-07,벽부주,02-820-9923,서울특별시 동작구청,2026-04-06
08-3314,서울특별시 동작구 동작대로1길 39,사당동 1044-18,37.47721732,126.979178,2011-08-24,벽부주,02-820-9923,서울특별시 동작구청,2026-04-06
08-3315,서울특별시 동작구 동작대로1길 39,사당동 1106,37.47731866,126.9790226,2011-08-24,한전주,02-820-9923,서울특별시 동작구청,2026-04-06
08-3316,서울특별시 동작구 동작대로1길 49,사당동 1044-1,37.47720597,126.9786976,2011-08-24,전용주,02-820-9923,서울특별시 동작구청,2026-04-06
08-3317,서울특별시 동작구 동작대로1길 49,사당동 1106,37.47732082,126.9785364,2011-08-24,한전주,02-820-9923,서울특별시 동작구청,2026-04-06
08-3318,서울특별시 동작구 남부순환로269길 5,사당동 1045-15,37.47704822,126.9782991,2017-06-26,전용주,02-820-9923,서울특별시 동작구청,2026-04-06
08-3319,서울특별시 동작구 남부순환로269길 12,사당동 1039-14,37.47737486,126.9783923,2011-08-24,한전주,02-820-9923,서울특별시 동작구청,2026-04-06
08-3320,서울특별시 동작구 남부순환로269길 9,사당동 1106,37.47738159,126.9782594,2011-08-24,벽부주,02-820-9923,서울특별시 동작구청,2026-04-06
08-3321ㄴ,서울특별시 동작구 남부순환로269가길 10,사당동 1039-31,37.47755286,126.9786607,2011-08-24,한전주,02-820-9923,서울특별시 동작구청,2026-04-06
08-3323ㄴ,서울특별시 동작구 동작대로1길 42-9,사당동 1039-31,37.47772413,126.9791129,2011-08-24,한전주,02-820-9923,서울특별시 동작구청,2026-04-06
08-3324ㄴ,서울특별시 동작구 동작대로1길 42-6,사당동 1039-33,37.4777174,126.979257,2011-08-24,전용주,02-820-9923,서울특별시 동작구청,2026-04-06
08-3325ㄱ,서울특별시 동작구 동작대로7길 87,사당동 1106,37.47755049,126.978053,2011-08-24,한전주,02-820-9923,서울특별시 동작구청,2026-04-06
08-3326,서울특별시 동작구 동작대로7길 94,사당동 1046-36,37.47727112,126.9777309,2011-08-24,한전주,02-820-9923,서울특별시 동작구청,2026-04-06
08-3327,서울특별시 동작구 동작대로7길 96-4,사당동 1046-31,37.47738597,126.9775726,2011-08-24,벽부주,02-820-9923,서울특별시 동작구청,2026-04-06
08-3328,서울특별시 동작구 동작대로7길97(우),사당동 1106,37.47711343,126.9776914,2019-11-06,한전주,02-820-9923,서울특별시 동작구청,2026-04-06
08-3329ㄱ,서울특별시 동작구 남부순환로269길 22,사당동 1037-17,37.47767662,126.9779795,2011-08-24,한전주,02-820-9923,서울특별시 동작구청,2026-04-06
08-3330ㄱ,서울특별시 동작구 사당로26길 130-6,사당동 1037-9,37.47787031,126.9778297,2011-08-24,전용주,02-820-9923,서울특별시 동작구청,2026-04-06
08-3331ㄱ,서울특별시 동작구 사당로26길 130-3,사당동 1037-9,37.47800097,126.9779314,2011-08-24,전용주,02-820-9923,서울특별시 동작구청,2026-04-06
08-3332ㄱ,서울특별시 동작구 사당로26길 130-3,사당동 1105,37.47806407,126.9780755,2011-08-24,한전주,02-820-9923,서울특별시 동작구청,2026-04-06
08-3333,서울특별시 동작구 남부순환로269길 27-3,사당동 1046-27,37.47762473,126.9775273,2011-08-24,벽부주,02-820-9923,서울특별시 동작구청,2026-04-06
08-3334,서울특별시 동작구 남부순환로269길 27-9,사당동 1046-18,37.47741746,126.9773324,2011-08-24,벽부주,02-820-9923,서울특별시 동작구청,2026-04-06
08-3335ㄱ,서울특별시 동작구 사당로26길 130-6,사당동 1037-9,37.47786801,126.9775979,2011-08-24,한전주,02-820-9923,서울특별시 동작구청,2026-04-06
08-3336ㄱ,서울특별시 동작구 사당로26길 130-6,사당동 1037-9,37.47798284,126.9773576,2011-08-24,한전주,02-820-9923,서울특별시 동작구청,2026-04-06
08-3337ㄱ,서울특별시 동작구 남부순환로267가길7,사당동 419-152,37.47754352,126.9769423,2011-08-24,한전주,02-820-9923,서울특별시 동작구청,2026-04-06
08-3338ㄱ,서울특별시 동작구 남부순환로267가길13,사당동 419-150,37.47778909,126.9771372,2011-08-24,한전주,02-820-9923,서울특별시 동작구청,2026-04-06
08-3339ㄱ,서울특별시 동작구 남부순환로267길6-1,사당동 419-158,37.47733176,126.9768095,2011-08-24,한전주,02-820-9923,서울특별시 동작구청,2026-04-06
08-3340,서울특별시 동작구 남부순환로267길 2,사당동 1046-5,37.47705697,126.9769283,2011-08-24,전용주,02-820-9923,서울특별시 동작구청,2026-04-06
08-3341,서울특별시 동작구 남부순환로 2057-4,사당동 1046-14,37.47704126,126.9771827,2011-08-24,전용주,02-820-9923,서울특별시 동작구청,2026-04-06
08-3342,서울특별시 동작구 남부순환로267길 5,사당동 1047-47,37.47707721,126.9767333,2013-03-22,전용주,02-820-9923,서울특별시 동작구청,2026-04-06
08-3343ㄱ,서울특별시 동작구 남부순환로267길9,사당동 419-158,37.47745333,126.976459,2011-08-24,한전주,02-820-9923,서울특별시 동작구청,2026-04-06
08-3344,서울특별시 동작구 남부순환로267길 9,사당동 419-138,37.47730689,126.9763545,2011-08-24,한전주,02-820-9923,서울특별시 동작구청,2026-04-06
08-3345,서울특별시 동작구 남부순환로267길 9-8,사당동 419-158,37.47721001,126.9762443,2011-08-24,전용주,02-820-9923,서울특별시 동작구청,2026-04-06
08-3346ㄱ,서울특별시 동작구 남부순환로267나길 1,사당동 419-134,37.47763354,126.9765409,2011-08-24,전용주,02-820-9923,서울특별시 동작구청,2026-04-06
08-3347ㄱ,서울특별시 동작구 남부순환로267나길6,사당동 419-158,37.47780027,126.97675,2011-08-24,벽부주,02-820-9923,서울특별시 동작구청,2026-04-06
08-3348ㄱ,서울특별시 동작구 남부순환로267나길 5,사당동 419-131,37.47793317,126.9767697,2011-08-24,통신주,02-820-9923,서울특별시 동작구청,2026-04-06
08-3349ㄱ,서울특별시 동작구 남부순환로267나길 8,사당동 419-158,37.47798952,126.9769139,2011-08-24,전용주,02-820-9923,서울특별시 동작구청,2026-04-06
08-3350ㄱ,서울특별시 동작구 남부순환로265가길17,사당동 419-158,37.47814046,126.9770551,2011-08-24,한전주,02-820-9923,서울특별시 동작구청,2026-04-06
08-3351ㄱ,서울특별시 동작구 남부순환로267나길11,사당동 419-128,37.47824183,126.9770692,2011-08-24,전용주,02-820-9923,서울특별시 동작구청,2026-04-06
08-3352ㄱ,서울특별시 동작구 남부순환로267나길13,사당동 419-127,37.47837475,126.9771794,2011-08-24,전용주,02-820-9923,서울특별시 동작구청,2026-04-06
08-3353ㄱ,서울특별시 동작구 남부순환로267가길31,사당동 419-126,37.47846937,126.9772586,2011-08-24,전용주,02-820-9923,서울특별시 동작구청,2026-04-06
08-3354,서울특별시 동작구 남부순환로267가길40,사당동 419-194,37.47894466,126.9772725,2011-08-24,한전주,02-820-9923,서울특별시 동작구청,2026-04-06
08-3355ㄱ,서울특별시 동작구 남부순환로265가길 23,사당동 419-98,37.47863374,126.976925,2011-08-24,통신주,02-820-9923,서울특별시 동작구청,2026-04-06
08-3356ㄱ,서울특별시 동작구 남부순환로265가길 24,사당동 419-158,37.47850083,126.9768826,2011-08-24,한전주,02-820-9923,서울특별시 동작구청,2026-04-06
08-3357ㄱ,서울특별시 동작구 남부순환로265가길 25,사당동 419-97,37.47873512,126.9770154,2011-08-24,한전주,02-820-9923,서울특별시 동작구청,2026-04-06
08-3358ㄱ,서울특별시 동작구 남부순환로269길 48,사당동 419-121,37.47830709,126.9767583,2011-08-24,한전주,02-820-9923,서울특별시 동작구청,2026-04-06
08-3359ㄱ,서울특별시 동작구 남부순환로269길 51,사당동 419-158,37.47828454,126.9766311,,통신주,02-820-9923,서울특별시 동작구청,2026-04-06
08-3360ㄱ,서울특별시 동작구 남부순환로267나길 12,사당동 419-102,37.47815838,126.9765436,2011-08-24,한전주,02-820-9923,서울특별시 동작구청,2026-04-06
08-3361,서울특별시 동작구 남부순환로265길 17,사당동 1048-30,37.47708359,126.9749046,2011-08-24,전용주,02-820-9923,서울특별시 동작구청,2026-04-06
08-3362,서울특별시 동작구 남부순환로265길 14,사당동 1047-15,37.47709715,126.9750855,2011-08-24,한전주,02-820-9923,서울특별시 동작구청,2026-04-06
08-3363,서울특별시 동작구 남부순환로263길 10,사당동 1047-55,37.47716475,126.9752409,2011-08-24,한전주,02-820-9923,서울특별시 동작구청,2026-04-06
08-3364,서울특별시 동작구 남부순환로263길 9-1,사당동 1047-17,37.47731568,126.9752974,2018-12-07,전용주,02-820-9923,서울특별시 동작구청,2026-04-06
08-3365,서울특별시 동작구 남부순환로263길 14,사당동 419-158,37.47743511,126.9754726,2011-08-24,한전주,02-820-9923,서울특별시 동작구청,2026-04-06
08-3366,서울특별시 동작구 남부순환로263길 18,사당동 419-158,37.47767166,126.9756788,2011-08-24,전용주,02-820-9923,서울특별시 동작구청,2026-04-06
08-3367ㄱ,서울특별시 동작구 남부순환로263길 18,사당동 419-158,37.47778431,126.975789,2011-08-24,한전주,02-820-9923,서울특별시 동작구청,2026-04-06
08-3368ㄱ,서울특별시 동작구 남부순환로263길 22-1,사당동 419-158,37.47813126,126.9760687,2020-05-29,한전주,02-820-9923,서울특별시 동작구청,2026-04-06
08-3369ㄱ,서울특별시 동작구 남부순환로269길57,사당동 419-69,37.47836104,126.9761958,2011-08-24,전용주,02-820-9923,서울특별시 동작구청,2026-04-06
08-3370ㄱ,서울특별시 동작구 남부순환로269길 54,사당동 419-158,37.47851425,126.9763908,2011-08-24,한전주,02-820-9923,서울특별시 동작구청,2026-04-06
08-3371ㄱ,서울특별시 동작구 남부순환로269길56,사당동 419-68,37.47862237,126.9764049,2011-08-24,전용주,02-820-9923,서울특별시 동작구청,2026-04-06
08-3372ㄱ,서울특별시 동작구 남부순환로263길29,사당동 419-66,37.47880035,126.9765575,2011-08-24,통신주,02-820-9923,서울특별시 동작구청,2026-04-06
08-3373ㄱ,서울특별시 동작구 남부순환로263길 32,사당동 419-90,37.4788612,126.9766931,2011-08-24,한전주,02-820-9923,서울특별시 동작구청,2026-04-06
08-3374ㄱ,서울특별시 동작구 남부순환로263길 33,사당동 419-64,37.47900987,126.9767185,,전용주,02-820-9923,서울특별시 동작구청,2026-04-06
08-3375ㄱ,서울특별시 동작구 남부순환로267가길 48,사당동 419-93,37.4790595,126.9770944,2011-08-24,전용주,02-820-9923,서울특별시 동작구청,2026-04-06
08-3376ㄱ,서울특별시 동작구 남부순환로267가길50,사당동 419-180,37.47917659,126.9768966,2011-08-24,한전주,02-820-9923,서울특별시 동작구청,2026-04-06
08-3377ㄱ,서울특별시 동작구 남부순환로267가길53,사당동 419-158,37.47920358,126.9766959,,전용주,02-820-9923,서울특별시 동작구청,2026-04-06
08-3378,서울특별시 동작구 남부순환로267가길54,사당동 419-178,37.4793252,126.9765856,2011-08-24,한전주,02-820-9923,서울특별시 동작구청,2026-04-06
08-3379ㄱ,서울특별시 동작구 남부순환로265나길24-1,사당동 419-158,37.47902105,126.9763172,2011-08-24,한전주,02-820-9923,서울특별시 동작구청,2026-04-06
08-3380ㄱ,서울특별시 동작구 남부순환로265나길21,사당동 419-37,37.47884081,126.9760939,,통신주,02-820-9923,서울특별시 동작구청,2026-04-06
08-3381ㄱ,서울특별시 동작구 남부순환로269길 60,사당동 419-158,37.47869889,126.9760488,2011-08-24,한전주,02-820-9923,서울특별시 동작구청,2026-04-06
08-3382ㄱ,서울특별시 동작구 남부순환로269길 70,사당동 419-25,37.47881372,126.9758113,2018-05-08,전용주,02-820-9923,서울특별시 동작구청,2026-04-06
08-3383ㄱ,서울특별시 동작구 남부순환로265나길17,사당동 419-39,37.47857046,126.9758594,2011-08-24,전용주,02-820-9923,서울특별시 동작구청,2026-04-06
08-3384ㄱ,서울특별시 동작구 남부순환로265나길17,사당동 419-40,37.47848259,126.975786,2011-08-24,통신주,02-820-9923,서울특별시 동작구청,2026-04-06
08-3385ㄱ,서울특별시 동작구 남부순환로265나길16,사당동 419-53,37.47832491,126.9757521,2011-08-24,한전주,02-820-9923,서울특별시 동작구청,2026-04-06
08-3386ㄱ,서울특별시 동작구 남부순환로265나길13,사당동 419-42,37.47820323,126.9755345,2011-08-24,전용주,02-820-9923,서울특별시 동작구청,2026-04-06
08-3387ㄱ,서울특별시 동작구 남부순환로267길 19,사당동 419-158,37.47798246,126.9754554,2011-08-24,한전주,02-820-9923,서울특별시 동작구청,2026-04-06
08-3388ㄱ,서울특별시 동작구 남부순환로257가길24,사당동 419-158,37.4781063,126.9752039,2011-08-24,벽부주,02-820-9923,서울특별시 동작구청,2026-04-06
08-3389,서울특별시 동작구 남부순환로265나길 9,사당동 419-45,37.47785629,126.9752831,2011-08-24,전용주,02-820-9923,서울특별시 동작구청,2026-04-06
08-3390,서울특별시 동작구 남부순환로265나길 9,사당동 419-45,37.47778194,126.9752153,2020-05-27,통신주,02-820-9923,서울특별시 동작구청,2026-04-06
08-3391,서울특별시 동작구 남부순환로265나길 8,사당동 419-158,37.47761073,126.9751362,2011-08-24,한전주,02-820-9923,서울특별시 동작구청,2026-04-06
08-3392,서울특별시 동작구 남부순환로265나길5,사당동 419-188,37.47755664,126.9750034,2018-12-07,전용주,02-820-9923,서울특별시 동작구청,2026-04-06
08-3393,서울특별시 동작구 남부순환로265길 20,사당동 1047-56,37.47723674,126.9748028,2011-08-24,한전주,02-820-9923,서울특별시 동작구청,2026-04-06
08-3394,서울특별시 동작구 남부순환로265길 19-2,사당동 1048-20,37.47707677,126.9746022,2011-08-24,전용주,02-820-9923,서울특별시 동작구청,2026-04-06
08-3395,서울특별시 동작구 남부순환로265길 19-3,사당동 1048-28,37.4769281,126.9746022,2011-08-24,한전주,02-820-9923,서울특별시 동작구청,2026-04-06
08-3396,서울특별시 동작구 남부순환로265길 21,사당동 1048-19,37.47730202,126.9746049,2011-08-24,전용주,02-820-9923,서울특별시 동작구청,2026-04-06
08-3397,서울특별시 동작구 남부순환로265길 26,사당동 1047-6,37.47751148,126.9744861,2011-08-24,통신주,02-820-9923,서울특별시 동작구청,2026-04-06
08-3398,서울특별시 동작구 남부순환로265길 29,사당동 1048-16,37.47753173,126.9743505,2020-11-30,전용주,02-820-9923,서울특별시 동작구청,2026-04-06
08-3399,서울특별시 동작구 남부순환로265길 29,사당동 1047-5,37.47765336,126.9743278,2011-08-24,한전주,02-820-9923,서울특별시 동작구청,2026-04-06
08-3400,서울특별시 동작구 남부순환로265길 32,사당동 1047-57,37.47774795,126.9742515,2011-08-24,한전주,02-820-9923,서울특별시 동작구청,2026-04-06
08-3401,서울특별시 동작구 남부순환로257가길 13,사당동 446-21,37.47772089,126.9741271,2011-08-24,전용주,02-820-9923,서울특별시 동작구청,2026-04-06
08-3402,서울특별시 동작구 남부순환로261길 20,사당동 1109,37.47751586,126.9738898,2020-08-11,한전주,02-820-9923,서울특별시 동작구청,2026-04-06
08-3403,서울특별시 동작구 남부순환로257가길 10,사당동 1048-8,37.47747976,126.9736269,2011-08-24,벽부주,02-820-9923,서울특별시 동작구청,2026-04-06
08-3404,서울특별시 동작구 남부순환로257가길 10,사당동 1048-12,37.47738065,126.9736581,2011-08-24,전용주,02-820-9923,서울특별시 동작구청,2026-04-06
08-3405,서울특별시 동작구 남부순환로257가길 9-6,사당동 446-17,37.47777481,126.973494,2011-08-24,전용주,02-820-9923,서울특별시 동작구청,2026-04-06
08-3406,서울특별시 동작구 남부순환로257가길 7,사당동 446-15,37.47754281,126.9735647,2011-08-24,한전주,02-820-9923,서울특별시 동작구청,2026-04-06
08-3407,서울특별시 동작구 남부순환로257가길 7,사당동 446-15,37.47753603,126.9734291,2011-08-24,전용주,02-820-9923,서울특별시 동작구청,2026-04-06
08-3408,서울특별시 동작구 남부순환로257가길 5,사당동 446-14,37.47752471,126.9731973,2011-08-24,한전주,02-820-9923,서울특별시 동작구청,2026-04-06
08-3409,서울특별시 동작구 남부순환로257가길 5-4,사당동 446-12,37.47763056,126.9731125,2011-08-24,통신주,02-820-9923,서울특별시 동작구청,2026-04-06
08-3410,서울특별시 동작구 남부순환로257가길 5-9,사당동 446-8,37.47786477,126.9728637,2011-08-24,한전주,02-820-9923,서울특별시 동작구청,2026-04-06
08-3411,서울특별시 동작구 남부순환로255나길 22,사당동 449-52,37.47732188,126.9727282,2011-08-24,한전주,02-820-9923,서울특별시 동작구청,2026-04-06
08-3412,서울특별시 동작구 남부순환로261길42,사당동 1048-44,37.47719575,126.9727848,2011-08-24,한전주,02-820-9923,서울특별시 동작구청,2026-04-06
08-3413,서울특별시 동작구 남부순환로261길 35,사당동 1110,37.47702914,126.9731042,2011-08-24,한전주,02-820-9923,서울특별시 동작구청,2026-04-06
08-3414,서울특별시 동작구 남부순환로261길 33,사당동 1110,37.47705171,126.9733105,2011-08-24,한전주,02-820-9923,서울특별시 동작구청,2026-04-06
08-3415,서울특별시 동작구 남부순환로261길 27,사당동 1110,37.47712612,126.9736468,2011-08-24,한전주,02-820-9923,서울특별시 동작구청,2026-04-06
08-3416,서울특별시 동작구 남부순환로261길 18-1,사당동 1048-15,37.47726359,126.9739775,2011-08-24,한전주,02-820-9923,서울특별시 동작구청,2026-04-06
08-3417,서울특별시 동작구 남부순환로261길 12,사당동 1110,37.4769528,126.9742291,2011-08-24,한전주,02-820-9923,서울특별시 동작구청,2026-04-06
08-3418,서울특별시 동작구 남부순환로261길 3,사당동 1049-17,37.476687,126.9742377,2011-08-24,전용주,02-820-9923,서울특별시 동작구청,2026-04-06
08-3419,서울특별시 동작구 남부순환로261길 3,사당동 1049-17,37.47659916,126.9742688,2013-10-07,벽부주,02-820-9923,서울특별시 동작구청,2026-04-06
08-3420,서울특별시 동작구 남부순환로259가길 27,사당동 1050-15,37.4768694,126.9739663,2011-08-24,한전주,02-820-9923,서울특별시 동작구청,2026-04-06
08-3421,서울특별시 동작구 남부순환로259가길 24,사당동 1110,37.47675223,126.9738081,2011-08-24,전용주,02-820-9923,서울특별시 동작구청,2026-04-06
08-3422,서울특별시 동작구 남부순환로259가길 20,사당동 1110,37.47662601,126.973452,2011-08-24,한전주,02-820-9923,서울특별시 동작구청,2026-04-06
08-3423,서울특별시 동작구 남부순환로259가길 13,사당동 1110,37.47655163,126.9732287,2011-08-24,전용주,02-820-9923,서울특별시 동작구청,2026-04-06
08-3424,서울특별시 동작구 남부순환로259가길 10,사당동 1110,37.4764885,126.9729659,2011-08-24,한전주,02-820-9923,서울특별시 동작구청,2026-04-06
08-3425,서울특별시 동작구 남부순환로259길 10,사당동 1050-2,37.47648389,126.9725109,2011-08-24,한전주,02-820-9923,서울특별시 동작구청,2026-04-06
08-3426,서울특별시 동작구 남부순환로259길 10,사당동 1050-3,37.47659654,126.9726295,2011-08-24,전용주,02-820-9923,서울특별시 동작구청,2026-04-06
08-3427,서울특별시 동작구 남부순환로259길 10,사당동 1050-1,37.47661674,126.9723102,2011-08-24,한전주,02-820-9923,서울특별시 동작구청,2026-04-06
08-3428,서울특별시 동작구 남부순환로257길 14,사당동 1050-27,37.47677221,126.9724995,2011-08-24,한전주,02-820-9923,서울특별시 동작구청,2026-04-06
08-3429,서울특별시 동작구 남부순환로257길 13,사당동 449-57,37.47684878,126.972457,2011-08-24,벽부주,02-820-9923,서울특별시 동작구청,2026-04-06
08-3430,서울특별시 동작구 남부순환로257길 17,사당동 449-53,37.47701102,126.972669,2011-08-24,전용주,02-820-9923,서울특별시 동작구청,2026-04-06
08-3431,서울특별시 동작구 남부순환로259길 19,사당동 1051-38,37.4766077,126.9721801,2020-05-26,한전주,02-820-9923,서울특별시 동작구청,2026-04-06
08-3432,서울특별시 동작구 남부순환로257길 7,사당동 1051-31,37.47649053,126.9720134,2011-08-24,전용주,02-820-9923,서울특별시 동작구청,2026-04-06
08-3433,서울특별시 동작구 남부순환로257길 5-2,사당동 1051-30,37.4763959,126.9719004,2011-08-24,한전주,02-820-9923,서울특별시 동작구청,2026-04-06
08-3434,서울특별시 동작구 남부순환로257길 5,사당동 1051-16,37.47626071,126.9717478,2011-08-24,전용주,02-820-9923,서울특별시 동작구청,2026-04-06
08-3435,서울특별시 동작구 남부순환로257길 1,사당동 1051-9,37.47602871,126.9717932,2011-08-24,벽부주,02-820-9923,서울특별시 동작구청,2026-04-06
08-3436,서울특별시 동작구 남부순환로 2003,사당동 1052-4,37.47586867,126.9713184,2011-08-24,벽부주,02-820-9923,서울특별시 동작구청,2026-04-06
08-3437,서울특별시 동작구 남부순환로255길 3,사당동 1052-2,37.47603534,126.9712505,2011-08-24,한전주,02-820-9923,서울특별시 동작구청,2026-04-06
08-3438,서울특별시 동작구 남부순환로255길 7,사당동 1111,37.47629435,126.971126,2011-08-24,한전주,02-820-9923,서울특별시 동작구청,2026-04-06
08-3439,서울특별시 동작구 남부순환로255길 10,사당동 451-22,37.47650382,126.9710666,2011-08-24,전용주,02-820-9923,서울특별시 동작구청,2026-04-06
08-3440,서울특별시 동작구 남부순환로255가길 6,사당동 449-2,37.47653996,126.9714962,2011-08-24,한전주,02-820-9923,서울특별시 동작구청,2026-04-06
08-3441,서울특별시 동작구 남부순환로255가길 8,사당동 449-2,37.47680584,126.9718381,2011-08-24,전용주,02-820-9923,서울특별시 동작구청,2026-04-06
08-3442,서울특별시 동작구 남부순환로259길 24,사당동 449-2,37.47689823,126.9719737,2011-08-24,한전주,02-820-9923,서울특별시 동작구청,2026-04-06
08-3443,서울특별시 동작구 남부순환로255가길 14,사당동 449-2,37.47702215,126.9721206,2011-08-24,벽부주,02-820-9923,서울특별시 동작구청,2026-04-06
08-3444,서울특별시 동작구 남부순환로255가길 16,사당동 449-82,37.47721818,126.9723862,2011-08-24,한전주,02-820-9923,서울특별시 동작구청,2026-04-06
08-3445,서울특별시 동작구 남부순환로255가길 17,사당동 449-12,37.4773511,126.9724766,2011-08-24,벽부주,02-820-9923,서울특별시 동작구청,2026-04-06
08-3446,서울특별시 동작구 남부순환로255가길 17,사당동 449-11,37.47742097,126.9726434,2011-08-24,한전주,02-820-9923,서울특별시 동작구청,2026-04-06
08-3447,서울특별시 동작구 남부순환로255나길 18,사당동 449-10,37.47754255,126.9724172,2011-08-24,전용주,02-820-9923,서울특별시 동작구청,2026-04-06
08-3448,서울특별시 동작구 남부순환로255가길 17,사당동 449-12,37.477493,126.9724455,2011-08-24,벽부주,02-820-9923,서울특별시 동작구청,2026-04-06
08-3449,서울특별시 동작구 남부순환로255나길 17,사당동 449-1,37.47767991,126.9722165,2011-08-24,한전주,02-820-9923,서울특별시 동작구청,2026-04-06
08-3450,서울특별시 동작구 남부순환로255나길 18,사당동 449-10,37.47756277,126.9721628,2018-12-07,한전주,02-820-9923,서울특별시 동작구청,2026-04-06
08-3451,서울특별시 동작구 남부순환로255나길 14,사당동 449-32,37.47746137,126.9720413,2011-08-24,벽부주,02-820-9923,서울특별시 동작구청,2026-04-06
08-3452,서울특별시 동작구 남부순환로255나길 12,사당동 449-2,37.47734871,126.9718746,2011-08-24,한전주,02-820-9923,서울특별시 동작구청,2026-04-06
08-3453,서울특별시 동작구 남부순환로259길 30,사당동 449-2,37.47716845,126.9716542,2011-08-24,한전주,02-820-9923,서울특별시 동작구청,2026-04-06
08-3454,서울특별시 동작구 남부순환로255나길 6,사당동 449-2,37.4769251,126.971318,2011-08-24,통신주,02-820-9923,서울특별시 동작구청,2026-04-06
08-3455,서울특별시 동작구 남부순환로255길 11,사당동 449-2,37.47667722,126.9708856,2011-08-24,한전주,02-820-9923,서울특별시 동작구청,2026-04-06
08-3456,서울특별시 동작구 남부순환로255길 14,사당동 303-29,37.47685514,126.9707923,2018-12-07,전용주,02-820-9923,서울특별시 동작구청,2026-04-06
08-3457,서울특별시 동작구 남부순환로255길 15,사당동 303-111,37.47686187,126.9706708,2011-08-24,전용주,02-820-9923,서울특별시 동작구청,2026-04-06
08-3458,서울특별시 동작구 남부순환로255길 15,사당동 303-61,37.476774,126.9705719,2011-08-24,전용주,02-820-9923,서울특별시 동작구청,2026-04-06
08-3459,서울특별시 동작구 남부순환로255길 15,사당동 303-111,37.47669739,126.9704984,2011-08-24,전용주,02-820-9923,서울특별시 동작구청,2026-04-06
08-3460,서울특별시 동작구 남부순환로255길 15,사당동 303-111,37.47660501,126.9703826,2018-12-07,한전주,02-820-9923,서울특별시 동작구청,2026-04-06
08-3461,서울특별시 동작구 남부순환로255길 15,사당동 303-61,37.47682351,126.9703995,2011-08-24,전용주,02-820-9923,서울특별시 동작구청,2026-04-06
08-3462,서울특별시 동작구 남부순환로255길 15,사당동 303-111,37.47670634,126.9702667,2011-08-24,전용주,02-820-9923,서울특별시 동작구청,2026-04-06
08-3463,서울특별시 동작구 남부순환로255다길 8,사당동 303-29,37.47722231,126.9708261,2019-12-20,전용주,02-820-9923,서울특별시 동작구청,2026-04-06
08-3464,서울특별시 동작구 남부순환로255다길22,사당동 303-36,37.47761439,126.9713884,2019-12-11,전용주,02-820-9923,서울특별시 동작구청,2026-04-06
08-3465,서울특별시 동작구 남부순환로255나길 17,사당동 446-169,37.47770025,126.9724935,2019-05-09,벽부주,02-820-9923,서울특별시 동작구청,2026-04-06
08-3466,서울특별시 동작구 남부순환로257길 30,사당동 443-31,37.47803586,126.9724255,2011-08-24,전용주,02-820-9923,서울특별시 동작구청,2026-04-06
08-3467,서울특별시 동작구 남부순환로269길165,사당동 443-2,37.47827693,126.9726572,2011-08-24,전용주,02-820-9923,서울특별시 동작구청,2026-04-06
08-3468,서울특별시 동작구 남부순환로269길164-1,사당동 443-15,37.47843916,126.9728776,2011-08-24,한전주,02-820-9923,서울특별시 동작구청,2026-04-06
08-3469,서울특별시 동작구 남부순환로269길158,사당동 443-8,37.47820715,126.9728749,2011-08-24,한전주,02-820-9923,서울특별시 동작구청,2026-04-06
08-3470,서울특별시 동작구 남부순환로269길152,사당동 443-2,37.47796842,126.9730219,2011-08-24,전용주,02-820-9923,서울특별시 동작구청,2026-04-06
08-3471,서울특별시 동작구 남부순환로269길 145,사당동 443-2,37.47792117,126.9732707,2011-08-24,전용주,02-820-9923,서울특별시 동작구청,2026-04-06
08-3472,서울특별시 동작구 남부순환로269길 144,사당동 443-6,37.47810589,126.973296,2011-08-24,한전주,02-820-9923,서울특별시 동작구청,2026-04-06
08-3473,서울특별시 동작구 남부순환로269길140,사당동 443-2,37.4783289,126.9733666,2011-08-24,한전주,02-820-9923,서울특별시 동작구청,2026-04-06
08-3474,서울특별시 동작구 사당로20길 119,사당동 1141,37.47813297,126.9735391,2020-05-28,전용주,02-820-9923,서울특별시 동작구청,2026-04-06
08-3475,서울특별시 동작구 남부순환로265길 43-1,사당동 1141,37.47812851,126.9737454,2011-08-24,전용주,02-820-9923,서울특별시 동작구청,2026-04-06
08-3476,서울특별시 동작구 남부순환로265길 46,사당동 1141,37.47812179,126.9739094,2011-08-24,한전주,02-820-9923,서울특별시 동작구청,2026-04-06
08-3477,서울특별시 동작구 남부순환로265길 40,사당동 446-36,37.4779754,126.9740168,2011-08-24,전용주,02-820-9923,서울특별시 동작구청,2026-04-06
08-3478,서울특별시 동작구 남부순환로265길 41-4,사당동 446-19,37.47787399,126.9737879,2011-08-24,전용주,02-820-9923,서울특별시 동작구청,2026-04-06
08-3479,서울특별시 동작구 남부순환로257가길 18,사당동 1047-57,37.47788316,126.9745228,2011-08-24,한전주,02-820-9923,서울특별시 동작구청,2026-04-06
08-3480,서울특별시 동작구 남부순환로257가길 20,사당동 1047-57,37.47798907,126.974746,2011-08-24,한전주,02-820-9923,서울특별시 동작구청,2026-04-06
08-3481,서울특별시 동작구 남부순환로257가길 23,사당동 419-18,37.47814904,126.9749014,2011-08-24,한전주,02-820-9923,서울특별시 동작구청,2026-04-06
08-3482ㄱ,서울특별시 동작구 남부순환로257가길 24,사당동 419-158,37.47821889,126.9750286,2011-08-24,한전주,02-820-9923,서울특별시 동작구청,2026-04-06
08-3483ㄱ,서울특별시 동작구 남부순환로257가길30,사당동 419-22,37.47854557,126.9753224,2011-08-24,한전주,02-820-9923,서울특별시 동작구청,2026-04-06
08-3484ㄱ,서울특별시 동작구 남부순환로257가길31,사당동 419-196,37.47875733,126.9754269,2011-08-24,전용주,02-820-9923,서울특별시 동작구청,2026-04-06
08-3485ㄱ,서울특별시 동작구 남부순환로257가길 32,사당동 419-158,37.47885422,126.9755824,2011-08-24,한전주,02-820-9923,서울특별시 동작구청,2026-04-06
08-3486,서울특별시 동작구 남부순환로269길 71,사당동 419-158,37.47893302,126.9754127,2011-08-24,한전주,02-820-9923,서울특별시 동작구청,2026-04-06
08-3487ㄱ,서울특별시 동작구 남부순환로257가길35,사당동 419-11,37.47905471,126.9756784,2011-08-24,전용주,02-820-9923,서울특별시 동작구청,2026-04-06
08-3488ㄱ,서울특별시 동작구 남부순환로257가길38,사당동 419-27,37.47923496,126.9759214,2011-08-24,한전주,02-820-9923,서울특별시 동작구청,2026-04-06
08-3489ㄱ,서울특별시 동작구 남부순환로267가길 63,사당동 419-29,37.47939267,126.9760457,2011-08-24,전용주,02-820-9923,서울특별시 동작구청,2026-04-06
08-3490ㄱ,서울특별시 동작구 남부순환로267가길57,사당동 419-158,37.47938822,126.9763199,2011-08-24,전용주,02-820-9923,서울특별시 동작구청,2026-04-06
08-3491ㄱ,서울특별시 동작구 남부순환로267가길62,사당동 419-158,37.47955712,126.9761616,2011-08-24,한전주,02-820-9923,서울특별시 동작구청,2026-04-06
08-3493ㄱ,서울특별시 동작구 남부순환로257가길 46-1,사당동 419-158,37.4799266,126.9764752,2011-08-24,한전주,02-820-9923,서울특별시 동작구청,2026-04-06
08-3494ㄱ,서울특별시 동작구 남부순환로257가길 48,사당동 427-10,37.48011359,126.9766277,2011-08-24,전용주,02-820-9923,서울특별시 동작구청,2026-04-06
08-3496ㄱ,서울특별시 동작구 사당로22나길 9,사당동 427-27,37.48028252,126.9765909,2011-08-24,전용주,02-820-9923,서울특별시 동작구청,2026-04-06
08-3497,서울특별시 동작구 사당로22나길 8,사당동 426-7,37.48042446,126.9767266,2014-02-22,전용주,02-820-9923,서울특별시 동작구청,2026-04-06
08-3498,서울특별시 동작구 남부순환로265길103-1,사당동 432-11,37.4801337,126.9758307,2018-11-14,통신주,02-820-9923,서울특별시 동작구청,2026-04-06
08-3499,서울특별시 동작구 남부순환로265길 68,사당동 437-36,37.47880903,126.974904,2011-08-24,한전주,02-820-9923,서울특별시 동작구청,2026-04-06
08-3500,서울특별시 동작구 남부순환로265길 60,사당동 444-1,37.47852516,126.974661,2011-08-24,한전주,02-820-9923,서울특별시 동작구청,2026-04-06
08-3501,서울특별시 동작구 남부순환로265길 58,사당동 444-5,37.47840573,126.9744745,2011-08-24,한전주,02-820-9923,서울특별시 동작구청,2026-04-06
08-3502,서울특별시 동작구 남부순환로265길 50,사당동 444-5,37.47823672,126.9741213,2011-08-24,한전주,02-820-9923,서울특별시 동작구청,2026-04-06
08-3503,서울특별시 동작구 사당로20길 109,사당동 444-5,37.47840342,126.9742089,2011-08-24,한전주,02-820-9923,서울특별시 동작구청,2026-04-06
08-3504,서울특별시 동작구 사당로20길 109,사당동 444-1,37.47852513,126.9745254,2011-08-24,전용주,02-820-9923,서울특별시 동작구청,2026-04-06
08-3505,서울특별시 동작구 사당로20길 112,사당동 442-4,37.47858368,126.9744519,2011-08-24,한전주,02-820-9923,서울특별시 동작구청,2026-04-06
08-3506,서울특별시 동작구 사당로20길 114,사당동 442-15,37.47866698,126.9742625,2011-08-24,전용주,02-820-9923,서울특별시 동작구청,2026-04-06
08-3507,서울특별시 동작구 사당로20길 100,사당동 442-4,37.47889909,126.9747316,2011-08-24,한전주,02-820-9923,서울특별시 동작구청,2026-04-06
08-3508,서울특별시 동작구 사당로20길 96,사당동 438-4,37.479041,126.9747372,2011-08-24,전용주,02-820-9923,서울특별시 동작구청,2026-04-06
08-3509,서울특별시 동작구 남부순환로269길 87,사당동 435-19,37.4792595,126.9747852,2011-08-24,한전주,02-820-9923,서울특별시 동작구청,2026-04-06
08-3510,서울특별시 동작구 남부순환로269길 88,사당동 435-10,37.47935636,126.974788,2011-08-24,전용주,02-820-9923,서울특별시 동작구청,2026-04-06
08-3511,서울특별시 동작구 남부순환로269길 90-6,사당동 435-10,37.47950507,126.9749631,2011-08-24,벽부주,02-820-9923,서울특별시 동작구청,2026-04-06
08-3512,서울특별시 동작구 남부순환로269길 90-10,사당동 435-5,37.47965827,126.9750988,2011-08-24,벽부주,02-820-9923,서울특별시 동작구청,2026-04-06
08-3513,서울특별시 동작구 사당로20라길 22,사당동 435-28,37.47979785,126.9747398,2011-08-24,한전주,02-820-9923,서울특별시 동작구청,2026-04-06
08-3514,서울특별시 동작구 남부순환로269길 97,사당동 435-19,37.47945314,126.9744233,2011-08-24,한전주,02-820-9923,서울특별시 동작구청,2026-04-06
08-3515,서울특별시 동작구 남부순환로269길 98,사당동 439-1,37.47957026,126.9743356,2020-09-01,통신주,02-820-9923,서울특별시 동작구청,2026-04-06
08-3516,서울특별시 동작구 사당로20라길 28-4,사당동 439-11,37.47932019,126.9741803,2011-08-24,벽부주,02-820-9923,서울특별시 동작구청,2026-04-06
08-3517,서울특별시 동작구 사당로20라길 27-4,사당동 439-24,37.4791243,126.9745308,2011-08-24,벽부주,02-820-9923,서울특별시 동작구청,2026-04-06
08-3518,서울특별시 동작구 사당로20라길 30,사당동 439-15,37.47916477,126.9742086,2011-08-24,한전주,02-820-9923,서울특별시 동작구청,2026-04-06
08-3519,서울특별시 동작구 사당로20라길 31-4,사당동 442-14,37.47882918,126.9743557,2019-11-29,전용주,02-820-9923,서울특별시 동작구청,2026-04-06
08-3520,서울특별시 동작구 사당로20라길 34,사당동 442-11,37.47889217,126.9739769,2011-08-24,한전주,02-820-9923,서울특별시 동작구청,2026-04-06
08-3521,서울특별시 동작구 사당로20길 117,사당동 442-4,37.47877277,126.9739346,2011-08-24,전용주,02-820-9923,서울특별시 동작구청,2026-04-06
08-3522,서울특별시 동작구 사당로20길 126,사당동 1141-2,37.4788921,126.973683,2011-08-24,전용주,02-820-9923,서울특별시 동작구청,2026-04-06
08-3523,서울특별시 동작구 남부순환로269길125,사당동 1141-1,37.47888304,126.9734682,2011-08-24,한전주,02-820-9923,서울특별시 동작구청,2026-04-06
08-3524,서울특별시 동작구 남부순환로269길132,사당동 1141,37.47873661,126.9733976,2011-08-24,한전주,02-820-9923,서울특별시 동작구청,2026-04-06
08-3525,서울특별시 동작구 남부순환로269길136,사당동 304-45,37.47872982,126.973211,2011-08-24,벽부주,02-820-9923,서울특별시 동작구청,2026-04-06
08-3526,서울특별시 동작구 남부순환로269길164-1,사당동 304-45,37.47865995,126.9730669,2011-08-24,전용주,02-820-9923,서울특별시 동작구청,2026-04-06
08-3527,서울특별시 동작구 사당로20길132,사당동 316-40,37.47892806,126.9733212,2020-09-10,통신주,02-820-9923,서울특별시 동작구청,2026-04-06
08-3528,서울특별시 동작구 남부순환로269길122,사당동 316-236,37.47907674,126.9733579,2011-08-24,벽부주,02-820-9923,서울특별시 동작구청,2026-04-06
08-3529,서울특별시 동작구 남부순환로269길122,사당동 441-7,37.47917136,126.9734257,2018-12-07,전용주,02-820-9923,서울특별시 동작구청,2026-04-06
08-3530,서울특별시 동작구 남부순환로269길113,사당동 441-4,37.4793043,126.9736291,2011-08-24,한전주,02-820-9923,서울특별시 동작구청,2026-04-06
08-3531,서울특별시 동작구 남부순환로269길107,사당동 316-42,37.47950259,126.9739089,2011-08-24,한전주,02-820-9923,서울특별시 동작구청,2026-04-06
08-3532,서울특별시 동작구 남부순환로269길 102,사당동 316-37,37.47974138,126.9740247,2013-03-22,한전주,02-820-9923,서울특별시 동작구청,2026-04-06
08-3533,서울특별시 동작구 남부순환로269길 100,사당동 440-8,37.47967159,126.9741971,2018-11-15,전용주,02-820-9923,서울특별시 동작구청,2026-04-06
08-3534,서울특별시 동작구 사당로20바길 19,사당동 316-39,37.4798427,126.9738466,2011-08-24,한전주,02-820-9923,서울특별시 동작구청,2026-04-06
08-3535,서울특별시 동작구 사당로22나길 47,사당동 316-42,37.48039466,126.9742619,2011-08-24,한전주,02-820-9923,서울특별시 동작구청,2026-04-06
08-3536,서울특별시 동작구 사당로22나길 43,사당동 316-220,37.48039696,126.9744569,2020-05-25,한전주,02-820-9923,서울특별시 동작구청,2026-04-06
08-3537,서울특별시 동작구 사당로22나길 39,사당동 316-42,37.4804015,126.9746435,2011-08-24,한전주,02-820-9923,서울특별시 동작구청,2026-04-06
08-3538,서울특별시 동작구 사당로20라길 13,사당동 316-42,37.48037453,126.9749007,2011-08-24,한전주,02-820-9923,서울특별시 동작구청,2026-04-06
08-3539,서울특별시 동작구 사당로20라길 18-1,사당동 434-12,37.48005687,126.9746351,2011-08-24,한전주,02-820-9923,서울특별시 동작구청,2026-04-06
08-3540,서울특별시 동작구 사당로22나길 31,사당동 433-3,37.4803836,126.9751805,2011-08-24,벽부주,02-820-9923,서울특별시 동작구청,2026-04-06
08-3541,서울특별시 동작구 사당로22나길 40,사당동 316-130,37.48046239,126.974943,2011-08-24,한전주,02-820-9923,서울특별시 동작구청,2026-04-06
08-3542,서울특별시 동작구 사당로20라길 8,사당동 316-120,37.48076874,126.9749853,2011-08-24,한전주,02-820-9923,서울특별시 동작구청,2026-04-06
08-3543,서울특별시 동작구 사당로20라길 1,사당동 316-42,37.48114497,126.9752707,2011-08-24,한전주,02-820-9923,서울특별시 동작구청,2026-04-06
08-3544,서울특별시 동작구 사당로20길 42,사당동 316-42,37.4813635,126.9754628,2011-08-24,한전주,02-820-9923,서울특별시 동작구청,2026-04-06
08-3545,서울특별시 동작구 사당로20길 46,사당동 316-42,37.481118,126.9755873,2011-08-24,전용주,02-820-9923,서울특별시 동작구청,2026-04-06
08-3546,서울특별시 동작구 사당로20길 52,사당동 316-134,37.48095582,126.9755675,2011-08-24,전용주,02-820-9923,서울특별시 동작구청,2026-04-06
08-3547,서울특별시 동작구 사당로20길 54,사당동 316-42,37.48082067,126.9755619,2011-08-24,한전주,02-820-9923,서울특별시 동작구청,2026-04-06
08-3548,서울특별시 동작구 사당로20길 56-5,사당동 316-274,37.48076206,126.9753726,2011-08-24,전용주,02-820-9923,서울특별시 동작구청,2026-04-06
08-3549,서울특별시 동작구 사당로20길 56,사당동 425-3,37.48065398,126.9755705,2011-08-24,전용주,02-820-9923,서울특별시 동작구청,2026-04-06
08-3550,서울특별시 동작구 사당로22나길 24,사당동 431-2,37.48045803,126.975661,2011-08-24,한전주,02-820-9923,서울특별시 동작구청,2026-04-06
08-3551,서울특별시 동작구 동작대로11나길 9-1,사당동 429-26,37.48059776,126.9760029,2018-12-07,벽부주,02-820-9923,서울특별시 동작구청,2026-04-06
08-3552,서울특별시 동작구 동작대로11길 97,사당동 731-1,37.48137038,126.9760196,2011-08-24,한전주,02-820-9923,서울특별시 동작구청,2026-04-06
08-3553,서울특별시 동작구 동작대로15가길 18,사당동 1014-3,37.48192458,126.9764604,2011-08-24,통신주,02-820-9923,서울특별시 동작구청,2026-04-06
08-3554,서울특별시 동작구 동작대로15가길 24,사당동 1014-6,37.48161373,126.9764492,2011-08-24,전용주,02-820-9923,서울특별시 동작구청,2026-04-06
08-3555,서울특별시 동작구 동작대로11가길 7,사당동 429-2,37.48108663,126.9763731,2011-08-24,통신주,02-820-9923,서울특별시 동작구청,2026-04-06
08-3556,서울특별시 동작구 동작대로11가길 11,사당동 425-3,37.48091543,126.9763618,2011-08-24,한전주,02-820-9923,서울특별시 동작구청,2026-04-06
08-3557,서울특별시 동작구 동작대로11가길 9-4,사당동 429-49,37.48094475,126.9765116,2011-08-24,벽부주,02-820-9923,서울특별시 동작구청,2026-04-06
08-3558,서울특별시 동작구 동작대로11가길 17,사당동 429-53,37.48072622,126.9763619,2011-08-24,한전주,02-820-9923,서울특별시 동작구청,2026-04-06
08-3559,서울특별시 동작구 동작대로11가길 15-1,사당동 427-13,37.48073977,126.9764975,2020-07-31,전용주,02-820-9923,서울특별시 동작구청,2026-04-06
08-3560ㄱ,서울특별시 동작구 사당로22나길 2,사당동 1024-27,37.4804718,126.9769442,2011-08-24,한전주,02-820-9923,서울특별시 동작구청,2026-04-06
08-3561ㄱ,서울특별시 동작구 사당로22길 71,사당동 1024-5,37.48037496,126.9770008,2018-12-12,통신주,02-820-9923,서울특별시 동작구청,2026-04-06
08-3562ㄱ,서울특별시 동작구 사당로22길 72-1,사당동 425-7,37.48022176,126.9768567,2011-08-24,벽부주,02-820-9923,서울특별시 동작구청,2026-04-06
08-3563ㄱ,서울특별시 동작구 사당로22길 75,사당동 1024-27,37.48016097,126.9770404,2011-08-24,통신주,02-820-9923,서울특별시 동작구청,2026-04-06
08-3564ㄱ,서울특별시 동작구 사당로22길 82,사당동 1024-27,37.47990644,126.9770518,2011-08-24,한전주,02-820-9923,서울특별시 동작구청,2026-04-06
08-3565ㄱ,서울특별시 동작구 사당로22길 80-2,사당동 427-9,37.47988613,126.9768341,2011-08-24,전용주,02-820-9923,서울특별시 동작구청,2026-04-06
08-3566ㄱ,서울특별시 동작구 사당로22길 82,사당동 422-1,37.47981859,126.9770659,2011-08-24,한전주,02-820-9923,서울특별시 동작구청,2026-04-06
08-3567ㄱ,서울특별시 동작구 사당로22길 80-11,사당동 423-10,37.47962257,126.976806,2011-08-24,전용주,02-820-9923,서울특별시 동작구청,2026-04-06
08-3568ㄱ,서울특별시 동작구 사당로22길 80-16,사당동 423-9,37.47970586,126.9765233,2011-08-24,전용주,02-820-9923,서울특별시 동작구청,2026-04-06
08-3569ㄱ,서울특별시 동작구 사당로22길 80-17,사당동 423-7,37.47945583,126.9765036,2011-08-24,한전주,02-820-9923,서울특별시 동작구청,2026-04-06
08-3570ㄱ,서울특별시 동작구 남부순환로263길37-1,사당동 419-179,37.47932077,126.9769954,2011-08-24,전용주,02-820-9923,서울특별시 동작구청,2026-04-06
08-3571ㄱ,서울특별시 동작구 동작대로9다길 38,사당동 419-94,37.47939514,126.9771565,2011-08-24,전용주,02-820-9923,서울특별시 동작구청,2026-04-06
08-3572ㄱ,서울특별시 동작구 동작대로9다길 34,사당동 419-191,37.47932081,126.9772018,2011-08-24,한전주,02-820-9923,서울특별시 동작구청,2026-04-06
08-3573ㄱ,서울특별시 동작구 동작대로9다길35,사당동 1099,37.4791947,126.977346,2011-08-24,한전주,02-820-9923,서울특별시 동작구청,2026-04-06
08-3574ㄱ,서울특별시 동작구 사당로26길106-11,사당동 1035-55,37.4789109,126.9774647,2011-08-24,통신주,02-820-9923,서울특별시 동작구청,2026-04-06
08-3575ㄱ,서울특별시 동작구 사당로26길116-1,사당동 1035-24,37.47871942,126.9773461,2011-08-24,통신주,02-820-9923,서울특별시 동작구청,2026-04-06
08-3576ㄱ,서울특별시 동작구 남부순환로267가길 28,사당동 1105,37.47844462,126.9774027,2011-08-24,통신주,02-820-9923,서울특별시 동작구청,2026-04-06
08-3577ㄱ,서울특별시 동작구 남부순환로267가길 21,사당동 419-174,37.47818558,126.9773802,2011-08-24,전용주,02-820-9923,서울특별시 동작구청,2026-04-06
08-3578ㄱ,서울특별시 동작구 사당로26길 122-10,사당동 1035-28,37.47853701,126.9775751,2011-08-24,한전주,02-820-9923,서울특별시 동작구청,2026-04-06
08-3579ㄱ,서울특별시 동작구 사당로26길122-11,사당동 1035-26,37.47863159,126.9774761,2011-08-24,벽부주,02-820-9923,서울특별시 동작구청,2026-04-06
08-3580ㄱ,서울특별시 동작구 사당로26길122-5,사당동 1105,37.47841765,126.9777193,2011-08-24,통신주,02-820-9923,서울특별시 동작구청,2026-04-06
08-3581ㄱ,서울특별시 동작구 사당로26길118,사당동 1035-51,37.47868573,126.9779001,2011-08-24,전용주,02-820-9923,서울특별시 동작구청,2026-04-06
08-3582ㄱ,서울특별시 동작구 사당로26길 106,사당동 1035-55,37.47913172,126.9778067,2019-12-26,벽부주,02-820-9923,서울특별시 동작구청,2026-04-06
08-3583ㄱ,서울특별시 동작구 동작대로9가길33,사당동 1099,37.47959346,126.9776539,2011-08-24,한전주,02-820-9923,서울특별시 동작구청,2026-04-06
08-3584ㄱ,서울특별시 동작구 사당로22길87,사당동 1099,37.47958663,126.9772978,2011-08-24,한전주,02-820-9923,서울특별시 동작구청,2026-04-06
08-3585ㄱ,서울특별시 동작구 동작대로9다길30,사당동 1036-2,37.47944022,126.9773007,2011-08-24,전용주,02-820-9923,서울특별시 동작구청,2026-04-06
08-3586 ㄱ,서울특별시 동작구 동작대로9다길24,사당동 1024-13,37.47967445,126.9771593,2011-08-24,한전주,02-820-9923,서울특별시 동작구청,2026-04-06
08-3587ㄱ,서울특별시 동작구 동작대로9다길 17-1,사당동 1025-11,37.47992228,126.9774192,2011-08-24,통신주,02-820-9923,서울특별시 동작구청,2026-04-06
08-3588ㄱ,서울특별시 동작구 동작대로9다길 18,사당동 1024-18,37.48004615,126.9773344,2011-08-24,한전주,02-820-9923,서울특별시 동작구청,2026-04-06
08-3589ㄱ,서울특별시 동작구 동작대로9다길 10,사당동 1024-22,37.48035475,126.9773399,2011-08-24,한전주,02-820-9923,서울특별시 동작구청,2026-04-06
08-3590ㄱ,서울특별시 동작구 동작대로9다길5,사당동 1099,37.48057551,126.9774332,2011-08-24,전용주,02-820-9923,서울특별시 동작구청,2026-04-06
08-3591,서울특별시 동작구 동작대로9길 68-4,사당동 1022-50,37.48086841,126.9777836,2011-08-24,벽부주,02-820-9923,서울특별시 동작구청,2026-04-06
08-3592,서울특별시 동작구 동작대로9길 68-6,사당동 1022-39,37.48109141,126.9778004,2011-08-24,한전주,02-820-9923,서울특별시 동작구청,2026-04-06
08-3593,서울특별시 동작구 사당로26길 60,사당동 1095,37.48128743,126.9780435,2018-12-12,한전주,02-820-9923,서울특별시 동작구청,2026-04-06
08-3594,서울특별시 동작구 동작대로11길 64,사당동 1016-42,37.48136173,126.9778852,2011-08-24,한전주,02-820-9923,서울특별시 동작구청,2026-04-06
08-3595,서울특별시 동작구 동작대로11길 64,사당동 1016-52,37.48144732,126.9778625,2011-08-24,전용주,02-820-9923,서울특별시 동작구청,2026-04-06
08-3596,서울특별시 동작구 동작대로11길 66-6,사당동 1016-44,37.48158472,126.9778625,2011-08-24,전용주,02-820-9923,서울특별시 동작구청,2026-04-06
08-3597,서울특별시 동작구 동작대로13길 35-3,사당동 1016-45,37.48167257,126.9778568,2011-08-24,전용주,02-820-9923,서울특별시 동작구청,2026-04-06
08-3598,서울특별시 동작구 동작대로11길 66-10,사당동 1016-30,37.48165226,126.9776505,2011-08-24,전용주,02-820-9923,서울특별시 동작구청,2026-04-06
08-3599,서울특별시 동작구 동작대로11길 66-12,사당동 1016-29,37.48160043,126.9775346,2011-08-24,전용주,02-820-9923,서울특별시 동작구청,2026-04-06
08-3600,서울특별시 동작구 동작대로11길 66-16,사당동 1016-24,37.48155534,126.9773339,2011-08-24,한전주,02-820-9923,서울특별시 동작구청,2026-04-06
08-3601,서울특별시 동작구 동작대로11길 66-20,사당동 1016-20,37.48163415,126.9771886,2011-08-24,벽부주,02-820-9923,서울특별시 동작구청,2026-04-06
08-3602,서울특별시 동작구 동작대로11길 76,사당동 1016-14,37.48139311,126.9770739,2018-12-12,한전주,02-820-9923,서울특별시 동작구청,2026-04-06
08-3603,서울특별시 동작구 동작대로11길 70,사당동 1016-38,37.48136166,126.9775347,2011-08-24,한전주,02-820-9923,서울특별시 동작구청,2026-04-06
08-3604,서울특별시 동작구 동작대로9길 72-11,사당동 1022-21,37.48119271,126.9774499,2011-08-24,전용주,02-820-9923,서울특별시 동작구청,2026-04-06
08-3605,서울특별시 동작구 동작대로9길 72-6,사당동 1022-28,37.48100351,126.9775037,2011-08-24,벽부주,02-820-9923,서울특별시 동작구청,2026-04-06
08-3606,서울특별시 동작구 동작대로13길 39-4,사당동 1016-19,37.48173102,126.9772604,2011-08-24,벽부주,02-820-9923,서울특별시 동작구청,2026-04-06
08-3607,서울특별시 동작구 사당로24길 7,사당동 1093,37.48318622,126.9776274,2011-08-24,전용주,02-820-9923,서울특별시 동작구청,2026-04-06
08-3609,서울특별시 동작구 동작대로11길 55,사당동 1097,37.48128748,126.97836,2011-08-24,한전주,02-820-9923,서울특별시 동작구청,2026-04-06
08-3610,서울특별시 동작구 동작대로11길 54,사당동 1017-33,37.48154205,126.9785409,2011-08-24,전용주,02-820-9923,서울특별시 동작구청,2026-04-06
08-3611,서울특별시 동작구 동작대로11길 51,사당동 1097,37.48127402,126.978637,2011-08-24,벽부주,02-820-9923,서울특별시 동작구청,2026-04-06
08-3612,서울특별시 동작구 동작대로11길 49,사당동 1097,37.48127179,126.9787529,2011-08-24,전용주,02-820-9923,서울특별시 동작구청,2026-04-06
08-3613,서울특별시 동작구 동작대로11길 52,사당동 1017-36,37.48150155,126.9787755,2020-12-07,한전주,02-820-9923,서울특별시 동작구청,2026-04-06
08-3614,서울특별시 동작구 동작대로11길 49,사당동 1097,37.48126506,126.9789027,2011-08-24,한전주,02-820-9923,서울특별시 동작구청,2026-04-06
08-3615,서울특별시 동작구 동작대로11길 43,사당동 1097,37.48125383,126.9791034,2011-08-24,한전주,02-820-9923,서울특별시 동작구청,2026-04-06
08-3616,서울특별시 동작구 동작대로13길 23-6,사당동 1017-21,37.48151737,126.9790864,2011-08-24,한전주,02-820-9923,서울특별시 동작구청,2026-04-06
08-3617,서울특별시 동작구 동작대로11길 42,사당동 1017-28,37.48129443,126.9794059,2011-08-24,한전주,02-820-9923,서울특별시 동작구청,2026-04-06
08-3618,서울특별시 동작구 동작대로11길 47-6,사당동 1021-25,37.48106683,126.9788519,2011-08-24,전용주,02-820-9923,서울특별시 동작구청,2026-04-06
08-3619,서울특별시 동작구 사당로28길 42-6,사당동 1021-40,37.4809047,126.9791601,2018-03-27,벽부주,02-820-9923,서울특별시 동작구청,2026-04-06
08-3620,서울특별시 동작구 동작대로9길 46,사당동 1021-31,37.48072222,126.9790075,2011-08-24,한전주,02-820-9923,서울특별시 동작구청,2026-04-06
08-3621,서울특별시 동작구 동작대로11길 47-7,사당동 1021-42,37.48087539,126.9790414,2011-08-24,전용주,02-820-9923,서울특별시 동작구청,2026-04-06
08-3622ㄱ,서울특별시 동작구 동작대로9길 41-1,사당동 1026-40,37.48055106,126.9791743,2011-08-24,벽부주,02-820-9923,서울특별시 동작구청,2026-04-06
08-3623,서울특별시 동작구 동작대로 9길 50-4,사당동 1021-29,37.48083029,126.9787418,2018-12-12,통신주,02-820-9923,서울특별시 동작구청,2026-04-06
08-3624,서울특별시 동작구 동작대로9길 50-6,사당동 1021-28,37.48092265,126.9787502,2019-10-24,전용주,02-820-9923,서울특별시 동작구청,2026-04-06
08-3625,서울특별시 동작구 동작대로9길 52,사당동 1021-11,37.48074242,126.9786061,2011-08-24,한전주,02-820-9923,서울특별시 동작구청,2026-04-06
08-3626,서울특별시 동작구 사당로26가길 10,사당동 1021-7,37.4807897,126.9784704,2020-10-19,벽부주,02-820-9923,서울특별시 동작구청,2026-04-06
08-3627,서울특별시 동작구 사당로26가길 8,사당동 1021-3,37.48098789,126.9782951,2018-12-03,통신주,02-820-9923,서울특별시 동작구청,2026-04-06
08-3628,서울특별시 동작구 사당로26가길 1,사당동 1021-15,37.48108249,126.9782668,2011-08-24,한전주,02-820-9923,서울특별시 동작구청,2026-04-06
08-3629,서울특별시 동작구 사당로26길 61,사당동 1021-2,37.48111851,126.9781453,2019-10-24,전용주,02-820-9923,서울특별시 동작구청,2026-04-06
08-3630,서울특별시 동작구 사당로26길 65,사당동 1098,37.48084144,126.9781171,2011-08-24,통신주,02-820-9923,서울특별시 동작구청,2026-04-06
08-3631ㄱ,서울특별시 동작구 사당로26길 71,사당동 1098,37.48070178,126.9781087,2011-08-24,한전주,02-820-9923,서울특별시 동작구청,2026-04-06
08-3632ㄱ,서울특별시 동작구 동작대로9길 55-4,사당동 1026-11,37.48065002,126.9783602,2011-08-24,벽부주,02-820-9923,서울특별시 동작구청,2026-04-06
08-3633ㄱ,서울특별시 동작구 동작대로9길 55-8,사당동 1026-9,37.480409,126.9783631,2018-12-12,벽부주,02-820-9923,서울특별시 동작구청,2026-04-06
08-3634ㄱ,서울특별시 동작구 사당로26길76,사당동 1025-33,37.4803729,126.9780211,2011-08-24,전용주,02-820-9923,서울특별시 동작구청,2026-04-06
08-3635ㄱ,서울특별시 동작구 사당로26길 78-1,사당동 1025-32,37.4803796,126.9777272,2011-08-24,벽부주,02-820-9923,서울특별시 동작구청,2026-04-06
08-3636ㄱ,서울특별시 동작구 사당로26길 77,사당동 1099,37.4803166,126.9781059,2011-08-24,한전주,02-820-9923,서울특별시 동작구청,2026-04-06
08-3637ㄱ,서울특별시 동작구 사당로26길82-5,사당동 1025-28,37.48025346,126.97773,2011-08-24,벽부주,02-820-9923,서울특별시 동작구청,2026-04-06
08-3638ㄱ,서울특별시 동작구 사당로26길85,사당동 1100,37.48013415,126.978123,2011-08-24,전용주,02-820-9923,서울특별시 동작구청,2026-04-06
08-3639ㄱ,서울특별시 동작구 사당로28가길15,사당동 1026-7,37.48017249,126.9783632,2011-08-24,한전주,02-820-9923,서울특별시 동작구청,2026-04-06
08-3640ㄱ,서울특별시 동작구 사당로28가길 13,사당동 1027-17,37.4800937,126.9786374,2011-08-24,한전주,02-820-9923,서울특별시 동작구청,2026-04-06
08-3641ㄱ,서울특별시 동작구 동작대로9가길 24-7,사당동 1027-16,37.47995179,126.9786459,2011-08-24,한전주,02-820-9923,서울특별시 동작구청,2026-04-06
08-3642ㄱ,서울특별시 동작구 동작대로9가길 24-6,사당동 1027-20,37.47976035,126.9787986,2011-08-24,전용주,02-820-9923,서울특별시 동작구청,2026-04-06
08-3643ㄱ,서울특별시 동작구 동작대로9가길24,사당동 1027-14,37.47961841,126.978629,2011-08-24,한전주,02-820-9923,서울특별시 동작구청,2026-04-06
08-3644ㄱ,서울특별시 동작구 동작대로9가길 19,사당동 1100,37.4795464,126.9789993,2011-08-24,전용주,02-820-9923,서울특별시 동작구청,2026-04-06
08-3645ㄱ,서울특별시 동작구 동작대로9가길20,사당동 1027-28,37.47959823,126.9791491,,벽부주,02-820-9923,서울특별시 동작구청,2026-04-06
08-3646ㄱ,서울특별시 동작구 동작대로9나길 1,사당동 1034-39,37.479427,126.9789004,2018-05-08,전용주,02-820-9923,서울특별시 동작구청,2026-04-06
08-3647ㄱ,서울특별시 동작구 동작대로9나길 7,사당동 1034-47,37.47935037,126.9786941,,한전주,02-820-9923,서울특별시 동작구청,2026-04-06
08-3648ㄱ,서울특별시 동작구 동작대로9나길 13,사당동 1034-47,37.47935709,126.9784482,2011-08-24,한전주,02-820-9923,서울특별시 동작구청,2026-04-06
08-3649ㄱ,서울특별시 동작구 동작대로9나길17,사당동 1105,37.47936152,126.9780525,2011-08-24,한전주,02-820-9923,서울특별시 동작구청,2026-04-06
08-3650ㄱ,서울특별시 동작구 사당로26길97,사당동 1099,37.47956875,126.9780581,2011-08-24,한전주,02-820-9923,서울특별시 동작구청,2026-04-06
08-3651ㄱ,서울특별시 동작구 사당로26길97,사당동 1100,37.47956653,126.9782362,2011-08-24,벽부주,02-820-9923,서울특별시 동작구청,2026-04-06
08-3652ㄱ,서울특별시 동작구 사당로26길92,사당동 1025-18,37.47977369,126.9778065,,벽부주,02-820-9923,서울특별시 동작구청,2026-04-06
08-3653ㄱ,서울특별시 동작구 사당로26길107,사당동 1105,37.47915203,126.9780384,2011-08-24,한전주,02-820-9923,서울특별시 동작구청,2026-04-06
08-3654ㄱ,서울특별시 동작구 사당로26길111,사당동 1105,37.47887497,126.9780216,2011-08-24,한전주,02-820-9923,서울특별시 동작구청,2026-04-06
08-3655ㄱ,서울특별시 동작구 동작대로3길60-3,사당동 1034-16,37.47894484,126.9782561,2011-08-24,한전주,02-820-9923,서울특별시 동작구청,2026-04-06
08-3656ㄱ,서울특별시 동작구 동작대로3길 60-6,사당동 1034-12,37.47915658,126.9782589,2018-01-31,벽부주,02-820-9923,서울특별시 동작구청,2026-04-06
08-3657ㄱ,서울특별시 동작구 동작대로3길 57,사당동 1103,37.4788818,126.9783947,2019-10-30,벽부주,02-820-9923,서울특별시 동작구청,2026-04-06
08-3658ㄱ,서울특별시 동작구 동작대로3길53,사당동 1103,37.47888183,126.9785755,2011-08-24,한전주,02-820-9923,서울특별시 동작구청,2026-04-06
08-3659ㄱ,서울특별시 동작구 동작대로3길54,사당동 1034-26,37.47894039,126.9785529,2015-02-12,통신주,02-820-9923,서울특별시 동작구청,2026-04-06
08-3660ㄱ,서울특별시 동작구 동작대로3길56-5,사당동 1034-49,37.47915888,126.9785274,2011-08-24,벽부주,02-820-9923,서울특별시 동작구청,2026-04-06
08-3661ㄱ,서울특별시 동작구 동작대로3길49,사당동 1103,37.4788706,126.9787621,2011-08-24,전용주,02-820-9923,서울특별시 동작구청,2026-04-06
08-3662ㄱ,서울특별시 동작구 동작대로3길50-4,사당동 1034-50,37.4790846,126.9788157,2011-08-24,벽부주,02-820-9923,서울특별시 동작구청,2026-04-06
08-3663ㄱ,서울특별시 동작구 사당로26길 117,사당동 1038-7,37.47854612,126.9781404,,벽부주,02-820-9923,서울특별시 동작구청,2026-04-06
08-3664ㄱ,서울특별시 동작구 사당로26길121,사당동 1038-9,37.47844023,126.9779934,2011-08-24,한전주,02-820-9923,서울특별시 동작구청,2026-04-06
08-3665ㄱ,서울특별시 동작구 사당로26길 125,사당동 1105,37.47826003,126.9780189,2011-08-24,벽부주,02-820-9923,서울특별시 동작구청,2026-04-06
08-3666ㄱ,서울특별시 동작구 사당로26길 127,사당동 1038-16,37.47827808,126.9781857,2019-05-27,전용주,02-820-9923,서울특별시 동작구청,2026-04-06
08-3667ㄱ,서울특별시 동작구 사당로26길 125-3,사당동 1038-10,37.4783727,126.9782393,2011-08-24,전용주,02-820-9923,서울특별시 동작구청,2026-04-06
08-3668ㄱ,서울특별시 동작구 사당로26길125-13,사당동 1038-16,37.4781137,126.9784712,2011-08-24,한전주,02-820-9923,서울특별시 동작구청,2026-04-06
08-3669ㄱ,서울특별시 동작구 사당로26길 131,사당동 1038-16,37.47804609,126.9782677,2011-08-24,벽부주,02-820-9923,서울특별시 동작구청,2026-04-06
08-3670ㄱ,서울특별시 동작구 동작대로7길 80,사당동 1105,37.47782985,126.9782819,2011-08-24,한전주,02-820-9923,서울특별시 동작구청,2026-04-06
08-3671ㄱ,서울특별시 동작구 동작대로7길 76,사당동 1038-26,37.47787043,126.978508,2017-05-10,한전주,02-820-9923,서울특별시 동작구청,2026-04-06
08-3672ㄱ,서울특별시 동작구 동작대로7길 68,사당동 1038-30,37.47793356,126.9788302,2011-08-24,한전주,02-820-9923,서울특별시 동작구청,2026-04-06
08-3673ㄴ,서울특별시 동작구 남부순환로271가길 11,사당동 1039-33,37.47791111,126.9792231,2011-08-24,한전주,02-820-9923,서울특별시 동작구청,2026-04-06
08-3674ㄴ,서울특별시 동작구 남부순환로271가길 8,사당동 1040-44,37.47783458,126.979534,2011-08-24,한전주,02-820-9923,서울특별시 동작구청,2026-04-06
08-3675ㄴ,서울특별시 동작구 남부순환로271가길 7,사당동 1104,37.47772874,126.9797093,2011-08-24,전용주,02-820-9923,서울특별시 동작구청,2026-04-06
08-3676ㄴ,서울특별시 동작구 남부순환로271길 17,사당동 1104,37.47771302,126.9799919,2011-08-24,한전주,02-820-9923,서울특별시 동작구청,2026-04-06
08-3677ㄴ,서울특별시 동작구 남부순환로271길 24,사당동 1041-7,37.47783467,126.9800993,2011-08-24,한전주,02-820-9923,서울특별시 동작구청,2026-04-06
08-3678,서울특별시 동작구 남부순환로271가길 8,사당동 1040-46,37.47789091,126.9796612,2011-08-24,전용주,02-820-9923,서울특별시 동작구청,2026-04-06
08-3679,서울특별시 동작구 동작대로3가길 13,사당동 1040-44,37.47800128,126.9796131,2015-02-12,벽부주,02-820-9923,서울특별시 동작구청,2026-04-06
08-3680,서울특별시 동작구 동작대로3가길 10-4,사당동 1040-14,37.47811387,126.9794491,2011-08-24,한전주,02-820-9923,서울특별시 동작구청,2026-04-06
08-3681ㄴ,서울특별시 동작구 동작대로3가길 8,사당동 1040-44,37.4781477,126.9796639,2011-08-24,한전주,02-820-9923,서울특별시 동작구청,2026-04-06
08-3682,서울특별시 동작구 동작대로3가길 11-1,사당동 1040-33,37.47808916,126.9798307,2011-08-24,전용주,02-820-9923,서울특별시 동작구청,2026-04-06
08-3683,서울특별시 동작구 남부순환로271길 27,사당동 1040-45,37.47801711,126.9799833,2013-03-22,벽부주,02-820-9923,서울특별시 동작구청,2026-04-06
08-3684ㄴ,서울특별시 동작구 남부순환로271길 30,사당동 1041-3,37.47811849,126.9801077,2011-08-24,한전주,02-820-9923,서울특별시 동작구청,2026-04-06
08-3685,서울특별시 동작구 동작대로3길 29,사당동 1040-11,37.47835043,126.9796724,2019-06-24,벽부주,02-820-9923,서울특별시 동작구청,2026-04-06
08-3686,서울특별시 동작구 동작대로3가길 4-1,사당동 1040-8,37.47829183,126.9795056,2011-08-24,벽부주,02-820-9923,서울특별시 동작구청,2026-04-06
08-3687ㄴ,서울특별시 동작구 동작대로3가길 3,사당동 1040-28,37.47838198,126.9797826,2011-08-24,전용주,02-820-9923,서울특별시 동작구청,2026-04-06
08-3688ㄴ,서울특별시 동작구 동작대로3길 32,사당동 1032-46,37.47852613,126.9797147,2011-08-24,한전주,02-820-9923,서울특별시 동작구청,2026-04-06
08-3689ㄴ,서울특별시 동작구 남부순환로271길 35,사당동 1032-50,37.47842933,126.9800652,2011-08-24,한전주,02-820-9923,서울특별시 동작구청,2026-04-06
08-3690ㄴ,서울특별시 동작구 동작대로5길 17,사당동 1041-34,37.47834604,126.980362,2018-12-07,통신주,02-820-9923,서울특별시 동작구청,2026-04-06
08-3691ㄴ,서울특별시 동작구 남부순환로271길44,사당동 1032-54,37.47862534,126.9803111,2018-08-23,통신주,02-820-9923,서울특별시 동작구청,2026-04-06
08-3692ㄴ,서울특별시 동작구 남부순환로271길48-6,사당동 1032-53,37.47882583,126.9804043,2011-08-24,한전주,02-820-9923,서울특별시 동작구청,2026-04-06
08-3693ㄴ,서울특별시 동작구 남부순환로271길43,사당동 1032-54,37.47881678,126.9801301,2011-08-24,한전주,02-820-9923,서울특별시 동작구청,2026-04-06
08-3694ㄴ,서울특별시 동작구 남부순환로271길47-5,사당동 1032-38,37.47867484,126.9799549,2011-08-24,벽부주,02-820-9923,서울특별시 동작구청,2026-04-06
08-3695ㄴ,서울특별시 동작구 남부순환로271길 50,사당동 1032-21,37.47895192,126.980082,2011-08-24,한전주,02-820-9923,서울특별시 동작구청,2026-04-06
08-3696ㄱ,서울특별시 동작구 동작대로7길 39,사당동 1033-37,37.47899016,126.9797824,2011-08-24,한전주,02-820-9923,서울특별시 동작구청,2026-04-06
08-3697,서울특별시 동작구 동작대로7길 48,사당동 1033-10,37.4787536,126.979497,2011-08-24,한전주,02-820-9923,서울특별시 동작구청,2026-04-06
08-3698ㄱ,서울특별시 동작구 동작대로3길 38,사당동 1033-4,37.47873104,126.9793189,2018-12-07,벽부주,02-820-9923,서울특별시 동작구청,2026-04-06
08-3699ㄱ,서울특별시 동작구 동작대로3길42,사당동 1033-2,37.47881211,126.9791946,2011-08-24,벽부주,02-820-9923,서울특별시 동작구청,2026-04-06
08-3700ㄱ,서울특별시 동작구 동작대로7길 56,사당동 1038-51,37.47842468,126.9792003,2011-08-24,한전주,02-820-9923,서울특별시 동작구청,2026-04-06
08-3701ㄱ,서울특별시 동작구 동작대로3길46,사당동 1034-46,37.47892695,126.9789939,2011-08-24,벽부주,02-820-9923,서울특별시 동작구청,2026-04-06
08-3702ㄱ,서울특별시 동작구 사당로28길 62-1,사당동 1034-44,37.47916124,126.9791295,2011-08-24,한전주,02-820-9923,서울특별시 동작구청,2026-04-06
08-3703ㄱ,서울특별시 동작구 사당로28길 60,사당동 1034-42,37.47937074,126.9792396,2011-08-24,전용주,02-820-9923,서울특별시 동작구청,2026-04-06
08-3704ㄱ,서울특별시 동작구 남부순환로271길65,사당동 1100,37.47954197,126.9794261,2011-08-24,한전주,02-820-9923,서울특별시 동작구청,2026-04-06
08-3705ㄴ,서울특별시 동작구 남부순환로271길 60-3,사당동 1033-19,37.47938658,126.9796523,2011-08-24,한전주,02-820-9923,서울특별시 동작구청,2026-04-06
08-3706ㄴ,서울특별시 동작구 남부순환로271길 60-2,사당동 1033-16,37.4794204,126.9798445,2011-08-24,한전주,02-820-9923,서울특별시 동작구청,2026-04-06
08-3707ㄴ,서울특별시 동작구 남부순환로271길 58,사당동 1033-20,37.47920191,126.9798671,2011-08-24,한전주,02-820-9923,서울특별시 동작구청,2026-04-06
08-3708,서울특별시 동작구 동작대로7길 25,사당동 1103,37.47942275,126.9804239,2011-08-24,한전주,02-820-9923,서울특별시 동작구청,2026-04-06
08-3709ㄴ,서울특별시 동작구 동작대로9가길13,사당동 1033-31,37.4795308,126.9799575,2011-08-24,벽부주,02-820-9923,서울특별시 동작구청,2026-04-06
08-3710ㄱ,서울특별시 동작구 동작대로9가길11,사당동 1102,37.47965245,126.9800281,2011-08-24,전용주,02-820-9923,서울특별시 동작구청,2026-04-06
08-3711ㄱ,서울특별시 동작구 동작대로9가길16,사당동 1028-32,37.47967269,126.9798529,2011-08-24,전용주,02-820-9923,서울특별시 동작구청,2026-04-06
08-3712ㄱ,서울특별시 동작구 동작대로9가길14-2,사당동 1028-17,37.47991371,126.979833,2011-08-24,전용주,02-820-9923,서울특별시 동작구청,2026-04-06
08-3713ㄱ,서울특별시 동작구 동작대로9가길 15,사당동 1100,37.47959609,126.9797512,2011-08-24,전용주,02-820-9923,서울특별시 동작구청,2026-04-06
08-3714ㄱ,서울특별시 동작구 사당로28길56,사당동 1027-45,37.47969963,126.9793498,2015-02-12,통신주,02-820-9923,서울특별시 동작구청,2026-04-06
08-3715ㄱ,서울특별시 동작구 사당로28길 55,사당동 1028-23,37.47972442,126.9794289,2019-10-29,한전주,02-820-9923,서울특별시 동작구청,2026-04-06
08-3716ㄱ,서울특별시 동작구 사당로28길51-1,사당동 1028-12,37.48006459,126.9796125,2018-06-21,벽부주,02-820-9923,서울특별시 동작구청,2026-04-06
08-3717ㄱ,서울특별시 동작구 사당로28길 51-7,사당동 1028-8,37.48004885,126.9797736,2011-08-24,벽부주,02-820-9923,서울특별시 동작구청,2026-04-06
08-3718ㄱ,서울특별시 동작구 사당로28가길 5,사당동 1100,37.48008479,126.9792112,2018-12-03,한전주,02-820-9923,서울특별시 동작구청,2026-04-06
08-3719ㄱ,서울특별시 동작구 사당로28길52,사당동 1100,37.48009602,126.9790331,2018-12-03,한전주,02-820-9923,서울특별시 동작구청,2026-04-06
08-3720ㄱ,서울특별시 동작구 사당로28길 50-2,사당동 1026-51,37.48028523,126.9789991,2015-02-12,한전주,02-820-9923,서울특별시 동작구청,2026-04-06
08-3721ㄱ,서울특별시 동작구 사당로26가길 24-8,사당동 1026-19,37.48027838,126.9785243,2011-08-24,전용주,02-820-9923,서울특별시 동작구청,2026-04-06
08-3722ㄱ,서울특별시 동작구 사당로26가길 19,사당동 1026-46,37.48048341,126.9788069,2011-08-24,한전주,02-820-9923,서울특별시 동작구청,2026-04-06
08-3723ㄱ,서울특별시 동작구 사당로28길 50-1,사당동 1026-49,37.48032873,126.9791826,2011-08-24,전용주,02-820-9923,서울특별시 동작구청,2026-04-06
08-3724ㄱ,서울특별시 동작구 사당로28가길 2,사당동 1026-52,37.48028079,126.9793609,2019-04-09,통신주,02-820-9923,서울특별시 동작구청,2026-04-06
08-3725ㄱ,서울특별시 동작구 사당로28길 49-2,사당동 1028-4,37.48024029,126.9796718,2018-11-08,벽부주,02-820-9923,서울특별시 동작구청,2026-04-06
08-3726,서울특별시 동작구 동작대로19길 23,사당동 1091,37.48345026,126.9804087,2021-02-26,통신주,02-820-9923,서울특별시 동작구청,2026-04-06
08-3727,서울특별시 동작구 사당로28길 20,사당동 1004-44,37.48298159,126.9795496,2021-03-30,벽부주,02-820-9923,서울특별시 동작구청,2026-04-06
08-3728ㄴ,서울특별시 동작구 동작대로7길 28-1,사당동 1033-33,37.4794948,126.9801893,2021-04-01,벽부주,02-820-9923,서울특별시 동작구청,2026-04-06
08-3729,서울특별시 동작구 동작대로13길 6-9,사당동 1008-11,37.48219799,126.9811835,2021-04-02,벽부주,02-820-9923,서울특별시 동작구청,2026-04-06
08-3732ㄱ,서울특별시 동작구 동작대로9길 35,사당동 1100,37.48039117,126.9794457,2011-08-24,한전주,02-820-9923,서울특별시 동작구청,2026-04-06
08-3734ㄱ,서울특별시 동작구 남부순환로257가길 43,사당동 419-6,37.47977114,126.976283,2021-08-04,통신주,02-820-9923,서울특별시 동작구청,2026-04-06
08-3735,서울특별시 동작구 사당로24가길 21,사당동 1001-11,37.48304645,126.9770423,2018-12-12,벽부주,02-820-9923,서울특별시 동작구청,2026-04-06
08-3736,서울특별시 동작구 동작대로15길34,사당동 1009-5,37.48255589,126.9796853,2018-11-08,벽부주,02-820-9923,서울특별시 동작구청,2026-04-06
08-3737,서울특별시 동작구 남부순환로261길 20,사당동 1048-15,37.47753394,126.9741668,2011-08-24,전용주,02-820-9923,서울특별시 동작구청,2026-04-06
08-3738,서울특별시 동작구 남부순환로261길 20,사당동 1048-15,37.47745643,126.9740515,2011-08-24,전용주,02-820-9923,서울특별시 동작구청,2026-04-06
08-3738ㄱ,서울특별시 동작구 남부순환로265나길 4,사당동 1047-14,37.47735165,126.9749413,2025-06-30,벽부주,02-820-9923,서울특별시 동작구청,2026-04-06
08-3739,서울특별시 동작구 남부순환로259가길 15-8,사당동 1050-20,37.47670703,126.9731072,2011-08-24,벽부주,02-820-9923,서울특별시 동작구청,2026-04-06
08-3740,서울특별시 동작구 동작대로9길 28-3,사당동 1020-47,37.48093188,126.9800532,2021-10-18,통신주,02-820-9923,서울특별시 동작구청,2026-04-06
08-3741,서울특별시 동작구 ,사당동 1014-25,37.48224,126.9767712,2022-08-04,통신주,02-820-9923,서울특별시 동작구청,2026-04-06
08-3800ㄱ,서울특별시 동작구 남부순환로265가길 15,사당동 419-104,37.47792408,126.9763232,2012-08-20,한전주,02-820-9923,서울특별시 동작구청,2026-04-06
08-3801ㄱ,서울특별시 동작구 남부순환로267길15,사당동 419-158,37.4776965,126.9759671,2019-02-25,벽부주,02-820-9923,서울특별시 동작구청,2026-04-06
08-3802ㄱ,서울특별시 동작구 남부순환로267길 13,사당동 419-158,37.4776222,126.9761424,2011-08-24,한전주,02-820-9923,서울특별시 동작구청,2026-04-06
08-3803,서울특별시 동작구 남부순환로267길 15,사당동 419-107,37.47753207,126.9759954,2011-08-24,전용주,02-820-9923,서울특별시 동작구청,2026-04-06
08-3804,서울특별시 동작구 남부순환로265가길 8,사당동 419-158,37.47725048,126.9758514,2011-08-24,한전주,02-820-9923,서울특별시 동작구청,2026-04-06
08-3805,서울특별시 동작구 남부순환로265가길 4-1,사당동 1047-54,37.47703419,126.9756451,2011-08-24,한전주,02-820-9923,서울특별시 동작구청,2026-04-06
08-3806,서울특별시 동작구 남부순환로265가길 1,사당동 1047-23,37.4769328,126.9754982,2011-08-24,전용주,02-820-9923,서울특별시 동작구청,2026-04-06
08-3807,서울특별시 동작구 남부순환로263길 6,사당동 1109,37.47691022,126.9752495,2018-12-07,전용주,02-820-9923,서울특별시 동작구청,2026-04-06
08-3808,서울특별시 동작구 남부순환로263길 4,사당동 1048-42,37.47679978,126.9749386,2011-08-24,통신주,02-820-9923,서울특별시 동작구청,2026-04-06
08-3809,서울특별시 동작구 남부순환로263길 3,사당동 1048-42,37.47667812,126.9748171,2011-08-24,전용주,02-820-9923,서울특별시 동작구청,2026-04-06
08-3810,서울특별시 동작구 남부순환로265길 3,사당동 1048-39,37.47677284,126.9753767,2011-08-24,전용주,02-820-9923,서울특별시 동작구청,2026-04-06
08-3890ㄱ,서울특별시 동작구 사당로28길 51,사당동 1100,37.48006681,126.979426,2011-08-24,한전주,02-820-9923,서울특별시 동작구청,2026-04-06
08-3900,서울특별시 동작구 남부순환로 2047-3,사당동 1047-36,37.47689915,126.9761991,2011-08-24,전용주,02-820-9923,서울특별시 동작구청,2026-04-06
08-3901,서울특별시 동작구 남부순환로 2047-1,사당동 1047-36,37.47698023,126.9761482,2011-08-24,한전주,02-820-9923,서울특별시 동작구청,2026-04-06
08-3910,서울특별시 동작구 남부순환로269길134,사당동 443-2,37.47857668,126.9733665,2011-08-24,한전주,02-820-9923,서울특별시 동작구청,2026-04-06
08-3911,서울특별시 동작구 남부순환로255다길 28,사당동 303-33,37.47789604,126.9717501,2011-08-24,전용주,02-820-9923,서울특별시 동작구청,2026-04-06
08-3912,서울특별시 동작구 남부순환로257길 25,사당동 446-127,37.47782186,126.9723747,2011-08-24,벽부주,02-820-9923,서울특별시 동작구청,2026-04-06
08-3913,서울특별시 동작구 남부순환로257길 24,사당동 446-4,37.47757414,126.9726377,2011-08-24,전용주,02-820-9923,서울특별시 동작구청,2026-04-06
08-3914,서울특별시 동작구 남부순환로257가길 1,사당동 446-169,37.47747503,126.9726462,2011-08-24,벽부주,02-820-9923,서울특별시 동작구청,2026-04-06
08-3915ㄱ,서울특별시 동작구 남부순환로269길 60,사당동 419-56,37.47860431,126.9761675,2011-08-24,벽부주,02-820-9923,서울특별시 동작구청,2026-04-06
08-3916,서울특별시 동작구 사당로22길 64-6,사당동 426-9,37.48062042,126.9767096,2011-08-24,전용주,02-820-9923,서울특별시 동작구청,2026-04-06
08-3917ㄱ,서울특별시 동작구 동작대로9길 67-1,사당동 1025-40,37.48058457,126.9777017,2011-08-24,벽부주,02-820-9923,서울특별시 동작구청,2026-04-06
08-3918ㄱ,서울특별시 동작구 사당로26길 89,사당동 1027-3,37.47985934,126.9780948,2011-08-24,한전주,02-820-9923,서울특별시 동작구청,2026-04-06
08-3919,서울특별시 동작구 사당로26가길 3,사당동 1021-19,37.48112532,126.9784421,2020-11-04,전용주,02-820-9923,서울특별시 동작구청,2026-04-06
08-3920,서울특별시 동작구 동작대로9길 32-5,사당동 1020-7,37.4808147,126.9797197,2018-11-08,통신주,02-820-9923,서울특별시 동작구청,2026-04-06
08-3922ㄱ,서울특별시 동작구 동작대로3길41,사당동 1038-49,37.47866343,126.9791126,2011-08-24,벽부주,02-820-9923,서울특별시 동작구청,2026-04-06
08-3923ㄱ,서울특별시 동작구 동작대로7길 66,사당동 1038-33,37.47800566,126.9789291,2011-08-24,한전주,02-820-9923,서울특별시 동작구청,2026-04-06
08-3924,서울특별시 동작구 사당로 282,사당동 1003-7,37.4840582,126.9789811,2011-08-24,한전주,02-820-9923,서울특별시 동작구청,2026-04-06
08-3925,서울특별시 동작구 동작대로13길 38-2,사당동 1015-11,37.48193376,126.9773084,2022-03-08,벽부주,02-820-9923,서울특별시 동작구청,2026-04-06
08-3926,서울특별시 동작구 사당로20아길 18,사당동 434-11,37.48009286,126.9744429,2011-08-24,한전주,02-820-9923,서울특별시 동작구청,2026-04-06
08-3927,서울특별시 동작구 동작대로9길 20-4,사당동 1020-37,37.48078779,126.9804405,2022-03-17,벽부주,02-820-9923,서울특별시 동작구청,2026-04-06
08-3928,서울특별시 동작구 동작대로11길81,사당동 1095,37.48132325,126.9768959,2022-10-18,통신주,02-820-9923,서울특별시 동작구청,2026-04-06
08-3929,서울특별시 동작구 남부순환로257길 10,사당동 1051-28,37.47634191,126.9722368,2023-03-09,전용주,02-820-9923,서울특별시 동작구청,2026-04-06
08-3930,서울특별시 동작구 남부순환로265길7,사당동 1109,37.47687645,126.9753201,2023-08-03,한전주,02-820-9923,서울특별시 동작구청,2026-04-06
08-3931,서울특별시 동작구 사당로272,사당동 1092,37.48376748,126.978218,2024-01-29,전용주,02-820-9923,서울특별시 동작구청,2026-04-06
08-3932,서울특별시 동작구 사당로272,사당동 1092,37.48344312,126.9782124,2024-02-15,한전주,02-820-9923,서울특별시 동작구청,2026-04-06
08-3933,서울특별시 동작구 동작대로7길 27,사당동 1032-7,37.47932589,126.9803815,2024-02-29,통신주,02-820-9923,서울특별시 동작구청,2026-04-06
08-3934,서울특별시 동작구 사당로30길 29-5,사당동 1007-15,37.48354953,126.9813754,2024-03-06,통신주,02-820-9923,서울특별시 동작구청,2026-04-06
08-3935,서울특별시 동작구 동작대로9다길 11,사당동 1025-7,37.48018357,126.9774191,2024-07-04,벽부주,02-820-9923,서울특별시 동작구청,2026-04-06
08-3936,서울특별시 동작구 남부순환로263길 13,사당동 419-75,37.47755225,126.9755234,2025-03-07,통신주,02-820-9923,서울특별시 동작구청,2026-04-06
08-3937,서울특별시 동작구 남부순환로267길 16,사당동 419-73,37.47794651,126.9758568,2025-03-19,전용주,02-820-9923,서울특별시 동작구청,2026-04-06
08-3938,서울특별시 동작구 사당로28길 54-1,사당동 1027-35,37.47988885,126.9793582,2025-05-23,벽부주,02-820-9923,서울특별시 동작구청,2026-04-06
08-3939,서울특별시 동작구 남부순환로265길 69,사당동 437-34,37.47894194,126.9750001,2025-08-12,통신주,02-820-9923,서울특별시 동작구청,2026-04-06
08-3940,서울특별시 동작구 동작대로13길 6-9,사당동 1008-11,37.48211464,126.9811751,2025-09-22,벽부주,02-820-9923,서울특별시 동작구청,2026-04-06
08-3941,서울특별시 동작구 사당로28가길 15-4,사당동 1027-38,37.47999905,126.9784169,2025-12-02,벽부주,02-820-9923,서울특별시 동작구청,2026-04-06
08-3942,서울특별시 동작구 동작대로271길 14,사당동 1107,37.47734137,126.9800853,2026-02-12,한전주,02-820-9923,서울특별시 동작구청,2026-04-06
09-3002,서울특별시 동작구 동작대로29길 81,사당동 105,37.48871154,126.9770095,2011-08-24,전용주,02-820-9923,서울특별시 동작구청,2026-04-06
09-3003,서울특별시 동작구 동작대로29길 81,사당동 105,37.48888274,126.977083,2011-08-24,전용주,02-820-9923,서울특별시 동작구청,2026-04-06
09-3004,서울특별시 동작구 동작대로29길 81,사당동 105,37.48907197,126.9771564,2011-08-24,전용주,02-820-9923,서울특별시 동작구청,2026-04-06
09-3005,서울특별시 동작구 동작대로29길 81,사당동 105,37.48927021,126.9772581,2011-08-24,전용주,02-820-9923,서울특별시 동작구청,2026-04-06
09-3006,서울특별시 동작구 동작대로29길 110,사당동 105-6,37.49021837,126.9764691,2011-08-24,전용주,02-820-9923,서울특별시 동작구청,2026-04-06
09-3007,서울특별시 동작구 동작대로29길 118,사당동 1137-5,37.49035577,126.9764719,2011-08-24,전용주,02-820-9923,서울특별시 동작구청,2026-04-06
09-3008,서울특별시 동작구 동작대로29길 118,사당동 1137,37.49053146,126.9764492,2011-08-24,전용주,02-820-9923,서울특별시 동작구청,2026-04-06
09-3009,서울특별시 동작구 동작대로29길 118,사당동 1137,37.49069588,126.97637,2011-08-24,전용주,02-820-9923,서울특별시 동작구청,2026-04-06
09-3010,서울특별시 동작구 동작대로29길 118,사당동 1137-5,37.49084452,126.9762117,2020-05-12,전용주,02-820-9923,서울특별시 동작구청,2026-04-06
09-3011,서울특별시 동작구 동작대로29길 199,사당동 96,37.49076568,126.9762145,2011-08-24,한전주,02-820-9923,서울특별시 동작구청,2026-04-06
09-3012,서울특별시 동작구 동작대로29길 127,사당동 1137-5,37.49060578,126.9763587,2011-08-24,한전주,02-820-9923,서울특별시 동작구청,2026-04-06
09-3013,서울특별시 동작구 동작대로29길 118,사당동 1137-6,37.49110359,126.9763642,2011-08-24,전용주,02-820-9923,서울특별시 동작구청,2026-04-06
09-3014,서울특별시 동작구 동작대로29길 118,사당동 1137-6,37.49129057,126.9764914,2011-08-24,전용주,02-820-9923,서울특별시 동작구청,2026-04-06
09-3015,서울특별시 동작구 동작대로29길 118,사당동 105,37.4914122,126.9764631,2011-08-24,한전주,02-820-9923,서울특별시 동작구청,2026-04-06
09-3016,서울특별시 동작구 사당로 301,사당동 147-88,37.48528161,126.980722,2021-02-25,벽부주,02-820-9923,서울특별시 동작구청,2026-04-06
09-3017,서울특별시 동작구 동작대로29길 180-3,사당동 56-13,37.49287411,126.9765785,2023-10-20,통신주,02-820-9923,서울특별시 동작구청,2026-04-06
09-3033,서울특별시 동작구 동작대로33마길 64,사당동 1137,37.49153162,126.9766411,2011-08-24,전용주,02-820-9923,서울특별시 동작구청,2026-04-06
09-3034,서울특별시 동작구 동작대로33마길 64,사당동 59-1,37.49163522,126.9765761,2011-08-24,한전주,02-820-9923,서울특별시 동작구청,2026-04-06
09-3035,서울특별시 동작구 동작대로33길 112,사당동 59-1,37.49192581,126.976641,2011-08-24,한전주,02-820-9923,서울특별시 동작구청,2026-04-06
09-3036,서울특별시 동작구 동작대로33길 109,사당동 64-41,37.49181997,126.9767626,2011-08-24,한전주,02-820-9923,서울특별시 동작구청,2026-04-06
09-3037,서울특별시 동작구 동작대로29길 166,사당동 산 10-44,37.49217811,126.9767144,2011-08-24,한전주,02-820-9923,서울특별시 동작구청,2026-04-06
09-3038,서울특별시 동작구 동작대로29길 168,사당동 산 10-44,37.49232677,126.9767003,2011-08-24,한전주,02-820-9923,서울특별시 동작구청,2026-04-06
09-3039,서울특별시 동작구 동작대로29길 172,사당동 산 10-44,37.49259931,126.9766465,2011-08-24,한전주,02-820-9923,서울특별시 동작구청,2026-04-06
09-3040,서울특별시 동작구 동작대로29길 180,사당동 산 10-27,37.49270965,126.9764599,2011-08-24,한전주,02-820-9923,서울특별시 동작구청,2026-04-06
09-3041,서울특별시 동작구 동작대로29길 188,사당동 산 10-5,37.49284022,126.9760838,2011-08-24,한전주,02-820-9923,서울특별시 동작구청,2026-04-06
09-3042,서울특별시 동작구 동작대로35차길 29,사당동 산 10-5,37.49294152,126.9757813,2011-08-24,한전주,02-820-9923,서울특별시 동작구청,2026-04-06
09-3043,서울특별시 동작구 동작대로29길 195,사당동 56-18,37.49306321,126.9760244,2011-08-24,전용주,02-820-9923,서울특별시 동작구청,2026-04-06
09-3044,서울특별시 동작구 동작대로35차길 28,사당동 산 10-30,37.49328171,126.9760498,2011-08-24,한전주,02-820-9923,서울특별시 동작구청,2026-04-06
09-3045 ,서울특별시 동작구 동작대로35차길 21,사당동 55-11,37.49324572,126.9762957,2022-11-01,벽부주,02-820-9923,서울특별시 동작구청,2026-04-06
09-3046,서울특별시 동작구 동작대로35차길 17,사당동 52-6,37.49330208,126.9765219,2011-08-24,한전주,02-820-9923,서울특별시 동작구청,2026-04-06
09-3047,서울특별시 동작구 동작대로35차길 17-6,사당동 54,37.49309034,126.9765389,2011-08-24,전용주,02-820-9923,서울특별시 동작구청,2026-04-06
09-3048,서울특별시 동작구 동작대로35차길 16,사당동 51-1,37.49335619,126.9767734,2011-08-24,통신주,02-820-9923,서울특별시 동작구청,2026-04-06
09-3049,서울특별시 동작구 동작대로35차길 12-5,사당동 50,37.49345533,126.976943,2011-08-24,한전주,02-820-9923,서울특별시 동작구청,2026-04-06
09-3050,서울특별시 동작구 동작대로35차길 7,사당동 46-4,37.49326161,126.9769431,2011-08-24,한전주,02-820-9923,서울특별시 동작구청,2026-04-06
09-3051,서울특별시 동작구 동작대로35차길 8,사당동 46-4,37.49320984,126.977124,2011-08-24,한전주,02-820-9923,서울특별시 동작구청,2026-04-06
09-3052,서울특별시 동작구 동작대로35길 103,사당동 57-108,37.49298914,126.9773503,2011-08-24,한전주,02-820-9923,서울특별시 동작구청,2026-04-06
09-3053,서울특별시 동작구 동작대로35길 113,사당동 57-106,37.49279987,126.9770563,2011-08-24,한전주,02-820-9923,서울특별시 동작구청,2026-04-06
09-3054,서울특별시 동작구 동작대로35가길 104,사당동 59-2,37.49266692,126.9768076,2011-08-24,한전주,02-820-9923,서울특별시 동작구청,2026-04-06
09-3056,서울특별시 동작구 동작대로35가길 95,사당동 708-498,37.49242823,126.977195,2011-08-24,한전주,02-820-9923,서울특별시 동작구청,2026-04-06
09-3057,서울특별시 동작구 동작대로35가길 93,사당동 708-498,37.4923742,126.9773391,2011-08-24,한전주,02-820-9923,서울특별시 동작구청,2026-04-06
09-3058,서울특별시 동작구 동작대로35가길 83,사당동 708-498,37.49226164,126.9776812,2011-08-24,한전주,02-820-9923,서울특별시 동작구청,2026-04-06
09-3059,서울특별시 동작구 동작대로35가길 82,사당동 57-70,37.49219639,126.978077,2011-08-24,한전주,02-820-9923,서울특별시 동작구청,2026-04-06
09-3060,서울특별시 동작구 동작대로35가길 73,사당동 708-498,37.49204999,126.9781704,2011-08-24,전용주,02-820-9923,서울특별시 동작구청,2026-04-06
09-3061,서울특별시 동작구 동작대로35라길 13,사당동 57-104,37.49260641,126.9784444,2011-08-24,한전주,02-820-9923,서울특별시 동작구청,2026-04-06
09-3062,서울특별시 동작구 동작대로35길 83,사당동 57-54,37.49270329,126.9785518,2011-08-24,한전주,02-820-9923,서울특별시 동작구청,2026-04-06
09-3063,서울특별시 동작구 동작대로35길 92,사당동 44-61,37.49289244,126.9782238,2011-08-24,한전주,02-820-9923,서울특별시 동작구청,2026-04-06
09-3064,서울특별시 동작구 동작대로35길 91-6,사당동 57-51,37.4928248,126.9778507,2011-08-24,전용주,02-820-9923,서울특별시 동작구청,2026-04-06
09-3065,서울특별시 동작구 동작대로35마길 14,사당동 57-28,37.49269187,126.9776839,2011-08-24,전용주,02-820-9923,서울특별시 동작구청,2026-04-06
09-3066,서울특별시 동작구 동작대로35마길 8,사당동 57-25,37.49253874,126.9779243,2011-08-24,전용주,02-820-9923,서울특별시 동작구청,2026-04-06
09-3067,서울특별시 동작구 동작대로35길 87-8,사당동 57-23,37.49266941,126.9780656,2017-05-31,전용주,02-820-9923,서울특별시 동작구청,2026-04-06
09-3068,서울특별시 동작구 동작대로35길 87-1,사당동 57-12,37.49275053,126.9782013,2011-08-24,한전주,02-820-9923,서울특별시 동작구청,2026-04-06
09-3069,서울특별시 동작구 동작대로35가길 88-5,사당동 57-36,37.49247339,126.9777914,2017-05-10,전용주,02-820-9923,서울특별시 동작구청,2026-04-06
09-3070,서울특별시 동작구 동작대로35마길 11,사당동 57-41,37.49253282,126.9775653,2011-08-24,벽부주,02-820-9923,서울특별시 동작구청,2026-04-06
09-3071,서울특별시 동작구 동작대로35마길 18,사당동 57-32,37.49281345,126.977421,2011-08-24,전용주,02-820-9923,서울특별시 동작구청,2026-04-06
09-3072,서울특별시 동작구 동작대로35마길 16-1,사당동 57-20,37.49288603,126.977642,2011-08-24,벽부주,02-820-9923,서울특별시 동작구청,2026-04-06
09-3073,서울특별시 동작구 동작대로35길 99,사당동 57-19,37.49300045,126.9776273,2011-08-24,한전주,02-820-9923,서울특별시 동작구청,2026-04-06
09-3074,서울특별시 동작구 동작대로35길 100-5,사당동 44-51,37.49317391,126.9776951,2011-08-24,한전주,02-820-9923,서울특별시 동작구청,2026-04-06
09-3075,서울특별시 동작구 동작대로35길 100-7,사당동 46-9,37.4934532,126.9775622,2011-08-24,전용주,02-820-9923,서울특별시 동작구청,2026-04-06
09-3076,서울특별시 동작구 동작대로35길 36-8,사당동 45-1,37.49337437,126.9776357,2011-08-24,전용주,02-820-9923,서울특별시 동작구청,2026-04-06
09-3077,서울특별시 동작구 동작대로35아길 37,사당동 44-121,37.49316496,126.9780146,2025-10-16,통신주,02-820-9923,서울특별시 동작구청,2026-04-06
09-3078,서울특별시 동작구 동작대로35아길 38,사당동 44-27,37.49329335,126.9779976,2011-08-24,한전주,02-820-9923,서울특별시 동작구청,2026-04-06
09-3079,서울특별시 동작구 동작대로35아길 36-6,사당동 44-48,37.49342622,126.977859,2020-06-26,벽부주,02-820-9923,서울특별시 동작구청,2026-04-06
09-3080,서울특별시 동작구 동작대로35아길 32,사당동 44-27,37.49357718,126.9780879,2011-08-24,한전주,02-820-9923,서울특별시 동작구청,2026-04-06
09-3081,서울특별시 동작구 동작대로39가길 55,동작동 331,37.49371227,126.9777458,2020-05-07,전용주,02-820-9923,서울특별시 동작구청,2026-04-06
09-3082,서울특별시 동작구 동작대로35아길 32-7,동작동 331,37.49365597,126.977808,2011-08-24,한전주,02-820-9923,서울특별시 동작구청,2026-04-06
09-3083,서울특별시 동작구 동작대로39가길 55,동작동 333-6,37.49461565,126.9784099,2011-08-24,전용주,02-820-9923,서울특별시 동작구청,2026-04-06
09-3084,서울특별시 동작구 동작대로39가길 55,동작동 331,37.49457739,126.9785965,2011-08-24,전용주,02-820-9923,서울특별시 동작구청,2026-04-06
09-3085,서울특별시 동작구 동작대로39가길 55,동작동 333-6,37.49456166,126.9787972,2011-08-24,전용주,02-820-9923,서울특별시 동작구청,2026-04-06
09-3086,서울특별시 동작구 동작대로35길 21,사당동 708-425,37.49107515,126.9810795,2011-08-24,전용주,02-820-9923,서울특별시 동작구청,2026-04-06
09-3087,서울특별시 동작구 동작대로35길 23-4,사당동 71-15,37.49096701,126.9809721,2011-08-24,벽부주,02-820-9923,서울특별시 동작구청,2026-04-06
09-3088,서울특별시 동작구 동작대로35길 23-8,사당동 71-15,37.49082059,126.9809326,2011-08-24,벽부주,02-820-9923,서울특별시 동작구청,2026-04-06
09-3089,서울특별시 동작구 동작대로33다길 11,사당동 708-425,37.4905976,126.9809666,2011-08-24,한전주,02-820-9923,서울특별시 동작구청,2026-04-06
09-3090,서울특별시 동작구 동작대로33다길 11,사당동 73-14,37.49044893,126.9809412,2011-08-24,한전주,02-820-9923,서울특별시 동작구청,2026-04-06
09-3091,서울특별시 동작구 동작대로35가길 18,사당동 71-38,37.49071467,126.9806019,2011-08-24,전용주,02-820-9923,서울특별시 동작구청,2026-04-06
09-3092,서울특별시 동작구 동작대로35길 29-10,사당동 71-25,37.49081154,126.9806414,2011-08-24,벽부주,02-820-9923,서울특별시 동작구청,2026-04-06
09-3093,서울특별시 동작구 동작대로35길 29-7,사당동 71-24,37.49091065,126.9806782,2011-08-24,벽부주,02-820-9923,서울특별시 동작구청,2026-04-06
09-3094,서울특별시 동작구 동작대로35길 29-5,사당동 71-37,37.49102329,126.980729,2011-08-24,벽부주,02-820-9923,서울특별시 동작구청,2026-04-06
09-3095,서울특별시 동작구 동작대로35길 25,사당동 708-425,37.49119674,126.9807912,2011-08-24,한전주,02-820-9923,서울특별시 동작구청,2026-04-06
09-3096,서울특별시 동작구 동작대로35길 24,사당동 741-5,37.4912486,126.9811162,2011-08-24,통신주,02-820-9923,서울특별시 동작구청,2026-04-06
09-3098,서울특별시 동작구 동작대로37길 20,사당동 산 1-1,37.49128695,126.9814809,2011-08-24,한전주,02-820-9923,서울특별시 동작구청,2026-04-06
09-3099,서울특별시 동작구 동작대로37길 9,동작동 산 4-2,37.49120592,126.9818569,2020-05-12,벽부주,02-820-9923,서울특별시 동작구청,2026-04-06
09-3100,서울특별시 동작구 동작대로37길 9,동작동 산 4-2,37.49118792,126.9820152,2020-05-12,벽부주,02-820-9923,서울특별시 동작구청,2026-04-06
09-3101,서울특별시 동작구 동작대로37길 7,동작동 산 4-2,37.4911857,126.9821792,2014-02-22,벽부주,02-820-9923,서울특별시 동작구청,2026-04-06
09-3102,서울특별시 동작구 동작대로 163,사당동 산 1-1,37.49123752,126.9822922,2011-08-24,벽부주,02-820-9923,서울특별시 동작구청,2026-04-06
09-3103,서울특별시 동작구 동작대로35길 31-5,사당동 71-11,37.49118317,126.9804208,2011-08-24,전용주,02-820-9923,서울특별시 동작구청,2026-04-06
09-3104,서울특별시 동작구 동작대로35길 31-10,사당동 71-13,37.49107052,126.9803078,2011-08-24,전용주,02-820-9923,서울특별시 동작구청,2026-04-06
09-3105,서울특별시 동작구 동작대로35길 31-12,사당동 71-11,37.49100743,126.9801834,2011-08-24,벽부주,02-820-9923,서울특별시 동작구청,2026-04-06
09-3106,서울특별시 동작구 동작대로35길 35,사당동 708-425,37.49135662,126.9804802,2011-08-24,통신주,02-820-9923,서울특별시 동작구청,2026-04-06
09-3107,서울특별시 동작구 동작대로35길 39-3,사당동 70-15,37.49131152,126.9801664,2011-08-24,한전주,02-820-9923,서울특별시 동작구청,2026-04-06
09-3108,서울특별시 동작구 동작대로35길 39-7,사당동 70-24,37.49118759,126.979929,2011-08-24,한전주,02-820-9923,서울특별시 동작구청,2026-04-06
09-3109,서울특별시 동작구 동작대로35길 39-13,사당동 70-24,37.49106593,126.9798244,2011-08-24,한전주,02-820-9923,서울특별시 동작구청,2026-04-06
09-3110,서울특별시 동작구 동작대로35길 39-18,사당동 70-22,37.49119203,126.9795728,2011-08-24,한전주,02-820-9923,서울특별시 동작구청,2026-04-06
09-3111,서울특별시 동작구 동작대로35길 43,사당동 708-1117,37.49166515,126.9800815,2011-08-24,한전주,02-820-9923,서울특별시 동작구청,2026-04-06
09-3112,서울특별시 동작구 동작대로35길 53,사당동 68-1,37.49178676,126.9799118,2011-08-24,한전주,02-820-9923,서울특별시 동작구청,2026-04-06
09-3113,서울특별시 동작구 동작대로35길 53,사당동 68-2,37.491789,126.9798383,2017-05-31,전용주,02-820-9923,서울특별시 동작구청,2026-04-06
09-3114,서울특별시 동작구 동작대로35나길 19,사당동 68-2,37.49177995,126.9796602,2011-08-24,전용주,02-820-9923,서울특별시 동작구청,2026-04-06
09-3115,서울특별시 동작구 동작대로35나길 13,사당동 68-9,37.49174836,126.9793012,2011-08-24,전용주,02-820-9923,서울특별시 동작구청,2026-04-06
09-3116,서울특별시 동작구 동작대로35나길 11,사당동 66-22,37.49167174,126.9791345,2017-05-31,벽부주,02-820-9923,서울특별시 동작구청,2026-04-06
09-3117,서울특별시 동작구 동작대로35나길 6,사당동 68-3,37.49159964,126.9790129,2011-08-24,전용주,02-820-9923,서울특별시 동작구청,2026-04-06
09-3118,서울특별시 동작구 동작대로35가길 55,사당동 708-498,37.49136533,126.9787642,2011-08-24,한전주,02-820-9923,서울특별시 동작구청,2026-04-06
09-3119,서울특별시 동작구 동작대로35가길 57,사당동 64-163,37.491309,126.9786229,2020-08-06,한전주,02-820-9923,서울특별시 동작구청,2026-04-06
09-3120,서울특별시 동작구 동작대로33바길 6-14,사당동 64-225,37.4910005,126.9791629,2011-08-24,전용주,02-820-9923,서울특별시 동작구청,2026-04-06
09-3121,서울특별시 동작구 동작대로33바길 6-6,사당동 64-223,37.4911536,126.9787925,2011-08-24,벽부주,02-820-9923,서울특별시 동작구청,2026-04-06
09-3122,서울특별시 동작구 동작대로33바길 11,사당동 64-163,37.49137877,126.9783345,2011-08-24,전용주,02-820-9923,서울특별시 동작구청,2026-04-06
09-3123,서울특별시 동작구 동작대로33바길 13,사당동 64-163,37.49146208,126.9781705,2011-08-24,한전주,02-820-9923,서울특별시 동작구청,2026-04-06
09-3124,서울특별시 동작구 동작대로33바길 29,사당동 64-163,37.49161745,126.977868,2011-08-24,한전주,02-820-9923,서울특별시 동작구청,2026-04-06
09-3125,서울특별시 동작구 동작대로33바길 33,사당동 64-163,37.49182685,126.9774354,2014-02-22,한전주,02-820-9923,서울특별시 동작구청,2026-04-06
09-3126,서울특별시 동작구 동작대로33바길 30-4,사당동 64-212,37.4920071,126.9776559,2011-08-24,통신주,02-820-9923,서울특별시 동작구청,2026-04-06
09-3127,서울특별시 동작구 동작대로33바길 33,사당동 64-163,37.49193718,126.9771923,2017-05-10,한전주,02-820-9923,서울특별시 동작구청,2026-04-06
09-3128,서울특별시 동작구 동작대로33바길 39,사당동 64-163,37.49200473,126.9770537,2011-08-24,전용주,02-820-9923,서울특별시 동작구청,2026-04-06
09-3129,서울특별시 동작구 동작대로33바길 38-6,사당동 64-10,37.49210163,126.977277,2011-08-24,전용주,02-820-9923,서울특별시 동작구청,2026-04-06
09-3130,서울특별시 동작구 동작대로33바길 38-6,사당동 64-15,37.49221427,126.9773533,2011-08-24,전용주,02-820-9923,서울특별시 동작구청,2026-04-06
09-3131,서울특별시 동작구 동작대로33길 94,사당동 64-81,37.49146424,126.9776476,2020-05-11,통신주,02-820-9923,서울특별시 동작구청,2026-04-06
09-3132,서울특별시 동작구 동작대로33길 96,사당동 64-163,37.49152055,126.9776136,2011-08-24,벽부주,02-820-9923,서울특별시 동작구청,2026-04-06
09-3133,서울특별시 동작구 동작대로33길 99,사당동 64-163,37.49158355,126.9772885,2011-08-24,한전주,02-820-9923,서울특별시 동작구청,2026-04-06
09-3134,서울특별시 동작구 동작대로33길 103-1,사당동 64-163,37.49170289,126.9770284,2011-08-24,벽부주,02-820-9923,서울특별시 동작구청,2026-04-06
09-3135,서울특별시 동작구 동작대로33길 89,사당동 64-163,37.49135839,126.9777465,2011-08-24,한전주,02-820-9923,서울특별시 동작구청,2026-04-06
09-3136,서울특별시 동작구 동작대로33길 88,사당동 64-173,37.49135166,126.9779077,2011-08-24,전용주,02-820-9923,서울특별시 동작구청,2026-04-06
09-3137,서울특별시 동작구 동작대로33길 81,사당동 64-163,37.49115349,126.978165,2011-08-24,한전주,02-820-9923,서울특별시 동작구청,2026-04-06
09-3138,서울특별시 동작구 동작대로33길 73,사당동 64-163,37.49100938,126.9784731,2011-08-24,한전주,02-820-9923,서울특별시 동작구청,2026-04-06
09-3139,서울특별시 동작구 동작대로33길 69,사당동 64-163,37.49087653,126.9787446,2011-08-24,한전주,02-820-9923,서울특별시 동작구청,2026-04-06
09-3140,서울특별시 동작구 동작대로33길 61,사당동 64-117,37.49069865,126.9791093,2011-08-24,한전주,02-820-9923,서울특별시 동작구청,2026-04-06
09-3141,서울특별시 동작구 동작대로33길 55,사당동 64-139,37.49060183,126.9793015,2011-08-24,한전주,02-820-9923,서울특별시 동작구청,2026-04-06
09-3142,서울특별시 동작구 동작대로33길 51,사당동 64-138,37.49052077,126.9794881,2017-05-10,벽부주,02-820-9923,서울특별시 동작구청,2026-04-06
09-3143,서울특별시 동작구 동작대로33길 49,사당동 64-137,37.49044195,126.9796352,2011-08-24,벽부주,02-820-9923,서울특별시 동작구청,2026-04-06
09-3144,서울특별시 동작구 동작대로33길 43,사당동 64-150,37.49031811,126.9798811,2011-08-24,한전주,02-820-9923,서울특별시 동작구청,2026-04-06
09-3145,서울특별시 동작구 동작대로33길 35,사당동 88-6,37.49014473,126.9802939,2011-08-24,한전주,02-820-9923,서울특별시 동작구청,2026-04-06
09-3146,서울특별시 동작구 동작대로33길 29,사당동 88-6,37.49002765,126.9806077,2011-08-24,한전주,02-820-9923,서울특별시 동작구청,2026-04-06
09-3147,서울특별시 동작구 동작대로33마길 60,사당동 1137-2,37.49147535,126.9768617,2011-08-24,전용주,02-820-9923,서울특별시 동작구청,2026-04-06
09-3148,서울특별시 동작구 동작대로33마길 54,사당동 1137-2,37.49138979,126.9770511,2011-08-24,전용주,02-820-9923,서울특별시 동작구청,2026-04-06
09-3149,서울특별시 동작구 동작대로33마길 52,사당동 1137-2,37.49130873,126.9772264,2011-08-24,전용주,02-820-9923,서울특별시 동작구청,2026-04-06
09-3150,서울특별시 동작구 동작대로33마길 46,사당동 64-69,37.49125472,126.9774921,2011-08-24,전용주,02-820-9923,서울특별시 동작구청,2026-04-06
09-3151,서울특별시 동작구 동작대로33마길 46,사당동 1137-2,37.49117814,126.9775176,2011-08-24,전용주,02-820-9923,서울특별시 동작구청,2026-04-06
09-3152,서울특별시 동작구 동작대로33마길 42,사당동 1137-3,37.49102949,126.9775883,2011-08-24,전용주,02-820-9923,서울특별시 동작구청,2026-04-06
09-3153,서울특별시 동작구 동작대로33마길 39,사당동 1137-2,37.49107007,126.9777494,2011-08-24,한전주,02-820-9923,서울특별시 동작구청,2026-04-06
09-3154,서울특별시 동작구 동작대로33마길 35,사당동 64-256,37.49095523,126.9779615,2011-08-24,전용주,02-820-9923,서울특별시 동작구청,2026-04-06
09-3155,서울특별시 동작구 동작대로33마길 31,사당동 64-125,37.49082464,126.9782725,2011-08-24,한전주,02-820-9923,서울특별시 동작구청,2026-04-06
09-3156,서울특별시 동작구 동작대로33마길 28,사당동 64-124,37.49077512,126.978476,2011-08-24,전용주,02-820-9923,서울특별시 동작구청,2026-04-06
09-3157,서울특별시 동작구 동작대로33마길 17,사당동 64-232,37.49061298,126.9787192,2011-08-24,한전주,02-820-9923,서울특별시 동작구청,2026-04-06
09-3158,서울특별시 동작구 동작대로33마길 17,사당동 64-129,37.49054093,126.9788832,2011-08-24,전용주,02-820-9923,서울특별시 동작구청,2026-04-06
09-3159,서울특별시 동작구 동작대로33마길 9,사당동 64-248,37.49042159,126.9791348,2011-08-24,전용주,02-820-9923,서울특별시 동작구청,2026-04-06
09-3160,서울특별시 동작구 동작대로33마길 8,사당동 64-133,37.49031803,126.9794288,2011-08-24,벽부주,02-820-9923,서울특별시 동작구청,2026-04-06
09-3161,서울특별시 동작구 동작대로33라길 7,사당동 64-163,37.49011536,126.9797342,2011-08-24,한전주,02-820-9923,서울특별시 동작구청,2026-04-06
09-3162,서울특별시 동작구 동작대로33라길 5-5,사당동 64-167,37.49001178,126.9799745,2011-08-24,전용주,02-820-9923,서울특별시 동작구청,2026-04-06
09-3163,서울특별시 동작구 동작대로33라길 11,사당동 91-29,37.4899171,126.9795505,2011-08-24,한전주,02-820-9923,서울특별시 동작구청,2026-04-06
09-3164,서울특별시 동작구 동작대로33라길 12-6,사당동 64-157,37.49000719,126.9794515,2024-07-15,벽부주,02-820-9923,서울특별시 동작구청,2026-04-06
09-3165,서울특별시 동작구 동작대로33라길 17,사당동 91-95,37.48968957,126.9793809,2011-08-24,한전주,02-820-9923,서울특별시 동작구청,2026-04-06
09-3167,서울특별시 동작구 동작대로33라길 21,사당동 105-10,37.4895724,126.9791774,2011-08-24,한전주,02-820-9923,서울특별시 동작구청,2026-04-06
09-3168,서울특별시 동작구 동작대로31길 58,사당동 91-147,37.48930392,126.9792714,2011-08-24,전용주,02-820-9923,서울특별시 동작구청,2026-04-06
09-3169,서울특별시 동작구 동작대로29마길 19,사당동 91-62,37.48958825,126.9796637,2011-08-24,전용주,02-820-9923,서울특별시 동작구청,2026-04-06
09-3170,서울특별시 동작구 동작대로29마길 15,사당동 91-63,37.48951169,126.9797965,2020-09-06,통신주,02-820-9923,서울특별시 동작구청,2026-04-06
09-3171,서울특별시 동작구 동작대로29바길 17,사당동 91-61,37.48975948,126.9798502,2011-08-24,한전주,02-820-9923,서울특별시 동작구청,2026-04-06
09-3172,서울특별시 동작구 동작대로29바길 11,사당동 77-31,37.4897325,126.98013,2011-08-24,한전주,02-820-9923,서울특별시 동작구청,2026-04-06
09-3173,서울특별시 동작구 동작대로29바길 5,사당동 77-27,37.4897348,126.9804353,2011-08-24,한전주,02-820-9923,서울특별시 동작구청,2026-04-06
09-3174,서울특별시 동작구 동작대로29나길 35,사당동 88-6,37.48972808,126.9806813,2011-08-24,한전주,02-820-9923,서울특별시 동작구청,2026-04-06
09-3176,서울특별시 동작구 동작대로29나길 30,사당동 91-184,37.48934065,126.9806955,2011-08-24,한전주,02-820-9923,서울특별시 동작구청,2026-04-06
09-3177,서울특별시 동작구 동작대로29마길 4,사당동 91-198,37.48949604,126.9804863,2011-08-24,벽부주,02-820-9923,서울특별시 동작구청,2026-04-06
09-3178,서울특별시 동작구 동작대로29마길 7,사당동 91-72,37.48946673,126.9802941,2011-08-24,전용주,02-820-9923,서울특별시 동작구청,2026-04-06
09-3179,서울특별시 동작구 동작대로31길 46-6,사당동 91-38,37.48947117,126.9799492,2011-08-24,통신주,02-820-9923,서울특별시 동작구청,2026-04-06
09-3180,서울특별시 동작구 동작대로31길 46-6,사당동 91-38,37.48938107,126.9799407,2011-08-24,한전주,02-820-9923,서울특별시 동작구청,2026-04-06
09-3181,서울특별시 동작구 동작대로31길 46-16,사당동 91-104,37.48942829,126.9794291,2011-08-24,통신주,02-820-9923,서울특별시 동작구청,2026-04-06
09-3182,서울특별시 동작구 동작대로31길 47,사당동 91-198,37.4891085,126.9798645,2011-08-24,한전주,02-820-9923,서울특별시 동작구청,2026-04-06
09-3183,서울특별시 동작구 동작대로31길 48,사당동 91-66,37.48916255,126.9797655,2015-02-12,전용주,02-820-9923,서울특별시 동작구청,2026-04-06
09-3184,서울특별시 동작구 동작대로31길 55,사당동 91-103,37.4891242,126.9794461,2011-08-24,벽부주,02-820-9923,서울특별시 동작구청,2026-04-06
09-3185,서울특별시 동작구 동작대로31길 57,사당동 105-2,37.48913993,126.9792398,2011-08-24,한전주,02-820-9923,서울특별시 동작구청,2026-04-06
09-3186,서울특별시 동작구 동작대로31길 57,사당동 105-2,37.48908811,126.979155,2011-08-24,전용주,02-820-9923,서울특별시 동작구청,2026-04-06
09-3188,서울특별시 동작구 동작대로29길 63-3,사당동 121-1,37.48852486,126.9784795,2011-08-24,한전주,02-820-9923,서울특별시 동작구청,2026-04-06
09-3189,서울특별시 동작구 동작대로27길 59-16,사당동 121-1,37.48822073,126.9782959,2011-08-24,한전주,02-820-9923,서울특별시 동작구청,2026-04-06
09-3190,서울특별시 동작구 동작대로27길 59-14,사당동 127-32,37.48801352,126.9784288,2019-07-09,벽부주,02-820-9923,서울특별시 동작구청,2026-04-06
09-3191,서울특별시 동작구 동작대로27길 59-10,사당동 127-32,37.4880068,126.9786153,2019-07-09,벽부주,02-820-9923,서울특별시 동작구청,2026-04-06
09-3192,서울특별시 동작구 동작대로27길 61,사당동 127-32,37.4880136,126.9788415,2011-08-24,벽부주,02-820-9923,서울특별시 동작구청,2026-04-06
09-3193,서울특별시 동작구 동작대로27길 57,사당동 128-30,37.48815108,126.9792626,2011-08-24,한전주,02-820-9923,서울특별시 동작구청,2026-04-06
09-3194,서울특별시 동작구 동작대로27길 61,사당동 127-14,37.48826141,126.9790054,2011-08-24,한전주,02-820-9923,서울특별시 동작구청,2026-04-06
09-3195,서울특별시 동작구 동작대로27길 57,사당동 127-22,37.48799561,126.9790111,2011-08-24,벽부주,02-820-9923,서울특별시 동작구청,2026-04-06
09-3196,서울특별시 동작구 동작대로27길 57,사당동 105-15,37.4879506,126.9792514,2011-08-24,벽부주,02-820-9923,서울특별시 동작구청,2026-04-06
09-3197,서울특별시 동작구 동작대로27길 51,사당동 105-15,37.48787855,126.9794182,2011-08-24,벽부주,02-820-9923,서울특별시 동작구청,2026-04-06
09-3198,서울특별시 동작구 동작대로27길 44,사당동 105,37.48783578,126.9795991,2011-08-24,한전주,02-820-9923,서울특별시 동작구청,2026-04-06
09-3199,서울특별시 동작구 동작대로27길 42,사당동 129-7,37.48776149,126.9798083,2011-08-24,한전주,02-820-9923,서울특별시 동작구청,2026-04-06
09-3200,서울특별시 동작구 동작대로27길34,사당동 105,37.48763311,126.9799129,2011-08-24,한전주,02-820-9923,서울특별시 동작구청,2026-04-06
09-3201,서울특별시 동작구 동작대로35나길17,사당동 68-7,37.49181371,126.9794708,2020-07-02,통신주,02-820-9923,서울특별시 동작구청,2026-04-06
09-3203,서울특별시 동작구 동작대로27가길 45,사당동 147-75,37.48559252,126.9811035,2011-08-24,한전주,02-820-9923,서울특별시 동작구청,2026-04-06
09-3204,서울특별시 동작구 사당로 307,사당동 147-104,37.48552275,126.9814597,2011-08-24,전용주,02-820-9923,서울특별시 동작구청,2026-04-06
09-3205,서울특별시 동작구 동작대로27가길 45,사당동 147-107,37.48562186,126.9814258,2011-08-24,통신주,02-820-9923,서울특별시 동작구청,2026-04-06
09-3206,서울특별시 동작구 동작대로27가길 45,사당동 147-70,37.48577729,126.9814512,2011-08-24,전용주,02-820-9923,서울특별시 동작구청,2026-04-06
09-3207,서울특별시 동작구 동작대로27가길 37,사당동 145-30,37.48591464,126.9811119,2011-08-24,한전주,02-820-9923,서울특별시 동작구청,2026-04-06
09-3208,서울특별시 동작구 동작대로25길 16,사당동 708-435,37.48626602,126.9810581,2011-08-24,한전주,02-820-9923,서울특별시 동작구청,2026-04-06
09-3209,서울특별시 동작구 동작대로25길 10,사당동 708-594,37.48639668,126.9811768,2011-08-24,한전주,02-820-9923,서울특별시 동작구청,2026-04-06
09-3211,서울특별시 동작구 동작대로 109,사당동 145-2,37.48639674,126.9815386,2011-08-24,한전주,02-820-9923,서울특별시 동작구청,2026-04-06
09-3212,서울특별시 동작구 동작대로 109,사당동 145-2,37.48615347,126.9815302,2011-08-24,벽부주,02-820-9923,서울특별시 동작구청,2026-04-06
09-3213,서울특별시 동작구 동작대로27가길 22,사당동 137-7,37.48667373,126.9810919,2011-08-24,한전주,02-820-9923,서울특별시 동작구청,2026-04-06
09-3214,서울특별시 동작구 동작대로27가길6-4,사당동 139-88,37.48681112,126.9810099,2011-08-24,통신주,02-820-9923,서울특별시 동작구청,2026-04-06
09-3215,서울특별시 동작구 동작대로27가길 12,사당동 139-72,37.48706567,126.9810947,2011-08-24,한전주,02-820-9923,서울특별시 동작구청,2026-04-06
09-3216,서울특별시 동작구 동작대로27가길 11,사당동 139-71,37.48718957,126.9811738,2011-08-24,한전주,02-820-9923,서울특별시 동작구청,2026-04-06
09-3217,서울특별시 동작구 동작대로27가길 11,사당동 139-82,37.48710175,126.9813462,2011-08-24,한전주,02-820-9923,서울특별시 동작구청,2026-04-06
09-3218,서울특별시 동작구 동작대로27길 5,사당동 139-30,37.48718962,126.9815074,2011-08-24,한전주,02-820-9923,서울특별시 동작구청,2026-04-06
09-3219,서울특별시 동작구 동작대로27가길 6,사당동 139-1,37.48738548,126.9808119,2011-08-24,전용주,02-820-9923,서울특별시 동작구청,2026-04-06
09-3220,서울특별시 동작구 동작대로27가길 6,사당동 139-1,37.48722556,126.9808233,2011-08-24,한전주,02-820-9923,서울특별시 동작구청,2026-04-06
09-3221,서울특별시 동작구 동작대로27나길 15,사당동 139-86,37.48702058,126.9808346,2011-08-24,한전주,02-820-9923,서울특별시 동작구청,2026-04-06
09-3222,서울특별시 동작구 동작대로27가길 6-3,사당동 708-511,37.48675703,126.9808403,2011-08-24,전용주,02-820-9923,서울특별시 동작구청,2026-04-06
09-3223,서울특별시 동작구 동작대로27나길 21,사당동 138-1,37.48664885,126.9804786,2011-08-24,한전주,02-820-9923,서울특별시 동작구청,2026-04-06
09-3224,서울특별시 동작구 동작대로27다길 18,사당동 140-10,37.48680202,126.9804305,2011-08-24,한전주,02-820-9923,서울특별시 동작구청,2026-04-06
09-3225,서울특별시 동작구 동작대로27다길 10,사당동 140-8,37.48719846,126.980453,2011-08-24,한전주,02-820-9923,서울특별시 동작구청,2026-04-06
09-3226,서울특별시 동작구 동작대로27다길 10-6,사당동 140-14,37.4870858,126.9802495,2011-08-24,벽부주,02-820-9923,서울특별시 동작구청,2026-04-06
09-3227,서울특별시 동작구 동작대로27다길 10-8,사당동 140-15,37.48691911,126.9802241,2011-08-24,통신주,02-820-9923,서울특별시 동작구청,2026-04-06
09-3228,서울특별시 동작구 동작대로27다길 29,사당동 138-4,37.48641685,126.9805097,2011-08-24,한전주,02-820-9923,서울특별시 동작구청,2026-04-06
09-3229,서울특별시 동작구 동작대로27가길 20,사당동 138-1,37.48642815,126.9807528,2011-08-24,전용주,02-820-9923,서울특별시 동작구청,2026-04-06
09-3230,서울특별시 동작구 동작대로27다길 29,사당동 138-4,37.48618033,126.9804758,2011-08-24,한전주,02-820-9923,서울특별시 동작구청,2026-04-06
09-3231,서울특별시 동작구 동작대로27다길 31,사당동 142-1,37.48603165,126.9804024,2011-08-24,한전주,02-820-9923,서울특별시 동작구청,2026-04-06
09-3232,서울특별시 동작구 동작대로27다길 41,사당동 708-457,37.48584469,126.9803742,2011-08-24,전용주,02-820-9923,서울특별시 동작구청,2026-04-06
09-3233,서울특별시 동작구 동작대로25길 40,사당동 708-1164,37.48554734,126.9803064,2011-08-24,한전주,02-820-9923,서울특별시 동작구청,2026-04-06
09-3234,서울특별시 동작구 동작대로25길 33,사당동 144-1,37.48570732,126.9805919,2011-08-24,한전주,02-820-9923,서울특별시 동작구청,2026-04-06
09-3235,서울특별시 동작구 동작대로25길 30,사당동 735-1,37.48587402,126.9806738,2011-08-24,한전주,02-820-9923,서울특별시 동작구청,2026-04-06
09-3236,서울특별시 동작구 동작대로27가길 44,사당동 147-81,37.48555641,126.980623,2011-08-24,한전주,02-820-9923,서울특별시 동작구청,2026-04-06
09-3237,서울특별시 동작구 동작대로27가길 46-5,사당동 144-3,37.48539648,126.9806513,2011-08-24,통신주,02-820-9923,서울특별시 동작구청,2026-04-06
09-3238,서울특별시 동작구 동작대로25길 41,사당동 144-15,37.48532209,126.980298,2011-08-24,벽부주,02-820-9923,서울특별시 동작구청,2026-04-06
09-3239,서울특별시 동작구 사당로 297-6,사당동 144-12,37.48525002,126.9803856,2011-08-24,통신주,02-820-9923,서울특별시 동작구청,2026-04-06
09-3240,서울특별시 동작구 동작대로25길 51,사당동 148-21,37.48506299,126.9799673,2011-08-24,벽부주,02-820-9923,서울특별시 동작구청,2026-04-06
09-3241,서울특별시 동작구 동작대로25길 28,사당동 708-438,37.48524769,126.9799023,2011-08-24,한전주,02-820-9923,서울특별시 동작구청,2026-04-06
09-3242,서울특별시 동작구 동작대로25길 52-4,사당동 143-4,37.48527019,126.9797751,2011-08-24,통신주,02-820-9923,서울특별시 동작구청,2026-04-06
09-3243,서울특별시 동작구 동작대로27마길 18-3,사당동 142-37,37.48535575,126.9795772,2011-08-24,벽부주,02-820-9923,서울특별시 동작구청,2026-04-06
09-3244,서울특별시 동작구 동작대로25길 28,사당동 142-37,37.48534229,126.9798542,2011-08-24,전용주,02-820-9923,서울특별시 동작구청,2026-04-06
09-3245,서울특별시 동작구 동작대로27마길 14,사당동 708-437,37.48545944,126.9800096,2011-08-24,전용주,02-820-9923,서울특별시 동작구청,2026-04-06
09-3246,서울특별시 동작구 동작대로27마길 8,사당동 142-27,37.48563964,126.9799841,2011-08-24,전용주,02-820-9923,서울특별시 동작구청,2026-04-06
09-3247,서울특별시 동작구 동작대로27마길 8-6,사당동 142-25,37.48579277,126.9797354,2011-08-24,전용주,02-820-9923,서울특별시 동작구청,2026-04-06
09-3248,서울특별시 동작구 동작대로27마길 2,사당동 142-23,37.48590544,126.9799926,2022-05-09,한전주,02-820-9923,서울특별시 동작구청,2026-04-06
09-3249,서울특별시 동작구 동작대로27다길 26,사당동 142-8,37.48605864,126.9801762,2011-08-24,한전주,02-820-9923,서울특별시 동작구청,2026-04-06
09-3250,서울특별시 동작구 동작대로27다길 26,사당동 138-3,37.48628163,126.9801253,2011-08-24,벽부주,02-820-9923,서울특별시 동작구청,2026-04-06
09-3251,서울특별시 동작구 동작대로27다길 26,사당동 138-3,37.48646635,126.9801592,2011-08-24,벽부주,02-820-9923,서울특별시 동작구청,2026-04-06
09-3252,서울특별시 동작구 동작대로27라길 10,사당동 142-13,37.48607211,126.979919,2014-02-22,한전주,02-820-9923,서울특별시 동작구청,2026-04-06
09-3253,서울특별시 동작구 동작대로27라길 12,사당동 141-5,37.48607433,126.9797268,2011-08-24,전용주,02-820-9923,서울특별시 동작구청,2026-04-06
09-3254,서울특별시 동작구 동작대로27라길 13-3,사당동 141-25,37.48593464,126.9795035,2013-03-22,벽부주,02-820-9923,서울특별시 동작구청,2026-04-06
09-3255,서울특별시 동작구 동작대로27나길 30,사당동 141-1,37.48664204,126.980128,2011-08-24,통신주,02-820-9923,서울특별시 동작구청,2026-04-06
09-3256,서울특별시 동작구 동작대로27라길12,사당동 141-46,37.48614189,126.9796335,2011-08-24,통신주,02-820-9923,서울특별시 동작구청,2026-04-06
09-3257,서울특별시 동작구 동작대로27바길 8,사당동 141-14,37.48631761,126.9797267,2011-08-24,벽부주,02-820-9923,서울특별시 동작구청,2026-04-06
09-3258,서울특별시 동작구 동작대로27라길 6-9,사당동 141-2,37.48650909,126.9798256,2011-08-24,벽부주,02-820-9923,서울특별시 동작구청,2026-04-06
09-3259,서울특별시 동작구 동작대로27바길 16,사당동 141-19,37.48667127,126.9798256,2011-08-24,벽부주,02-820-9923,서울특별시 동작구청,2026-04-06
09-3260,서울특별시 동작구 동작대로27바길 6,사당동 141-15,37.48682445,126.9798877,2011-08-24,벽부주,02-820-9923,서울특별시 동작구청,2026-04-06
09-3261 ,서울특별시 동작구 동작대로27바길 22,사당동 140,37.48693033,126.9799386,2011-08-24,벽부주,02-820-9923,서울특별시 동작구청,2026-04-06
09-3262,서울특별시 동작구 동작대로27바길 26,사당동 708-513,37.48699115,126.9799866,2018-12-12,벽부주,02-820-9923,서울특별시 동작구청,2026-04-06
09-3263,서울특별시 동작구 동작대로27바길24,사당동 141-227,37.48711956,126.9800516,2011-08-24,벽부주,02-820-9923,서울특별시 동작구청,2026-04-06
09-3264,서울특별시 동작구 동작대로27다길 16,사당동 140-19,37.48718714,126.9800685,2011-08-24,벽부주,02-820-9923,서울특별시 동작구청,2026-04-06
09-3265,서울특별시 동작구 사당로29가길 52,사당동 140-1,37.48730878,126.9801194,2011-08-24,전용주,02-820-9923,서울특별시 동작구청,2026-04-06
09-3266,서울특별시 동작구 사당로29가길 50,사당동 141-168,37.48721641,126.9799865,2011-08-24,한전주,02-820-9923,서울특별시 동작구청,2026-04-06
09-3267,서울특별시 동작구 사당로29가길 46,사당동 141-227,37.48702493,126.9799103,2011-08-24,한전주,02-820-9923,서울특별시 동작구청,2026-04-06
09-3268,서울특별시 동작구 사당로29가길 36,사당동 141-170,37.4867884,126.9798029,2011-08-24,한전주,02-820-9923,서울특별시 동작구청,2026-04-06
09-3269,서울특별시 동작구 사당로29가길 34,사당동 141-43,37.48646852,126.9796815,2011-08-24,한전주,02-820-9923,서울특별시 동작구청,2026-04-06
09-3270,서울특별시 동작구 사당로29가길 28,사당동 141-45,37.48626803,126.9795911,2011-08-24,전용주,02-820-9923,서울특별시 동작구청,2026-04-06
09-3271,서울특별시 동작구 사당로29가길 20,사당동 141-22,37.48606529,126.9795007,2011-08-24,한전주,02-820-9923,서울특별시 동작구청,2026-04-06
09-3272,서울특별시 동작구 사당로29가길 20,사당동 141-22,37.4860698,126.9795713,2011-08-24,전용주,02-820-9923,서울특별시 동작구청,2026-04-06
09-3273,서울특별시 동작구 사당로29가길 14,사당동 141-11,37.48573864,126.9793509,2020-05-15,한전주,02-820-9923,서울특별시 동작구청,2026-04-06
09-3274,서울특별시 동작구 사당로29가길 12,사당동 141-228,37.48558771,126.9792775,2011-08-24,한전주,02-820-9923,서울특별시 동작구청,2026-04-06
09-3275,서울특별시 동작구 사당로29가길 8,사당동 141-22,37.48535118,126.9791673,2011-08-24,한전주,02-820-9923,서울특별시 동작구청,2026-04-06
09-3276,서울특별시 동작구 동작대로25길 52-14,사당동 141-22,37.48516196,126.9791193,2012-08-20,통신주,02-820-9923,서울특별시 동작구청,2026-04-06
09-3277,서울특별시 동작구 동작대로25길 52-12,사당동 143-2,37.48519353,126.979303,2011-08-24,통신주,02-820-9923,서울특별시 동작구청,2026-04-06
09-3278,서울특별시 동작구 동작대로25길 52-5,사당동 708-988,37.48510123,126.9796112,2011-08-24,전용주,02-820-9923,서울특별시 동작구청,2026-04-06
09-3279,서울특별시 동작구 사당로 291,사당동 708-1164,37.48500664,126.979713,2011-08-24,한전주,02-820-9923,서울특별시 동작구청,2026-04-06
09-3280,서울특별시 동작구 동작대로25길 60,사당동 708-632,37.48489172,126.9794755,2011-08-24,벽부주,02-820-9923,서울특별시 동작구청,2026-04-06
09-3281,서울특별시 동작구 동작대로25길 60-1,사당동 708-436,37.48478809,126.9794275,2011-08-24,한전주,02-820-9923,서울특별시 동작구청,2026-04-06
09-3282,서울특별시 동작구 동작대로25길 60,사당동 708-632,37.48484437,126.9792409,2011-08-24,벽부주,02-820-9923,서울특별시 동작구청,2026-04-06
09-3283,서울특별시 동작구 사당로29길 8,사당동 708-485,37.48490515,126.9790204,2011-08-24,한전주,02-820-9923,서울특별시 동작구청,2026-04-06
09-3284,서울특별시 동작구 사당로29길 8,사당동 141-28,37.48502904,126.9790374,2011-08-24,한전주,02-820-9923,서울특별시 동작구청,2026-04-06
09-3285,서울특별시 동작구 동작대로 129,사당동 86-9,37.48816953,126.9818661,2017-07-25,전용주,02-820-9923,서울특별시 동작구청,2026-04-06
09-3286,서울특별시 동작구 동작대로27길 6,사당동 133-15,37.48804789,126.9818548,2011-08-24,벽부주,02-820-9923,서울특별시 동작구청,2026-04-06
09-3287,서울특별시 동작구 동작대로29길 1,사당동 133-2,37.48794652,126.9818181,2011-08-24,벽부주,02-820-9923,서울특별시 동작구청,2026-04-06
09-3288,서울특별시 동작구 동작대로29길 8,사당동 708-659,37.48813121,126.9817474,2017-07-25,전용주,02-820-9923,서울특별시 동작구청,2026-04-06
09-3289,서울특별시 동작구 동작대로29길 8,사당동 708-659,37.48808387,126.981476,2017-07-25,전용주,02-820-9923,서울특별시 동작구청,2026-04-06
09-3290,서울특별시 동작구 동작대로29길 11,사당동 130-8,37.48797573,126.9813432,2017-07-25,전용주,02-820-9923,서울특별시 동작구청,2026-04-06
09-3291,서울특별시 동작구 동작대로29길 12,사당동 708-659,37.48807032,126.9812753,2017-07-25,한전주,02-820-9923,서울특별시 동작구청,2026-04-06
09-3292,서울특별시 동작구 동작대로29길 17,사당동 130-8,37.48802073,126.9810351,2017-07-25,한전주,02-820-9923,서울특별시 동작구청,2026-04-06
09-3293,서울특별시 동작구 동작대로29길 18,사당동 708-634,37.48808379,126.9809757,2017-07-25,전용주,02-820-9923,서울특별시 동작구청,2026-04-06
09-3294,서울특별시 동작구 동작대로27길20-4,사당동 132-14,37.48768057,126.9808288,2011-08-24,전용주,02-820-9923,서울특별시 동작구청,2026-04-06
09-3295,서울특별시 동작구 동작대로27길 28-7,사당동 139-68,37.48776384,126.9804104,2020-11-25,한전주,02-820-9923,서울특별시 동작구청,2026-04-06
09-3296,서울특별시 동작구 동작대로27길 28-10,사당동 130-22,37.4878044,126.9805065,2011-08-24,전용주,02-820-9923,서울특별시 동작구청,2026-04-06
09-3297,서울특별시 동작구 동작대로29길 29-4,사당동 139-80,37.487926,126.9802917,2011-08-24,전용주,02-820-9923,서울특별시 동작구청,2026-04-06
09-3298,서울특별시 동작구 동작대로29길 27,사당동 139-17,37.48808595,126.9804329,2017-07-25,한전주,02-820-9923,서울특별시 동작구청,2026-04-06
09-3299,서울특별시 동작구 동작대로27길38,사당동 129-11,37.48811743,126.980105,2015-02-12,벽부주,02-820-9923,서울특별시 동작구청,2026-04-06
09-3300,서울특별시 동작구 동작대로27길 40-4,사당동 129-9,37.487962,126.9800174,2011-08-24,벽부주,02-820-9923,서울특별시 동작구청,2026-04-06
09-3301,서울특별시 동작구 동작대로29길 34,사당동 128-2,37.48821653,126.98004,2017-07-25,한전주,02-820-9923,서울특별시 동작구청,2026-04-06
09-3302,서울특별시 동작구 동작대로29길 40,사당동 128-6,37.48827956,126.9797997,2017-07-25,전용주,02-820-9923,서울특별시 동작구청,2026-04-06
09-3303,서울특별시 동작구 동작대로27길 50,사당동 128-24,37.48804076,126.9795934,2011-08-24,한전주,02-820-9923,서울특별시 동작구청,2026-04-06
09-3304,서울특별시 동작구 동작대로27길 51,사당동 128-23,37.48803623,126.9794181,2011-08-24,전용주,02-820-9923,서울특별시 동작구청,2026-04-06
09-3305,서울특별시 동작구 동작대로27길 57,사당동 105-15,37.48798883,126.9788754,2011-08-24,한전주,02-820-9923,서울특별시 동작구청,2026-04-06
09-3306,서울특별시 동작구 동작대로27길 59-6,사당동 127-22,37.48817807,126.9790337,2011-08-24,한전주,02-820-9923,서울특별시 동작구청,2026-04-06
09-3307,서울특별시 동작구 동작대로27길 65,사당동 127-14,37.48833795,126.9787877,2011-08-24,벽부주,02-820-9923,서울특별시 동작구청,2026-04-06
09-3308,서울특별시 동작구 동작대로27길 68,사당동 127-38,37.48843704,126.9786859,2011-08-24,벽부주,02-820-9923,서울특별시 동작구청,2026-04-06
09-3309,서울특별시 동작구 동작대로29길 63-16,사당동 105-32,37.48803376,126.9782394,2011-08-24,한전주,02-820-9923,서울특별시 동작구청,2026-04-06
09-3311,서울특별시 동작구 동작대로29길 63-26,사당동 1136-1,37.48831073,126.9777333,2020-05-12,전용주,02-820-9923,서울특별시 동작구청,2026-04-06
09-3312,서울특별시 동작구 동잭대로27길 63-24,사당동 105,37.48815983,126.977821,2020-05-12,한전주,02-820-9923,서울특별시 동작구청,2026-04-06
09-3313,서울특별시 동작구 동잭대로27길 63-26,사당동 1136-5,37.48822963,126.9776683,2019-07-09,전용주,02-820-9923,서울특별시 동작구청,2026-04-06
09-3314,서울특별시 동작구 동작대로29길 63-26,사당동 1136-5,37.48831293,126.9774648,2020-05-12,한전주,02-820-9923,서울특별시 동작구청,2026-04-06
09-3315,서울특별시 동작구 동작대로29길 81,사당동 1136-5,37.48838048,126.9773517,2020-08-19,전용주,02-820-9923,서울특별시 동작구청,2026-04-06
09-3316,서울특별시 동작구 동작대로29길 81,사당동 1136-5,37.48842776,126.9772273,2011-08-24,벽부주,02-820-9923,서울특별시 동작구청,2026-04-06
09-3317,서울특별시 동작구 동작대로29길 81,사당동 1136-5,37.48849982,126.9770944,2020-12-10,벽부주,02-820-9923,서울특별시 동작구청,2026-04-06
09-3318,서울특별시 동작구 동작대로29길 81,사당동 1136-5,37.48861694,126.9770604,2011-08-24,전용주,02-820-9923,서울특별시 동작구청,2026-04-06
09-3319,서울특별시 동작구 동작대로29길 199,사당동 105,37.49086927,126.9760986,2011-08-24,한전주,02-820-9923,서울특별시 동작구청,2026-04-06
09-3320,서울특별시 동작구 동작대로29길 118,사당동 105-5,37.49024545,126.9767546,2011-08-24,전용주,02-820-9923,서울특별시 동작구청,2026-04-06
09-3321,서울특별시 동작구 동작대로29길 118,사당동 105-5,37.4904257,126.9769892,2011-08-24,전용주,02-820-9923,서울특별시 동작구청,2026-04-06
09-3322,서울특별시 동작구 동작대로29길 118,사당동 1137-1,37.49060144,126.9771927,2011-08-24,전용주,02-820-9923,서울특별시 동작구청,2026-04-06
09-3323,서울특별시 동작구 동작대로29길 118,사당동 1137-3,37.4907997,126.9774301,2011-08-24,전용주,02-820-9923,서울특별시 동작구청,2026-04-06
09-3324,서울특별시 동작구 동작대로29길 69,사당동 121-1,37.48861496,126.9785049,2011-08-24,한전주,02-820-9923,서울특별시 동작구청,2026-04-06
09-3325,서울특별시 동작구 동작대로29길 59,사당동 127-51,37.48863527,126.9787282,2011-08-24,벽부주,02-820-9923,서울특별시 동작구청,2026-04-06
09-3326,서울특별시 동작구 동작대로29길 57,사당동 127-3,37.48855198,126.9790109,2017-07-25,한전주,02-820-9923,서울특별시 동작구청,2026-04-06
09-3327,서울특별시 동작구 동작대로29길 69,사당동 105-2,37.48875689,126.9786151,2011-08-24,한전주,02-820-9923,서울특별시 동작구청,2026-04-06
09-3328,서울특별시 동작구 동작대로29길 52,사당동 105-12,37.48862633,126.9791155,2017-07-25,전용주,02-820-9923,서울특별시 동작구청,2026-04-06
09-3329,서울특별시 동작구 동작대로29길 53,사당동 128-10,37.48848444,126.9791806,2017-07-25,한전주,02-820-9923,서울특별시 동작구청,2026-04-06
09-3330,서울특별시 동작구 동작대로29길 47,사당동 128-4,37.48840338,126.9793559,2017-07-25,한전주,02-820-9923,서울특별시 동작구청,2026-04-06
09-3331,서울특별시 동작구 동작대로29길 46,사당동 128-12,37.48845702,126.9795701,2011-08-24,벽부주,02-820-9923,서울특별시 동작구청,2026-04-06
09-3333,서울특별시 동작구 동작대로29다길 7-6,사당동 91-105,37.48848683,126.9799721,2011-08-24,벽부주,02-820-9923,서울특별시 동작구청,2026-04-06
09-3334,서울특별시 동작구 동작대로29다길 8,사당동 91-133,37.48865805,126.9801756,2011-08-24,한전주,02-820-9923,서울특별시 동작구청,2026-04-06
09-3335,서울특별시 동작구 동작대로29다길 9,사당동 91-195,37.48861754,126.9804045,2011-08-24,벽부주,02-820-9923,서울특별시 동작구청,2026-04-06
09-3336,서울특별시 동작구 동작대로29다길 11,사당동 91-162,37.48861745,126.9798731,2011-08-24,통신주,02-820-9923,서울특별시 동작구청,2026-04-06
09-3337,서울특별시 동작구 동작대로29다길 16,사당동 91-122,37.48865571,126.9796385,2011-08-24,전용주,02-820-9923,서울특별시 동작구청,2026-04-06
09-3338,서울특별시 동작구 동작대로29길 52,사당동 105-12,37.48859483,126.9793049,2017-07-25,전용주,02-820-9923,서울특별시 동작구청,2026-04-06
09-3339,서울특별시 동작구 동작대로29길 52,사당동 105-12,37.48865565,126.9793219,2011-08-24,한전주,02-820-9923,서울특별시 동작구청,2026-04-06
09-3340,서울특별시 동작구 동작대로29길 52,사당동 91-126,37.48881108,126.9793275,2011-08-24,전용주,02-820-9923,서울특별시 동작구청,2026-04-06
09-3341,서울특별시 동작구 동작대로29라길 22,사당동 105-12,37.48889216,126.9792596,2011-08-24,한전주,02-820-9923,서울특별시 동작구청,2026-04-06
09-3342,서울특별시 동작구 동작대로29라길 22,사당동 105-11,37.48890115,126.9791437,2011-08-24,전용주,02-820-9923,서울특별시 동작구청,2026-04-06
09-3343,서울특별시 동작구 동작대로29라길 22,사당동 105-11,37.48896872,126.9791267,2011-08-24,전용주,02-820-9923,서울특별시 동작구청,2026-04-06
09-3344,서울특별시 동작구 동작대로29라길 19,사당동 91-124,37.48885843,126.9795932,2011-08-24,전용주,02-820-9923,서울특별시 동작구청,2026-04-06
09-3345,서울특별시 동작구 동작대로29라길 11,사당동 91-59,37.48884496,126.9799041,2011-08-24,한전주,02-820-9923,서울특별시 동작구청,2026-04-06
09-3346,서울특별시 동작구 동작대로29라길 7,사당동 91-131,37.48882474,126.9801897,2011-08-24,전용주,02-820-9923,서울특별시 동작구청,2026-04-06
09-3347,서울특별시 동작구 동작대로29나길 15,사당동 91-129,37.48882029,126.9805176,2011-08-24,전용주,02-820-9923,서울특별시 동작구청,2026-04-06
09-3348,서울특별시 동작구 동작대로31길 38,사당동 91-141,37.48914914,126.9804016,2011-08-24,한전주,02-820-9923,서울특별시 동작구청,2026-04-06
09-3349,서울특별시 동작구 동작대로31길 42,사당동 91-109,37.4891491,126.980198,2011-08-24,한전주,02-820-9923,서울특별시 동작구청,2026-04-06
09-3350,서울특별시 동작구 동작대로29나길 20,사당동 91-167,37.48899601,126.9806758,2011-08-24,한전주,02-820-9923,서울특별시 동작구청,2026-04-06
09-3351,서울특별시 동작구 동작대로29나길 20,사당동 91-167,37.48893293,126.980625,2011-08-24,한전주,02-820-9923,서울특별시 동작구청,2026-04-06
09-3352,서울특별시 동작구 동작대로29나길 14,사당동 91-175,37.48866262,126.9805883,2011-08-24,한전주,02-820-9923,서울특별시 동작구청,2026-04-06
09-3353,서울특별시 동작구 동작대로29나길 14,사당동 91-178,37.48862435,126.9806731,2011-08-24,벽부주,02-820-9923,서울특별시 동작구청,2026-04-06
09-3354,서울특별시 동작구 동작대로31길 27-13,사당동 91-173,37.48839912,126.9808625,2011-08-24,통신주,02-820-9923,서울특별시 동작구청,2026-04-06
09-3355,서울특별시 동작구 동작대로31길 27-9,사당동 91-171,37.4886424,126.9808738,2011-08-24,한전주,02-820-9923,서울특별시 동작구청,2026-04-06
09-3356,서울특별시 동작구 동작대로31길 27-3,사당동 91-169,37.4888136,126.9809416,2011-08-24,통신주,02-820-9923,서울특별시 동작구청,2026-04-06
09-3357,서울특별시 동작구 동작대로31길 27-2,사당동 91-153,37.4889848,126.9809585,2017-05-10,통신주,02-820-9923,서울특별시 동작구청,2026-04-06
09-3358,서울특별시 동작구 동작대로31길 23,사당동 88-6,37.48888796,126.9810886,2011-08-24,한전주,02-820-9923,서울특별시 동작구청,2026-04-06
09-3359,서울특별시 동작구 동작대로31길 17,사당동 89-6,37.48880467,126.9814137,2011-08-24,한전주,02-820-9923,서울특별시 동작구청,2026-04-06
09-3360,서울특별시 동작구 동작대로29가길 18,사당동 89-52,37.48870782,126.98149,2011-08-24,한전주,02-820-9923,서울특별시 동작구청,2026-04-06
09-3361,서울특별시 동작구 동작대로29가길 10,사당동 88-20,37.48842174,126.9813968,2011-08-24,한전주,02-820-9923,서울특별시 동작구청,2026-04-06
09-3362,서울특별시 동작구 동작대로29가길 6,사당동 88-18,37.488219,126.9813347,2020-05-14,벽부주,02-820-9923,서울특별시 동작구청,2026-04-06
09-3363,서울특별시 동작구 동작대로29가길 20,사당동 89-10,37.48883175,126.9817387,2011-08-24,한전주,02-820-9923,서울특별시 동작구청,2026-04-06
09-3364,서울특별시 동작구 동작대로31길 8,사당동 88-12,37.48870786,126.9817727,2011-08-24,전용주,02-820-9923,서울특별시 동작구청,2026-04-06
09-3365,서울특별시 동작구 동작대로31길 5,사당동 88-12,37.48857496,126.9817501,2011-08-24,전용주,02-820-9923,서울특별시 동작구청,2026-04-06
09-3366,서울특별시 동작구 동작대로31길 2,사당동 86-9,37.48848714,126.9818971,2011-08-24,전용주,02-820-9923,서울특별시 동작구청,2026-04-06
09-3367,서울특별시 동작구 동작대로35길 90-8,사당동 44-118,37.49311319,126.9782209,2021-05-28,벽부주,02-820-9923,서울특별시 동작구청,2026-04-06
09-3368,서울특별시 동작구 동작대로29가길 24,사당동 89-10,37.48893534,126.9815635,2011-08-24,한전주,02-820-9923,서울특별시 동작구청,2026-04-06
09-3369,서울특별시 동작구 동작대로29가길 26,사당동 88-6,37.48905246,126.9815097,2019-12-26,통신주,02-820-9923,서울특별시 동작구청,2026-04-06
09-3370,서울특별시 동작구 동작대로29가길 23-8,사당동 89-26,37.48903441,126.9813118,2011-08-24,벽부주,02-820-9923,서울특별시 동작구청,2026-04-06
09-3371,서울특별시 동작구 동작대로29가길 30,사당동 89-28,37.48927323,126.9816538,2011-08-24,한전주,02-820-9923,서울특별시 동작구청,2026-04-06
09-3372,서울특별시 동작구 동작대로33길 7,사당동 88-6,37.48947822,126.9817471,2011-08-24,한전주,02-820-9923,서울특별시 동작구청,2026-04-06
09-3373,서울특별시 동작구 동작대로33길 7,사당동 737-5,37.48950753,126.9819308,2011-08-24,전용주,02-820-9923,서울특별시 동작구청,2026-04-06
09-3374,서울특별시 동작구 동작대로33길 4,사당동 82-2,37.48954135,126.9821513,2011-08-24,전용주,02-820-9923,서울특별시 동작구청,2026-04-06
09-3375,서울특별시 동작구 동작대로33길 4-1,사당동 84-2,37.48968324,126.9820043,2011-08-24,한전주,02-820-9923,서울특별시 동작구청,2026-04-06
09-3376,서울특별시 동작구 동작대로33길 14,사당동 89-2,37.48966965,126.9815096,2011-08-24,한전주,02-820-9923,서울특별시 동작구청,2026-04-06
09-3377,서울특별시 동작구 동작대로29가길 31,사당동 89-40,37.48945113,126.9813852,2011-08-24,통신주,02-820-9923,서울특별시 동작구청,2026-04-06
09-3378,서울특별시 동작구 동작대로33길 13-8,사당동 89-40,37.48930696,126.9813174,2011-08-24,한전주,02-820-9923,서울특별시 동작구청,2026-04-06
09-3379,서울특별시 동작구 동작대로33길 13-9,사당동 90-3,37.48921233,126.9811309,2022-04-22,벽부주,02-820-9923,서울특별시 동작구청,2026-04-06
09-3380,서울특별시 동작구 동작대로33길 13-17,사당동 90-3,37.48946685,126.9810545,2011-08-24,벽부주,02-820-9923,서울특별시 동작구청,2026-04-06
09-3381,서울특별시 동작구 동작대로33길 13-21,사당동 90-3,37.48965832,126.9810884,2011-08-24,벽부주,02-820-9923,서울특별시 동작구청,2026-04-06
09-3382,서울특별시 동작구 동작대로33길 18,사당동 89-41,37.48980025,126.9812155,2022-12-01,한전주,02-820-9923,서울특별시 동작구청,2026-04-06
09-3383,서울특별시 동작구 동작대로33길 23,사당동 77-63,37.48985652,126.9809441,2011-08-24,한전주,02-820-9923,서울특별시 동작구청,2026-04-06
09-3384,서울특별시 동작구 동작대로33길 23,사당동 88-6,37.48992407,126.9808282,2011-08-24,한전주,02-820-9923,서울특별시 동작구청,2026-04-06
09-3385,서울특별시 동작구 동작대로29나길 32,사당동 77-67,37.48947581,126.9807266,2011-08-24,한전주,02-820-9923,서울특별시 동작구청,2026-04-06
09-3386,서울특별시 동작구 동작대로33길 28,사당동 77-60,37.49022367,126.9808847,2011-08-24,한전주,02-820-9923,서울특별시 동작구청,2026-04-06
09-3387,서울특별시 동작구 동작대로33다길 7-3,사당동 77-4,37.49031375,126.9807716,2011-08-24,벽부주,02-820-9923,서울특별시 동작구청,2026-04-06
09-3388,서울특별시 동작구 동작대로33다길 7-7,사당동 64-148,37.49034569,126.9805104,2011-08-24,전용주,02-820-9923,서울특별시 동작구청,2026-04-06
09-3389,서울특별시 동작구 동작대로35가길 21-7,사당동 75-6,37.49039701,126.9802853,2011-08-24,전용주,02-820-9923,서울특별시 동작구청,2026-04-06
09-3390,서울특별시 동작구 동작대로35가길 19,사당동 708-425,37.49065607,126.9803842,2011-08-24,한전주,02-820-9923,서울특별시 동작구청,2026-04-06
09-3391,서울특별시 동작구 동작대로35가길 15,사당동 708-425,37.49059306,126.9807348,2011-08-24,전용주,02-820-9923,서울특별시 동작구청,2026-04-06
09-3392,서울특별시 동작구 동작대로35가길 8,사당동 71-35,37.49071702,126.9812238,2011-08-24,한전주,02-820-9923,서울특별시 동작구청,2026-04-06
09-3393,서울특별시 동작구 동작대로33다길 12-3,사당동 737-1,37.49034988,126.9813002,2011-08-24,한전주,02-820-9923,서울특별시 동작구청,2026-04-06
09-3394,서울특별시 동작구 동작대로33나길 14-2,사당동 72-23,37.49044225,126.9814387,2011-08-24,전용주,02-820-9923,서울특별시 동작구청,2026-04-06
09-3395,서울특별시 동작구 동작대로33나길 12,사당동 72-3,37.49022602,126.9814783,2011-08-24,전용주,02-820-9923,서울특별시 동작구청,2026-04-06
09-3396,서울특별시 동작구 동작대로35길 5,사당동 79-44,37.49017197,126.9815999,2011-08-24,전용주,02-820-9923,서울특별시 동작구청,2026-04-06
09-3397,서울특별시 동작구 동작대로33나길 5,사당동 78-2,37.49004582,126.9815208,2011-08-24,한전주,02-820-9923,서울특별시 동작구청,2026-04-06
09-3398,서울특별시 동작구 동작대로33가길 9,사당동 84-8,37.48994675,126.9817554,2011-08-24,한전주,02-820-9923,서울특별시 동작구청,2026-04-06
09-3399,서울특별시 동작구 동작대로33가길 8,사당동 88-6,37.48982286,126.9817894,2011-08-24,한전주,02-820-9923,서울특별시 동작구청,2026-04-06
09-3400,서울특별시 동작구 동작대로 151-3,사당동 84-9,37.49001888,126.9820749,2011-08-24,한전주,02-820-9923,서울특별시 동작구청,2026-04-06
09-3401,서울특별시 동작구 동작대로 145-1,사당동 84-12,37.48988599,126.9821653,2011-08-24,전용주,02-820-9923,서울특별시 동작구청,2026-04-06
09-3402,서울특별시 동작구 동작대로33가길 11,사당동 79-44,37.49015398,126.9817695,2011-08-24,전용주,02-820-9923,서울특별시 동작구청,2026-04-06
09-3403,서울특별시 동작구 동작대로33가길 16-1,사당동 79-42,37.49016528,126.9820296,2011-08-24,통신주,02-820-9923,서울특별시 동작구청,2026-04-06
09-3404,서울특별시 동작구 동작대로33가길 17,사당동 72-11,37.49027787,126.9817751,2011-08-24,한전주,02-820-9923,서울특별시 동작구청,2026-04-06
09-3405,서울특별시 동작구 동작대로33가길 23,사당동 72-11,37.49059323,126.981809,2011-08-24,한전주,02-820-9923,서울특별시 동작구청,2026-04-06
09-3406,서울특별시 동작구 동작대로35길 5,사당동 72-11,37.49085229,126.9819616,2011-08-24,한전주,02-820-9923,서울특별시 동작구청,2026-04-06
09-3407,서울특별시 동작구 동작대로 157-4,사당동 79-54,37.49066312,126.9822471,2020-05-12,한전주,02-820-9923,서울특별시 동작구청,2026-04-06
09-3408,서울특별시 동작구 동작대로35길 18,사당동 39-18,37.49094682,126.9814386,2011-08-24,한전주,02-820-9923,서울특별시 동작구청,2026-04-06
09-3409,서울특별시 동작구 동작대로35길 22,사당동 39-12,37.49097833,126.9812859,2011-08-24,한전주,02-820-9923,서울특별시 동작구청,2026-04-06
09-3410,서울특별시 동작구 동작대로35가길 25,사당동 708-498,37.49070333,126.9801326,2011-08-24,한전주,02-820-9923,서울특별시 동작구청,2026-04-06
09-3411,서울특별시 동작구 동작대로35가길 30,사당동 71-43,37.49090153,126.9799686,2011-08-24,벽부주,02-820-9923,서울특별시 동작구청,2026-04-06
09-3412,서울특별시 동작구 동작대로35가길 35,사당동 64-143,37.49068299,126.9797029,2011-08-24,벽부주,02-820-9923,서울특별시 동작구청,2026-04-06
09-3413,서울특별시 동작구 동작대로33길 56,사당동 64-140,37.49073474,126.9794061,2011-08-24,통신주,02-820-9923,서울특별시 동작구청,2026-04-06
09-3414,서울특별시 동작구 동작대로35가길 40,사당동 69-17,37.49089018,126.979488,2011-08-24,전용주,02-820-9923,서울특별시 동작구청,2026-04-06
09-3415,서울특별시 동작구 동작대로35가길 47,사당동 69-10,37.49103657,126.9793438,2011-08-24,한전주,02-820-9923,서울특별시 동작구청,2026-04-06
09-3416,서울특별시 동작구 동작대로35가길 47,사당동 69-2,37.4911762,126.9792137,2011-08-24,전용주,02-820-9923,서울특별시 동작구청,2026-04-06
09-3417,서울특별시 동작구 동작대로35가길 49,사당동 708-498,37.49119646,126.9791515,2011-08-24,한전주,02-820-9923,서울특별시 동작구청,2026-04-06
09-3418,서울특별시 동작구 동작대로35가길 60,사당동 68-15,37.49153425,126.9786567,2011-08-24,한전주,02-820-9923,서울특별시 동작구청,2026-04-06
09-3419,서울특별시 동작구 동작대로35다길 9,사당동 66-7,37.49184064,126.9789224,2011-08-24,한전주,02-820-9923,서울특별시 동작구청,2026-04-06
09-3420,서울특별시 동작구 동작대로35다길 16,사당동 68-10,37.49185869,126.979075,2011-08-24,한전주,02-820-9923,서울특별시 동작구청,2026-04-06
09-3421,서울특별시 동작구 동작대로35다길 18,사당동 66-30,37.4920164,126.9792842,2011-08-24,전용주,02-820-9923,서울특별시 동작구청,2026-04-06
09-3422,서울특별시 동작구 동작대로35다길 20,사당동 66-7,37.49216511,126.9794877,2011-08-24,한전주,02-820-9923,서울특별시 동작구청,2026-04-06
09-3423,서울특별시 동작구 동작대로35길 67,사당동 67-6,37.49225741,126.9792021,2011-08-24,한전주,02-820-9923,서울특별시 동작구청,2026-04-06
09-3424,서울특별시 동작구 동작대로35다길 29 앞,사당동 57-98,37.49239027,126.9789929,2011-08-24,통신주,02-820-9923,서울특별시 동작구청,2026-04-06
09-3425,서울특별시 동작구 동작대로35다길 29,사당동 57-97,37.4922168,126.9788488,2011-08-24,한전주,02-820-9923,서울특별시 동작구청,2026-04-06
09-3426,서울특별시 동작구 동작대로35다길 37,사당동 57-95,37.49205683,126.9786255,2011-08-24,한전주,02-820-9923,서울특별시 동작구청,2026-04-06
09-3427,서울특별시 동작구 동작대로35다길 38,사당동 57-83,37.49219871,126.9784643,2011-08-24,전용주,02-820-9923,서울특별시 동작구청,2026-04-06
09-3428,서울특별시 동작구 동작대로35다길 46,사당동 57-89,37.49191712,126.9783202,2011-08-24,한전주,02-820-9923,서울특별시 동작구청,2026-04-06
09-3429,서울특별시 동작구 동작대로35가길 65,사당동 708-498,37.49163782,126.9783712,2011-08-24,한전주,02-820-9923,서울특별시 동작구청,2026-04-06
09-3430,서울특별시 동작구 동작대로35라길 7,사당동 57-54,37.49239012,126.9781646,2011-08-24,전용주,02-820-9923,서울특별시 동작구청,2026-04-06
09-3431,서울특별시 동작구 동작대로35가길 98-8,사당동 57-32,37.49271659,126.9773843,2011-08-24,전용주,02-820-9923,서울특별시 동작구청,2026-04-06
09-3432,서울특별시 동작구 동작대로29길 168,사당동 59-14,37.49238087,126.9768897,2011-08-24,벽부주,02-820-9923,서울특별시 동작구청,2026-04-06
09-3434,서울특별시 동작구 동작대로35길 100-13,사당동 산 9-1,37.49365142,126.9775593,2022-11-01,벽부주,02-820-9923,서울특별시 동작구청,2026-04-06
09-3435,서울특별시 동작구 동작대로35길 100-17,사당동 산 9-1,37.4937122,126.9773557,2022-11-01,벽부주,02-820-9923,서울특별시 동작구청,2026-04-06
09-3436,서울특별시 동작구 동작대로35길 100-17,사당동 산 9-1,37.49370992,126.9772087,2022-11-01,벽부주,02-820-9923,서울특별시 동작구청,2026-04-06
09-3437,서울특별시 동작구 동작대로39가길55,동작동 331,37.4939623,126.9777458,2020-05-07,전용주,02-820-9923,서울특별시 동작구청,2026-04-06
09-3438,서울특별시 동작구 동작대로39가길55,동작동 331,37.49417183,126.9779662,2020-05-07,전용주,02-820-9923,서울특별시 동작구청,2026-04-06
09-3439,서울특별시 동작구 동작대로39가길55,동작동 331,37.49439485,126.9780962,2020-05-07,전용주,02-820-9923,서울특별시 동작구청,2026-04-06
09-3441,서울특별시 동작구 동작대로35아길 19,사당동 44-133,37.49345787,126.9784894,2011-08-24,한전주,02-820-9923,서울특별시 동작구청,2026-04-06
09-3442,서울특별시 동작구 동작대로35아길 17,사당동 44-133,37.49332053,126.9788174,2011-08-24,한전주,02-820-9923,서울특별시 동작구청,2026-04-06
09-3443,서울특별시 동작구 동작대로35아길 11,사당동 44-133,37.49315839,126.9790436,2011-08-24,전용주,02-820-9923,서울특별시 동작구청,2026-04-06
09-3444,서울특별시 동작구 동작대로35아길 7,사당동 44-185,37.49300075,126.9792359,2011-08-24,전용주,02-820-9923,서울특별시 동작구청,2026-04-06
09-3445,서울특별시 동작구 동작대로35사길 3,사당동 43-70,37.49268539,126.9791935,2011-08-24,한전주,02-820-9923,서울특별시 동작구청,2026-04-06
09-3446,서울특별시 동작구 동작대로35사길 2,사당동 43-71,37.49254572,126.9791568,2011-08-24,한전주,02-820-9923,서울특별시 동작구청,2026-04-06
09-3447,서울특별시 동작구 동작대로35길 75,사당동 741-10,37.49262,126.9788374,2011-08-24,전용주,02-820-9923,서울특별시 동작구청,2026-04-06
09-3448,서울특별시 동작구 동작대로35자길 8,사당동 44-179,37.49299075,126.9787457,2011-08-24,한전주,02-820-9923,서울특별시 동작구청,2026-04-06
09-3449,서울특별시 동작구 동작대로35길 88,사당동 44-58,37.49285419,126.9784387,2011-08-24,한전주,02-820-9923,서울특별시 동작구청,2026-04-06
09-3450,서울특별시 동작구 동작대로35길 90-4,사당동 44-119,37.4929758,126.9782888,2011-08-24,벽부주,02-820-9923,서울특별시 동작구청,2026-04-06
09-3451,서울특별시 동작구 동작대로35길 95,사당동 57-5,37.49300276,126.9779213,2011-08-24,한전주,02-820-9923,서울특별시 동작구청,2026-04-06
09-3452,서울특별시 동작구 동작대로35사길 2,사당동 43-22,37.49239483,126.9793067,2011-08-24,전용주,02-820-9923,서울특별시 동작구청,2026-04-06
09-3453,서울특별시 동작구 동작대로35길 62,사당동 43-24,37.49232503,126.9794622,2011-08-24,전용주,02-820-9923,서울특별시 동작구청,2026-04-06
09-3454,서울특별시 동작구 동작대로35길 53,사당동 708-1117,37.49194215,126.9797563,2011-08-24,한전주,02-820-9923,서울특별시 동작구청,2026-04-06
09-3455,서울특별시 동작구 동작대로35길 39-1,사당동 70-35,37.49143318,126.9803444,2011-08-24,한전주,02-820-9923,서울특별시 동작구청,2026-04-06
09-3456,서울특별시 동작구 동작대로37길 13,동작동 산 4-2,37.49129373,126.9816166,2011-08-24,벽부주,02-820-9923,서울특별시 동작구청,2026-04-06
09-3457,서울특별시 동작구 동작대로37길 9,동작동 산 4-2,37.49123744,126.9817438,2011-08-24,벽부주,02-820-9923,서울특별시 동작구청,2026-04-06
09-3458,서울특별시 동작구 동작대로 171,사당동 산 1-1,37.49131186,126.9823261,2020-05-12,벽부주,02-820-9923,서울특별시 동작구청,2026-04-06
09-3459,서울특별시 동작구 동작대로 171,사당동 산 1-1,37.49151683,126.9822809,2020-05-12,전용주,02-820-9923,서울특별시 동작구청,2026-04-06
09-3460,서울특별시 동작구 동작대로 171,사당동 산 1-1,37.49174434,126.9823006,2020-05-12,전용주,02-820-9923,서울특별시 동작구청,2026-04-06
09-3461,서울특별시 동작구 동작대로39길 22 이수힐스테이트,동작동 333,37.49478074,126.9823706,2020-09-25,전용주,02-820-9923,서울특별시 동작구청,2026-04-06
09-3462,서울특별시 동작구 동작대로39길 22 이수힐스테이트,동작동 333-5,37.49481674,126.9821076,2020-09-25,전용주,02-820-9923,서울특별시 동작구청,2026-04-06
09-3463,서울특별시 동작구 동작대로39길 22 이수힐스테이트,동작동 333-5,37.49489105,126.9819408,2020-09-25,전용주,02-820-9923,서울특별시 동작구청,2026-04-06
09-3464,서울특별시 동작구 동작대로 207-4,동작동 산 18-6,37.49498568,126.9820737,2020-09-25,한전주,02-820-9923,서울특별시 동작구청,2026-04-06
09-3465,서울특별시 동작구 동작대로 207-6,동작동 산 18-6,37.49506674,126.9818927,2020-09-25,전용주,02-820-9923,서울특별시 동작구청,2026-04-06
09-3466,서울특별시 동작구 동작대로 207-14,동작동 산 18-6,37.49495633,126.9816638,2020-09-25,전용주,02-820-9923,서울특별시 동작구청,2026-04-06
09-3467,서울특별시 동작구 동작대로 207-21,동작동 산 18-6,37.49483464,126.9812963,2020-10-19,전용주,02-820-9923,서울특별시 동작구청,2026-04-06
09-3468,서울특별시 동작구 동작대로 207-20,동작동 산 18-6,37.49490675,126.9814941,2020-12-14,한전주,02-820-9923,서울특별시 동작구청,2026-04-06
09-3469,서울특별시 동작구 동작대로41길 2,동작동 102-17,37.49566822,126.9822912,2011-08-24,전용주,02-820-9923,서울특별시 동작구청,2026-04-06
09-3470,서울특별시 동작구 동작대로41길 2,동작동 102-17,37.49573353,126.9821611,2011-08-24,한전주,02-820-9923,서울특별시 동작구청,2026-04-06
09-3471,서울특별시 동작구 동작대로41길 7,동작동 102-17,37.49584162,126.9819576,2011-08-24,한전주,02-820-9923,서울특별시 동작구청,2026-04-06
09-3472,서울특별시 동작구 동작대로41길 7,동작동 102-42,37.4960466,126.9819943,2011-08-24,전용주,02-820-9923,서울특별시 동작구청,2026-04-06
09-3473,서울특별시 동작구 동작대로41길 8,동작동 102-40,37.49624707,126.9819518,2011-08-24,한전주,02-820-9923,서울특별시 동작구청,2026-04-06
09-3474,서울특별시 동작구 동작대로41길 10,동작동 102-38,37.49635742,126.9818161,2011-08-24,전용주,02-820-9923,서울특별시 동작구청,2026-04-06
09-3475,서울특별시 동작구 동작대로41길 12,동작동 102-36,37.49642496,126.981556,2011-08-24,한전주,02-820-9923,서울특별시 동작구청,2026-04-06
09-3476,서울특별시 동작구 동작대로41길 13,동작동 102-17,37.49638213,126.9813835,2011-08-24,전용주,02-820-9923,서울특별시 동작구청,2026-04-06
09-3477,서울특별시 동작구 동작대로41길 18,동작동 102-49,37.49647895,126.9811347,2011-08-24,전용주,02-820-9923,서울특별시 동작구청,2026-04-06
09-3478,서울특별시 동작구 동작대로41길 18-1,동작동 102-48,37.49649243,126.980917,2011-08-24,한전주,02-820-9923,서울특별시 동작구청,2026-04-06
09-3479,서울특별시 동작구 동작대로41길 20,동작동 102-47,37.49656223,126.9807389,2011-08-24,전용주,02-820-9923,서울특별시 동작구청,2026-04-06
09-3480,서울특별시 동작구 동작대로41길 21,동작동 102-17,37.4965532,126.9805919,2011-08-24,한전주,02-820-9923,서울특별시 동작구청,2026-04-06
09-3481,서울특별시 동작구 동작대로41길 23-13,동작동 102-69,37.4964383,126.980493,2011-08-24,한전주,02-820-9923,서울특별시 동작구청,2026-04-06
09-3482,서울특별시 동작구 동작대로41길 23-19,동작동 102-17,37.49656214,126.9801904,2020-10-19,한전주,02-820-9923,서울특별시 동작구청,2026-04-06
09-3483,서울특별시 동작구 동작대로41길 23-19,동작동 102-50,37.49670629,126.9801084,2011-08-24,전용주,02-820-9923,서울특별시 동작구청,2026-04-06
09-3484,서울특별시 동작구 동작대로41길24,동작동 102-46,37.49663879,126.9805806,2011-08-24,한전주,02-820-9923,서울특별시 동작구청,2026-04-06
09-3485,서울특별시 동작구 동작대로41길 26,동작동 102-44,37.49675364,126.9804279,2011-08-24,한전주,02-820-9923,서울특별시 동작구청,2026-04-06
09-3486,서울특별시 동작구 동작대로41길 27,동작동 102-11,37.49689101,126.9802299,2011-08-24,한전주,02-820-9923,서울특별시 동작구청,2026-04-06
09-3487,서울특별시 동작구 동작대로41길 30,동작동 102-11,37.49694733,126.9802356,2020-05-08,한전주,02-820-9923,서울특별시 동작구청,2026-04-06
09-3488,서울특별시 동작구 동작대로41길 27,동작동 102-12,37.49701039,126.9801677,2011-08-24,통신주,02-820-9923,서울특별시 동작구청,2026-04-06
09-3489,서울특별시 동작구 동작대로43길 35,동작동 102-7,37.49709603,126.9804532,2011-08-24,전용주,02-820-9923,서울특별시 동작구청,2026-04-06
09-3490,서울특별시 동작구 동작대로43길 35,동작동 329,37.49724472,126.9805804,2011-08-24,한전주,02-820-9923,서울특별시 동작구청,2026-04-06
09-3491,서울특별시 동작구 동작대로43길 35,동작동 329,37.49710734,126.9807416,2011-08-24,통신주,02-820-9923,서울특별시 동작구청,2026-04-06
09-3492,서울특별시 동작구 동작대로43길 31,동작동 102-17,37.49691364,126.9808689,2011-08-24,한전주,02-820-9923,서울특별시 동작구청,2026-04-06
09-3493,서울특별시 동작구 동작대로43길 23,동작동 102-90,37.49690918,126.9811403,2011-08-24,한전주,02-820-9923,서울특별시 동작구청,2026-04-06
09-3494,서울특별시 동작구 동작대로43길 19,동작동 102,37.49686419,126.981505,2011-08-24,통신주,02-820-9923,서울특별시 동작구청,2026-04-06
09-3495,서울특별시 동작구 동작대로43길 15,동작동 102-28,37.49676511,126.9817142,2011-08-24,한전주,02-820-9923,서울특별시 동작구청,2026-04-06
09-3496,서울특별시 동작구 동작대로43길 11,동작동 102-17,37.49672686,126.9819828,2011-08-24,한전주,02-820-9923,서울특별시 동작구청,2026-04-06
09-3497,서울특별시 동작구 동작대로43길 3,동작동 102-84,37.49661877,126.9821637,2011-08-24,벽부주,02-820-9923,서울특별시 동작구청,2026-04-06
09-3498,서울특별시 동작구 동작대로43길 1,동작동 102-1,37.49642961,126.9825398,2020-05-08,한전주,02-820-9923,서울특별시 동작구청,2026-04-06
09-3500,서울특별시 동작구 동작대로 239,동작동 89-6,37.49812361,126.983249,2011-08-24,전용주,02-820-9923,서울특별시 동작구청,2026-04-06
09-3501,서울특별시 동작구 동작대로27마길 2,사당동 142-23,37.48602482,126.9799897,2011-08-24,전용주,02-820-9923,서울특별시 동작구청,2026-04-06
09-3502,서울특별시 동작구 동작대로27길 20-7,사당동 130-17,37.48782697,126.9807864,2021-07-19,전용주,02-820-9923,서울특별시 동작구청,2026-04-06
09-3503,서울특별시 동작구 동작대로 35길 77-1,사당동 57-123,37.4924781,126.9788883,2021-09-27,벽부주,02-820-9923,서울특별시 동작구청,2026-04-06
09-3504,서울특별시 동작구 ,사당동 139-80,37.4878404,126.9802775,2021-10-15,벽부주,02-820-9923,서울특별시 동작구청,2026-04-06
09-3505,서울특별시 동작구 동작대로29길 172-2,사당동 59-15,37.49229305,126.9770452,2022-02-04,벽부주,02-820-9923,서울특별시 동작구청,2026-04-06
09-3506,서울특별시 동작구 동작대로29길214,사당동 산9-1,37.49463363,126.9781498,2022-06-21,한전주,02-820-9923,서울특별시 동작구청,2026-04-06
09-3507,서울특별시 동작구 동작대로39가길83,동작동 59-1,37.4947597,126.9777766,2022-05-25,한전주,02-820-9923,서울특별시 동작구청,2026-04-06
09-3508,서울특별시 동작구 동작대로39가길83,동작동 59-1,37.49493085,126.9775645,2022-06-21,한전주,02-820-9923,서울특별시 동작구청,2026-04-06
09-3509,서울특별시 동작구 동작대로35아길19,사당동 44-148,37.49338581,126.9786053,2022-06-03,통신주,02-820-9923,서울특별시 동작구청,2026-04-06
09-3510,서울특별시 동작구 동작대로35아길15,사당동 44-134,37.49324846,126.9788711,2022-05-30,통신주,02-820-9923,서울특별시 동작구청,2026-04-06
09-3511,서울특별시 동작구 동작대로35길71,사당동 67-3,37.4925502,126.9789702,2022-05-30,통신주,02-820-9923,서울특별시 동작구청,2026-04-06
09-3512,서울특별시 동작구 동작대로29길 195,사당동 산 10-30,37.49353628,126.9762561,2011-08-24,전용주,02-820-9923,서울특별시 동작구청,2026-04-06
09-3513,서울특별시 동작구 산10-30,사당동 산 9-1,37.49369175,126.9764737,2022-10-12,전용주,02-820-9923,서울특별시 동작구청,2026-04-06
09-3514,서울특별시 동작구 동작대로33길 44,사당동 64-146,37.49027084,126.9801129,2023-03-10,통신주,02-820-9923,서울특별시 동작구청,2026-04-06
09-3515,서울특별시 동작구 동작대로207,동작동 산 18-6,37.49509833,126.9822715,2023-05-16,전용주,02-820-9923,서울특별시 동작구청,2026-04-06
09-3516,서울특별시 동작구 동작대로35아길 32-7,동작동 44-46,37.49369424,126.9776695,2023-06-29,벽부주,02-820-9923,서울특별시 동작구청,2026-04-06
09-3517,서울특별시 동작구 동작대로29다길 7-8,사당동 91-105,37.48842829,126.9801332,2024-02-15,벽부주,02-820-9923,서울특별시 동작구청,2026-04-06
09-3518,서울특별시 동작구 동작대로35길 100-13,사당동 산 9-1,37.49362662,126.9774716,2024-10-29,전용주,02-820-9923,서울특별시 동작구청,2026-04-06
09-3519,서울특별시 동작구 동작대로27라길 6-11,사당동 142-10,37.48636721,126.9800179,2025-02-17,벽부주,02-820-9923,서울특별시 동작구청,2026-04-06
09-3520,서울특별시 동작구 동작대로35길 93,사당동 57-11,37.49293746,126.9780174,2025-10-23,통신주,02-820-9923,서울특별시 동작구청,2026-04-06
09-3521,서울특별시 동작구 동작대로35다길 43,사당동 57-94,37.49195094,126.9784955,2025-10-28,벽부주,02-820-9923,서울특별시 동작구청,2026-04-06
09-3522,서울특별시 동작구 동작대로35사길 2,사당동 1161-2,37.49269667,126.9793349,2026-02-04,한전주,02-820-9923,서울특별시 동작구청,2026-04-06
09-401,서울특별시 동작구 동작대로35차길 12-1,사당동 51,37.49360168,126.9766349,2021-10-15,전용주,02-820-9923,서울특별시 동작구청,2026-04-06
09-416,서울특별시 동작구 ,사당동 43-54,37.49291518,126.9794112,2021-06-14,전용주,02-820-9923,서울특별시 동작구청,2026-04-06
09-517,서울특별시 동작구 동작대로39길 38,동작동 333-6,37.49374887,126.9809319,2022-08-08,한전주,02-820-9923,서울특별시 동작구청,2026-04-06
01-017,서울특별시 동작구 ,신대방동 1064-3,37.4852434,126.9030419,2020-11-18,벽부주,02-820-9923,서울특별시 동작구청,2026-04-06
10-1100,서울특별시 동작구 ,사당동 265-16,37.48374169,126.9732658,2022-12-08,통신주,02-820-9923,서울특별시 동작구청,2026-04-06
01-1102,서울특별시 동작구 ,신대방동 1064-3,37.48523449,126.903155,2020-11-18,벽부주,02-820-9923,서울특별시 동작구청,2026-04-06
01-1103,서울특별시 동작구 ,신대방동 1064-3,37.48521657,126.9032794,2020-11-18,벽부주,02-820-9923,서울특별시 동작구청,2026-04-06
10-3002,서울특별시 동작구 사당로17나길 6-4,사당동 257-28,37.48425528,126.9733504,2011-08-24,전용주,02-820-9923,서울특별시 동작구청,2026-04-06
10-3003,서울특별시 동작구 사당로17라길 3-8,사당동 259-7,37.48534596,126.9728624,2011-08-24,전용주,02-820-9923,서울특별시 동작구청,2026-04-06
10-3004,서울특별시 동작구 사당로17길 49-12,사당동 258-3,37.48516065,126.9726858,2011-08-24,전용주,02-820-9923,서울특별시 동작구청,2026-04-06
10-3005,서울특별시 동작구 사당로17다길 8-10,사당동 257-6,37.48482506,126.9728612,2011-08-24,전용주,02-820-9923,서울특별시 동작구청,2026-04-06
10-3006,서울특별시 동작구 사당로13길 38-1,사당동 262-3,37.48579178,126.9721244,2011-08-24,통신주,02-820-9923,서울특별시 동작구청,2026-04-06
10-3007,서울특별시 동작구 사당로13길 38-10,사당동 262-10,37.4858459,126.9723675,2011-08-24,전용주,02-820-9923,서울특별시 동작구청,2026-04-06
10-3008,서울특별시 동작구 사당로13길 48-13,사당동 263-10,37.48655968,126.9716874,2011-08-24,전용주,02-820-9923,서울특별시 동작구청,2026-04-06
10-3009,서울특별시 동작구 사당로13길 31,사당동 1131-5,37.48615658,126.9716353,2020-05-21,전용주,02-820-9923,서울특별시 동작구청,2026-04-06
10-3010,서울특별시 동작구 사당로9라길 42,사당동 산 25-2,37.48772384,126.9696701,2011-08-24,전용주,02-820-9923,서울특별시 동작구청,2026-04-06
10-3011,서울특별시 동작구 사당로9라길 25,사당동 220-67,37.48721433,126.9701296,2011-08-24,전용주,02-820-9923,서울특별시 동작구청,2026-04-06
10-3012,서울특별시 동작구 사당로9다길 24-7,사당동 220-116,37.48693333,126.9701679,2011-08-24,전용주,02-820-9923,서울특별시 동작구청,2026-04-06
10-3013,서울특별시 동작구 사당로9길 11-10,사당동 220-21,37.48652576,126.9706825,2011-08-24,전용주,02-820-9923,서울특별시 동작구청,2026-04-06
10-3014,서울특별시 동작구 사당로9길 11-5,사당동 220-179,37.48622847,126.970889,2011-08-24,전용주,02-820-9923,서울특별시 동작구청,2026-04-06
10-3015,서울특별시 동작구 사당로9라길 10,사당동 220-156,37.48658154,126.9708168,2011-08-24,전용주,02-820-9923,서울특별시 동작구청,2026-04-06
10-3016,서울특별시 동작구 사당로9나길 27,사당동 220-6,37.48696244,126.9694951,2011-08-24,전용주,02-820-9923,서울특별시 동작구청,2026-04-06
10-3017,서울특별시 동작구 사당로 181-7,사당동 219-27,37.48645494,126.9690021,2011-08-24,전용주,02-820-9923,서울특별시 동작구청,2026-04-06
10-3018,서울특별시 동작구 사당로9길 1-6,사당동 220-51,37.48553671,126.9699254,2011-08-24,전용주,02-820-9923,서울특별시 동작구청,2026-04-06
10-3019,서울특별시 동작구 사당로 165,사당동 1135-1,37.48720026,126.9680152,2011-08-24,전용주,02-820-9923,서울특별시 동작구청,2026-04-06
10-3020,서울특별시 동작구 사당로 165,사당동 1135-1,37.48696822,126.9679136,2011-08-24,전용주,02-820-9923,서울특별시 동작구청,2026-04-06
10-3021,서울특별시 동작구 사당로 165,사당동 1135,37.4873985,126.9680943,2011-08-24,전용주,02-820-9923,서울특별시 동작구청,2026-04-06
10-3022,서울특별시 동작구 사당로9가길 58,사당동 1134,37.48748413,126.9682299,2011-08-24,전용주,02-820-9923,서울특별시 동작구청,2026-04-06
10-3023,서울특별시 동작구 사당로9가길 58,사당동 209-16,37.48725895,126.9684788,2011-08-24,전용주,02-820-9923,서울특별시 동작구청,2026-04-06
10-3024,서울특별시 동작구 사당로9가길 58,사당동 209-16,37.48713737,126.9686937,2020-12-29,전용주,02-820-9923,서울특별시 동작구청,2026-04-06
10-3025,서울특별시 동작구 사당로9가길 58,사당동 209-16,37.48704512,126.9690979,2020-12-28,전용주,02-820-9923,서울특별시 동작구청,2026-04-06
10-3026,서울특별시 동작구 사당로 165,사당동 1134-1,37.48775206,126.9677945,2011-08-24,전용주,02-820-9923,서울특별시 동작구청,2026-04-06
10-3027,서울특별시 동작구 사당로9가길 81,사당동 1134,37.48802452,126.967441,2011-08-24,한전주,02-820-9923,서울특별시 동작구청,2026-04-06
10-3028,서울특별시 동작구 사당로23바길 38,사당동 산 22-21,37.49064916,126.9691134,2011-08-24,한전주,02-820-9923,서울특별시 동작구청,2026-04-06
10-3030,서울특별시 동작구 사당로23사길 5,사당동 175-49,37.49041523,126.9704308,2011-08-24,전용주,02-820-9923,서울특별시 동작구청,2026-04-06
10-3032,서울특별시 동작구 사당로23사길 38,사당동 180-44,37.49114465,126.9689012,2011-08-24,전용주,02-820-9923,서울특별시 동작구청,2026-04-06
10-3033,서울특별시 동작구 사당로23아길 62,사당동 180-4,37.49245765,126.9680526,2011-08-24,전용주,02-820-9923,서울특별시 동작구청,2026-04-06
10-3035,서울특별시 동작구 사당로23길 194-14,사당동 176-21,37.49096507,126.9713183,2011-08-24,전용주,02-820-9923,서울특별시 동작구청,2026-04-06
10-3036,서울특별시 동작구 사당로27길 190,사당동 176-26,37.49073534,126.9714456,2011-08-24,전용주,02-820-9923,서울특별시 동작구청,2026-04-06
10-3037,서울특별시 동작구 사당로27길 190,사당동 1149,37.49057757,126.971081,2011-08-24,전용주,02-820-9923,서울특별시 동작구청,2026-04-06
10-3038,서울특별시 동작구 사당로27길 190,사당동 1149,37.49042885,126.9708634,2011-08-24,전용주,02-820-9923,서울특별시 동작구청,2026-04-06
10-3039,서울특별시 동작구 사당로23아길 39,사당동 180-36,37.49168748,126.9687964,2011-08-24,벽부주,02-820-9923,서울특별시 동작구청,2026-04-06
10-3040,서울특별시 동작구 사당로23길 235,사당동 180-90,37.49198714,126.9690507,2011-08-24,전용주,02-820-9923,서울특별시 동작구청,2026-04-06
10-3041,서울특별시 동작구 사당로23길 216-4,사당동 180-98,37.49148276,126.9697604,2011-08-24,전용주,02-820-9923,서울특별시 동작구청,2026-04-06
10-3042,서울특별시 동작구 사당로23길 208,사당동 178-33,37.49131166,126.9701365,2011-08-24,전용주,02-820-9923,서울특별시 동작구청,2026-04-06
10-3043,서울특별시 동작구 사당로23길 164,사당동 170-1,37.48961137,126.9716015,2011-08-24,전용주,02-820-9923,서울특별시 동작구청,2026-04-06
10-3044,서울특별시 동작구 사당로27길 181,사당동 170-2,37.48976912,126.9719067,2019-02-27,전용주,02-820-9923,서울특별시 동작구청,2026-04-06
10-3045,서울특별시 동작구 사당로27길181,사당동 170-1,37.48992234,126.9721272,2011-08-24,전용주,02-820-9923,서울특별시 동작구청,2026-04-06
10-3046,서울특별시 동작구 사당로27길 181,사당동 1132,37.49026698,126.9721327,2011-08-24,전용주,02-820-9923,서울특별시 동작구청,2026-04-06
10-3047,서울특별시 동작구 사당로27길 181,사당동 708-526,37.49041557,126.9718188,2011-08-24,전용주,02-820-9923,서울특별시 동작구청,2026-04-06
10-3048,서울특별시 동작구 사당로27길 181,사당동 1132,37.49047191,126.9719206,2011-08-24,전용주,02-820-9923,서울특별시 동작구청,2026-04-06
10-3049,서울특별시 동작구 사당로27길 190,사당동 1132,37.49072639,126.971683,2011-08-24,전용주,02-820-9923,서울특별시 동작구청,2026-04-06
10-3050,서울특별시 동작구 사당로27길 181,사당동 708-526,37.49070383,126.9715587,2011-08-24,전용주,02-820-9923,서울특별시 동작구청,2026-04-06
10-3055,서울특별시 동작구 사당로29다길 85,사당동 162-30,37.48781256,126.975896,2011-08-24,전용주,02-820-9923,서울특별시 동작구청,2026-04-06
10-3056,서울특별시 동작구 사당로29다길 81,사당동 105-18,37.48762566,126.9761618,2011-08-24,전용주,02-820-9923,서울특별시 동작구청,2026-04-06
10-3058,서울특별시 동작구 사당로29다길 77,사당동 105-18,37.487459,126.9763343,2011-08-24,전용주,02-820-9923,서울특별시 동작구청,2026-04-06
10-3059,서울특별시 동작구 사당로29다길 69,사당동 162-35,37.48717073,126.9765973,2011-08-24,전용주,02-820-9923,서울특별시 동작구청,2026-04-06
10-3060,서울특별시 동작구 사당로29다길 61,사당동 161-31,37.48694777,126.9767698,2011-08-24,전용주,02-820-9923,서울특별시 동작구청,2026-04-06
10-3061,서울특별시 동작구 사당로29다길 48,사당동 141-254,37.48679926,126.9775896,2011-08-24,전용주,02-820-9923,서울특별시 동작구청,2026-04-06
10-3062,서울특별시 동작구 사당로29다길 35,사당동 141-22,37.48647498,126.9780222,2011-08-24,전용주,02-820-9923,서울특별시 동작구청,2026-04-06
10-3063,서울특별시 동작구 사당로29다길 32-5,사당동 141-105,37.48655611,126.9782596,2011-08-24,전용주,02-820-9923,서울특별시 동작구청,2026-04-06
10-3064,서울특별시 동작구 사당로29다길 20,사당동 141-244,37.48663277,126.9786497,2011-08-24,전용주,02-820-9923,서울특별시 동작구청,2026-04-06
10-3065,서울특별시 동작구 사당로29다길 20,사당동 141-109,37.48674539,126.9786355,2011-08-24,전용주,02-820-9923,서울특별시 동작구청,2026-04-06
10-3066,서울특별시 동작구 사당로29다길 20,사당동 141-109,37.48672959,126.9784461,2011-08-24,전용주,02-820-9923,서울특별시 동작구청,2026-04-06
10-3067,서울특별시 동작구 사당로29다길 16,사당동 141-239,37.48681526,126.9788447,2011-08-24,전용주,02-820-9923,서울특별시 동작구청,2026-04-06
10-3068,서울특별시 동작구 사당로29길 46-3,사당동 161-59,37.48624289,126.9775784,2011-08-24,전용주,02-820-9923,서울특별시 동작구청,2026-04-06
10-3069,서울특별시 동작구 사당로29라길 23,사당동 141-22,37.48617537,126.9779177,2011-08-24,전용주,02-820-9923,서울특별시 동작구청,2026-04-06
10-3070,서울특별시 동작구 사당로29라길 21,사당동 141-22,37.48608081,126.9781693,2011-08-24,전용주,02-820-9923,서울특별시 동작구청,2026-04-06
10-3071,서울특별시 동작구 사당로29길 28-11,사당동 141-22,37.48609438,126.9784322,2011-08-24,전용주,02-820-9923,서울특별시 동작구청,2026-04-06
10-3072,서울특별시 동작구 사당로29다길 12,사당동 141-233,37.48672519,126.9790341,2011-08-24,전용주,02-820-9923,서울특별시 동작구청,2026-04-06
10-3073,서울특별시 동작구 사당로29가길 25,사당동 141-68,37.48619366,126.9794073,2011-08-24,전용주,02-820-9923,서울특별시 동작구청,2026-04-06
10-3074,서울특별시 동작구 사당로29나길 3-4,사당동 141-182,37.4855358,126.9786895,2011-08-24,전용주,02-820-9923,서울특별시 동작구청,2026-04-06
10-3075,서울특별시 동작구 사당로29길 29,사당동 141-22,37.48565506,126.9780168,2011-08-24,전용주,02-820-9923,서울특별시 동작구청,2026-04-06
10-3076,서울특별시 동작구 사당로29길 34,사당동 141-130,37.48579471,126.9779658,2011-08-24,전용주,02-820-9923,서울특별시 동작구청,2026-04-06
10-3077,서울특별시 동작구 사당로29길 37,사당동 141-22,37.48579017,126.9777934,2011-08-24,전용주,02-820-9923,서울특별시 동작구청,2026-04-06
10-3078,서울특별시 동작구 사당로29길 51,사당동 161-25,37.48621128,126.977211,2011-08-24,전용주,02-820-9923,서울특별시 동작구청,2026-04-06
10-3079,서울특별시 동작구 사당로29길 84,사당동 162-79,37.48729675,126.9759556,2011-08-24,전용주,02-820-9923,서울특별시 동작구청,2026-04-06
10-3080,서울특별시 동작구 사당로29길 90,사당동 162-95,37.487594,126.975588,2011-08-24,전용주,02-820-9923,서울특별시 동작구청,2026-04-06
10-3085,서울특별시 동작구 사당로25길 12,사당동 156-18,37.48467064,126.9776609,2011-08-24,전용주,02-820-9923,서울특별시 동작구청,2026-04-06
10-3086,서울특별시 동작구 사당로27가길 12,사당동 150-16,37.48469554,126.9782969,2011-08-24,전용주,02-820-9923,서울특별시 동작구청,2026-04-06
10-3087,서울특별시 동작구 사당로 279,사당동 152-2,37.48444554,126.9784637,2011-08-24,전용주,02-820-9923,서울특별시 동작구청,2026-04-06
10-3088,서울특별시 동작구 사당로 275-15,사당동 154-5,37.48474727,126.9779096,2011-08-24,전용주,02-820-9923,서울특별시 동작구청,2026-04-06
10-3089,서울특별시 동작구 사당로27길 94-3,사당동 708-524,37.48739792,126.9750397,2011-08-24,한전주,02-820-9923,서울특별시 동작구청,2026-04-06
10-3090,서울특별시 동작구 사당로27길 58-5,사당동 161-75,37.48630355,126.9767954,2021-02-18,벽부주,02-820-9923,서울특별시 동작구청,2026-04-06
10-3091,서울특별시 동작구 사당로29나길 7,사당동 141-93,37.4856552,126.978763,2023-09-25,통신주,02-820-9923,서울특별시 동작구청,2026-04-06
10-3100,서울특별시 동작구 사당로23사길38,사당동 180-39,37.49121673,126.9688899,2020-03-06,통신주,02-820-9923,서울특별시 동작구청,2026-04-06
10-3127,서울특별시 동작구 사당로27길 190,사당동 708-526,37.49093582,126.9714625,2011-08-24,전용주,02-820-9923,서울특별시 동작구청,2026-04-06
10-3128,서울특별시 동작구 사당로27길 190-9,사당동 176-26,37.4906587,126.9712392,2011-08-24,한전주,02-820-9923,서울특별시 동작구청,2026-04-06
10-3129,서울특별시 동작구 사당로23길 190-3,사당동 1149,37.49050544,126.9708605,2011-08-24,한전주,02-820-9923,서울특별시 동작구청,2026-04-06
10-3130,서울특별시 동작구 사당로29라길 16,사당동 141-117,37.48621601,126.9783925,2011-08-24,전용주,02-820-9923,서울특별시 동작구청,2026-04-06
10-3131,서울특별시 동작구 사당로29나길 32,사당동 141-73,37.48657205,126.9792037,2011-08-24,전용주,02-820-9923,서울특별시 동작구청,2026-04-06
10-3132,서울특별시 동작구 사당로27길 94,사당동 162-101,37.48737997,126.9753704,2011-08-24,전용주,02-820-9923,서울특별시 동작구청,2026-04-06
10-3133,서울특별시 동작구 사당로23길 137,사당동 169-8,37.4886249,126.9721616,2011-08-24,벽부주,02-820-9923,서울특별시 동작구청,2026-04-06
10-3138,서울특별시 동작구 사당로23길 200,사당동 176-18,37.49109331,126.9707302,2011-08-24,벽부주,02-820-9923,서울특별시 동작구청,2026-04-06
10-3144,서울특별시 동작구 사당로9라길 31,사당동 220-65,37.48719007,126.9699558,2011-08-24,전용주,02-820-9923,서울특별시 동작구청,2026-04-06
10-3145,서울특별시 동작구 사당로9나길 27,사당동 220-6,37.48692643,126.9695997,2011-08-24,전용주,02-820-9923,서울특별시 동작구청,2026-04-06
10-3149,서울특별시 동작구 사당로27길 205,사당동 176-50,37.49109567,126.9711345,2011-08-24,전용주,02-820-9923,서울특별시 동작구청,2026-04-06
10-3150,서울특별시 동작구 사당로27길 209,사당동 176-4,37.49129384,126.9709563,2011-08-24,전용주,02-820-9923,서울특별시 동작구청,2026-04-06
10-3151,서울특별시 동작구 사당로23길 214-13,사당동 178-31,37.49181617,126.9699271,2011-08-24,전용주,02-820-9923,서울특별시 동작구청,2026-04-06
10-3152,서울특별시 동작구 사당로27길 19-7,사당동 150-12,37.48483298,126.9785314,2011-08-24,전용주,02-820-9923,서울특별시 동작구청,2026-04-06
10-3157,서울특별시 동작구 사당로9다길 22,사당동 220-6,37.48677785,126.9699277,2018-11-30,전용주,02-820-9923,서울특별시 동작구청,2026-04-06
10-3158,서울특별시 동작구 사당로9길 17,사당동 1131-14,37.48633165,126.9713794,2020-03-12,전용주,02-820-9923,서울특별시 동작구청,2026-04-06
10-3159,서울특별시 동작구 사당로29길 9,사당동 150-5,37.48497043,126.978783,2011-08-24,전용주,02-820-9923,서울특별시 동작구청,2026-04-06
10-3160,서울특별시 동작구 사당로23가길 16,사당동 156-7,37.48483059,126.9777852,2011-08-24,전용주,02-820-9923,서울특별시 동작구청,2026-04-06
10-3164,서울특별시 동작구 사당로13길 70,사당동 220-160,37.4867979,126.9713057,2011-08-24,통신주,02-820-9923,서울특별시 동작구청,2026-04-06
10-3165,서울특별시 동작구 사당로13길 70,사당동 220-160,37.4869195,126.9711672,2011-08-24,전용주,02-820-9923,서울특별시 동작구청,2026-04-06
10-3166,서울특별시 동작구 사당로13길 70,사당동 220-160,37.48701859,126.9710682,2011-08-24,전용주,02-820-9923,서울특별시 동작구청,2026-04-06
10-3167,서울특별시 동작구 사당로13길 70,사당동 220-160,37.48709966,126.9709918,2011-08-24,전용주,02-820-9923,서울특별시 동작구청,2026-04-06
10-3169,서울특별시 동작구 사당로13길 87,사당동 220-138,37.48744471,126.9703741,2011-08-24,전용주,02-820-9923,서울특별시 동작구청,2026-04-06
10-3170,서울특별시 동작구 사당로13길 71,사당동 220-123,37.48688115,126.9709326,2011-08-24,전용주,02-820-9923,서울특별시 동작구청,2026-04-06
10-3171,서울특별시 동작구 사당로13길 64,사당동 220-94,37.48666499,126.9712379,2011-08-24,전용주,02-820-9923,서울특별시 동작구청,2026-04-06
10-3172,서울특별시 동작구 사당로9가길 34,사당동 219-16,37.48670726,126.9691518,2011-08-24,전용주,02-820-9923,서울특별시 동작구청,2026-04-06
10-3173,서울특별시 동작구 사당로9다길 16,사당동 220-25,37.48654535,126.9702175,2011-08-24,전용주,02-820-9923,서울특별시 동작구청,2026-04-06
10-3174,서울특별시 동작구 사당로9라길 15,사당동 220-19,37.48677577,126.9706118,2011-08-24,전용주,02-820-9923,서울특별시 동작구청,2026-04-06
10-3175,서울특별시 동작구 사당로9라길 26,사당동 220-144,37.48705053,126.9704279,2011-08-24,전용주,02-820-9923,서울특별시 동작구청,2026-04-06
10-3176,서울특별시 동작구 사당로9다길 28,사당동 220-88,37.48704136,126.969806,2011-08-24,전용주,02-820-9923,서울특별시 동작구청,2026-04-06
10-3177,서울특별시 동작구 사당로23사길 33-5,사당동 175-63,37.49101633,126.96915,2011-08-24,통신주,02-820-9923,서울특별시 동작구청,2026-04-06
10-3179,서울특별시 동작구 사당로27길 25,사당동 158-3,37.48510093,126.9779717,2017-05-31,통신주,02-820-9923,서울특별시 동작구청,2026-04-06
10-3203,서울특별시 동작구 사당로 253-4,사당동 324-13,37.48380534,126.9759821,2011-08-24,전용주,02-820-9923,서울특별시 동작구청,2026-04-06
10-3206,서울특별시 동작구 사당로17길 17,사당동 708-402,37.48391527,126.9738819,2011-08-24,한전주,02-820-9923,서울특별시 동작구청,2026-04-06
10-3207,서울특별시 동작구 사당로17가길 1,사당동 708-530,37.48384094,126.9738734,2011-08-24,벽부주,02-820-9923,서울특별시 동작구청,2026-04-06
10-3208,서울특별시 동작구 사당로27길 190,사당동 1132,37.48999223,126.9723759,2021-06-14,한전주,02-820-9923,서울특별시 동작구청,2026-04-06
10-3209,서울특별시 동작구 사당로17가길 8,사당동 708-403,37.48396249,126.9735116,2011-08-24,벽부주,02-820-9923,서울특별시 동작구청,2026-04-06
10-3210,서울특별시 동작구 사당로 227,사당동 708-530,37.48381823,126.9730537,2011-08-24,한전주,02-820-9923,서울특별시 동작구청,2026-04-06
10-3211,서울특별시 동작구 사당로 227,사당동 708-530,37.48382729,126.9732657,2011-08-24,한전주,02-820-9923,서울특별시 동작구청,2026-04-06
10-3212,서울특별시 동작구 사당로17나길 8,사당동 257-22,37.48423272,126.973161,2011-08-24,한전주,02-820-9923,서울특별시 동작구청,2026-04-06
10-3214,서울특별시 동작구 사당로17나길 10,사당동 257-28,37.48432055,126.9731044,2011-08-24,한전주,02-820-9923,서울특별시 동작구청,2026-04-06
10-3215,서울특별시 동작구 사당로17나길 10-3,사당동 257-18,37.48438815,126.9732231,2011-08-24,벽부주,02-820-9923,서울특별시 동작구청,2026-04-06
10-3216,서울특별시 동작구 사당로17나길 10-5,사당동 257-19,37.48444676,126.9733842,2011-08-24,벽부주,02-820-9923,서울특별시 동작구청,2026-04-06
10-3217,서울특별시 동작구 사당로17다길 8,사당동 252-4,37.48456155,126.9730082,2011-08-24,한전주,02-820-9923,서울특별시 동작구청,2026-04-06
10-3218,서울특별시 동작구 사당로13길 6,사당동 252-14,37.48441284,126.9728246,2011-08-24,한전주,02-820-9923,서울특별시 동작구청,2026-04-06
10-3219,서울특별시 동작구 사당로13길 13,사당동 252-19,37.48475571,126.9725121,2011-08-24,한전주,02-820-9923,서울특별시 동작구청,2026-04-06
10-3220,서울특별시 동작구 사당로13길 20,사당동 1131-4,37.48503501,126.9724328,2011-08-24,한전주,02-820-9923,서울특별시 동작구청,2026-04-06
10-3222,서울특별시 동작구 사당로17라길 12,사당동 260-14,37.48549842,126.9722334,2011-08-24,전용주,02-820-9923,서울특별시 동작구청,2026-04-06
10-3223,서울특별시 동작구 사당로17라길 4-2,사당동 260-1,37.48572375,126.972581,2018-05-28,벽부주,02-820-9923,서울특별시 동작구청,2026-04-06
10-3224,서울특별시 동작구 사당로17라길 7-5,사당동 259-14,37.48548777,126.9724355,2011-08-24,통신주,02-820-9923,서울특별시 동작구청,2026-04-06
10-3225,서울특별시 동작구 사당로17라길 1,사당동 259-7,37.48561173,126.9727407,2011-08-24,통신주,02-820-9923,서울특별시 동작구청,2026-04-06
10-3227,서울특별시 동작구 사당로17길 45-6,사당동 258-8,37.48522661,126.9730179,2011-08-24,통신주,02-820-9923,서울특별시 동작구청,2026-04-06
10-3229,서울특별시 동작구 사당로17길 45-5,사당동 258-9,37.48507287,126.9730024,2011-08-24,벽부주,02-820-9923,서울특별시 동작구청,2026-04-06
10-3231,서울특별시 동작구 사당로17다길 8-2,사당동 257-13,37.48473277,126.9731184,2011-08-24,한전주,02-820-9923,서울특별시 동작구청,2026-04-06
10-3232,서울특별시 동작구 사당로17다길 8-2,사당동 257-13,37.48481385,126.9730901,2011-08-24,전용주,02-820-9923,서울특별시 동작구청,2026-04-06
10-3234,서울특별시 동작구 사당로13길 36,사당동 262-8,37.48569941,126.9720227,2011-08-24,한전주,02-820-9923,서울특별시 동작구청,2026-04-06
10-3236,서울특별시 동작구 사당로13길 38-4,사당동 262-4,37.48569945,126.9722234,2011-08-24,벽부주,02-820-9923,서울특별시 동작구청,2026-04-06
10-3238,서울특별시 동작구 사당로17길 65,사당동 262-9,37.48592028,126.9725852,2011-08-24,한전주,02-820-9923,서울특별시 동작구청,2026-04-06
10-3243,서울특별시 동작구 사당로13길 42,사당동 1131-5,37.48597415,126.9717739,2011-08-24,전용주,02-820-9923,서울특별시 동작구청,2026-04-06
10-3264,서울특별시 동작구 사당로9라길 37,사당동 220-58,37.48742878,126.9697324,2011-08-24,벽부주,02-820-9923,서울특별시 동작구청,2026-04-06
10-3277,서울특별시 동작구 사당로9길 11-6,사당동 220-178,37.48638843,126.9709935,2011-08-24,벽부주,02-820-9923,서울특별시 동작구청,2026-04-06
10-3285,서울특별시 동작구 사당로9나길 7,사당동 220-6,37.48615625,126.9703209,2011-08-24,한전주,02-820-9923,서울특별시 동작구청,2026-04-06
10-3288,서울특별시 동작구 사당로9가길 58,사당동 209-16,37.48712406,126.9694993,2011-08-24,벽부주,02-820-9923,서울특별시 동작구청,2026-04-06
10-3290,서울특별시 동작구 사당로9가길 58,사당동 209-16,37.48711047,126.9691912,2020-12-28,전용주,02-820-9923,서울특별시 동작구청,2026-04-06
10-3291,서울특별시 동작구 사당로9가길 58,사당동 209-16,37.48709475,126.9693778,2020-12-28,전용주,02-820-9923,서울특별시 동작구청,2026-04-06
10-3292,서울특별시 동작구 사당로9나길 9,사당동 220-33,37.48617594,126.9702205,2019-03-06,통신주,02-820-9923,서울특별시 동작구청,2026-04-06
10-32921,서울특별시 동작구 사당로9가길 58,사당동 209-16,37.48728847,126.9694088,2020-12-29,전용주,02-820-9923,서울특별시 동작구청,2026-04-06
10-3293,서울특별시 동작구 사당로9길 5,사당동 220-115,37.48565392,126.9702532,2011-08-24,벽부주,02-820-9923,서울특별시 동작구청,2026-04-06
10-3297,서울특별시 동작구 사당로9가길 22,사당동 219-62,37.48636331,126.9696452,2011-08-24,벽부주,02-820-9923,서울특별시 동작구청,2026-04-06
10-3300,서울특별시 동작구 사당로 181-6,사당동 219-30,37.48619873,126.9690573,2011-08-24,전용주,02-820-9923,서울특별시 동작구청,2026-04-06
10-3302,서울특별시 동작구 사당로 181-4,사당동 219-33,37.4861509,126.969217,2011-08-24,벽부주,02-820-9923,서울특별시 동작구청,2026-04-06
10-3307,서울특별시 동작구 사당로9길 1-8,사당동 220-52,37.48560594,126.969808,2011-08-24,한전주,02-820-9923,서울특별시 동작구청,2026-04-06
10-3309,서울특별시 동작구 사당로 187-6,사당동 220-56,37.48575741,126.9697274,2011-08-24,벽부주,02-820-9923,서울특별시 동작구청,2026-04-06
10-3322,서울특별시 동작구 사당로9가길 77,사당동 1134-1,37.4881174,126.9673096,2011-08-24,한전주,02-820-9923,서울특별시 동작구청,2026-04-06
10-3324,서울특별시 동작구 사당로23바길 36,사당동 산 22-21,37.49050055,126.9693453,2011-08-24,전용주,02-820-9923,서울특별시 동작구청,2026-04-06
10-3325,서울특별시 동작구 사당로23바길 28,사당동 175-49,37.49030244,126.9697666,2011-08-24,한전주,02-820-9923,서울특별시 동작구청,2026-04-06
10-3326,서울특별시 동작구 사당로23길 181,사당동 176-28,37.49026667,126.9708634,2011-08-24,한전주,02-820-9923,서울특별시 동작구청,2026-04-06
10-3327,서울특별시 동작구 사당로23사길 5,사당동 175-49,37.49034093,126.9705694,2011-08-24,한전주,02-820-9923,서울특별시 동작구청,2026-04-06
10-3329,서울특별시 동작구 사당로23사길 11,사당동 175-49,37.49055482,126.9701622,2011-08-24,한전주,02-820-9923,서울특별시 동작구청,2026-04-06
10-3330,서울특별시 동작구 사당로23바길 30-8,사당동 175-49,37.49065388,126.9699728,2011-08-24,한전주,02-820-9923,서울특별시 동작구청,2026-04-06
10-3331,서울특별시 동작구 사당로23사길 28,사당동 175-49,37.49088127,126.9695063,2011-08-24,한전주,02-820-9923,서울특별시 동작구청,2026-04-06
10-3332,서울특별시 동작구 사당로23사길 31,사당동 175-81,37.49082482,126.968989,2011-08-24,전용주,02-820-9923,서울특별시 동작구청,2026-04-06
10-3334,서울특별시 동작구 사당로23사길 35,사당동 180-44,37.49110864,126.9690143,2011-08-24,한전주,02-820-9923,서울특별시 동작구청,2026-04-06
10-3336,서울특별시 동작구 사당로23사길 44,사당동 180-44,37.4913766,126.9686608,2011-08-24,한전주,02-820-9923,서울특별시 동작구청,2026-04-06
10-3337,서울특별시 동작구 사당로23사길 54,사당동 180-45,37.49167837,126.9684147,2011-08-24,벽부주,02-820-9923,서울특별시 동작구청,2026-04-06
10-3338,서울특별시 동작구 사당로23사길 58,사당동 180-82,37.4918225,126.9682818,2011-08-24,벽부주,02-820-9923,서울특별시 동작구청,2026-04-06
10-3339,서울특별시 동작구 사당로23사길 62,사당동 180-44,37.49198238,126.9681065,2011-08-24,한전주,02-820-9923,서울특별시 동작구청,2026-04-06
10-3340,서울특별시 동작구 사당로23길 247-1,사당동 180-44,37.49216941,126.9683637,2011-08-24,한전주,02-820-9923,서울특별시 동작구청,2026-04-06
10-3341,서울특별시 동작구 사당로23아길 58,사당동 180-4,37.49230902,126.9682081,2011-08-24,한전주,02-820-9923,서울특별시 동작구청,2026-04-06
10-3343,서울특별시 동작구 사당로23아길 66,사당동 산 22-16,37.49252068,126.9679197,2011-08-24,한전주,02-820-9923,서울특별시 동작구청,2026-04-06
10-3344,서울특별시 동작구 사당로23아길 68,사당동 180-5,37.49264679,126.9677896,2011-08-24,한전주,02-820-9923,서울특별시 동작구청,2026-04-06
10-3345,서울특별시 동작구 사당로23아길 73,사당동 180-5,37.49290124,126.9674813,2011-08-24,한전주,02-820-9923,서울특별시 동작구청,2026-04-06
10-3346,서울특별시 동작구 사당로23길 282,사당동 180-4,37.49285839,126.9673033,2011-08-24,벽부주,02-820-9923,서울특별시 동작구청,2026-04-06
10-3348,서울특별시 동작구 사당로23길 282,사당동 산 22-16,37.49280206,126.9672298,2011-08-24,전용주,02-820-9923,서울특별시 동작구청,2026-04-06
10-3349,서울특별시 동작구 사당로23길 263,사당동 708-873,37.49298925,126.9680947,2011-08-24,한전주,02-820-9923,서울특별시 동작구청,2026-04-06
10-3350,서울특별시 동작구 사당로23길 253,사당동 180-17,37.49270549,126.9682843,2011-08-24,통신주,02-820-9923,서울특별시 동작구청,2026-04-06
10-3351,서울특별시 동작구 사당로23길 247,사당동 180-44,37.49255239,126.9685642,2011-08-24,한전주,02-820-9923,서울특별시 동작구청,2026-04-06
10-3352,서울특별시 동작구 사당로23길 242,사당동 180-44,37.49235873,126.9687848,2011-08-24,한전주,02-820-9923,서울특별시 동작구청,2026-04-06
10-3353,서울특별시 동작구 사당로27길 247,사당동 178-1,37.49233181,126.9691947,2011-08-24,벽부주,02-820-9923,서울특별시 동작구청,2026-04-06
10-3354,서울특별시 동작구 사당로27길 247,사당동 178-1,37.49265158,126.9688497,2011-08-24,벽부주,02-820-9923,서울특별시 동작구청,2026-04-06
10-3355,서울특별시 동작구 사당로27길 247,사당동 178-1,37.49275975,126.9690362,2011-08-24,벽부주,02-820-9923,서울특별시 동작구청,2026-04-06
10-3358,서울특별시 동작구 사당로27길 245,사당동 178-5,37.49228005,126.9693672,2011-08-24,벽부주,02-820-9923,서울특별시 동작구청,2026-04-06
10-3361,서울특별시 동작구 사당로27길 225,사당동 178-31,37.49170817,126.9704134,2011-08-24,전용주,02-820-9923,서울특별시 동작구청,2026-04-06
10-3369,서울특별시 동작구 사당로23길 185,사당동 1149,37.49046714,126.9708407,2011-08-24,한전주,02-820-9923,서울특별시 동작구청,2026-04-06
10-3370,서울특별시 동작구 사당로23길 194-4,사당동 176-3,37.49070812,126.9706936,2011-08-24,한전주,02-820-9923,서울특별시 동작구청,2026-04-06
10-3371,서울특별시 동작구 사당로23길 194-4,사당동 176-21,37.49075318,126.9707162,2011-08-24,한전주,02-820-9923,서울특별시 동작구청,2026-04-06
10-3372,서울특별시 동작구 사당로23길 194-10,사당동 176-39,37.49090421,126.9711543,2011-08-24,한전주,02-820-9923,서울특별시 동작구청,2026-04-06
10-3373,서울특별시 동작구 사당로23아길 6,사당동 175-1,37.49094453,126.9702752,2011-08-24,한전주,02-820-9923,서울특별시 동작구청,2026-04-06
10-3374,서울특별시 동작구 사당로23사길 16-5,사당동 175-49,37.49080483,126.9700915,2011-08-24,한전주,02-820-9923,서울특별시 동작구청,2026-04-06
10-3375,서울특별시 동작구 사당로23아길 12,사당동 175-68,37.49107736,126.9699981,2011-08-24,한전주,02-820-9923,서울특별시 동작구청,2026-04-06
10-3376,서울특별시 동작구 사당로23아길 16,사당동 175-66,37.49116292,126.9698284,2011-08-24,한전주,02-820-9923,서울특별시 동작구청,2026-04-06
10-3377,서울특별시 동작구 사당로23아길 20,사당동 175-67,37.49127098,126.9696248,2011-08-24,벽부주,02-820-9923,서울특별시 동작구청,2026-04-06
10-3378,서울특별시 동작구 사당로23아길 25,사당동 180-27,37.49132498,126.9693732,2011-08-24,한전주,02-820-9923,서울특별시 동작구청,2026-04-06
10-3379,서울특별시 동작구 사당로23아길 28,사당동 180-73,37.49134972,126.969246,2011-08-24,한전주,02-820-9923,서울특별시 동작구청,2026-04-06
10-3380,서울특별시 동작구 사당로23아길 36,사당동 180-70,37.49156816,126.9690084,2011-08-24,한전주,02-820-9923,서울특별시 동작구청,2026-04-06
10-3382,서울특별시 동작구 사당로23아길 46,사당동 180-58,37.49189468,126.9686776,2011-08-24,벽부주,02-820-9923,서울특별시 동작구청,2026-04-06
10-3383,서울특별시 동작구 사당로23길 240,사당동 180-44,37.49212228,126.9690337,2011-08-24,한전주,02-820-9923,서울특별시 동작구청,2026-04-06
10-3385,서울특별시 동작구 사당로23길 231,사당동 180-44,37.49189258,126.9692514,2011-08-24,한전주,02-820-9923,서울특별시 동작구청,2026-04-06
10-3386,서울특별시 동작구 사당로23길 229,사당동 180-44,37.49174621,126.9694126,2011-08-24,한전주,02-820-9923,서울특별시 동작구청,2026-04-06
10-3387,서울특별시 동작구 사당로23아길 24,사당동 180-44,37.49154805,126.9696304,2011-08-24,한전주,02-820-9923,서울특별시 동작구청,2026-04-06
10-3389,서울특별시 동작구 사당로23길 216-6,사당동 180-98,37.49163814,126.9696247,2011-08-24,한전주,02-820-9923,서울특별시 동작구청,2026-04-06
10-3390,서울특별시 동작구 사당로23길 216-16,사당동 178-2,37.49205708,126.9695001,2011-08-24,벽부주,02-820-9923,서울특별시 동작구청,2026-04-06
10-3392,서울특별시 동작구 사당로23길 216-16,사당동 178-2,37.49204127,126.9693136,2011-08-24,벽부주,02-820-9923,서울특별시 동작구청,2026-04-06
10-3393,서울특별시 동작구 사당로27길 229,사당동 178-3,37.49179367,126.9700317,2011-08-24,벽부주,02-820-9923,서울특별시 동작구청,2026-04-06
10-3394,서울특별시 동작구 사당로23길 210,사당동 178-33,37.49138596,126.9700149,2011-08-24,한전주,02-820-9923,서울특별시 동작구청,2026-04-06
10-3395,서울특별시 동작구 사당로23길 208,사당동 176-6,37.49116531,126.9703825,2011-08-24,한전주,02-820-9923,서울특별시 동작구청,2026-04-06
10-3397,서울특별시 동작구 사당로23길 206-6,사당동 176-16,37.49121494,126.9706991,2011-08-24,벽부주,02-820-9923,서울특별시 동작구청,2026-04-06
10-3398,서울특별시 동작구 사당로23길 198,사당동 176-2,37.49093109,126.9705635,2011-08-24,한전주,02-820-9923,서울특별시 동작구청,2026-04-06
10-3400,서울특별시 동작구 사당로29다길 71,사당동 162-37,37.4871932,126.9763033,2021-03-04,벽부주,02-820-9923,서울특별시 동작구청,2026-04-06
10-3460,서울특별시 동작구 사당로29다길 79,사당동 162-75,37.48747246,126.9760347,2011-08-24,전용주,02-820-9923,서울특별시 동작구청,2026-04-06
10-3463,서울특별시 동작구 사당로29다길 71,사당동 105-18,37.48732163,126.9764615,2011-08-24,한전주,02-820-9923,서울특별시 동작구청,2026-04-06
10-3468,서울특별시 동작구 사당로29길 68,사당동 161-45,37.48690494,126.9765974,2011-08-24,벽부주,02-820-9923,서울특별시 동작구청,2026-04-06
10-3475,서울특별시 동작구 사당로29다길 34,사당동 141-103,37.48642094,126.9781635,2011-08-24,통신주,02-820-9923,서울특별시 동작구청,2026-04-06
10-3478,서울특별시 동작구 사당로29다길 30,사당동 141-102,37.48633088,126.9783501,2011-08-24,한전주,02-820-9923,서울특별시 동작구청,2026-04-06
10-3479,서울특별시 동작구 사당로29다길 19,사당동 141-22,37.4865404,126.9785479,2011-08-24,한전주,02-820-9923,서울특별시 동작구청,2026-04-06
10-3484,서울특별시 동작구 사당로29라길 39,사당동 161-91,37.48667305,126.977208,2011-08-24,벽부주,02-820-9923,서울특별시 동작구청,2026-04-06
10-3493,서울특별시 동작구 사당로29길 28-12,사당동 141-90,37.48599077,126.9784605,2011-08-24,한전주,02-820-9923,서울특별시 동작구청,2026-04-06
10-3494,서울특별시 동작구 사당로29길 28-9,사당동 141-125,37.48585784,126.9783248,2011-08-24,벽부주,02-820-9923,서울특별시 동작구청,2026-04-06
10-3495,서울특별시 동작구 사당로29길 26,사당동 141-97,37.48558303,126.9782655,2011-08-24,한전주,02-820-9923,서울특별시 동작구청,2026-04-06
10-3496,서울특별시 동작구 사당로29라길 11,사당동 141-22,37.48617777,126.9787035,2011-08-24,전용주,02-820-9923,서울특별시 동작구청,2026-04-06
10-3497,서울특별시 동작구 사당로29라길 4,사당동 141-110,37.48638952,126.97876,2011-08-24,벽부주,02-820-9923,서울특별시 동작구청,2026-04-06
10-3498,서울특별시 동작구 사당로29다길 16,사당동 141-239,37.48667336,126.9789069,2011-08-24,한전주,02-820-9923,서울특별시 동작구청,2026-04-06
10-3501,서울특별시 동작구 사당로29다길 3,사당동 141-224,37.48686719,126.9795513,2011-08-24,벽부주,02-820-9923,서울특별시 동작구청,2026-04-06
10-3502,서울특별시 동작구 사당로29가길 41,사당동 141-170,37.48694607,126.9797859,2011-08-24,한전주,02-820-9923,서울특별시 동작구청,2026-04-06
10-3503,서울특별시 동작구 사당로29가길 35,사당동 141-192,37.48668473,126.9794835,2011-08-24,벽부주,02-820-9923,서울특별시 동작구청,2026-04-06
10-3505,서울특별시 동작구 사당로29나길 32,사당동 141-73,37.48653827,126.979249,2011-08-24,벽부주,02-820-9923,서울특별시 동작구청,2026-04-06
10-3507,서울특별시 동작구 사당로29나길 24,사당동 141-70,37.48629047,126.9790879,2011-08-24,벽부주,02-820-9923,서울특별시 동작구청,2026-04-06
10-3508,서울특별시 동작구 사당로29가길 31-4,사당동 141-74,37.48650901,126.9793677,2011-08-24,벽부주,02-820-9923,서울특별시 동작구청,2026-04-06
10-3511,서울특별시 동작구 사당로29가길 17,사당동 141-62,37.48583098,126.9792633,2011-08-24,전용주,02-820-9923,서울특별시 동작구청,2026-04-06
10-3512,서울특별시 동작구 사당로27길 52-5,사당동 161-81,37.48612566,126.9770866,2021-12-24,벽부주,02-820-9923,서울특별시 동작구청,2026-04-06
10-3515,서울특별시 동작구 사당로29길 20,사당동 141-183,37.48539162,126.9785765,2011-08-24,한전주,02-820-9923,서울특별시 동작구청,2026-04-06
10-3516,서울특별시 동작구 사당로29가길 1,사당동 141-54,37.48511462,126.978913,2011-08-24,한전주,02-820-9923,서울특별시 동작구청,2026-04-06
10-3520,서울특별시 동작구 사당로29길 34-5,사당동 141-131,37.48593212,126.9780308,2011-08-24,벽부주,02-820-9923,서울특별시 동작구청,2026-04-06
10-3523,서울특별시 동작구 사당로29길 38,사당동 141-180,37.48594783,126.9777086,2011-08-24,한전주,02-820-9923,서울특별시 동작구청,2026-04-06
10-3524,서울특별시 동작구 사당로29길 42,사당동 141-133,37.4860942,126.9774909,2011-08-24,한전주,02-820-9923,서울특별시 동작구청,2026-04-06
10-3525,서울특별시 동작구 사당로29길 43-4,사당동 161-87,37.48593424,126.9773128,2011-08-24,벽부주,02-820-9923,서울특별시 동작구청,2026-04-06
10-3526,서울특별시 동작구 사당로29길 46,사당동 161-60,37.4862068,126.977341,2011-08-24,한전주,02-820-9923,서울특별시 동작구청,2026-04-06
10-3529,서울특별시 동작구 사당로27길 52,사당동 161-107,37.48601526,126.9769708,2011-08-24,벽부주,02-820-9923,서울특별시 동작구청,2026-04-06
10-3530,서울특별시 동작구 사당로29길 52-4,사당동 161-55,37.48641627,126.9772703,2011-08-24,벽부주,02-820-9923,서울특별시 동작구청,2026-04-06
10-3531,서울특별시 동작구 사당로29길 53,사당동 161-25,37.48636892,126.9770159,2011-08-24,통신주,02-820-9923,서울특별시 동작구청,2026-04-06
10-3533,서울특별시 동작구 사당로29길 60,사당동 161-33,37.48652207,126.9769254,2011-08-24,한전주,02-820-9923,서울특별시 동작구청,2026-04-06
10-3534,서울특별시 동작구 사당로29길 58-3,사당동 161-51,37.48664147,126.9769791,2011-08-24,벽부주,02-820-9923,서울특별시 동작구청,2026-04-06
10-3535,서울특별시 동작구 사당로27길 64-6,사당동 161-72,37.48653102,126.9766342,2011-08-24,벽부주,02-820-9923,서울특별시 동작구청,2026-04-06
10-3536,서울특별시 동작구 사당로29길 62,사당동 161-49,37.48670223,126.9766992,2011-08-24,한전주,02-820-9923,서울특별시 동작구청,2026-04-06
10-3537,서울특별시 동작구 사당로29길 64-4,사당동 161-50,37.48677658,126.9767924,2011-08-24,벽부주,02-820-9923,서울특별시 동작구청,2026-04-06
10-3538,서울특별시 동작구 사당로29길 68,사당동 161-96,37.48688689,126.9764702,2011-08-24,한전주,02-820-9923,서울특별시 동작구청,2026-04-06
10-3540,서울특별시 동작구 사당로29길 71,사당동 162-21,37.48695217,126.9762638,2011-08-24,벽부주,02-820-9923,서울특별시 동작구청,2026-04-06
10-3541,서울특별시 동작구 사당로29길 80,사당동 162-27,37.4871864,126.9761082,2011-08-24,한전주,02-820-9923,서울특별시 동작구청,2026-04-06
10-3542,서울특별시 동작구 사당로27가길 18,사당동 158-18,37.48492073,126.9779831,2023-09-15,통신주,02-820-9923,서울특별시 동작구청,2026-04-06
10-3544,서울특별시 동작구 사당로29길 88,사당동 162-70,37.48744312,126.975769,2011-08-24,한전주,02-820-9923,서울특별시 동작구청,2026-04-06
10-3546,서울특별시 동작구 ,사당동 176-9,37.49134103,126.9704814,2022-08-04,통신주,02-820-9923,서울특별시 동작구청,2026-04-06
10-3581,서울특별시 동작구 사당로27길 56,사당동 161-77,37.48617965,126.9767107,2011-08-24,벽부주,02-820-9923,서울특별시 동작구청,2026-04-06
10-3619,서울특별시 동작구 사당로 283,사당동 150-10,37.48453345,126.9788142,2011-08-24,한전주,02-820-9923,서울특별시 동작구청,2026-04-06
10-3623,서울특별시 동작구 사당로 275-1,사당동 154-13,37.48438467,126.9781924,2011-08-24,벽부주,02-820-9923,서울특별시 동작구청,2026-04-06
10-3624,서울특별시 동작구 사당로 275-4,사당동 154-16,37.48444099,126.9782376,2011-08-24,한전주,02-820-9923,서울특별시 동작구청,2026-04-06
10-3625,서울특별시 동작구 사당로 275-6,사당동 154-15,37.48452883,126.9782065,2011-08-24,한전주,02-820-9923,서울특별시 동작구청,2026-04-06
10-3626,서울특별시 동작구 사당로 275-11,사당동 154-11,37.48455356,126.9779492,2011-08-24,전용주,02-820-9923,서울특별시 동작구청,2026-04-06
10-3628,서울특별시 동작구 사당로25가길 1,사당동 155-8,37.48430122,126.9776214,2022-05-30,한전주,02-820-9923,서울특별시 동작구청,2026-04-06
10-3629,서울특별시 동작구 사당로25길 7,사당동 155-7,37.48446565,126.9775875,2011-08-24,한전주,02-820-9923,서울특별시 동작구청,2026-04-06
10-3677,서울특별시 동작구 사당로23길 210,사당동 178-31,37.49155496,126.970241,2011-08-24,한전주,02-820-9923,서울특별시 동작구청,2026-04-06
10-3679,서울특별시 동작구 사당로23길 216-16,사당동 178-49,37.4920774,126.969681,2011-08-24,전용주,02-820-9923,서울특별시 동작구청,2026-04-06
10-3682,서울특별시 동작구 사당로23길 216-16,사당동 178-2,37.49220124,126.9695057,2011-08-24,벽부주,02-820-9923,서울특별시 동작구청,2026-04-06
10-3705,서울특별시 동작구 사당로17길 4,사당동 169-20,37.48365186,126.9744954,2011-08-24,한전주,02-820-9923,서울특별시 동작구청,2026-04-06
10-3711,서울특별시 동작구 사당로23길 247-2,사당동 180-8,37.49232259,126.9684173,2011-08-24,벽부주,02-820-9923,서울특별시 동작구청,2026-04-06
10-3712,서울특별시 동작구 사당로29가길 29,사당동 141-67,37.48641893,126.9795062,2011-08-24,벽부주,02-820-9923,서울특별시 동작구청,2026-04-06
10-372,서울특별시 동작구 사당로27길 64,사당동 161-109,37.48642962,126.9764364,2011-08-24,벽부주,02-820-9923,서울특별시 동작구청,2026-04-06
10-3726,서울특별시 동작구 사당로17길 47,사당동 169-14,37.48519906,126.9732059,2011-08-24,한전주,02-820-9923,서울특별시 동작구청,2026-04-06
10-3727,서울특별시 동작구 사당로23길 194-5,사당동 176-29,37.49095818,126.9708038,2011-08-24,벽부주,02-820-9923,서울특별시 동작구청,2026-04-06
10-3728,서울특별시 동작구 사당로17가길 1,사당동 265-13,37.48362022,126.9740007,2011-08-24,한전주,02-820-9923,서울특별시 동작구청,2026-04-06
10-3729,서울특별시 동작구 사당로17길 11,사당동 708-396,37.48376215,126.9740996,2011-08-24,벽부주,02-820-9923,서울특별시 동작구청,2026-04-06
10-3735,서울특별시 동작구 사당로9라길 32,사당동 220-137,37.48736584,126.9702497,2011-08-24,전용주,02-820-9923,서울특별시 동작구청,2026-04-06
10-3738,서울특별시 동작구 사당로9다길 24-7,사당동 220-116,37.4869739,126.9702499,2011-08-24,벽부주,02-820-9923,서울특별시 동작구청,2026-04-06
10-3739,서울특별시 동작구 사당로9다길 34,사당동 220-6,37.48723896,126.969553,2011-08-24,벽부주,02-820-9923,서울특별시 동작구청,2026-04-06
10-3742,서울특별시 동작구 사당로9가길 26,사당동 219-23,37.48645113,126.969518,2011-08-24,벽부주,02-820-9923,서울특별시 동작구청,2026-04-06
10-3743,서울특별시 동작구 사당로29길 83-1,사당동 162-82,37.48716379,126.9756984,2011-08-24,벽부주,02-820-9923,서울특별시 동작구청,2026-04-06
10-3744,서울특별시 동작구 사당로17길 75,사당동 169-14,37.48639775,126.9722967,2011-08-24,한전주,02-820-9923,서울특별시 동작구청,2026-04-06
10-3745,서울특별시 동작구 사당로17길 75,사당동 169-14,37.48631443,126.97239,2011-08-24,한전주,02-820-9923,서울특별시 동작구청,2026-04-06
10-3747,서울특별시 동작구 사당로29다길 42,사당동 141-196,37.48666416,126.9778412,2011-08-24,벽부주,02-820-9923,서울특별시 동작구청,2026-04-06
10-3748,서울특별시 동작구 사당로27길 74,사당동 162-17,37.48683498,126.9759727,2011-08-24,벽부주,02-820-9923,서울특별시 동작구청,2026-04-06
10-3749,서울특별시 동작구 사당로29길 83-1,사당동 162-76,37.48723813,126.9756983,2022-02-25,벽부주,02-820-9923,서울특별시 동작구청,2026-04-06
10-3751,서울특별시 동작구 사당로29길 53,사당동 161-25,37.4864027,126.9769763,2011-08-24,통신주,02-820-9923,서울특별시 동작구청,2026-04-06
10-3753,서울특별시 동작구 사당로27길 19,사당동 150-14,37.48499286,126.9782318,2011-08-24,벽부주,02-820-9923,서울특별시 동작구청,2026-04-06
10-3761,서울특별시 동작구 사당로23길 214-19,사당동 178-21,37.49194002,126.9697716,2011-08-24,벽부주,02-820-9923,서울특별시 동작구청,2026-04-06
10-3762,서울특별시 동작구 사당로23길 274,사당동 180-4,37.49316261,126.967795,2011-08-24,한전주,02-820-9923,서울특별시 동작구청,2026-04-06
10-3770,서울특별시 동작구 사당로23바길 30-4,사당동 175-49,37.49047365,126.9698457,2011-08-24,전용주,02-820-9923,서울특별시 동작구청,2026-04-06
10-3771,서울특별시 동작구 사당로23길 215,사당동 175-5,37.49136564,126.9698283,2011-08-24,전용주,02-820-9923,서울특별시 동작구청,2026-04-06
10-3773,서울특별시 동작구 사당로23가길 6,사당동 155-16,37.48447913,126.9774376,2014-02-22,벽부주,02-820-9923,서울특별시 동작구청,2026-04-06
10-3775,서울특별시 동작구 사당로23사길 22,사당동 175-12,37.49082725,126.96969,2013-03-22,전용주,02-820-9923,서울특별시 동작구청,2026-04-06
10-3776,서울특별시 동작구 사당로13길 40,사당동 1131-5,37.4858227,126.9718771,2014-02-22,전용주,02-820-9923,서울특별시 동작구청,2026-04-06
10-3777,서울특별시 동작구 사당로23아길 34,사당동 180-71,37.4914916,126.9691018,2013-03-22,벽부주,02-820-9923,서울특별시 동작구청,2026-04-06
10-3779,서울특별시 동작구 사당로27길 245,사당동 178-5,37.49239045,126.9694887,2015-02-12,벽부주,02-820-9923,서울특별시 동작구청,2026-04-06
10-3780,서울특별시 동작구 사당로13길 31,사당동 1131-8,37.48519039,126.972266,2012-08-20,전용주,02-820-9923,서울특별시 동작구청,2026-04-06
10-3781,서울특별시 동작구 사당로13길 31,사당동 1131-8,37.48530243,126.9721713,2012-01-06,전용주,02-820-9923,서울특별시 동작구청,2026-04-06
10-3783,서울특별시 동작구 사당로13길 31,사당동 1131-8,37.48505019,126.9723381,2012-01-06,전용주,02-820-9923,서울특별시 동작구청,2026-04-06
10-3784,서울특별시 동작구 사당로13길 31,사당동 1131-8,37.48494939,126.9723141,2012-01-06,전용주,02-820-9923,서울특별시 동작구청,2026-04-06
10-3803,서울특별시 동작구 사당로29길 9,사당동 708-552,37.48500645,126.9786445,2011-08-24,한전주,02-820-9923,서울특별시 동작구청,2026-04-06
10-3804,서울특별시 동작구 사당로27길 19,사당동 150,37.48508068,126.978113,2011-08-24,한전주,02-820-9923,서울특별시 동작구청,2026-04-06
10-3807,서울특별시 동작구 사당로25길 12,사당동 156-18,37.48472019,126.9776439,2011-08-24,한전주,02-820-9923,서울특별시 동작구청,2026-04-06
10-3808,서울특별시 동작구 사당로23가길 6,사당동 155-1,37.48455121,126.9774037,2011-08-24,한전주,02-820-9923,서울특별시 동작구청,2026-04-06
10-3810,서울특별시 동작구 사당로27길 25,사당동 156-18,37.48519552,126.9778614,2011-08-24,한전주,02-820-9923,서울특별시 동작구청,2026-04-06
10-3811,서울특별시 동작구 사당로27길 35,사당동 159-11,37.48537565,126.9774939,2017-05-10,한전주,02-820-9923,서울특별시 동작구청,2026-04-06
10-3812,서울특별시 동작구 사당로27길 41,사당동 159-8,37.48558959,126.9772394,2011-08-24,한전주,02-820-9923,서울특별시 동작구청,2026-04-06
10-3815,서울특별시 동작구 사당로27길 48,사당동 161-101,37.48585536,126.9771008,2011-08-24,한전주,02-820-9923,서울특별시 동작구청,2026-04-06
10-3816,서울특별시 동작구 사당로27길 54,사당동 161-106,37.48606705,126.9768435,2011-08-24,한전주,02-820-9923,서울특별시 동작구청,2026-04-06
10-3817,서울특별시 동작구 사당로27길 60,사당동 161-104,37.48632378,126.9765467,2011-08-24,한전주,02-820-9923,서울특별시 동작구청,2026-04-06
10-3818,서울특별시 동작구 사당로27길 68,사당동 708-1064,37.48659401,126.9761932,2011-08-24,한전주,02-820-9923,서울특별시 동작구청,2026-04-06
10-3819,서울특별시 동작구 사당로27길 38,사당동 141-146,37.48553787,126.9776974,2022-04-15,벽부주,02-820-9923,서울특별시 동작구청,2026-04-06
10-3820,서울특별시 동작구 사당로27길 74,사당동 162-17,37.4867494,126.9760179,2011-08-24,한전주,02-820-9923,서울특별시 동작구청,2026-04-06
10-3822,서울특별시 동작구 사당로27길 78,사당동 162-15,37.48683497,126.9759048,2011-08-24,한전주,02-820-9923,서울특별시 동작구청,2026-04-06
10-3823,서울특별시 동작구 사당로27길 86,사당동 162-75,37.48708718,126.9755684,2011-08-24,한전주,02-820-9923,서울특별시 동작구청,2026-04-06
10-3827,서울특별시 동작구 사당로27길 94-3,사당동 162-99,37.48736192,126.9752432,2011-08-24,한전주,02-820-9923,서울특별시 동작구청,2026-04-06
10-3828,서울특별시 동작구 사당로27길 68,사당동 708-524,37.48651517,126.9761735,2011-08-24,한전주,02-820-9923,서울특별시 동작구청,2026-04-06
10-3830,서울특별시 동작구 사당로17길 85,사당동 263-15,37.48653001,126.9719588,2011-08-24,벽부주,02-820-9923,서울특별시 동작구청,2026-04-06
10-3831,서울특별시 동작구 사당로17길 91,사당동 263-7,37.48674395,126.9717524,2011-08-24,벽부주,02-820-9923,서울특별시 동작구청,2026-04-06
10-3832,서울특별시 동작구 사당로17길 95,사당동 263,37.4867957,126.9715347,2011-08-24,벽부주,02-820-9923,서울특별시 동작구청,2026-04-06
10-3833,서울특별시 동작구 사당로 247-7,사당동 324-14,37.4835439,126.9752501,2011-08-24,한전주,02-820-9923,서울특별시 동작구청,2026-04-06
10-3838,서울특별시 동작구 사당로13길 78,사당동 220-176,37.48714466,126.9707855,2011-08-24,한전주,02-820-9923,서울특별시 동작구청,2026-04-06
10-3839,서울특별시 동작구 사당로13길 83,사당동 산 25-17,37.48739238,126.9705649,2011-08-24,한전주,02-820-9923,서울특별시 동작구청,2026-04-06
10-3841,서울특별시 동작구 사당로13길 94,사당동 220-131,37.4877099,126.9702114,2011-08-24,한전주,02-820-9923,서울특별시 동작구청,2026-04-06
10-3843,서울특별시 동작구 사당로13길 70,사당동 220-160,37.48680236,126.9711135,2011-08-24,한전주,02-820-9923,서울특별시 동작구청,2026-04-06
10-3845,서울특별시 동작구 사당로13길 60,사당동 220-167,37.48654112,126.9713369,2011-08-24,한전주,02-820-9923,서울특별시 동작구청,2026-04-06
10-3846,서울특별시 동작구 사당로13길 54,사당동 263-12,37.48637447,126.9714783,2011-08-24,한전주,02-820-9923,서울특별시 동작구청,2026-04-06
10-3847,서울특별시 동작구 사당로9길 13,사당동 220-172,37.48621447,126.9711844,2011-08-24,한전주,02-820-9923,서울특별시 동작구청,2026-04-06
10-3848,서울특별시 동작구 사당로9길 11,사당동 220-93,37.48612433,126.9710459,2017-05-10,한전주,02-820-9923,서울특별시 동작구청,2026-04-06
10-3849,서울특별시 동작구 사당로9길 9,사당동 220-79,37.48600941,126.9708707,2011-08-24,한전주,02-820-9923,서울특별시 동작구청,2026-04-06
10-3850,서울특별시 동작구 사당로9나길 1,사당동 220-6,37.4859153,126.9706036,2011-08-24,한전주,02-820-9923,서울특별시 동작구청,2026-04-06
10-3852,서울특별시 동작구 사당로9길 3,사당동 220-49,37.48547769,126.9703423,2011-08-24,한전주,02-820-9923,서울특별시 동작구청,2026-04-06
10-3853,서울특별시 동작구 사당로9가길 9,사당동 220-56,37.48590781,126.9699097,2011-08-24,한전주,02-820-9923,서울특별시 동작구청,2026-04-06
10-3854,서울특별시 동작구 사당로9가길 21,사당동 219-12,37.48618706,126.9696806,2011-08-24,한전주,02-820-9923,서울특별시 동작구청,2026-04-06
10-3855,서울특별시 동작구 사당로9가길 28,사당동 219-22,37.48653162,126.9693808,2011-08-24,한전주,02-820-9923,서울특별시 동작구청,2026-04-06
10-3857,서울특별시 동작구 사당로9가길 36,사당동 219-14,37.48678832,126.969033,2011-08-24,한전주,02-820-9923,서울특별시 동작구청,2026-04-06
10-3858,서울특별시 동작구 사당로9가길 37,사당동 산 31-30,37.4868919,126.9688888,2017-06-01,한전주,02-820-9923,서울특별시 동작구청,2026-04-06
10-3859,서울특별시 동작구 사당로9가길 58,사당동 1135,37.48712157,126.9685778,2011-08-24,한전주,02-820-9923,서울특별시 동작구청,2026-04-06
10-3860,서울특별시 동작구 사당로9가길 58,사당동 209-14,37.48736251,126.9682752,2011-08-24,한전주,02-820-9923,서울특별시 동작구청,2026-04-06
10-3861,서울특별시 동작구 사당로9길 11-9,사당동 220-28,37.48642215,126.9707222,2011-08-24,한전주,02-820-9923,서울특별시 동작구청,2026-04-06
10-3862,서울특별시 동작구 사당로9길 11-13,사당동 220-28,37.48669463,126.9704394,2011-08-24,한전주,02-820-9923,서울특별시 동작구청,2026-04-06
10-3863,서울특별시 동작구 사당로9길 11-13,사당동 220-28,37.48668057,126.9704804,2011-08-24,한전주,02-820-9923,서울특별시 동작구청,2026-04-06
10-3866,서울특별시 동작구 사당로9라길 18,사당동 220-103,37.48692217,126.9705552,2011-08-24,한전주,02-820-9923,서울특별시 동작구청,2026-04-06
10-3868,서울특별시 동작구 사당로9라길 28,사당동 220-140,37.48716932,126.9702964,2011-08-24,한전주,02-820-9923,서울특별시 동작구청,2026-04-06
10-3869,서울특별시 동작구 사당로9라길 36,사당동 220-136,37.48741534,126.9700377,2011-08-24,한전주,02-820-9923,서울특별시 동작구청,2026-04-06
10-3870,서울특별시 동작구 사당로9라길 38,사당동 산 25-17,37.48759324,126.9698595,2011-08-24,한전주,02-820-9923,서울특별시 동작구청,2026-04-06
10-3872,서울특별시 동작구 사당로9다길 30,사당동 220-64,37.48704751,126.9696152,2011-08-24,한전주,02-820-9923,서울특별시 동작구청,2026-04-06
10-3873,서울특별시 동작구 사당로9나길 15,사당동 220-6,37.48646871,126.9700027,2011-08-24,한전주,02-820-9923,서울특별시 동작구청,2026-04-06
10-3874,서울특별시 동작구 사당로9나길 23,사당동 220-6,37.48676372,126.9697341,2011-08-24,한전주,02-820-9923,서울특별시 동작구청,2026-04-06
10-3875,서울특별시 동작구 사당로9다길 8,사당동 220-77,37.48623455,126.9704042,2011-08-24,한전주,02-820-9923,서울특별시 동작구청,2026-04-06
10-3901,서울특별시 동작구 사당로23길 254,사당동 180-44,37.49284063,126.9682475,2020-05-20,한전주,02-820-9923,서울특별시 동작구청,2026-04-06
10-3902,서울특별시 동작구 사당로23사길 50,사당동 180-44,37.49155,126.9684798,2020-05-18,한전주,02-820-9923,서울특별시 동작구청,2026-04-06
10-3903,서울특별시 동작구 사당로23아길 50,사당동 180-33,37.49204106,126.9685164,2020-06-19,전용주,02-820-9923,서울특별시 동작구청,2026-04-06
10-3904,서울특별시 동작구 사당로27길 245,사당동 708-527,37.492404,126.9696187,2020-05-20,한전주,02-820-9923,서울특별시 동작구청,2026-04-06
10-3905,서울특별시 동작구 사당로23바길 34,사당동 산 22-21,37.49037897,126.9695574,2020-05-20,전용주,02-820-9923,서울특별시 동작구청,2026-04-06
10-3910,서울특별시 동작구 사당로29길 23,사당동 141-22,37.48544563,126.9783221,2020-05-20,통신주,02-820-9923,서울특별시 동작구청,2026-04-06
10-3916,서울특별시 동작구 사당로13길 31,사당동 1131-8,37.48456187,126.9719723,2020-05-21,전용주,02-820-9923,서울특별시 동작구청,2026-04-06
10-3917,서울특별시 동작구 사당로13길 31,사당동 1131-8,37.48474605,126.9721319,2020-05-21,전용주,02-820-9923,서울특별시 동작구청,2026-04-06
10-3919,서울특별시 동작구 사당로13길 24,사당동 1131-4,37.48526924,126.9722801,2020-05-21,한전주,02-820-9923,서울특별시 동작구청,2026-04-06
10-3920 ,서울특별시 동작구 사당로13길 31,사당동 1131-8,37.48549894,126.9720737,2020-05-21,전용주,02-820-9923,서울특별시 동작구청,2026-04-06
10-3921,서울특별시 동작구 사당로13길 31,사당동 261-2,37.48563858,126.9719888,2020-05-21,전용주,02-820-9923,서울특별시 동작구청,2026-04-06
10-3922,서울특별시 동작구 사당로17라길 7-6,사당동 259-18,37.48530984,126.9725486,2020-05-21,벽부주,02-820-9923,서울특별시 동작구청,2026-04-06
10-3923,서울특별시 동작구 사당로 181-8,사당동 219-5,37.48634967,126.9691703,2020-05-21,통신주,02-820-9923,서울특별시 동작구청,2026-04-06
10-3924,서울특별시 동작구 사당로 155,사당동 708-534,37.48783354,126.9671316,2020-05-21,한전주,02-820-9923,서울특별시 동작구청,2026-04-06
10-3925,서울특별시 동작구 사당로9가길 81,사당동 209-8,37.48803853,126.9671824,2020-05-21,한전주,02-820-9923,서울특별시 동작구청,2026-04-06
10-3940,서울특별시 동작구 사당로13길 50,사당동 1131-2,37.48618533,126.9717695,2018-12-05,통신주,02-820-9923,서울특별시 동작구청,2026-04-06
10-3941,서울특별시 동작구 사당로17길 83,사당동 263-2,37.48632335,126.9720253,2011-08-24,한전주,02-820-9923,서울특별시 동작구청,2026-04-06
10-3942,서울특별시 동작구 사당로13길 93,사당동 220-189,37.48774195,126.9700234,2018-02-03,벽부주,02-820-9923,서울특별시 동작구청,2026-04-06
10-3943,서울특별시 동작구 사당로13길 100,사당동 220-101,37.48791706,126.9699287,2011-08-24,벽부주,02-820-9923,서울특별시 동작구청,2026-04-06
10-3944,서울특별시 동작구 사당로9가길37,사당동 218-13,37.48659221,126.9684932,2020-02-13,전용주,02-820-9923,서울특별시 동작구청,2026-04-06
10-3950,서울특별시 동작구 사당로27가길 6,사당동 150-21,37.48453564,126.9784778,2011-08-24,전용주,02-820-9923,서울특별시 동작구청,2026-04-06
10-3951,서울특별시 동작구 사당로27길 19-6,사당동 150-33,37.48489823,126.9781131,2022-09-30,벽부주,02-820-9923,서울특별시 동작구청,2026-04-06
10-3952,서울특별시 동작구 사당로27길 19-7,사당동 150-11,37.4847879,126.9783548,2011-08-24,통신주,02-820-9923,서울특별시 동작구청,2026-04-06
10-3953,서울특별시 동작구 사당로29가길11-4,사당동 141-64,37.485662,126.9790485,2020-08-27,한전주,02-820-9923,서울특별시 동작구청,2026-04-06
10-3954,서울특별시 동작구 사당로29나길 7,사당동 141-65,37.48575207,126.978845,2011-08-24,한전주,02-820-9923,서울특별시 동작구청,2026-04-06
10-3955,서울특별시 동작구 사당로29나길14,사당동 141-59,37.48594806,126.9789382,2011-08-24,한전주,02-820-9923,서울특별시 동작구청,2026-04-06
10-3956,서울특별시 동작구 사당로29나길 28,사당동 141-31,37.48642337,126.9791472,2011-08-24,한전주,02-820-9923,서울특별시 동작구청,2026-04-06
10-3957,서울특별시 동작구 사당로29다길 7,사당동 141-170,37.4867838,126.9793026,2011-08-24,한전주,02-820-9923,서울특별시 동작구청,2026-04-06
10-3958,서울특별시 동작구 사당로29다길 33,사당동 141-22,37.48630383,126.9782484,2011-08-24,한전주,02-820-9923,서울특별시 동작구청,2026-04-06
10-3959,서울특별시 동작구 사당로29다길 26,사당동 141-100,37.48654488,126.9784009,2011-08-24,전용주,02-820-9923,서울특별시 동작구청,2026-04-06
10-3960,서울특별시 동작구 사당로29다길 41,사당동 141-22,37.48656956,126.9778893,2011-08-24,한전주,02-820-9923,서울특별시 동작구청,2026-04-06
10-3961,서울특별시 동작구 사당로29다길 48,사당동 141-254,37.4867745,126.9776744,2011-08-24,한전주,02-820-9923,서울특별시 동작구청,2026-04-06
10-3962,서울특별시 동작구 사당로29다길 54,사당동 141-251,37.486842,126.9772899,2011-08-24,한전주,02-820-9923,서울특별시 동작구청,2026-04-06
10-3963,서울특별시 동작구 사당로29다길 56,사당동 141-250,37.48691178,126.9770383,2011-08-24,한전주,02-820-9923,서울특별시 동작구청,2026-04-06
10-3964,서울특별시 동작구 사당로29다길 61,사당동 161-33,37.48700406,126.976685,2011-08-24,통신주,02-820-9923,서울특별시 동작구청,2026-04-06
10-3965,서울특별시 동작구 사당로29길 90-4,사당동 162-72,37.48762109,126.9758452,2022-11-01,벽부주,02-820-9923,서울특별시 동작구청,2026-04-06
10-3966,서울특별시 동작구 사당로29라길 33,사당동 161-33,37.48654469,126.9774229,2011-08-24,한전주,02-820-9923,서울특별시 동작구청,2026-04-06
10-3967,서울특별시 동작구 사당로29라길 28,사당동 141-22,37.48634428,126.9777395,2011-08-24,한전주,02-820-9923,서울특별시 동작구청,2026-04-06
10-3968,서울특별시 동작구 사당로29라길 25-4,사당동 141-22,37.48607849,126.9777707,2011-08-24,벽부주,02-820-9923,서울특별시 동작구청,2026-04-06
10-3969,서울특별시 동작구 사당로29라길 24,사당동 141-22,37.48614386,126.9780421,2011-08-24,한전주,02-820-9923,서울특별시 동작구청,2026-04-06
10-3970,서울특별시 동작구 사당로 219,사당동 252-15,37.48421682,126.9726239,2020-08-18,벽부주,02-820-9923,서울특별시 동작구청,2026-04-06
10-3971,서울특별시 동작구 사당로27길245,사당동 708-527,37.49248955,126.9694434,2022-11-28,전용주,02-820-9923,서울특별시 동작구청,2026-04-06
10-3972,서울특별시 동작구 ,사당동 156-21,37.4842179,126.9777176,2022-12-08,벽부주,02-820-9923,서울특별시 동작구청,2026-04-06
10-3973,서울특별시 동작구 사당로29가길 23,사당동 141-55,37.48602247,126.9793848,2023-03-28,전용주,02-820-9923,서울특별시 동작구청,2026-04-06
10-3974,서울특별시 동작구 사당로23나길 16,사당동 105-20,37.487452,126.9751188,2021-07-29,한전주,02-820-9923,서울특별시 동작구청,2026-04-06
10-3975,서울특별시 동작구 사당로17길 111,사당동 169-32,37.48789452,126.9698495,2023-08-25,한전주,02-820-9923,서울특별시 동작구청,2026-04-06
10-3976,서울특별시 동작구 사당로29나길 17,사당동 141-83,37.48612601,126.9789466,2023-11-29,벽부주,02-820-9923,서울특별시 동작구청,2026-04-06
10-3977,서울특별시 동작구 사당로23길 282,사당동 180-75,37.49294619,126.9671421,2024-02-15,벽부주,02-820-9923,서울특별시 동작구청,2026-04-06
10-3978,서울특별시 동작구 사당로29다길 6,사당동 141-236,37.48688293,126.9794043,2024-03-06,벽부주,02-820-9923,서울특별시 동작구청,2026-04-06
10-3979,서울특별시 동작구 사당로17다길 5,사당동 256-1,37.48461568,126.9733191,2024-05-02,한전주,02-820-9923,서울특별시 동작구청,2026-04-06
10-3980,서울특별시 동작구 사당로27길 19-7,사당동 150-11,37.48490959,126.9786247,2024-06-04,벽부주,02-820-9923,서울특별시 동작구청,2026-04-06
10-3981,서울특별시 동작구 사당로187,사당동 220-80,37.48570275,126.9695988,2024-08-02,한전주,02-820-9923,서울특별시 동작구청,2026-04-06
10-3982,서울특별시 동작구 사당로27길 68 계단 빌라 옥상,사당동 161-63,37.48675171,126.9763147,2024-11-12,벽부주,02-820-9923,서울특별시 동작구청,2026-04-06
10-3983,서울특별시 동작구 사당로9나길 1,사당동 1131-1,37.48582464,126.9706249,2025-03-20,한전주,02-820-9923,서울특별시 동작구청,2026-04-06
10-3984,서울특별시 동작구 사당로29라길 30,사당동 161-41,37.4864749,126.9776236,2025-12-03,통신주,02-820-9923,서울특별시 동작구청,2026-04-06
10-3985,서울특별시 동작구 사당로27길 78-6,사당동 162-12,37.48694313,126.9760857,2025-12-12,벽부주,02-820-9923,서울특별시 동작구청,2026-04-06
10-3986,서울특별시 동작구 사당로9가길 58,사당동 209-14,37.48724092,126.9684449,2026-02-09,전용주,02-820-9923,서울특별시 동작구청,2026-04-06
10-3987,서울특별시 동작구 사당로9가길 58,사당동 산 31-30,37.48700223,126.9687333,2026-02-09,전용주,02-820-9923,서울특별시 동작구청,2026-04-06
10-3988,서울특별시 동작구 사당로9가길 58,사당동 209-16,37.48720716,126.9685551,2026-02-19,전용주,02-820-9923,서울특별시 동작구청,2026-04-06
01-1104,서울특별시 동작구 ,신대방동 702,37.48519864,126.9033925,2020-11-18,벽부주,02-820-9923,서울특별시 동작구청,2026-04-06
10-414,서울특별시 동작구 사당로27길 22-2,사당동 141-208,37.48528343,126.9782006,2011-08-24,벽부주,02-820-9923,서울특별시 동작구청,2026-04-06
10-474,서울특별시 동작구 사당로27길 181,사당동 1149,37.4902264,126.9719772,2021-07-20,전용주,02-820-9923,서울특별시 동작구청,2026-04-06
10-475,서울특별시 동작구 사당로27길 181,사당동 1149,37.49008452,126.9720903,2011-08-24,전용주,02-820-9923,서울특별시 동작구청,2026-04-06
01-1105,서울특별시 동작구 ,신대방동 702,37.48519874,126.9035169,2020-11-18,벽부주,02-820-9923,서울특별시 동작구청,2026-04-06
10-579,서울특별시 동작구 사당로9라길 6,사당동 220-95,37.48653652,126.9709412,2023-03-31,벽부주,02-820-9923,서울특별시 동작구청,2026-04-06
01-1106,서울특별시 동작구 ,신대방동 702-2,37.48518983,126.9036412,2020-11-18,벽부주,02-820-9923,서울특별시 동작구청,2026-04-06
01-1107,서울특별시 동작구 ,신대방동 702-2,37.48518091,126.9037543,2020-11-18,벽부주,02-820-9923,서울특별시 동작구청,2026-04-06
01-1108,서울특별시 동작구 ,신대방동 702-2,37.485172,126.9038674,2020-11-18,벽부주,02-820-9923,서울특별시 동작구청,2026-04-06
01-1109,서울특별시 동작구 ,신대방동 702-2,37.48516308,126.9039805,2020-11-18,벽부주,02-820-9923,서울특별시 동작구청,2026-04-06
01-1110,서울특별시 동작구 ,신대방동 702-2,37.48516317,126.9040935,2020-11-18,벽부주,02-820-9923,서울특별시 동작구청,2026-04-06
01-1111,서울특별시 동작구 ,신대방동 702-2,37.48515424,126.9041953,2020-11-18,벽부주,02-820-9923,서울특별시 동작구청,2026-04-06
01-1112,서울특별시 동작구 ,신대방동 702-2,37.48513631,126.9043084,2020-11-18,벽부주,02-820-9923,서울특별시 동작구청,2026-04-06
01-1113,서울특별시 동작구 ,신대방동 1064-3,37.48515554,126.9030279,2020-11-18,벽부주,02-820-9923,서울특별시 동작구청,2026-04-06
11-3000,서울특별시 동작구 사당로20나길86,사당동 307-13,37.4799527,126.972193,2021-11-18,벽부주,02-820-9923,서울특별시 동작구청,2026-04-06
11-3001,서울특별시 동작구 사당로20마길 4,사당동 316-42,37.48130934,126.9749541,2011-08-24,한전주,02-820-9923,서울특별시 동작구청,2026-04-06
11-3002,서울특별시 동작구 사당로20마길 8,사당동 316-81,37.48142191,126.9747279,2011-08-24,통신주,02-820-9923,서울특별시 동작구청,2026-04-06
11-3003,서울특별시 동작구 사당로20바길 3,사당동 316-113,37.48097817,126.9747224,2011-08-24,한전주,02-820-9923,서울특별시 동작구청,2026-04-06
11-3004,서울특별시 동작구 사당로20바길 5,사당동 316-114,37.48083398,126.9746122,2011-08-24,통신주,02-820-9923,서울특별시 동작구청,2026-04-06
11-3005,서울특별시 동작구 사당로20바길 9,사당동 316-116,37.4806132,126.9744512,2018-12-24,한전주,02-820-9923,서울특별시 동작구청,2026-04-06
11-3006,서울특별시 동작구 사당로20라길 12,사당동 316-122,37.48051865,126.9747339,2011-08-24,전용주,02-820-9923,서울특별시 동작구청,2026-04-06
11-3007,서울특별시 동작구 사당로20바길 14,사당동 316-202,37.48045997,126.974194,2011-08-24,한전주,02-820-9923,서울특별시 동작구청,2026-04-06
11-3008,서울특별시 동작구 사당로20바길 18,사당동 316-248,37.48010402,126.9739567,2011-08-24,한전주,02-820-9923,서울특별시 동작구청,2026-04-06
11-3009,서울특별시 동작구 사당로20바길 20,사당동 316-250,37.47983816,126.9736742,2011-08-24,한전주,02-820-9923,서울특별시 동작구청,2026-04-06
11-3010,서울특별시 동작구 사당로20바길 24,사당동 316-253,37.47957456,126.9734086,2011-08-24,한전주,02-820-9923,서울특별시 동작구청,2026-04-06
11-3011,서울특별시 동작구 사당로20바길 30,사당동 316-256,37.47932446,126.973126,2011-08-24,한전주,02-820-9923,서울특별시 동작구청,2026-04-06
11-3012,서울특별시 동작구 사당로20길 132,사당동 316-42,37.47884693,126.9731262,2011-08-24,한전주,02-820-9923,서울특별시 동작구청,2026-04-06
11-3013,서울특별시 동작구 사당로20바길 32,사당동 316-42,37.47901805,126.9728378,2011-08-24,한전주,02-820-9923,서울특별시 동작구청,2026-04-06
11-3014,서울특별시 동작구 사당로20사길 29,사당동 316-42,37.47918242,126.9725664,2011-08-24,한전주,02-820-9923,서울특별시 동작구청,2026-04-06
11-3015,서울특별시 동작구 사당로20사길 29,사당동 316-42,37.47943928,126.9728716,2011-08-24,한전주,02-820-9923,서울특별시 동작구청,2026-04-06
11-3016,서울특별시 동작구 사당로20사길 23-1,사당동 316-265,37.47962629,126.9730863,2011-08-24,전용주,02-820-9923,서울특별시 동작구청,2026-04-06
11-3017,서울특별시 동작구 사당로20사길 21-1,사당동 316-267,37.47980201,126.9731965,2011-08-24,한전주,02-820-9923,서울특별시 동작구청,2026-04-06
11-3018,서울특별시 동작구 사당로20사길 21,사당동 316-42,37.47988539,126.9733604,2011-08-24,한전주,02-820-9923,서울특별시 동작구청,2026-04-06
11-3019,서울특별시 동작구 사당로20사길 17,사당동 316-247,37.48016252,126.9736571,2011-08-24,한전주,02-820-9923,서울특별시 동작구청,2026-04-06
11-3020,서울특별시 동작구 사당로20사길 12,사당동 316-42,37.48050719,126.9738322,2011-08-24,한전주,02-820-9923,서울특별시 동작구청,2026-04-06
11-3021,서울특별시 동작구 사당로20사길 11,사당동 316-104,37.48061086,126.9740639,2013-03-22,한전주,02-820-9923,서울특별시 동작구청,2026-04-06
11-3022,서울특별시 동작구 사당로22나길 58,사당동 316-98,37.48072122,126.9739961,2011-08-24,전용주,02-820-9923,서울특별시 동작구청,2026-04-06
11-3023,서울특별시 동작구 사당로20사길 9,사당동 316-104,37.48076179,126.9741035,2015-02-25,전용주,02-820-9923,서울특별시 동작구청,2026-04-06
11-3024,서울특별시 동작구 사당로20사길 5,사당동 316-102,37.48098257,126.9742645,2011-08-24,전용주,02-820-9923,서울특별시 동작구청,2026-04-06
11-3025,서울특별시 동작구 사당로20사길 3,사당동 316-100,37.48119885,126.9744255,2011-08-24,통신주,02-820-9923,서울특별시 동작구청,2026-04-06
11-3026,서울특별시 동작구 사당로20사길 4,사당동 316-92,37.48134076,126.9744424,2011-08-24,벽부주,02-820-9923,서울특별시 동작구청,2026-04-06
11-3027,서울특별시 동작구 사당로20마길 8,사당동 316-81,37.4814737,126.9746148,2011-08-24,한전주,02-820-9923,서울특별시 동작구청,2026-04-06
11-3028,서울특별시 동작구 사당로20마길 10,사당동 316-80,37.48156601,126.9744226,2011-08-24,통신주,02-820-9923,서울특별시 동작구청,2026-04-06
11-3029,서울특별시 동작구 사당로20다길 1,사당동 316-42,37.48162905,126.9742897,2011-08-24,한전주,02-820-9923,서울특별시 동작구청,2026-04-06
11-3030,서울특별시 동작구 사당로20다길 1,사당동 1153,37.4817259,126.9742614,2011-08-24,벽부주,02-820-9923,서울특별시 동작구청,2026-04-06
11-3031,서울특별시 동작구 사당로20다길 3,사당동 316-29,37.48158848,126.9741767,2011-08-24,전용주,02-820-9923,서울특별시 동작구청,2026-04-06
11-3032,서울특별시 동작구 사당로20다길 5,사당동 316-86,37.4813677,126.9740241,2011-08-24,전용주,02-820-9923,서울특별시 동작구청,2026-04-06
11-3033,서울특별시 동작구 사당로20다길 11,사당동 316-89,37.48115142,126.9738489,2011-08-24,전용주,02-820-9923,서울특별시 동작구청,2026-04-06
11-3034,서울특별시 동작구 사당로20다길 11-1,사당동 316-90,37.48097795,126.9737162,2011-08-24,전용주,02-820-9923,서울특별시 동작구청,2026-04-06
11-3035,서울특별시 동작구 사당로20다길 15,사당동 316-32,37.48082475,126.973606,2011-08-24,전용주,02-820-9923,서울특별시 동작구청,2026-04-06
11-3036,서울특별시 동작구 사당로20다길 15,사당동 316-42,37.4807279,126.9736314,2011-08-24,한전주,02-820-9923,서울특별시 동작구청,2026-04-06
11-3037,서울특별시 동작구 사당로22나길 69,사당동 316-31,37.4807166,126.9734647,2011-08-24,전용주,02-820-9923,서울특별시 동작구청,2026-04-06
11-3038,서울특별시 동작구 사당로20다길 17,사당동 316-168,37.48059946,126.9734308,2011-08-24,한전주,02-820-9923,서울특별시 동작구청,2026-04-06
11-3039,서울특별시 동작구 사당로20다길 20,사당동 316-157,37.48039219,126.9732528,2011-08-24,한전주,02-820-9923,서울특별시 동작구청,2026-04-06
11-3040,서울특별시 동작구 사당로20다길 21,사당동 316-170,37.4802638,126.9732783,2011-08-24,전용주,02-820-9923,서울특별시 동작구청,2026-04-06
11-3041,서울특별시 동작구 사당로20다길 26,사당동 316-161,37.48003622,126.9729562,2011-08-24,한전주,02-820-9923,서울특별시 동작구청,2026-04-06
11-3042,서울특별시 동작구 사당로20다길 28,사당동 316-42,37.47982443,126.9727386,2011-08-24,한전주,02-820-9923,서울특별시 동작구청,2026-04-06
11-3043,서울특별시 동작구 사당로20다길 32,사당동 316-165,37.47957659,126.972456,2011-08-24,한전주,02-820-9923,서울특별시 동작구청,2026-04-06
11-3044,서울특별시 동작구 사당로20다길 33,사당동 316-42,37.47935805,126.9722667,2011-08-24,한전주,02-820-9923,서울특별시 동작구청,2026-04-06
11-3045,서울특별시 동작구 사당로20길 158,사당동 316-42,37.47943235,126.9721226,2011-08-24,전용주,02-820-9923,서울특별시 동작구청,2026-04-06
11-3046,서울특별시 동작구 사당로20나길 98,사당동 305-14,37.4795224,126.9719049,2011-08-24,한전주,02-820-9923,서울특별시 동작구청,2026-04-06
11-3047,서울특별시 동작구 사당로20길 165,사당동 305-14,37.47957418,126.9717777,2020-07-06,전용주,02-820-9923,서울특별시 동작구청,2026-04-06
11-3048,서울특별시 동작구 사당로20길 168,사당동 306-12,37.47969128,126.9716476,2011-08-24,한전주,02-820-9923,서울특별시 동작구청,2026-04-06
11-3049,서울특별시 동작구 사당로16길 87,사당동 306-17,37.47993904,126.9715769,2011-08-24,벽부주,02-820-9923,서울특별시 동작구청,2026-04-06
11-3050,서울특별시 동작구 사당로16길 85-9,사당동 306-6,37.47982423,126.9718652,2011-08-24,벽부주,02-820-9923,서울특별시 동작구청,2026-04-06
11-3051,서울특별시 동작구 사당로20나길 92,사당동 316-42,37.47967559,126.9719925,2011-08-24,전용주,02-820-9923,서울특별시 동작구청,2026-04-06
11-3052,서울특별시 동작구 사당로20나길 87,사당동 316-146,37.47984232,126.9721846,2011-08-24,벽부주,02-820-9923,서울특별시 동작구청,2026-04-06
11-3053,서울특별시 동작구 사당로16길 79-9,사당동 307-7,37.48004502,126.9720404,2020-05-27,통신주,02-820-9923,서울특별시 동작구청,2026-04-06
11-3054,서울특별시 동작구 사당로16길 79-10,사당동 307-8,37.48008777,126.9718679,2011-08-24,벽부주,02-820-9923,서울특별시 동작구청,2026-04-06
11-3055,서울특별시 동작구 사당로16길 79-6,사당동 307-8,37.48015082,126.9717746,2011-08-24,벽부주,02-820-9923,서울특별시 동작구청,2026-04-06
11-3056,서울특별시 동작구 사당로16길 81,사당동 307-8,37.48020937,126.9716983,2020-05-27,벽부주,02-820-9923,서울특별시 동작구청,2026-04-06
11-3057,서울특별시 동작구 사당로16길 75,사당동 307-4,37.48040535,126.9717265,2011-08-24,한전주,02-820-9923,서울특별시 동작구청,2026-04-06
11-3058,서울특별시 동작구 사당로16길 71,사당동 309-3,37.48055178,126.9718282,2011-08-24,한전주,02-820-9923,서울특별시 동작구청,2026-04-06
11-3059,서울특별시 동작구 사당로22나길 91,사당동 309-16,37.48071849,126.9719073,2011-08-24,한전주,02-820-9923,서울특별시 동작구청,2026-04-06
11-3060,서울특별시 동작구 사당로22나길 81,사당동 309-16,37.48060824,126.9724359,2011-08-24,한전주,02-820-9923,서울특별시 동작구청,2026-04-06
11-3061,서울특별시 동작구 사당로22나길 83-1,사당동 309-31,37.48047982,126.9723003,2011-08-24,벽부주,02-820-9923,서울특별시 동작구청,2026-04-06
11-3062,서울특별시 동작구 사당로22나길 79,사당동 309-16,37.48057223,126.9725716,2011-08-24,전용주,02-820-9923,서울특별시 동작구청,2026-04-06
11-3063,서울특별시 동작구 사당로20나길 72,사당동 316-42,37.48043039,126.9728401,2011-08-24,한전주,02-820-9923,서울특별시 동작구청,2026-04-06
11-3064,서울특별시 동작구 사당로20나길 74,사당동 316-42,37.480329,126.9727243,2020-05-27,전용주,02-820-9923,서울특별시 동작구청,2026-04-06
11-3065,서울특별시 동작구 사당로20나길 78,사당동 316-42,37.4802321,126.972583,2011-08-24,한전주,02-820-9923,서울특별시 동작구청,2026-04-06
11-3066,서울특별시 동작구 사당로20나길 78,사당동 316-42,37.48016,126.9725039,2020-05-27,전용주,02-820-9923,서울특별시 동작구청,2026-04-06
11-3067,서울특별시 동작구 사당로20나길 85,사당동 316-145,37.48002707,126.9723654,2011-08-24,한전주,02-820-9923,서울특별시 동작구청,2026-04-06
11-3068,서울특별시 동작구 사당로22나길 71,사당동 316-42,37.480498,126.9730097,2011-08-24,전용주,02-820-9923,서울특별시 동작구청,2026-04-06
11-3069,서울특별시 동작구 남부순환로269길102,사당동 309-37,37.48069847,126.9729955,2021-07-27,전용주,02-820-9923,서울특별시 동작구청,2026-04-06
11-3070,서울특별시 동작구 사당로20나길 62-4,사당동 311-15,37.48087865,126.972888,2011-08-24,통신주,02-820-9923,서울특별시 동작구청,2026-04-06
11-3071,서울특별시 동작구 사당로20나길 62-9,사당동 311-8,37.48088987,126.9727015,2011-08-24,벽부주,02-820-9923,서울특별시 동작구청,2026-04-06
11-3072,서울특별시 동작구 사당로20나길 62-12,사당동 311-3,37.48097768,126.9725347,2011-08-24,한전주,02-820-9923,서울특별시 동작구청,2026-04-06
11-3073,서울특별시 동작구 사당로16길 59-6,사당동 311-26,37.48093259,126.9723877,2011-08-24,벽부주,02-820-9923,서울특별시 동작구청,2026-04-06
11-3074,서울특별시 동작구 사당로20나길 58-15,사당동 311-22,37.48107228,126.9725035,2011-08-24,벽부주,02-820-9923,서울특별시 동작구청,2026-04-06
11-3075,서울특별시 동작구 사당로20나길 58-17,사당동 311-17,37.48116687,126.97243,2018-10-15,벽부주,02-820-9923,서울특별시 동작구청,2026-04-06
11-3076,서울특별시 동작구 사당로16길 51-8,사당동 314-14,37.48129757,126.9726702,2011-08-24,한전주,02-820-9923,서울특별시 동작구청,2026-04-06
11-3077,서울특별시 동작구 사당로20나길 58-8,사당동 314-18,37.48112867,126.9728455,2011-08-24,전용주,02-820-9923,서울특별시 동작구청,2026-04-06
11-3078,서울특별시 동작구 사당로20나길 60,사당동 314-2,37.48098233,126.9731565,2011-08-24,한전주,02-820-9923,서울특별시 동작구청,2026-04-06
11-3079,서울특별시 동작구 사당로20나길 56,사당동 316-21,37.48107471,126.973278,2011-08-24,전용주,02-820-9923,서울특별시 동작구청,2026-04-06
11-3080,서울특별시 동작구 사당로20나길 52-1,사당동 314-14,37.48117832,126.9732667,2011-08-24,벽부주,02-820-9923,서울특별시 동작구청,2026-04-06
11-3081,서울특별시 동작구 사당로20나길 52-4,사당동 314-7,37.48129541,126.9731055,2011-08-24,통신주,02-820-9923,서울특별시 동작구청,2026-04-06
11-3082,서울특별시 동작구 사당로20나길 52,사당동 316-21,37.4811896,126.9733543,2011-08-24,전용주,02-820-9923,서울특별시 동작구청,2026-04-06
11-3083,서울특별시 동작구 사당로20나길 48,사당동 732-3,37.48134279,126.9734447,2011-08-24,전용주,02-820-9923,서울특별시 동작구청,2026-04-06
11-3084,서울특별시 동작구 사당로16길 45-14,사당동 315-19,37.48151613,126.9729528,2011-08-24,벽부주,02-820-9923,서울특별시 동작구청,2026-04-06
11-3085,서울특별시 동작구 사당로20나길 44-2,사당동 315-12,37.48153197,126.9733033,2011-08-24,벽부주,02-820-9923,서울특별시 동작구청,2026-04-06
11-3086,서울특별시 동작구 사당로20나길 40,사당동 708-1146,37.48164241,126.9735576,2011-08-24,한전주,02-820-9923,서울특별시 동작구청,2026-04-06
11-3087,서울특별시 동작구 사당로20나길 40,사당동 732-13,37.481701,126.973682,2011-08-24,전용주,02-820-9923,서울특별시 동작구청,2026-04-06
11-3088,서울특별시 동작구 사당로20나길 32,사당동 732-13,37.48191052,126.9738345,2011-08-24,전용주,02-820-9923,서울특별시 동작구청,2026-04-06
11-3090,서울특별시 동작구 사당로20나길 28,사당동 732-13,37.48197815,126.9740804,2011-08-24,전용주,02-820-9923,서울특별시 동작구청,2026-04-06
11-3091,서울특별시 동작구 사당로20나길 26,사당동 318-29,37.48200745,126.9741624,2011-08-24,한전주,02-820-9923,서울특별시 동작구청,2026-04-06
11-3092,서울특별시 동작구 사당로20나길 19,사당동 732-13,37.48186783,126.9743405,2011-08-24,한전주,02-820-9923,서울특별시 동작구청,2026-04-06
11-3093,서울특별시 동작구 사당로20나길 18,사당동 318-92,37.4818206,126.9746599,2011-08-24,한전주,02-820-9923,서울특별시 동작구청,2026-04-06
11-3094,서울특별시 동작구 사당로20나길 9,사당동 732-13,37.4816765,126.9749652,2019-06-17,통신주,02-820-9923,서울특별시 동작구청,2026-04-06
11-3095,서울특별시 동작구 사당로20나길 8,사당동 319-34,37.48170807,126.975115,2011-08-24,한전주,02-820-9923,서울특별시 동작구청,2026-04-06
11-3096,서울특별시 동작구 사당로20나길 6-2,사당동 319-21,37.48175992,126.9753553,2011-08-24,전용주,02-820-9923,서울특별시 동작구청,2026-04-06
11-3097,서울특별시 동작구 사당로20나길 6-10,사당동 319-13,37.48197616,126.9753383,2011-08-24,한전주,02-820-9923,서울특별시 동작구청,2026-04-06
11-3098,서울특별시 동작구 사당로20가길 7-6,사당동 319-2,37.48197383,126.974951,2011-08-24,벽부주,02-820-9923,서울특별시 동작구청,2026-04-06
11-3099,서울특별시 동작구 사당로20가길 7,사당동 319-15,37.48216759,126.9751403,2011-08-24,한전주,02-820-9923,서울특별시 동작구청,2026-04-06
11-3100,서울특별시 동작구 사당로20길 20,사당동 319-15,37.48222399,126.97557,2011-08-24,한전주,02-820-9923,서울특별시 동작구청,2026-04-06
11-3101,서울특별시 동작구 사당로20가길20,사당동 318-31,37.48226429,126.9744054,2020-02-13,벽부주,02-820-9923,서울특별시 동작구청,2026-04-06
11-3102,서울특별시 동작구 사당로16길 101,사당동 305-44,37.47936225,126.9709892,2011-08-24,전용주,02-820-9923,서울특별시 동작구청,2026-04-06
11-3104,서울특별시 동작구 사당로16길 103-9,사당동 305-41,37.47918217,126.9715093,2020-05-07,벽부주,02-820-9923,서울특별시 동작구청,2026-04-06
11-3105,서울특별시 동작구 사당로20나길 109,사당동 304-29,37.47914393,126.9717157,2011-08-24,한전주,02-820-9923,서울특별시 동작구청,2026-04-06
11-3106,서울특별시 동작구 남부순환로257길 41,사당동 304-33,37.47879473,126.9714558,2013-10-07,통신주,02-820-9923,서울특별시 동작구청,2026-04-06
11-3107,서울특별시 동작구 사당로20나길 114,사당동 304-4,37.47885781,126.9714953,2011-08-24,한전주,02-820-9923,서울특별시 동작구청,2026-04-06
11-3108,서울특별시 동작구 남부순환로257길 46,사당동 304-1,37.4790334,126.9710685,2011-08-24,전용주,02-820-9923,서울특별시 동작구청,2026-04-06
11-3109,서울특별시 동작구 사당로16길 111앞,사당동 304-14앞,37.47912345,126.9708649,2018-08-25,전용주,02-820-9923,서울특별시 동작구청,2026-04-06
11-3110,서울특별시 동작구 남부순환로257길 40,사당동 304-32,37.47872947,126.9717356,2011-08-24,한전주,02-820-9923,서울특별시 동작구청,2026-04-06
11-3111,서울특별시 동작구 남부순환로257길 35,사당동 304-44,37.47852231,126.9720494,2011-08-24,한전주,02-820-9923,서울특별시 동작구청,2026-04-06
11-3112,서울특별시 동작구 남부순환로255다길 41,사당동 304-44,37.47835568,126.9722784,2011-08-24,전용주,02-820-9923,서울특별시 동작구청,2026-04-06
11-3113,서울특별시 동작구 남부순환로255다길 41,사당동 303-73,37.47819806,126.9724989,2011-08-24,한전주,02-820-9923,서울특별시 동작구청,2026-04-06
11-3114,서울특별시 동작구 남부순환로255다길 41,사당동 304-52,37.47818445,126.9721287,2011-08-24,통신주,02-820-9923,서울특별시 동작구청,2026-04-06
"11-3115,11-3116",서울특별시 동작구 남부순환로255바길 4,사당동 304-23,37.47814387,126.971945,2011-08-24,한전주,02-820-9923,서울특별시 동작구청,2026-04-06
11-3117,서울특별시 동작구 남부순환로255마길 29,사당동 303-65,37.47834651,126.9715916,2011-08-24,한전주,02-820-9923,서울특별시 동작구청,2026-04-06
11-3118,서울특별시 동작구 남부순환로255마길 14,사당동 303-13,37.47778772,126.9709304,2011-08-24,한전주,02-820-9923,서울특별시 동작구청,2026-04-06
11-3119,서울특별시 동작구 남부순환로255마길 27,사당동 303-65,37.47823385,126.9714418,2011-08-24,전용주,02-820-9923,서울특별시 동작구청,2026-04-06
11-3120,서울특별시 동작구 남부순환로255마길 26,사당동 303-68,37.47808966,126.971326,2011-08-24,한전주,02-820-9923,서울특별시 동작구청,2026-04-06
11-3121,서울특별시 동작구 남부순환로255마길 20,사당동 303-168,37.47796347,126.9711565,2020-05-27,벽부주,02-820-9923,서울특별시 동작구청,2026-04-06
11-3122,서울특별시 동작구 남부순환로255마길 21,사당동 303-10,37.47797697,126.9710689,2020-05-27,전용주,02-820-9923,서울특별시 동작구청,2026-04-06
11-3123,서울특별시 동작구 남부순환로255마길 16,사당동 303-14,37.47789137,126.9710745,2020-05-27,전용주,02-820-9923,서울특별시 동작구청,2026-04-06
11-3124,서울특별시 동작구 남부순환로255마길 15,사당동 303-170,37.47779219,126.9707891,2011-08-24,전용주,02-820-9923,서울특별시 동작구청,2026-04-06
11-3125,서울특별시 동작구 남부순환로255마길 12,사당동 302-2,37.4776142,126.9706224,2011-08-24,한전주,02-820-9923,서울특별시 동작구청,2026-04-06
11-3126,서울특별시 동작구 남부순환로255마길 2,사당동 303-29,37.47744746,126.9703964,2011-08-24,한전주,02-820-9923,서울특별시 동작구청,2026-04-06
11-3127,서울특별시 동작구 사당로16길 137-1,사당동 302,37.47749021,126.9701985,2011-08-24,한전주,02-820-9923,서울특별시 동작구청,2026-04-06
11-3128,서울특별시 동작구 남부순환로255라길 9,사당동 302,37.47764108,126.9700063,2011-08-24,한전주,02-820-9923,서울특별시 동작구청,2026-04-06
11-3129,서울특별시 동작구 사당로16길 156,사당동 303-172,37.4778842,126.9694352,2011-08-24,한전주,02-820-9923,서울특별시 동작구청,2026-04-06
11-3130,서울특별시 동작구 사당로16길 156-3,사당동 303-159,37.47763187,126.9692403,2011-08-24,한전주,02-820-9923,서울특별시 동작구청,2026-04-06
11-3131,서울특별시 동작구 사당로16길 143,사당동 303-99,37.47788654,126.9697829,2011-08-24,한전주,02-820-9923,서울특별시 동작구청,2026-04-06
11-3132,서울특별시 동작구 사당로16길 139,사당동 1000-13,37.4779452,126.9701192,2011-08-24,한전주,02-820-9923,서울특별시 동작구청,2026-04-06
11-3133,서울특별시 동작구 사당로16길 121,사당동 303-79,37.47859858,126.9707097,2011-08-24,한전주,02-820-9923,서울특별시 동작구청,2026-04-06
11-3134,서울특별시 동작구 사당로16길 125,사당동 303-81,37.47839807,126.9706023,2011-08-24,전용주,02-820-9923,서울특별시 동작구청,2026-04-06
11-3135,서울특별시 동작구 사당로16길 125-3,사당동 303-84,37.47830351,126.9707889,2011-08-24,한전주,02-820-9923,서울특별시 동작구청,2026-04-06
11-3136,서울특별시 동작구 사당로16길 119-7,사당동 303-123,37.47849729,126.9710376,2011-08-24,벽부주,02-820-9923,서울특별시 동작구청,2026-04-06
11-3137,서울특별시 동작구 사당로16길 119-12,사당동 303-79,37.47840046,126.9711394,2011-08-24,한전주,02-820-9923,서울특별시 동작구청,2026-04-06
11-3138,서울특별시 동작구 사당로16길 113,사당동 304-15,37.47894776,126.9709046,2011-08-24,한전주,02-820-9923,서울특별시 동작구청,2026-04-06
11-3139,서울특별시 동작구 사당로16길 107,사당동 304-1,37.47918656,126.9710288,2011-08-24,한전주,02-820-9923,서울특별시 동작구청,2026-04-06
11-3140,서울특별시 동작구 사당로16길 103-4,사당동 305-48,37.47926543,126.9711616,2011-08-24,전용주,02-820-9923,서울특별시 동작구청,2026-04-06
11-3141,서울특별시 동작구 사당로16나길 5,사당동 712-20,37.48258826,126.9726585,2011-08-24,한전주,02-820-9923,서울특별시 동작구청,2026-04-06
11-3142,서울특별시 동작구 사당로16나길 13,사당동 274-7,37.48281343,126.9723277,2011-08-24,한전주,02-820-9923,서울특별시 동작구청,2026-04-06
11-3143,서울특별시 동작구 사당로16나길 29,사당동 712-20,37.48313312,126.9715926,2011-08-24,한전주,02-820-9923,서울특별시 동작구청,2026-04-06
11-3144,서울특별시 동작구 사당로14길 23,사당동 272-2,37.48296189,126.9714203,2011-08-24,한전주,02-820-9923,서울특별시 동작구청,2026-04-06
11-3145,서울특별시 동작구 사당로14길 38,사당동 278-50,37.48267121,126.971002,2011-08-24,한전주,02-820-9923,서울특별시 동작구청,2026-04-06
11-3146,서울특별시 동작구 사당로14길 43,사당동 278-1,37.4824099,126.97094,2017-05-10,한전주,02-820-9923,서울특별시 동작구청,2026-04-06
11-3147,서울특별시 동작구 사당로14길 40-3,사당동 278-57,37.48258554,126.9707222,2017-05-10,전용주,02-820-9923,서울특별시 동작구청,2026-04-06
11-3148,서울특별시 동작구 사당로14길 45,사당동 278-98,37.48223417,126.9708213,2011-08-24,한전주,02-820-9923,서울특별시 동작구청,2026-04-06
11-3149,서울특별시 동작구 사당로14길 55,사당동 278-31,37.48191877,126.9705953,2011-08-24,한전주,02-820-9923,서울특별시 동작구청,2026-04-06
11-3150,서울특별시 동작구 사당로16라길 9,사당동 278-34,37.48260344,126.9702248,2021-07-20,한전주,02-820-9923,서울특별시 동작구청,2026-04-06
11-3151,서울특별시 동작구 사당로16마길 25,사당동 278-105,37.48184677,126.9709571,2011-08-24,한전주,02-820-9923,서울특별시 동작구청,2026-04-06
11-3152,서울특별시 동작구 사당로16마길 16,사당동 276-3,37.48179733,126.9714066,2011-08-24,한전주,02-820-9923,서울특별시 동작구청,2026-04-06
11-3153,서울특별시 동작구 사당로16마길 9,사당동 276-3,37.4817231,126.9718306,2011-08-24,한전주,02-820-9923,서울특별시 동작구청,2026-04-06
11-3154,서울특별시 동작구 사당로16마길 3,사당동 708-529,37.48167362,126.9721528,2011-08-24,한전주,02-820-9923,서울특별시 동작구청,2026-04-06
11-3155,서울특별시 동작구 사당로16길 52-1,사당동 708-529,37.48155197,126.9721133,2017-05-10,한전주,02-820-9923,서울특별시 동작구청,2026-04-06
11-3156,서울특별시 동작구 사당로16길 56,사당동 312-1,37.48139881,126.9721671,2011-08-24,전용주,02-820-9923,서울특별시 동작구청,2026-04-06
11-3157,서울특별시 동작구 사당로16길 47,사당동 312-2,37.48160385,126.9723988,2011-08-24,한전주,02-820-9923,서울특별시 동작구청,2026-04-06
11-3158,서울특별시 동작구 사당로16길 53,사당동 312-4,37.48142363,126.972314,2011-08-24,한전주,02-820-9923,서울특별시 동작구청,2026-04-06
11-3159,서울특별시 동작구 사당로16길 61,사당동 708-529,37.48104515,126.9721107,2011-08-24,한전주,02-820-9923,서울특별시 동작구청,2026-04-06
11-3160,서울특별시 동작구 사당로16길 68,사당동 300-71,37.48082884,126.971797,2011-08-24,한전주,02-820-9923,서울특별시 동작구청,2026-04-06
11-3161,서울특별시 동작구 사당로16아길 10,사당동 300-8,37.48090984,126.9714465,2011-08-24,한전주,02-820-9923,서울특별시 동작구청,2026-04-06
11-3162,서울특별시 동작구 사당로16아길 13,사당동 300-8,37.48090528,126.9711949,2011-08-24,한전주,02-820-9923,서울특별시 동작구청,2026-04-06
11-3163,서울특별시 동작구 사당로16사길 26,사당동 300-9,37.48077908,126.9709689,2011-08-24,한전주,02-820-9923,서울특별시 동작구청,2026-04-06
11-3164,서울특별시 동작구 사당로16아길 22,사당동 294-5,37.48079931,126.9707766,2011-08-24,한전주,02-820-9923,서울특별시 동작구청,2026-04-06
11-3165,서울특별시 동작구 사당로16아길 24,사당동 293-3,37.48068885,126.9704601,2011-08-24,한전주,02-820-9923,서울특별시 동작구청,2026-04-06
11-3166,서울특별시 동작구 사당로16사길 34,사당동 300-9,37.48051997,126.9706806,2011-08-24,한전주,02-820-9923,서울특별시 동작구청,2026-04-06
11-3167,서울특별시 동작구 사당로16사길 26,사당동 300-9,37.48060785,126.9708248,2011-08-24,한전주,02-820-9923,서울특별시 동작구청,2026-04-06
11-3168,서울특별시 동작구 사당로16자길 2,사당동 300-9,37.48068907,126.9713194,2020-05-26,통신주,02-820-9923,서울특별시 동작구청,2026-04-06
11-3169,서울특별시 동작구 사당로16자길 8,사당동 300-12,37.48043224,126.971164,2011-08-24,전용주,02-820-9923,서울특별시 동작구청,2026-04-06
11-3170,서울특별시 동작구 사당로16자길 15-6,사당동 300-95,37.4799276,126.9708618,2011-08-24,한전주,02-820-9923,서울특별시 동작구청,2026-04-06
11-3171,서울특별시 동작구 사당로20나길 58-14,사당동 311-17,37.48118268,126.9726279,2023-06-22,통신주,02-820-9923,서울특별시 동작구청,2026-04-06
11-3172,서울특별시 동작구 남부순환로257길 45,사당동 304-12,37.47889829,126.9712296,2024-02-07,한전주,02-820-9923,서울특별시 동작구청,2026-04-06
11-359,서울특별시 동작구 사당로14다길 2-8,사당동 284-71,37.48117065,126.9695074,2011-08-24,한전주,02-820-9923,서울특별시 동작구청,2026-04-06
11-3600,서울특별시 동작구 사당로12길 9,사당동 250-18,37.48424794,126.9708855,2017-05-10,통신주,02-820-9923,서울특별시 동작구청,2026-04-06
11-3601,서울특별시 동작구 사당로14가길 22,사당동 250-2,37.48444849,126.9711936,2011-08-24,한전주,02-820-9923,서울특별시 동작구청,2026-04-06
11-3602,서울특별시 동작구 사당로14가길 18,사당동 254-15,37.48429988,126.9714169,2011-08-24,한전주,02-820-9923,서울특별시 동작구청,2026-04-06
11-3603,서울특별시 동작구 사당로14가길 19-8,사당동 250-41,37.4841264,126.9712474,2011-08-24,벽부주,02-820-9923,서울특별시 동작구청,2026-04-06
11-3604,서울특별시 동작구 사당로14가길 19-9,사당동 250-34,37.48403182,126.9713718,2011-08-24,벽부주,02-820-9923,서울특별시 동작구청,2026-04-06
11-3605,서울특별시 동작구 사당로14가길 19-16,사당동 250-38,37.48389883,126.9710044,2011-08-24,벽부주,02-820-9923,서울특별시 동작구청,2026-04-06
11-3606,서울특별시 동작구 사당로14가길 19-6,사당동 250-43,37.48401144,126.9709309,2011-08-24,전용주,02-820-9923,서울특별시 동작구청,2026-04-06
11-3607,서울특별시 동작구 사당로14가길 13,사당동 250-47,37.48415574,126.9715103,2011-08-24,벽부주,02-820-9923,서울특별시 동작구청,2026-04-06
11-3608,서울특별시 동작구 사당로14가길 11,사당동 267-30,37.48404315,126.9716658,2011-08-24,전용주,02-820-9923,서울특별시 동작구청,2026-04-06
11-3609,서울특별시 동작구 사당로14가길 8,사당동 254-11,37.4840477,126.9718269,2011-08-24,한전주,02-820-9923,서울특별시 동작구청,2026-04-06
11-3610,서울특별시 동작구 사당로14길 6,사당동 265-10,37.4838608,126.9720927,2011-08-24,한전주,02-820-9923,서울특별시 동작구청,2026-04-06
11-3611,서울특별시 동작구 사당로16가길 46-11,사당동 267-31,37.48396204,126.9715669,2011-08-24,전용주,02-820-9923,서울특별시 동작구청,2026-04-06
11-3612,서울특별시 동작구 사당로16가길 46-9,사당동 267-32,37.48385163,126.9713945,2011-08-24,전용주,02-820-9923,서울특별시 동작구청,2026-04-06
11-3613,서울특별시 동작구 사당로16가길 46-3,사당동 267-34,37.48374347,126.9712362,2011-08-24,전용주,02-820-9923,서울특별시 동작구청,2026-04-06
11-3614,서울특별시 동작구 사당로16가길 49,사당동 268-5,37.48365777,126.9708292,2011-08-24,한전주,02-820-9923,서울특별시 동작구청,2026-04-06
11-3615,서울특별시 동작구 사당로16가길 56,사당동 249-38,37.4839573,126.9705945,2011-08-24,벽부주,02-820-9923,서울특별시 동작구청,2026-04-06
11-3616,서울특별시 동작구 사당로12길 27,사당동 270-2,37.4835923,126.9702215,2011-08-24,전용주,02-820-9923,서울특별시 동작구청,2026-04-06
11-3617,서울특별시 동작구 사당로16나길 54,사당동 270-2,37.48345268,126.9703827,2011-08-24,전용주,02-820-9923,서울특별시 동작구청,2026-04-06
11-3618,서울특별시 동작구 사당로16나길 47,사당동 272-1,37.48334685,126.9705297,2011-08-24,한전주,02-820-9923,서울특별시 동작구청,2026-04-06
11-3619,서울특별시 동작구 사당로16다길 50,사당동 240-18,37.48314182,126.9703433,2011-08-24,한전주,02-820-9923,서울특별시 동작구청,2026-04-06
11-3620,서울특별시 동작구 사당로16다길 56,사당동 240-18,37.48336473,126.9699785,2011-08-24,한전주,02-820-9923,서울특별시 동작구청,2026-04-06
11-3621,서울특별시 동작구 사당로16다길 44,사당동 240-18,37.48292115,126.9706373,2011-08-24,한전주,02-820-9923,서울특별시 동작구청,2026-04-06
11-3622,서울특별시 동작구 사당로16라길 9,사당동 278-34,37.48281746,126.9703377,2011-08-24,전용주,02-820-9923,서울특별시 동작구청,2026-04-06
11-3623,서울특별시 동작구 사당로14길 40-9,사당동 278-53,37.48273866,126.9705158,2011-08-24,전용주,02-820-9923,서울특별시 동작구청,2026-04-06
11-3624,서울특별시 동작구 사당로16라길 9,사당동 278-34,37.4826417,126.9701117,2011-08-24,한전주,02-820-9923,서울특별시 동작구청,2026-04-06
11-3625,서울특별시 동작구 사당로14길 48-12,사당동 278-54,37.4825449,126.9703265,2011-08-24,전용주,02-820-9923,서울특별시 동작구청,2026-04-06
11-3626,서울특별시 동작구 사당로16라길 15,사당동 278-31,37.48245922,126.9699817,2011-08-24,전용주,02-820-9923,서울특별시 동작구청,2026-04-06
11-3627,서울특별시 동작구 사당로16라길 19,사당동 278-31,37.48235107,126.9698998,2020-05-25,한전주,02-820-9923,서울특별시 동작구청,2026-04-06
11-3628,서울특별시 동작구 사당로16마길 44,사당동 278-31,37.4821866,126.9697557,2020-05-25,한전주,02-820-9923,서울특별시 동작구청,2026-04-06
11-3629,서울특별시 동작구 사당로16라길 27,사당동 278-109,37.48205143,126.969654,2011-08-24,한전주,02-820-9923,서울특별시 동작구청,2026-04-06
11-3630,서울특별시 동작구 사당로16라길 27,사당동 산 44-19,37.48205364,126.9695155,2011-08-24,한전주,02-820-9923,서울특별시 동작구청,2026-04-06
11-3632,서울특별시 동작구 사당로16라길 35,사당동 산 44-26,37.48157831,126.9693094,2011-08-24,전용주,02-820-9923,서울특별시 동작구청,2026-04-06
11-3633,서울특별시 동작구 사당로16라길33,사당동 278-64,37.48177205,126.9693941,2011-08-24,통신주,02-820-9923,서울특별시 동작구청,2026-04-06
11-3634,서울특별시 동작구 사당로14나길 11,사당동 284-2,37.48133725,126.9691823,2011-08-24,벽부주,02-820-9923,서울특별시 동작구청,2026-04-06
11-3635,서울특별시 동작구 사당로14나길 10,사당동 282-6,37.48140263,126.9693971,2011-08-24,한전주,02-820-9923,서울특별시 동작구청,2026-04-06
11-3636,서울특별시 동작구 사당로14나길 6-1,사당동 282-12,37.4814928,126.9696627,2011-08-24,전용주,02-820-9923,서울특별시 동작구청,2026-04-06
11-3637,서울특별시 동작구 사당로14나길 4,사당동 281-3,37.48156944,126.9698832,2011-08-24,한전주,02-820-9923,서울특별시 동작구청,2026-04-06
11-3638,서울특별시 동작구 사당로16라길 45,사당동 284-3,37.48131019,126.9690523,2011-08-24,한전주,02-820-9923,서울특별시 동작구청,2026-04-06
11-3639,서울특별시 동작구 사당로16라길 45-3,사당동 284-57,37.4810759,126.9689647,2011-08-24,전용주,02-820-9923,서울특별시 동작구청,2026-04-06
11-3640,서울특별시 동작구 사당로16라길 50,사당동 285-34,37.48117045,126.9687301,2011-08-24,전용주,02-820-9923,서울특별시 동작구청,2026-04-06
11-3641,서울특별시 동작구 사당로16아길 59,사당동 284-34,37.48099698,126.968651,2020-05-26,한전주,02-820-9923,서울특별시 동작구청,2026-04-06
11-3642,서울특별시 동작구 사당로16라길 54-3,사당동 285-59,37.48111182,126.9684842,2011-08-24,한전주,02-820-9923,서울특별시 동작구청,2026-04-06
11-3643,서울특별시 동작구 사당로16라길 54-10,사당동 285-39,37.48105994,126.9682383,2011-08-24,벽부주,02-820-9923,서울특별시 동작구청,2026-04-06
11-3644,서울특별시 동작구 사당로16라길 57,사당동 284-87,37.48085502,126.968456,2011-08-24,한전주,02-820-9923,서울특별시 동작구청,2026-04-06
11-3645,서울특별시 동작구 사당로16라길 64-4,사당동 285-41,37.48091122,126.968032,2011-08-24,한전주,02-820-9923,서울특별시 동작구청,2026-04-06
11-3646,서울특별시 동작구 사당로16라길 67,사당동 288-2,37.48065448,126.9681876,2011-08-24,한전주,02-820-9923,서울특별시 동작구청,2026-04-06
11-3647,서울특별시 동작구 사당로16라길 69,사당동 288-3,37.4805373,126.9680124,2011-08-24,한전주,02-820-9923,서울특별시 동작구청,2026-04-06
11-3648,서울특별시 동작구 사당로16라길 74,사당동 287,37.48040887,126.9678796,2011-08-24,한전주,02-820-9923,서울특별시 동작구청,2026-04-06
11-3649,서울특별시 동작구 사당로16라길 77,사당동 288-34,37.48018134,126.967778,2011-08-24,한전주,02-820-9923,서울특별시 동작구청,2026-04-06
11-3650,서울특별시 동작구 사당로16라길 77,사당동 산 44-29,37.48000337,126.9677215,2011-08-24,한전주,02-820-9923,서울특별시 동작구청,2026-04-06
11-3651,서울특별시 동작구 사당로16라길 77,사당동 산 44-29,37.48000343,126.9679476,2011-08-24,전용주,02-820-9923,서울특별시 동작구청,2026-04-06
11-3652,서울특별시 동작구 사당로14다길 30-3,사당동 산 44-29,37.47996748,126.9682897,2011-08-24,전용주,02-820-9923,서울특별시 동작구청,2026-04-06
11-3653,서울특별시 동작구 사당로14다길 30-5,사당동 산 44-29,37.47999673,126.9681568,2011-08-24,전용주,02-820-9923,서울특별시 동작구청,2026-04-06
11-3654,서울특별시 동작구 사당로14다길 30-3,사당동 288-15,37.48003735,126.9684196,2011-08-24,전용주,02-820-9923,서울특별시 동작구청,2026-04-06
11-3655,서울특별시 동작구 사당로14다길 30-5,사당동 288-48,37.48011387,126.9681822,2011-08-24,전용주,02-820-9923,서울특별시 동작구청,2026-04-06
11-3656,서울특별시 동작구 사당로14다길 22,사당동 1142,37.4802514,126.9686683,2011-08-24,전용주,02-820-9923,서울특별시 동작구청,2026-04-06
11-3657,서울특별시 동작구 사당로14다길 22,사당동 708-1196,37.48034151,126.968688,2011-08-24,전용주,02-820-9923,서울특별시 동작구청,2026-04-06
11-3658,서울특별시 동작구 사당로14다길 20,사당동 1142,37.48041813,126.9688095,2011-08-24,전용주,02-820-9923,서울특별시 동작구청,2026-04-06
11-3659,서울특별시 동작구 사당로14다길 14,사당동 1142,37.48056008,126.9689876,2011-08-24,전용주,02-820-9923,서울특별시 동작구청,2026-04-06
11-3660,서울특별시 동작구 사당로16아길 51,사당동 1142,37.48065022,126.9691373,2011-08-24,전용주,02-820-9923,서울특별시 동작구청,2026-04-06
11-3661,서울특별시 동작구 사당로16아길 43,사당동 291-4,37.48062774,126.9693069,2011-08-24,한전주,02-820-9923,서울특별시 동작구청,2026-04-06
11-3662,서울특별시 동작구 사당로16아길 51,사당동 284-33,37.48078984,126.9689818,2011-08-24,한전주,02-820-9923,서울특별시 동작구청,2026-04-06
11-3663,서울특별시 동작구 사당로16아길 55-6,사당동 284-33,37.48064785,126.9686709,2011-08-24,한전주,02-820-9923,서울특별시 동작구청,2026-04-06
11-3664,서울특별시 동작구 사당로16아길 55-10,사당동 284-33,37.48053969,126.9685212,2011-08-24,벽부주,02-820-9923,서울특별시 동작구청,2026-04-06
11-3665,서울특별시 동작구 사당로16아길 55-14,사당동 284-49,37.4803842,126.9682753,2011-08-24,한전주,02-820-9923,서울특별시 동작구청,2026-04-06
11-3666,서울특별시 동작구 사당로16라길 69,사당동 288-3,37.48047425,126.9681142,2020-12-08,전용주,02-820-9923,서울특별시 동작구청,2026-04-06
11-3667,서울특별시 동작구 사당로14다길 8-1,사당동 708-539,37.48075386,126.9692334,2011-08-24,한전주,02-820-9923,서울특별시 동작구청,2026-04-06
11-3668,서울특별시 동작구 사당로14다길 8-7,사당동 284-22,37.48101289,126.9691909,2011-08-24,한전주,02-820-9923,서울특별시 동작구청,2026-04-06
11-3669,서울특별시 동작구 사당로14다길 8-9,사당동 284-20,37.4811548,126.9691739,2011-08-24,통신주,02-820-9923,서울특별시 동작구청,2026-04-06
11-3670,서울특별시 동작구 사당로14다길 2-1,사당동 284-83,37.48072466,126.9695189,2011-08-24,전용주,02-820-9923,서울특별시 동작구청,2026-04-06
11-3671,서울특별시 동작구 사당로14다길 2-4,사당동 284-75,37.48087108,126.9695556,2011-08-24,전용주,02-820-9923,서울특별시 동작구청,2026-04-06
11-3672,서울특별시 동작구 사당로14다길 2-7,사당동 284-80,37.48106702,126.9694537,2011-08-24,전용주,02-820-9923,서울특별시 동작구청,2026-04-06
11-3673,서울특별시 동작구 사당로14길 84,사당동 284-76,37.48073371,126.9697082,2011-08-24,한전주,02-820-9923,서울특별시 동작구청,2026-04-06
11-3674,서울특별시 동작구 사당로14길 81,사당동 708-1155,37.48092974,126.9699371,2011-08-24,한전주,02-820-9923,서울특별시 동작구청,2026-04-06
11-3675,서울특별시 동작구 사당로14길 77,사당동 296-47,37.48104464,126.9700049,2011-08-24,전용주,02-820-9923,서울특별시 동작구청,2026-04-06
11-3676,서울특별시 동작구 사당로14길 72-2,사당동 280-15,37.48130143,126.970002,2011-08-24,전용주,02-820-9923,서울특별시 동작구청,2026-04-06
11-3677,서울특별시 동작구 사당로14길 72,사당동 280-9,37.48136678,126.9701376,2019-05-28,전용주,02-820-9923,서울특별시 동작구청,2026-04-06
11-3678,서울특별시 동작구 사당로14길 63,사당동 708-1152,37.48157855,126.9702478,2011-08-24,한전주,02-820-9923,서울특별시 동작구청,2026-04-06
11-3679,서울특별시 동작구 사당로14길 58,사당동 278-31,37.48180385,126.9704399,2017-05-10,전용주,02-820-9923,서울특별시 동작구청,2026-04-06
11-3680,서울특별시 동작구 사당로14길 58,사당동 278-31,37.48195027,126.9704681,2011-08-24,한전주,02-820-9923,서울특별시 동작구청,2026-04-06
11-3681,서울특별시 동작구 사당로16마길 37,사당동 278-31,37.48197049,126.9702759,2020-05-25,통신주,02-820-9923,서울특별시 동작구청,2026-04-06
11-3682,서울특별시 동작구 사당로16마길 41,사당동 278-31,37.48201097,126.9700045,2011-08-24,한전주,02-820-9923,서울특별시 동작구청,2026-04-06
11-3683,서울특별시 동작구 사당로16마길 42-3,사당동 278-66,37.48215965,126.9700469,2011-08-24,벽부주,02-820-9923,서울특별시 동작구청,2026-04-06
11-3684,서울특별시 동작구 사당로16마길 43-6,사당동 278-112,37.4817992,126.9698802,2011-08-24,벽부주,02-820-9923,서울특별시 동작구청,2026-04-06
11-3685,서울특별시 동작구 사당로14길 48-5,사당동 278-86,37.48234896,126.9704566,2011-08-24,전용주,02-820-9923,서울특별시 동작구청,2026-04-06
11-3686,서울특별시 동작구 사당로14길 61-6,사당동 279-18,37.48166649,126.9706095,2011-08-24,전용주,02-820-9923,서울특별시 동작구청,2026-04-06
11-3687,서울특별시 동작구 사당로16사길 16-27,사당동 279-2,37.48154036,126.9706803,2011-08-24,통신주,02-820-9923,서울특별시 동작구청,2026-04-06
11-3688,서울특별시 동작구 사당로16사길 16-15,사당동 279-47,37.4812025,126.9707369,2022-03-22,벽부주,02-820-9923,서울특별시 동작구청,2026-04-06
11-3689,서울특별시 동작구 사당로16사길 16-1,사당동 296-40,37.48111924,126.9710733,2015-02-13,통신주,02-820-9923,서울특별시 동작구청,2026-04-06
11-3690,서울특별시 동작구 사당로16사길 10,사당동 279-33,37.48138956,126.9711495,2011-08-24,한전주,02-820-9923,서울특별시 동작구청,2026-04-06
11-3691,서울특별시 동작구 사당로16사길 10,사당동 279-43,37.48156976,126.9711636,2017-05-10,한전주,02-820-9923,서울특별시 동작구청,2026-04-06
11-3692,서울특별시 동작구 사당로16사길 6-4,사당동 279-39,37.48163504,126.9709742,2011-08-24,전용주,02-820-9923,서울특별시 동작구청,2026-04-06
11-3693,서울특별시 동작구 사당로16사길 2,사당동 279-33,37.48170943,126.9712087,2011-08-24,전용주,02-820-9923,서울특별시 동작구청,2026-04-06
11-3694,서울특별시 동작구 사당로16마길 18,사당동 277-39,37.48188965,126.971285,2011-08-24,통신주,02-820-9923,서울특별시 동작구청,2026-04-06
11-3695,서울특별시 동작구 사당로16마길 20-5,사당동 277-2,37.48211717,126.9713217,2011-08-24,전용주,02-820-9923,서울특별시 동작구청,2026-04-06
11-3696,서울특별시 동작구 사당로16사길 1-9,사당동 277-28,37.48175905,126.9714801,2020-05-26,벽부주,02-820-9923,서울특별시 동작구청,2026-04-06
11-3697,서울특별시 동작구 사당로16바길 12,사당동 708-529,37.48159019,126.9717967,2011-08-24,한전주,02-820-9923,서울특별시 동작구청,2026-04-06
11-3698,서울특별시 동작구 사당로16바길 14,사당동 296-30,37.48144374,126.9716583,2011-08-24,한전주,02-820-9923,서울특별시 동작구청,2026-04-06
11-3699,서울특별시 동작구 사당로16바길 14-5,사당동 296-28,37.48148198,126.9714378,2011-08-24,전용주,02-820-9923,서울특별시 동작구청,2026-04-06
11-3700,서울특별시 동작구 사당로16바길 18,사당동 296-37,37.48130406,126.9715481,2011-08-24,한전주,02-820-9923,서울특별시 동작구청,2026-04-06
11-3701,서울특별시 동작구 사당로16바길 23,사당동 297-1,37.48114858,126.9713249,2011-08-24,전용주,02-820-9923,서울특별시 동작구청,2026-04-06
11-3702,서울특별시 동작구 사당로16바길 27,사당동 708-529,37.4809841,126.9711412,2011-08-24,전용주,02-820-9923,서울특별시 동작구청,2026-04-06
11-3703,서울특별시 동작구 사당로16바길 40,사당동 296-11,37.48102677,126.9706183,2020-05-26,벽부주,02-820-9923,서울특별시 동작구청,2026-04-06
11-3704,서울특별시 동작구 사당로16바길 42-1,사당동 296-6,37.4809997,126.9704374,2020-05-26,벽부주,02-820-9923,서울특별시 동작구청,2026-04-06
11-3705,서울특별시 동작구 사당로16바길 47,사당동 708-529,37.48089377,126.9701887,2011-08-24,한전주,02-820-9923,서울특별시 동작구청,2026-04-06
11-3706,서울특별시 동작구 사당로14길 87,사당동 291-4,37.48050843,126.9695924,2011-08-24,전용주,02-820-9923,서울특별시 동작구청,2026-04-06
11-3707,서울특별시 동작구 사당로16아길 43,사당동 291-4,37.48046568,126.9697592,2011-08-24,한전주,02-820-9923,서울특별시 동작구청,2026-04-06
11-3709,서울특별시 동작구 사당로16사길 48,사당동 708-542,37.48031926,126.9697621,2011-08-24,전용주,02-820-9923,서울특별시 동작구청,2026-04-06
11-3710,서울특별시 동작구 사당로16사길 52,사당동 300-104,37.48015479,126.9695982,2011-08-24,전용주,02-820-9923,서울특별시 동작구청,2026-04-06
11-3711,서울특별시 동작구 사당로16자길 52,사당동 300-31,37.47998579,126.9693863,2011-08-24,전용주,02-820-9923,서울특별시 동작구청,2026-04-06
11-3712,서울특별시 동작구 사당로16자길 49,사당동 300-50,37.47991366,126.9691913,2011-08-24,전용주,02-820-9923,서울특별시 동작구청,2026-04-06
11-3713 ,서울특별시 동작구 사당로16아길28-2,사당동 293-8,37.48065948,126.970087,2020-09-23,벽부주,02-820-9923,서울특별시 동작구청,2026-04-06
11-3714,서울특별시 동작구 사당로16사길 35,사당동 300-9,37.48046588,126.9705422,2011-08-24,전용주,02-820-9923,서울특별시 동작구청,2026-04-06
11-3715,서울특별시 동작구 사당로16사길 40,사당동 300-23,37.48040502,126.9704037,2011-08-24,전용주,02-820-9923,서울특별시 동작구청,2026-04-06
11-3716,서울특별시 동작구 사당로16사길 41,사당동 300-37,37.48030134,126.9701465,2011-08-24,한전주,02-820-9923,서울특별시 동작구청,2026-04-06
11-3717,서울특별시 동작구 사당로16사길 48,사당동 300-9,37.48019317,126.9699318,2011-08-24,한전주,02-820-9923,서울특별시 동작구청,2026-04-06
11-3718,서울특별시 동작구 사당로16사길 52,사당동 300-9,37.48002641,126.9696435,2011-08-24,전용주,02-820-9923,서울특별시 동작구청,2026-04-06
11-3719,서울특별시 동작구 사당로16사길 54,사당동 300-28,37.47990247,126.9694457,2011-08-24,한전주,02-820-9923,서울특별시 동작구청,2026-04-06
11-3720,서울특별시 동작구 사당로16자길 47,사당동 300-51,37.47979204,126.9692592,2011-08-24,한전주,02-820-9923,서울특별시 동작구청,2026-04-06
11-3721,서울특별시 동작구 사당로16자길 47,사당동 300-51,37.47971323,126.9693497,2011-08-24,벽부주,02-820-9923,서울특별시 동작구청,2026-04-06
11-3722,서울특별시 동작구 사당로16자길 43,사당동 300-53,37.4795601,126.9695278,2011-08-24,전용주,02-820-9923,서울특별시 동작구청,2026-04-06
11-3723,서울특별시 동작구 사당로16자길 41,사당동 300-55,37.47958715,126.9696041,2011-08-24,한전주,02-820-9923,서울특별시 동작구청,2026-04-06
11-3724,서울특별시 동작구 사당로16자길 37,사당동 300-103,37.47967729,126.9697511,2011-08-24,전용주,02-820-9923,서울특별시 동작구청,2026-04-06
11-3725,서울특별시 동작구 사당로16자길 32,사당동 300-103,37.47979448,126.9699545,2011-08-24,전용주,02-820-9923,서울특별시 동작구청,2026-04-06
11-3726,서울특별시 동작구 사당로16자길 31,사당동 300-9,37.4799004,126.9701608,2015-02-13,통신주,02-820-9923,서울특별시 동작구청,2026-04-06
11-3727,서울특별시 동작구 사당로16자길 23,사당동 300-9,37.4800221,126.9704152,2011-08-24,전용주,02-820-9923,서울특별시 동작구청,2026-04-06
11-3728,서울특별시 동작구 사당로16자길 23,사당동 300-9,37.48007844,126.9705565,2011-08-24,한전주,02-820-9923,서울특별시 동작구청,2026-04-06
11-3729,서울특별시 동작구 사당로16자길 15,사당동 300-9,37.48020692,126.9708984,2011-08-24,한전주,02-820-9923,서울특별시 동작구청,2026-04-06
11-3730,서울특별시 동작구 사당로16자길 9-1,사당동 300-81,37.4802633,126.9711726,2011-08-24,전용주,02-820-9923,서울특별시 동작구청,2026-04-06
11-3731,서울특별시 동작구 사당로16자길 9-2,사당동 300-83,37.4801394,126.9711076,2011-08-24,벽부주,02-820-9923,서울특별시 동작구청,2026-04-06
11-3732,서울특별시 동작구 사당로16자길 2,사당동 300-9,37.48085352,126.9714211,2011-08-24,한전주,02-820-9923,서울특별시 동작구청,2026-04-06
11-3733,서울특별시 동작구 사당로22나길 92,사당동 309-22,37.48077712,126.9721814,2011-08-24,벽부주,02-820-9923,서울특별시 동작구청,2026-04-06
11-3734,서울특별시 동작구 사당로16길 71-5,사당동 309-10,37.48044369,126.97193,2022-07-27,통신주,02-820-9923,서울특별시 동작구청,2026-04-06
11-3735,서울특별시 동작구 사당로16길 71-9,사당동 309-13,37.48029506,126.972077,2011-08-24,한전주,02-820-9923,서울특별시 동작구청,2026-04-06
11-3736,서울특별시 동작구 사당로20나길 84,사당동 307-1,37.48015092,126.9721817,2020-05-27,전용주,02-820-9923,서울특별시 동작구청,2026-04-06
11-3737,서울특별시 동작구 사당로16길 87,사당동 306-16,37.47996153,126.9714582,2011-08-24,한전주,02-820-9923,서울특별시 동작구청,2026-04-06
11-3738,서울특별시 동작구 사당로16길 95,사당동 305-33,37.47957855,126.9712463,2011-08-24,한전주,02-820-9923,서울특별시 동작구청,2026-04-06
11-3739,서울특별시 동작구 사당로16길 97-6,사당동 305-34,37.47949073,126.9713481,2011-08-24,전용주,02-820-9923,서울특별시 동작구청,2026-04-06
11-3740,서울특별시 동작구 사당로16길 117,사당동 303,37.47881485,126.9708424,2011-08-24,한전주,02-820-9923,서울특별시 동작구청,2026-04-06
11-3741,서울특별시 동작구 남부순환로255바길 19,사당동 303-120,37.47865501,126.971193,2011-08-24,한전주,02-820-9923,서울특별시 동작구청,2026-04-06
11-3742,서울특별시 동작구 남부순환로255바길 17,사당동 303-121,37.47860547,126.9712891,2011-08-24,벽부주,02-820-9923,서울특별시 동작구청,2026-04-06
11-3743,서울특별시 동작구 남부순환로255바길 16,사당동 303-2,37.47854918,126.9713824,2011-08-24,벽부주,02-820-9923,서울특별시 동작구청,2026-04-06
11-3744,서울특별시 동작구 사당로16길 131,사당동 303-95,37.47818855,126.9704498,2020-05-27,전용주,02-820-9923,서울특별시 동작구청,2026-04-06
11-3745,서울특별시 동작구 사당로16길 131-4,사당동 303-135,37.47809397,126.9705318,2011-08-24,전용주,02-820-9923,서울특별시 동작구청,2026-04-06
11-3746,서울특별시 동작구 사당로16길 131-8,사당동 303-92,37.47804897,126.9707325,2014-02-22,통신주,02-820-9923,서울특별시 동작구청,2026-04-06
11-3747,서울특별시 동작구 사당로16길 133,사당동 303-135,37.47806465,126.9703848,2011-08-24,한전주,02-820-9923,서울특별시 동작구청,2026-04-06
11-3748,서울특별시 동작구 사당로16길 139-1,사당동 303-117,37.47775602,126.9702662,2011-08-24,벽부주,02-820-9923,서울특별시 동작구청,2026-04-06
11-3749,서울특별시 동작구 사당로16길 141,사당동 1000-13,37.47788885,126.9699892,2011-08-24,전용주,02-820-9923,서울특별시 동작구청,2026-04-06
11-3750,서울특별시 동작구 사당로16길 143,사당동 708-543,37.47779195,126.9698423,2011-08-24,통신주,02-820-9923,서울특별시 동작구청,2026-04-06
11-3751,서울특별시 동작구 남부순환로255길 28,사당동 303-50,37.47743374,126.9695993,2011-08-24,한전주,02-820-9923,서울특별시 동작구청,2026-04-06
11-3752,서울특별시 동작구 남부순환로255길 22-1,사당동 303-29,37.47727166,126.9700092,2011-08-24,한전주,02-820-9923,서울특별시 동작구청,2026-04-06
11-3753,서울특별시 동작구 남부순환로255길 19,사당동 1150-2,37.47715906,126.9701026,2011-08-24,한전주,02-820-9923,서울특별시 동작구청,2026-04-06
11-3754,서울특별시 동작구 남부순환로255길 19,사당동 303-59,37.47709379,126.9703117,2011-08-24,전용주,02-820-9923,서울특별시 동작구청,2026-04-06
11-3755,서울특별시 동작구 남부순환로255길 18,사당동 303-129,37.47708032,126.9705039,2011-08-24,한전주,02-820-9923,서울특별시 동작구청,2026-04-06
11-3756,서울특별시 동작구 남부순환로255길 17,사당동 303-60,37.47699023,126.9705435,2011-08-24,한전주,02-820-9923,서울특별시 동작구청,2026-04-06
11-3757,서울특별시 동작구 남부순환로255라길 2,사당동 303-153,37.47713891,126.9706,2011-08-24,한전주,02-820-9923,서울특별시 동작구청,2026-04-06
11-3758,서울특별시 동작구 남부순환로255라길 4,사당동 303-27,37.47726502,126.9704615,2011-08-24,통신주,02-820-9923,서울특별시 동작구청,2026-04-06
11-3759,서울특별시 동작구 남부순환로255다길 15,사당동 303-29,37.47745888,126.9710464,2011-08-24,한전주,02-820-9923,서울특별시 동작구청,2026-04-06
11-3760,서울특별시 동작구 남부순환로255다길 25,사당동 303-29,37.4777811,126.9714872,2011-08-24,한전주,02-820-9923,서울특별시 동작구청,2026-04-06
11-3761,서울특별시 동작구 남부순환로255바길8,사당동 303-143,37.47826772,126.9717951,2020-08-25,벽부주,02-820-9923,서울특별시 동작구청,2026-04-06
11-3762,서울특별시 동작구 사당로20나길 100,사당동 305-29,37.47936019,126.9717947,2011-08-24,전용주,02-820-9923,서울특별시 동작구청,2026-04-06
11-3763,서울특별시 동작구 사당로16길 97-10,사당동 305-34,37.47936691,126.9716478,2011-08-24,전용주,02-820-9923,서울특별시 동작구청,2026-04-06
11-3764,서울특별시 동작구 사당로22나길 71,사당동 316-42,37.4805521,126.9731793,2011-08-24,한전주,02-820-9923,서울특별시 동작구청,2026-04-06
11-3765,서울특별시 동작구 사당로20나길 58-4,사당동 314-20,37.48105438,126.9730406,2011-08-24,통신주,02-820-9923,서울특별시 동작구청,2026-04-06
11-3766,서울특별시 동작구 사당로16길 51-8,사당동 314-14,37.48129532,126.9727098,2011-08-24,한전주,02-820-9923,서울특별시 동작구청,2026-04-06
11-3767,서울특별시 동작구 사당로20나길 52-8,사당동 314-5,37.48138546,126.9728737,2011-08-24,통신주,02-820-9923,서울특별시 동작구청,2026-04-06
11-3768,서울특별시 동작구 사당로16길 45-13,사당동 316-17,37.4817009,126.9732467,2011-08-24,전용주,02-820-9923,서울특별시 동작구청,2026-04-06
11-3769,서울특별시 동작구 사당로16길 45-9,사당동 315-5,37.48171435,126.9729782,2011-08-24,한전주,02-820-9923,서울특별시 동작구청,2026-04-06
11-3770,서울특별시 동작구 사당로16길 47,사당동 312-2,37.48163766,126.972492,2011-08-24,한전주,02-820-9923,서울특별시 동작구청,2026-04-06
11-3771,서울특별시 동작구 사당로16길 39,사당동 313-2,37.4817841,126.9726079,2011-08-24,한전주,02-820-9923,서울특별시 동작구청,2026-04-06
11-3772,서울특별시 동작구 사당로16길 40,사당동 275-34,37.48190119,126.9724326,2011-08-24,벽부주,02-820-9923,서울특별시 동작구청,2026-04-06
11-3773,서울특별시 동작구 사당로16길 42-8,사당동 277-6,37.48192815,126.9721556,2011-08-24,한전주,02-820-9923,서울특별시 동작구청,2026-04-06
11-3774,서울특별시 동작구 사당로16길 42-10,사당동 275-45,37.4819957,126.972034,2011-08-24,전용주,02-820-9923,서울특별시 동작구청,2026-04-06
11-3775,서울특별시 동작구 사당로16길 42-12,사당동 275-43,37.48203846,126.9718672,2011-08-24,벽부주,02-820-9923,서울특별시 동작구청,2026-04-06
11-3776,서울특별시 동작구 사당로16길 42-17,사당동 277-37,37.48204967,126.9716637,2011-08-24,벽부주,02-820-9923,서울특별시 동작구청,2026-04-06
11-3777,서울특별시 동작구 사당로16길 35,사당동 316-4,37.48191027,126.9727265,2011-08-24,한전주,02-820-9923,서울특별시 동작구청,2026-04-06
11-3778,서울특별시 동작구 사당로16길 38,사당동 275-19,37.48208142,126.9725654,2011-08-24,한전주,02-820-9923,서울특별시 동작구청,2026-04-06
11-3779,서울특별시 동작구 사당로16길 36-7,사당동 275-19,37.48214443,126.9723194,2011-08-24,한전주,02-820-9923,서울특별시 동작구청,2026-04-06
11-3780,서울특별시 동작구 사당로16길 36-13,사당동 275-19,37.48219844,126.9720876,2011-08-24,한전주,02-820-9923,서울특별시 동작구청,2026-04-06
11-3781,서울특별시 동작구 사당로16길 36-19,사당동 277-10,37.48230874,126.9717964,2011-08-24,한전주,02-820-9923,서울특별시 동작구청,2026-04-06
11-3782,서울특별시 동작구 사당로16길 36-22,사당동 277-12,37.48240332,126.9716833,2011-08-24,한전주,02-820-9923,서울특별시 동작구청,2026-04-06
11-3783,서울특별시 동작구 사당로16길 36-24,사당동 277-13,37.48224561,126.9715506,2011-08-24,벽부주,02-820-9923,서울특별시 동작구청,2026-04-06
11-3784,서울특별시 동작구 사당로16길 35,사당동 316-4,37.48208375,126.9728819,2011-08-24,한전주,02-820-9923,서울특별시 동작구청,2026-04-06
11-3785,서울특별시 동작구 사당로16길 35,사당동 316,37.48217612,126.9729639,2011-08-24,한전주,02-820-9923,서울특별시 동작구청,2026-04-06
11-3786,서울특별시 동작구 사당로16길 30,사당동 274-24,37.4823135,126.9728677,2011-08-24,한전주,02-820-9923,서울특별시 동작구청,2026-04-06
11-3787,서울특별시 동작구 사당로16다길 8,사당동 274-33,37.48241252,126.9724691,2011-08-24,한전주,02-820-9923,서울특별시 동작구청,2026-04-06
11-3788,서울특별시 동작구 사당로16다길 6-4,사당동 274-20,37.48259944,126.972291,2011-08-24,벽부주,02-820-9923,서울특별시 동작구청,2026-04-06
11-3789,서울특별시 동작구 사당로16다길 6-9,사당동 274-25,37.4826985,126.9720705,2011-08-24,한전주,02-820-9923,서울특별시 동작구청,2026-04-06
11-3790,서울특별시 동작구 사당로16다길 6-14,사당동 274-15,37.4828111,126.9719715,2011-08-24,통신주,02-820-9923,서울특별시 동작구청,2026-04-06
11-3791,서울특별시 동작구 사당로16다길 12,사당동 274-32,37.48246653,126.9722402,2019-12-19,통신주,02-820-9923,서울특별시 동작구청,2026-04-06
11-3792,서울특별시 동작구 사당로16다길 16,사당동 275-18,37.48250928,126.9720621,2011-08-24,한전주,02-820-9923,서울특별시 동작구청,2026-04-06
11-3793,서울특별시 동작구 사당로16다길 22-1,사당동 275-2,37.48259704,126.9716861,2011-08-24,한전주,02-820-9923,서울특별시 동작구청,2026-04-06
11-3794,서울특별시 동작구 사당로16다길 27,사당동 278-31,37.48256768,126.971378,2011-08-24,한전주,02-820-9923,서울특별시 동작구청,2026-04-06
11-3795,서울특별시 동작구 사당로16다길 27-2,사당동 278-48,37.48243476,126.9712593,2011-08-24,벽부주,02-820-9923,서울특별시 동작구청,2026-04-06
11-3796,서울특별시 동작구 사당로16나길 37,사당동 272-8,37.48318259,126.971228,2011-08-24,한전주,02-820-9923,서울특별시 동작구청,2026-04-06
11-3797,서울특별시 동작구 사당로16나길 39,사당동 272-8,37.48318931,126.971081,2011-08-24,한전주,02-820-9923,서울특별시 동작구청,2026-04-06
11-3798,서울특별시 동작구 사당로16나길 39,사당동 272-8,37.48320054,126.9709651,2011-08-24,전용주,02-820-9923,서울특별시 동작구청,2026-04-06
11-3799,서울특별시 동작구 사당로16나길 39,사당동 272-7,37.48302707,126.970838,2011-08-24,전용주,02-820-9923,서울특별시 동작구청,2026-04-06
11-3800,서울특별시 동작구 사당로16나길 22,사당동 712-20,37.48310392,126.9719657,2011-08-24,한전주,02-820-9923,서울특별시 동작구청,2026-04-06
11-3801,서울특별시 동작구 사당로16가길 25,사당동 268-5,37.48325253,126.9717169,2011-08-24,한전주,02-820-9923,서울특별시 동작구청,2026-04-06
11-3802,서울특별시 동작구 사당로14길 20,사당동 268-5,37.48339436,126.9713664,2011-08-24,한전주,02-820-9923,서울특별시 동작구청,2026-04-06
11-3803,서울특별시 동작구 사당로16가길 34,사당동 268-17,37.48349127,126.9715953,2011-08-24,한전주,02-820-9923,서울특별시 동작구청,2026-04-06
11-3804,서울특별시 동작구 사당로16가길 34-9,사당동 268-11,37.48377734,126.9716009,2011-08-24,전용주,02-820-9923,서울특별시 동작구청,2026-04-06
11-3805,서울특별시 동작구 사당로14길 15,사당동 268-37,37.48337645,126.9718215,2011-08-24,한전주,02-820-9923,서울특별시 동작구청,2026-04-06
11-3806,서울특별시 동작구 사당로14길 11,사당동 268-33,37.48359049,126.9720334,2017-05-10,전용주,02-820-9923,서울특별시 동작구청,2026-04-06
11-3807,서울특별시 동작구 사당로14길 7,사당동 268-19,37.4836716,126.9721408,2011-08-24,한전주,02-820-9923,서울특별시 동작구청,2026-04-06
11-3808,서울특별시 동작구 사당로14길 7-17,사당동 268-31,37.48348017,126.9722681,2011-08-24,전용주,02-820-9923,서울특별시 동작구청,2026-04-06
11-3809,서울특별시 동작구 사당로16가길 26,사당동 268-31,37.48327964,126.9720477,2011-08-24,벽부주,02-820-9923,서울특별시 동작구청,2026-04-06
11-3810,서울특별시 동작구 사당로16가길 19,사당동 268-5,37.48311298,126.9721523,2011-08-24,한전주,02-820-9923,서울특별시 동작구청,2026-04-06
11-3811,서울특별시 동작구 사당로16가길 18-1,사당동 267-59,37.48322117,126.9724604,2011-08-24,벽부주,02-820-9923,서울특별시 동작구청,2026-04-06
11-3812,서울특별시 동작구 사당로16가길 15,사당동 268-5,37.48301394,126.9724633,2011-08-24,벽부주,02-820-9923,서울특별시 동작구청,2026-04-06
11-3813,서울특별시 동작구 사당로16가길 16,사당동 268-5,37.48304776,126.9726102,2017-05-10,전용주,02-820-9923,서울특별시 동작구청,2026-04-06
11-3814,서울특별시 동작구 사당로16가길 12,사당동 265-53,37.48302302,126.97276,2020-05-27,한전주,02-820-9923,서울특별시 동작구청,2026-04-06
11-3815,서울특별시 동작구 사당로16가길 12-22,사당동 265-51,37.48322574,126.9727374,2011-08-24,전용주,02-820-9923,서울특별시 동작구청,2026-04-06
11-3816,서울특별시 동작구 사당로16가길 12-26,사당동 265-22,37.48335863,126.9727006,2011-08-24,한전주,02-820-9923,서울특별시 동작구청,2026-04-06
11-3817,서울특별시 동작구 사당로16가길 12-30,사당동 265-54,37.48349376,126.9725903,2011-08-24,통신주,02-820-9923,서울특별시 동작구청,2026-04-06
11-3818,서울특별시 동작구 사당로16가길 12-20,사당동 265-50,37.48326634,126.972955,2011-08-24,전용주,02-820-9923,서울특별시 동작구청,2026-04-06
11-3819,서울특별시 동작구 사당로16가길 7,사당동 268-5,37.48289467,126.9729297,2011-08-24,한전주,02-820-9923,서울특별시 동작구청,2026-04-06
11-3820,서울특별시 동작구 사당로16길 15,사당동 318-74,37.4827664,126.9734894,2011-08-24,한전주,02-820-9923,서울특별시 동작구청,2026-04-06
11-3821,서울특별시 동작구 사당로16길 14,사당동 266-16,37.48292407,126.9734611,2018-12-20,통신주,02-820-9923,서울특별시 동작구청,2026-04-06
11-3822,서울특별시 동작구 사당로16가길 13,사당동 268-5,37.48298019,126.9726329,2021-04-21,벽부주,02-820-9923,서울특별시 동작구청,2026-04-06
11-3823,서울특별시 동작구 사당로16길 7,사당동 708-529,37.48293539,126.9737098,2011-08-24,한전주,02-820-9923,서울특별시 동작구청,2026-04-06
11-3824,서울특별시 동작구 사당로16길 7,사당동 708-529,37.48314272,126.9741903,2011-08-24,한전주,02-820-9923,서울특별시 동작구청,2026-04-06
11-3825,서울특별시 동작구 사당로20가길 32-11,사당동 318-46,37.48265834,126.9737919,2011-08-24,통신주,02-820-9923,서울특별시 동작구청,2026-04-06
11-3826,서울특별시 동작구 사당로20가길 32-6,사당동 318-59,37.4824827,126.9740181,2011-08-24,한전주,02-820-9923,서울특별시 동작구청,2026-04-06
11-3827,서울특별시 동작구 사당로20가길 24,사당동 318-41,37.48227327,126.9742584,2011-08-24,한전주,02-820-9923,서울특별시 동작구청,2026-04-06
11-3828,서울특별시 동작구 사당로20가길 27,사당동 318-3,37.48221466,126.9740606,2011-08-24,통신주,02-820-9923,서울특별시 동작구청,2026-04-06
11-3829,서울특별시 동작구 사당로20가길 28,사당동 708-529,37.48223489,126.9738966,2011-08-24,한전주,02-820-9923,서울특별시 동작구청,2026-04-06
11-3830,서울특별시 동작구 사당로20가길 29-8,사당동 317-26,37.48203437,126.9736621,2011-08-24,전용주,02-820-9923,서울특별시 동작구청,2026-04-06
11-3831,서울특별시 동작구 사당로20가길 36,사당동 318-51,37.48238575,126.9736337,2011-08-24,전용주,02-820-9923,서울특별시 동작구청,2026-04-06
11-3832,서울특별시 동작구 사당로20가길 33-5,사당동 317-14,37.48218074,126.9734896,2011-08-24,전용주,02-820-9923,서울특별시 동작구청,2026-04-06
11-3833,서울특별시 동작구 사당로16길 19,사당동 318-75,37.48247581,126.9734528,2011-08-24,벽부주,02-820-9923,서울특별시 동작구청,2026-04-06
11-3834,서울특별시 동작구 사당로16길 23,사당동 317-15,37.48239015,126.973139,2011-08-24,한전주,02-820-9923,서울특별시 동작구청,2026-04-06
11-3835,서울특별시 동작구 사당로16길 24,사당동 267-60,37.48249822,126.9729298,2020-05-27,벽부주,02-820-9923,서울특별시 동작구청,2026-04-06
11-3836,서울특별시 동작구 사당로16가길 7 뒤,사당동 267-51,37.482737,126.9729721,2020-05-27,벽부주,02-820-9923,서울특별시 동작구청,2026-04-06
11-3837,서울특별시 동작구 사당로16길 29-7,사당동 316,37.48198472,126.9732353,2011-08-24,한전주,02-820-9923,서울특별시 동작구청,2026-04-06
11-3838,서울특별시 동작구 사당로16길 29-15,사당동 316-9,37.48192169,126.9734501,2011-08-24,벽부주,02-820-9923,서울특별시 동작구청,2026-04-06
11-3840,서울특별시 동작구 사당로20길 8,사당동 319-15,37.48291778,126.9756319,2021-06-28,통신주,02-820-9923,서울특별시 동작구청,2026-04-06
11-3841,서울특별시 동작구 사당로20가길 13,사당동 318-3,37.48219005,126.9748435,2011-08-24,통신주,02-820-9923,서울특별시 동작구청,2026-04-06
11-3842,서울특별시 동작구 사당로20나길 20,사당동 318-39,37.4819242,126.9745892,2018-05-28,통신주,02-820-9923,서울특별시 동작구청,2026-04-06
11-3843,서울특별시 동작구 사당로18길 22,사당동 318-34,37.48217648,126.9745807,2018-06-21,통신주,02-820-9923,서울특별시 동작구청,2026-04-06
11-3844,서울특별시 동작구 사당로18길 11,사당동 318-122,37.48244228,126.974606,2011-08-24,통신주,02-820-9923,서울특별시 동작구청,2026-04-06
11-3845,서울특별시 동작구 사당로20가길 16,사당동 318-32,37.48225533,126.97464,2011-08-24,한전주,02-820-9923,서울특별시 동작구청,2026-04-06
11-3846,서울특별시 동작구 사당로20가길 8-5,사당동 321-71,37.48246491,126.9751063,2011-08-24,전용주,02-820-9923,서울특별시 동작구청,2026-04-06
11-3847,서울특별시 동작구 사당로20길 14,사당동 321-68,37.48252572,126.9750385,2011-08-24,벽부주,02-820-9923,서울특별시 동작구청,2026-04-06
11-3848,서울특별시 동작구 사당로20길 16-6,사당동 321-67,37.48251905,126.9754738,2011-08-24,전용주,02-820-9923,서울특별시 동작구청,2026-04-06
11-3849,서울특별시 동작구 사당로20길 12,사당동 319-15,37.4826272,126.9756235,2011-08-24,벽부주,02-820-9923,서울특별시 동작구청,2026-04-06
11-3850,서울특별시 동작구 사당로20길 8,사당동 321-62,37.48278938,126.9756065,2011-08-24,전용주,02-820-9923,서울특별시 동작구청,2026-04-06
11-3851,서울특별시 동작구 사당로 244,사당동 321-60,37.48278031,126.9753295,2011-08-24,전용주,02-820-9923,서울특별시 동작구청,2026-04-06
11-3852,서울특별시 동작구 동작대로15길 111,사당동 321-63,37.4826767,126.975338,2011-08-24,벽부주,02-820-9923,서울특별시 동작구청,2026-04-06
11-3853,서울특별시 동작구 사당로 244,사당동 318-100,37.48278027,126.9751119,2011-08-24,전용주,02-820-9923,서울특별시 동작구청,2026-04-06
11-3854,서울특별시 동작구 사당로 244,사당동 318-100,37.48278472,126.9748546,2011-08-24,전용주,02-820-9923,서울특별시 동작구청,2026-04-06
11-3855,서울특별시 동작구 사당로18길 9,사당동 318-19,37.48276214,126.9745918,2011-08-24,한전주,02-820-9923,서울특별시 동작구청,2026-04-06
11-3856,서울특별시 동작구 사당로 244,사당동 318-6,37.48313381,126.9746369,2011-08-24,한전주,02-820-9923,서울특별시 동작구청,2026-04-06
11-3857,서울특별시 동작구 남부순환로255길 24-1,사당동 303-144,37.47736622,126.9698029,2021-02-26,통신주,02-820-9923,서울특별시 동작구청,2026-04-06
11-3858,서울특별시 동작구 사당로14다길 30-3,사당동 708-721,37.47997203,126.9684451,2021-06-30,한전주,02-820-9923,서울특별시 동작구청,2026-04-06
11-3859,서울특별시 동작구 사당로 16나길 45,사당동 272-10,37.48325005,126.9707926,2023-07-10,전용주,02-820-9923,서울특별시 동작구청,2026-04-06
11-3859(,서울특별시 동작구 사당로16라길 46,사당동 285-33,37.48146564,126.9691426,2023-02-21,전용주,02-820-9923,서울특별시 동작구청,2026-04-06
11-3860,서울특별시 동작구 사당로16아길 55-16,사당동 288-8,37.48028279,126.9680945,2021-11-16,통신주,02-820-9923,서울특별시 동작구청,2026-04-06
11-3862,서울특별시 동작구 사당로16길 157,사당동 303-51,37.47751254,126.9694326,2023-11-29,통신주,02-820-9923,서울특별시 동작구청,2026-04-06
11-3863,서울특별시 동작구 사당로244,사당동 318-99,37.48297837,126.9745747,2024-10-21,전용주,02-820-9923,서울특별시 동작구청,2026-04-06
11-3864,서울특별시 동작구 사당로16사길 7,사당동 296-39,37.48108997,126.971144,2024-11-07,한전주,02-820-9923,서울특별시 동작구청,2026-04-06
11-3865,서울특별시 동작구 사당로16바길 34,사당동 708-529,37.48087142,126.9709095,2025-05-23,통신주,02-820-9923,서울특별시 동작구청,2026-04-06
11-3866,서울특별시 동작구 사당로14길 59,사당동 708-529,37.48168222,126.9704626,2025-06-11,통신주,02-820-9923,서울특별시 동작구청,2026-04-06
11-3900,서울특별시 동작구 남부순환로269길166,사당동 304-45,37.4784504,126.9727561,2011-08-24,한전주,02-820-9923,서울특별시 동작구청,2026-04-06
11-3901,서울특별시 동작구 사당로20나길109,사당동 304-6,37.47894795,126.9716507,2022-12-14,벽부주,02-820-9923,서울특별시 동작구청,2026-04-06
11-3902,서울특별시 동작구 사당로16아길 34,사당동 300-9,37.4804567,126.9698921,2024-05-13,벽부주,02-820-9923,서울특별시 동작구청,2026-04-06
11-3903,서울특별시 동작구 사당로16아길 34,사당동 300-9,37.48048378,126.9701012,2024-05-13,벽부주,02-820-9923,서울특별시 동작구청,2026-04-06
11-3904,서울특별시 동작구 사당로16길 137-1,사당동 302,37.47788449,126.9705573,2025-06-27,전용주,02-820-9923,서울특별시 동작구청,2026-04-06
11-3905,서울특별시 동작구 사당로16사길 16-20,사당동 279-26,37.48142778,126.9708386,2026-01-28,벽부주,02-820-9923,서울특별시 동작구청,2026-04-06
11-3925,서울특별시 동작구 사당로16길 18,사당동 708-529,37.48279564,126.9732859,2011-08-24,한전주,02-820-9923,서울특별시 동작구청,2026-04-06
11-3970,서울특별시 동작구 사당로20가길 36-5,사당동 318-47,37.4825502,126.973693,2020-12-10,벽부주,02-820-9923,서울특별시 동작구청,2026-04-06
11-3971,서울특별시 동작구 사당로16자길 20,사당동 300-9,37.48030599,126.9707288,2025-06-04,전용주,02-820-9923,서울특별시 동작구청,2026-04-06
11-3972,서울특별시 동작구 사당로16가길 38,사당동 268-10,37.48340565,126.9715134,2025-11-24,통신주,02-820-9923,서울특별시 동작구청,2026-04-06
01-1114,서울특별시 동작구 ,신대방동 1064-3,37.48514208,126.9030957,2020-11-18,벽부주,02-820-9923,서울특별시 동작구청,2026-04-06
01-1115,서울특별시 동작구 ,신대방동 1064-3,37.48513764,126.9031664,2020-11-18,벽부주,02-820-9923,서울특별시 동작구청,2026-04-06
01-1116,서울특별시 동작구 ,신대방동 702,37.48513769,126.9032286,2020-11-18,벽부주,02-820-9923,서울특별시 동작구청,2026-04-06
01-1117,서울특별시 동작구 ,신대방동 702,37.48513099,126.9032993,2020-11-18,벽부주,02-820-9923,서울특별시 동작구청,2026-04-06
01-1118,서울특별시 동작구 ,신대방동 702,37.48512654,126.9033756,2020-11-18,벽부주,02-820-9923,서울특별시 동작구청,2026-04-06
01-1119,서울특별시 동작구 ,신대방동 702,37.48512209,126.9034322,2020-11-18,벽부주,02-820-9923,서울특별시 동작구청,2026-04-06
01-1120,서울특별시 동작구 ,신대방동 702,37.48511762,126.9034859,2020-11-18,벽부주,02-820-9923,서울특별시 동작구청,2026-04-06
01-1121,서울특별시 동작구 ,신대방동 702,37.48511317,126.9035452,2020-11-18,벽부주,02-820-9923,서울특별시 동작구청,2026-04-06
01-1122,서울특별시 동작구 ,신대방동 702-2,37.48511097,126.9036074,2020-11-18,벽부주,02-820-9923,서울특별시 동작구청,2026-04-06
12-266,서울특별시 동작구 사당로16다길 105,사당동 산 32-60,37.48475846,126.9677873,2021-07-21,전용주,02-820-9923,서울특별시 동작구청,2026-04-06
01-1123,서울특별시 동작구 ,신대방동 702-2,37.48511101,126.9036583,2020-11-18,벽부주,02-820-9923,서울특별시 동작구청,2026-04-06
12-3001,서울특별시 동작구 사당로12길 26,사당동 249-71,37.48373191,126.9700547,2011-08-24,전용주,02-820-9923,서울특별시 동작구청,2026-04-06
12-3002,서울특별시 동작구 사당로12길 22,사당동 249-11,37.48386034,126.9702158,2011-08-24,전용주,02-820-9923,서울특별시 동작구청,2026-04-06
12-3003,서울특별시 동작구 사당로16가길 61-3,사당동 249-15,37.48396617,126.970032,2011-08-24,벽부주,02-820-9923,서울특별시 동작구청,2026-04-06
12-3004,서울특별시 동작구 사당로12길 30,사당동 272-44,37.48351566,126.9700152,2011-08-24,한전주,02-820-9923,서울특별시 동작구청,2026-04-06
12-3005,서울특별시 동작구 사당로16다길 57,사당동 240-18,37.48345028,126.9698117,2011-08-24,한전주,02-820-9923,서울특별시 동작구청,2026-04-06
12-3006,서울특별시 동작구 사당로16다길 62,사당동 272-46,37.48356064,126.9697438,2011-08-24,벽부주,02-820-9923,서울특별시 동작구청,2026-04-06
12-3007,서울특별시 동작구 사당로16다길 57,사당동 240-15,37.48358536,126.9695234,2011-08-24,한전주,02-820-9923,서울특별시 동작구청,2026-04-06
12-3008,서울특별시 동작구 사당로16다길 57,사당동 272-45,37.48358985,126.969481,2011-08-24,한전주,02-820-9923,서울특별시 동작구청,2026-04-06
12-3009,서울특별시 동작구 사당로16나길 68,사당동 249-10,37.48374758,126.9696618,2011-08-24,전용주,02-820-9923,서울특별시 동작구청,2026-04-06
12-3010,서울특별시 동작구 사당로16나길 66,사당동 249-9,37.4837859,126.9697975,2020-05-22,한전주,02-820-9923,서울특별시 동작구청,2026-04-06
12-3011,서울특별시 동작구 사당로10길 44,사당동 240-15,37.48355379,126.9694047,2011-08-24,전용주,02-820-9923,서울특별시 동작구청,2026-04-06
12-3012,서울특별시 동작구 사당로10길 46,사당동 242-4,37.48349742,126.9691672,2011-08-24,한전주,02-820-9923,서울특별시 동작구청,2026-04-06
12-3013,서울특별시 동작구 사당로10길 50,사당동 242-6,37.4833442,126.9689921,2017-05-10,통신주,02-820-9923,서울특별시 동작구청,2026-04-06
12-3014,서울특별시 동작구 사당로10길 54,사당동 241-31,37.48322479,126.9688706,2011-08-24,한전주,02-820-9923,서울특별시 동작구청,2026-04-06
12-3015,서울특별시 동작구 사당로10길 58,사당동 241-38,37.48308055,126.968588,2011-08-24,한전주,02-820-9923,서울특별시 동작구청,2026-04-06
12-3016,서울특별시 동작구 사당로10길 64,사당동 241-11,37.48287553,126.9684495,2011-08-24,한전주,02-820-9923,서울특별시 동작구청,2026-04-06
12-3017,서울특별시 동작구 사당로16마길 73,사당동 712-5,37.48270882,126.9683648,2011-08-24,한전주,02-820-9923,서울특별시 동작구청,2026-04-06
12-3018,서울특별시 동작구 사당로10길 71,사당동 240-9,37.48258489,126.9682009,2011-08-24,전용주,02-820-9923,서울특별시 동작구청,2026-04-06
12-3019,서울특별시 동작구 사당로10길 74,사당동 241-17,37.48251952,126.9680059,2011-08-24,한전주,02-820-9923,서울특별시 동작구청,2026-04-06
12-3020,서울특별시 동작구 사당로10길 82,사당동 241-45,37.48233699,126.9677573,2011-08-24,한전주,02-820-9923,서울특별시 동작구청,2026-04-06
12-3021,서울특별시 동작구 사당로10길 88,사당동 239-1,37.48220629,126.9675397,2011-08-24,통신주,02-820-9923,서울특별시 동작구청,2026-04-06
12-3022,서울특별시 동작구 사당로10길 87-3,사당동 239-8,37.48204189,126.9676782,2011-08-24,전용주,02-820-9923,서울특별시 동작구청,2026-04-06
12-3023,서울특별시 동작구 사당로10길 87-6,사당동 239-1,37.48207111,126.9674351,2011-08-24,한전주,02-820-9923,서울특별시 동작구청,2026-04-06
12-3024,서울특별시 동작구 사당로10길 92,사당동 241-25,37.48231208,126.9672457,2011-08-24,전용주,02-820-9923,서울특별시 동작구청,2026-04-06
12-3025,서울특별시 동작구 사당로10길 100,사당동 241-26,37.48216111,126.9670705,2011-08-24,한전주,02-820-9923,서울특별시 동작구청,2026-04-06
12-3026,서울특별시 동작구 사당로10길 97,사당동 235-65,37.48202816,126.9668896,2017-05-10,한전주,02-820-9923,서울특별시 동작구청,2026-04-06
12-3027,서울특별시 동작구 사당로8길 68,사당동 235-81,37.48287286,126.966926,2011-08-24,한전주,02-820-9923,서울특별시 동작구청,2026-04-06
12-3028,서울특별시 동작구 사당로8길 68,사당동 235-81,37.48277379,126.9670391,2020-05-22,전용주,02-820-9923,서울특별시 동작구청,2026-04-06
12-3029,서울특별시 동작구 사당로8길 71,사당동 241-24,37.48259138,126.9672286,2011-08-24,한전주,02-820-9923,서울특별시 동작구청,2026-04-06
12-3030,서울특별시 동작구 사당로8길 68,사당동 235-81,37.48272204,126.9672822,2011-08-24,전용주,02-820-9923,서울특별시 동작구청,2026-04-06
12-3031,서울특별시 동작구 사당로8길 68,사당동 235-61,37.48282338,126.9671917,2020-06-23,전용주,02-820-9923,서울특별시 동작구청,2026-04-06
12-3032,서울특별시 동작구 사당로8길 68,사당동 235-81,37.48283921,126.967415,2011-08-24,전용주,02-820-9923,서울특별시 동작구청,2026-04-06
12-3033,서울특별시 동작구 사당로8길 68,사당동 235-60,37.48296764,126.9675365,2011-08-24,전용주,02-820-9923,서울특별시 동작구청,2026-04-06
12-3034,서울특별시 동작구 솔밭로 74-1,사당동 235-71,37.4831275,126.9672707,2011-08-24,한전주,02-820-9923,서울특별시 동작구청,2026-04-06
12-3035,서울특별시 동작구 솔밭로 74,사당동 235-62,37.48327385,126.9670446,2011-08-24,한전주,02-820-9923,서울특별시 동작구청,2026-04-06
12-3036,서울특별시 동작구 사당로8나길 18,사당동 235-73,37.48339787,126.9675392,2011-08-24,한전주,02-820-9923,서울특별시 동작구청,2026-04-06
12-3037,서울특별시 동작구 사당로8나길 16,사당동 235-56,37.48348804,126.9677907,2011-08-24,통신주,02-820-9923,서울특별시 동작구청,2026-04-06
12-3038,서울특별시 동작구 사당로8나길 12,사당동 230-6,37.48363,126.9679687,2011-08-24,한전주,02-820-9923,서울특별시 동작구청,2026-04-06
12-3039,서울특별시 동작구 사당로8나길 6,사당동 230-28,37.48380798,126.9680845,2020-05-22,벽부주,02-820-9923,서울특별시 동작구청,2026-04-06
12-3040,서울특별시 동작구 사당로8나길 2,사당동 230-30,37.48394993,126.9682484,2011-08-24,전용주,02-820-9923,서울특별시 동작구청,2026-04-06
12-3041,서울특별시 동작구 사당로8가길 8,사당동 230-13,37.48418645,126.9682624,2011-08-24,벽부주,02-820-9923,서울특별시 동작구청,2026-04-06
12-3042,서울특별시 동작구 사당로8가길 9-5,사당동 230-21,37.48409854,126.9680335,2011-08-24,한전주,02-820-9923,서울특별시 동작구청,2026-04-06
12-3043,서울특별시 동작구 사당로8가길 9-11,사당동 230-24,37.48387995,126.9676888,2011-08-24,전용주,02-820-9923,서울특별시 동작구청,2026-04-06
12-3044,서울특별시 동작구 사당로8가길 30,사당동 229-5,37.48392719,126.96744,2011-08-24,한전주,02-820-9923,서울특별시 동작구청,2026-04-06
12-3045,서울특별시 동작구 사당로8가길 22,사당동 229-14,37.48408717,126.9676406,2011-08-24,한전주,02-820-9923,서울특별시 동작구청,2026-04-06
12-3046,서울특별시 동작구 사당로8가길 18,사당동 708-515,37.48425616,126.9678299,2011-08-24,한전주,02-820-9923,서울특별시 동작구청,2026-04-06
12-3047,서울특별시 동작구 사당로16다길 99,사당동 708-515,37.48434179,126.9679458,2011-08-24,한전주,02-820-9923,서울특별시 동작구청,2026-04-06
12-3048,서울특별시 동작구 사당로16다길 95,사당동 230-9,37.48449275,126.9681097,2011-08-24,한전주,02-820-9923,서울특별시 동작구청,2026-04-06
12-3049,서울특별시 동작구 사당로16다길 99,사당동 230-9,37.48455584,126.9681803,2011-08-24,한전주,02-820-9923,서울특별시 동작구청,2026-04-06
12-3050,서울특별시 동작구 사당로16다길 101,사당동 229-2,37.48463914,126.9680276,2011-08-24,한전주,02-820-9923,서울특별시 동작구청,2026-04-06
12-3051,서울특별시 동작구 사당로16다길94,사당동 231-7,37.48452661,126.9683499,2019-12-26,한전주,02-820-9923,서울특별시 동작구청,2026-04-06
12-3052,서울특별시 동작구 사당로16다길 92,사당동 231-12,37.48439826,126.9685478,2011-08-24,벽부주,02-820-9923,서울특별시 동작구청,2026-04-06
12-3053,서울특별시 동작구 사당로16다길 92-8,사당동 231-9,37.48472937,126.9685081,2011-08-24,벽부주,02-820-9923,서울특별시 동작구청,2026-04-06
12-3054,서울특별시 동작구 사당로16다길 87,사당동 231-2,37.48426087,126.9685677,2011-08-24,한전주,02-820-9923,서울특별시 동작구청,2026-04-06
12-3055,서울특별시 동작구 사당로8길 25,사당동 231-2,37.48412355,126.9688815,2011-08-24,전용주,02-820-9923,서울특별시 동작구청,2026-04-06
12-3056,서울특별시 동작구 사당로16다길 77,사당동 235-5,37.48395688,126.9689522,2011-08-24,한전주,02-820-9923,서울특별시 동작구청,2026-04-06
12-3057,서울특별시 동작구 사당로16다길 75,사당동 244-3,37.4838533,126.9691106,2011-08-24,한전주,02-820-9923,서울특별시 동작구청,2026-04-06
12-3058,서울특별시 동작구 사당로16다길 77-6,사당동 235-25,37.48371363,126.9690597,2011-08-24,전용주,02-820-9923,서울특별시 동작구청,2026-04-06
12-3059,서울특별시 동작구 사당로16다길 77-8,사당동 235-6,37.48359199,126.9690259,2011-08-24,한전주,02-820-9923,서울특별시 동작구청,2026-04-06
12-3060,서울특별시 동작구 사당로16다길 77-12,사당동 235-29,37.48350409,126.9688478,2020-05-22,전용주,02-820-9923,서울특별시 동작구청,2026-04-06
12-3061,서울특별시 동작구 사당로10길 33,사당동 249-79,37.48385116,126.9695261,2011-08-24,전용주,02-820-9923,서울특별시 동작구청,2026-04-06
12-3062,서울특별시 동작구 사당로12길 24,사당동 249-70,37.48377927,126.9702752,2011-08-24,전용주,02-820-9923,서울특별시 동작구청,2026-04-06
12-3063,서울특별시 동작구 사당로12길 12,사당동 250-27,37.48416004,126.9706651,2011-08-24,한전주,02-820-9923,서울특별시 동작구청,2026-04-06
12-3064,서울특별시 동작구 사당로12길 10-7,사당동 249-22,37.48417798,126.9703372,2011-08-24,벽부주,02-820-9923,서울특별시 동작구청,2026-04-06
12-3065,서울특별시 동작구 사당로12길 10-10,사당동 250-15,37.48434694,126.9704134,2011-08-24,벽부주,02-820-9923,서울특별시 동작구청,2026-04-06
12-3066,서울특별시 동작구 사당로 202-2,사당동 249-89,37.48461278,126.9705914,2011-08-24,통신주,02-820-9923,서울특별시 동작구청,2026-04-06
12-3067,서울특별시 동작구 사당로 196,사당동 248-5,37.48487619,126.9700373,2011-08-24,한전주,02-820-9923,서울특별시 동작구청,2026-04-06
12-3068,서울특별시 동작구 사당로8길 9,사당동 248-6,37.48478604,126.9698706,2011-08-24,한전주,02-820-9923,서울특별시 동작구청,2026-04-06
12-3069,서울특별시 동작구 사당로8길 9,사당동 248-6,37.48473422,126.9697943,2014-02-22,통신주,02-820-9923,서울특별시 동작구청,2026-04-06
12-3070,서울특별시 동작구 사당로10길 18,사당동 248-4,37.4844413,126.9694608,2011-08-24,한전주,02-820-9923,서울특별시 동작구청,2026-04-06
12-3071,서울특별시 동작구 사당로10길 23,사당동 249-42,37.48429937,126.9693535,2011-08-24,한전주,02-820-9923,서울특별시 동작구청,2026-04-06
12-3072,서울특별시 동작구 사당로10길 28,사당동 708-531,37.48403581,126.9693225,2011-08-24,한전주,02-820-9923,서울특별시 동작구청,2026-04-06
12-3073,서울특별시 동작구 사당로10길 25-4,사당동 249-75,37.48403813,126.9695825,2011-08-24,벽부주,02-820-9923,서울특별시 동작구청,2026-04-06
12-3074,서울특별시 동작구 사당로8길 9,사당동 248-6,37.48461023,126.9694127,2011-08-24,전용주,02-820-9923,서울특별시 동작구청,2026-04-06
12-3075,서울특별시 동작구 사당로16가길 87,사당동 224-21,37.48475205,126.9690706,2011-08-24,한전주,02-820-9923,서울특별시 동작구청,2026-04-06
12-3076,서울특별시 동작구 사당로16가길 90,사당동 223-6,37.48489399,126.9692091,2011-08-24,전용주,02-820-9923,서울특별시 동작구청,2026-04-06
12-3077,서울특별시 동작구 사당로 188-7,사당동 246-10,37.48503594,126.9693362,2011-08-24,한전주,02-820-9923,서울특별시 동작구청,2026-04-06
12-3078,서울특별시 동작구 사당로16가길 89-7,사당동 232-9,37.48456729,126.9688841,2011-08-24,벽부주,02-820-9923,서울특별시 동작구청,2026-04-06
12-3079,서울특별시 동작구 사당로16가길 94,사당동 223-5,37.4850268,126.9688529,2018-11-05,통신주,02-820-9923,서울특별시 동작구청,2026-04-06
12-3080,서울특별시 동작구 사당로16가길 99,사당동 224-21,37.48506954,126.9686493,2011-08-24,한전주,02-820-9923,서울특별시 동작구청,2026-04-06
12-3081,서울특별시 동작구 사당로16가길 97-4,사당동 224-48,37.48495013,126.968525,2011-08-24,전용주,02-820-9923,서울특별시 동작구청,2026-04-06
12-3082,서울특별시 동작구 사당로16가길 100,사당동 224-23,37.48524076,126.968751,2011-08-24,벽부주,02-820-9923,서울특별시 동작구청,2026-04-06
12-3083,서울특별시 동작구 사당로16가길 102,사당동 224-72,37.48528799,126.9684825,2011-08-24,한전주,02-820-9923,서울특별시 동작구청,2026-04-06
12-3084,서울특별시 동작구 사당로16다길 102-7,사당동 224-77,37.48506268,126.9682423,2011-08-24,한전주,02-820-9923,서울특별시 동작구청,2026-04-06
12-3085,서울특별시 동작구 사당로2차길 79,사당동 227-25,37.48561449,126.9680555,2011-08-24,한전주,02-820-9923,서울특별시 동작구청,2026-04-06
12-3086,서울특별시 동작구 사당로 180-4,사당동 224-24,37.48583759,126.96842,2011-08-24,한전주,02-820-9923,서울특별시 동작구청,2026-04-06
12-3087,서울특별시 동작구 사당로 178-4,사당동 708-1048,37.48592763,126.9681712,2011-08-24,전용주,02-820-9923,서울특별시 동작구청,2026-04-06
12-3088,서울특별시 동작구 사당로 178-6,사당동 217-10,37.48587349,126.9678999,2011-08-24,통신주,02-820-9923,서울특별시 동작구청,2026-04-06
12-3089,서울특별시 동작구 사당로2차길 77,사당동 227-24,37.48570456,126.9679339,2011-08-24,한전주,02-820-9923,서울특별시 동작구청,2026-04-06
12-3090,서울특별시 동작구 사당로2차길 78-3,사당동 227-12,37.48550403,126.9677192,2011-08-24,한전주,02-820-9923,서울특별시 동작구청,2026-04-06
12-3091,서울특별시 동작구 사당로 176-10,사당동 708-1048,37.48585093,126.967784,2011-08-24,전용주,02-820-9923,서울특별시 동작구청,2026-04-06
12-3092,서울특별시 동작구 사당로 176-8,사당동 217-4,37.48598388,126.9679394,2011-08-24,통신주,02-820-9923,서울특별시 동작구청,2026-04-06
12-3093,서울특별시 동작구 사당로 178,사당동 217-8,37.48614613,126.9682079,2011-08-24,전용주,02-820-9923,서울특별시 동작구청,2026-04-06
12-3094,서울특별시 동작구 사당로 172,사당동 213-24,37.48644567,126.9680466,2020-05-21,한전주,02-820-9923,서울특별시 동작구청,2026-04-06
12-3095,서울특별시 동작구 사당로 172,사당동 213-25,37.48649968,126.9678431,2011-08-24,전용주,02-820-9923,서울특별시 동작구청,2026-04-06
12-3096,서울특별시 동작구 사당로 172-9,사당동 217-14,37.48619108,126.9678489,2011-08-24,한전주,02-820-9923,서울특별시 동작구청,2026-04-06
12-3097,서울특별시 동작구 사당로 172-11,사당동 217-15,37.48599055,126.9676285,2011-08-24,한전주,02-820-9923,서울특별시 동작구청,2026-04-06
12-3098,서울특별시 동작구 사당로2차길 70,사당동 228-5,37.48589591,126.9674957,2011-08-24,한전주,02-820-9923,서울특별시 동작구청,2026-04-06
12-3099,서울특별시 동작구 사당로2차길 61,사당동 216-6,37.48620224,126.9674531,2011-08-24,벽부주,02-820-9923,서울특별시 동작구청,2026-04-06
12-3100,서울특별시 동작구 사당로2차길 64,사당동 215-10,37.48616836,126.9671281,2018-12-28,통신주,02-820-9923,서울특별시 동작구청,2026-04-06
12-3101,서울특별시 동작구 사당로6길 20,사당동 206-18,37.48619761,126.9670235,2011-08-24,한전주,02-820-9923,서울특별시 동작구청,2026-04-06
12-3102,서울특별시 동작구 사당로6길 24,사당동 215-7,37.48596102,126.966755,2011-08-24,한전주,02-820-9923,서울특별시 동작구청,2026-04-06
12-3104,서울특별시 동작구 사당로2차길 54-11,사당동 206-23,37.48594971,126.966577,2011-08-24,벽부주,02-820-9923,서울특별시 동작구청,2026-04-06
12-3105,서울특별시 동작구 사당로2차길 50,사당동 206-19,37.48633494,126.9667549,2011-08-24,벽부주,02-820-9923,서울특별시 동작구청,2026-04-06
12-3107,서울특별시 동작구 사당로2차길 50,사당동 206-18,37.48649262,126.9667718,2011-08-24,한전주,02-820-9923,서울특별시 동작구청,2026-04-06
12-3108,서울특별시 동작구 사당로2차길 42,사당동 206-80,37.48672904,126.9664183,2011-08-24,한전주,02-820-9923,서울특별시 동작구청,2026-04-06
12-3109,서울특별시 동작구 사당로2차길 49,사당동 206-94,37.48669981,126.966619,2011-08-24,벽부주,02-820-9923,서울특별시 동작구청,2026-04-06
12-3110,서울특별시 동작구 사당로4길 11-13,사당동 206-41,37.48680347,126.9667688,2011-08-24,전용주,02-820-9923,서울특별시 동작구청,2026-04-06
12-3111,서울특별시 동작구 사당로4길 11-18,사당동 206-5,37.48672241,126.9668819,2011-08-24,한전주,02-820-9923,서울특별시 동작구청,2026-04-06
12-3112,서울특별시 동작구 사당로4길 11-7,사당동 206-46,37.48698812,126.9665652,2011-08-24,한전주,02-820-9923,서울특별시 동작구청,2026-04-06
12-3113,서울특별시 동작구 사당로4길 11-3,사당동 206-44,37.48711871,126.9663701,2011-08-24,전용주,02-820-9923,서울특별시 동작구청,2026-04-06
12-3114,서울특별시 동작구 사당로4길 12,사당동 206-42,37.48720199,126.9661467,2011-08-24,한전주,02-820-9923,서울특별시 동작구청,2026-04-06
12-3115,서울특별시 동작구 사당로2차길 36,사당동 206-16,37.48699699,126.9660875,2011-08-24,한전주,02-820-9923,서울특별시 동작구청,2026-04-06
12-3116,서울특별시 동작구 사당로2차길 36,사당동 204-3,37.48703975,126.9659603,2011-08-24,한전주,02-820-9923,서울특별시 동작구청,2026-04-06
12-3117,서울특별시 동작구 사당로4길 19,사당동 206-58,37.48688207,126.9659264,2019-01-08,통신주,02-820-9923,서울특별시 동작구청,2026-04-06
12-3118,서울특별시 동작구 사당로2가길 189-4,사당동 206-66,37.48662751,126.9658417,2011-08-24,전용주,02-820-9923,서울특별시 동작구청,2026-04-06
12-3119,서울특별시 동작구 사당로4길 19-7,사당동 206-60,37.48675597,126.9660763,2011-08-24,통신주,02-820-9923,서울특별시 동작구청,2026-04-06
12-3120,서울특별시 동작구 사당로2차길 44-7,사당동 206-88,37.48652402,126.9662827,2011-08-24,한전주,02-820-9923,서울특별시 동작구청,2026-04-06
12-3121,서울특별시 동작구 사당로2길 40,사당동 181-432,37.49207098,126.9629755,2011-08-24,전용주,02-820-9923,서울특별시 동작구청,2026-04-06
12-3122,서울특별시 동작구 사당로2길 40,사당동 1145,37.49215663,126.9631253,2011-08-24,전용주,02-820-9923,서울특별시 동작구청,2026-04-06
12-3123,서울특별시 동작구 사당로2라길 37,사당동 1145,37.49155303,126.9633801,2011-08-24,한전주,02-820-9923,서울특별시 동작구청,2026-04-06
12-3124,서울특별시 동작구 사당로2사길 8,사당동 1145,37.49162066,126.9635638,2011-08-24,한전주,02-820-9923,서울특별시 동작구청,2026-04-06
12-3125,서울특별시 동작구 사당로2길 46,사당동 1145,37.49171759,126.9637814,2011-08-24,한전주,02-820-9923,서울특별시 동작구청,2026-04-06
12-3126,서울특별시 동작구 사당로2라길 51,사당동 183-33,37.4907129,126.9635812,2011-08-24,전용주,02-820-9923,서울특별시 동작구청,2026-04-06
12-3127,서울특별시 동작구 사당로2아길 14-12,사당동 183-29,37.49043591,126.9638103,2011-08-24,전용주,02-820-9923,서울특별시 동작구청,2026-04-06
12-3128,서울특별시 동작구 사당로2아길 14-8,사당동 183-27,37.49023771,126.9638782,2011-08-24,전용주,02-820-9923,서울특별시 동작구청,2026-04-06
12-3129,서울특별시 동작구 사당로2사길 40,사당동 183-26,37.49017022,126.964144,2020-07-24,벽부주,02-820-9923,서울특별시 동작구청,2026-04-06
12-3130,서울특별시 동작구 사당로2사길 37,사당동 183-10,37.49037069,126.9641495,2011-08-24,한전주,02-820-9923,서울특별시 동작구청,2026-04-06
12-3131,서울특별시 동작구 사당로2사길 29,사당동 183-12,37.49053061,126.9641014,2020-05-25,전용주,02-820-9923,서울특별시 동작구청,2026-04-06
12-3132,서울특별시 동작구 사당로2사길 29,사당동 183-23,37.49075358,126.9640165,2011-08-24,한전주,02-820-9923,서울특별시 동작구청,2026-04-06
12-3133,서울특별시 동작구 사당로2사길 19,사당동 183-16,37.49102161,126.96394,2011-08-24,한전주,02-820-9923,서울특별시 동작구청,2026-04-06
12-3134,서울특별시 동작구 사당로2사길 17,사당동 182-6,37.491159,126.9638919,2020-05-25,한전주,02-820-9923,서울특별시 동작구청,2026-04-06
12-3135,서울특별시 동작구 사당로2사길 14,사당동 182-34,37.49128285,126.9637788,2011-08-24,전용주,02-820-9923,서울특별시 동작구청,2026-04-06
12-3136,서울특별시 동작구 사당로2사길 9,사당동 182-2,37.49151709,126.9637165,2020-05-25,전용주,02-820-9923,서울특별시 동작구청,2026-04-06
12-3137,서울특별시 동작구 사당로2길 48,사당동 709,37.4914744,126.9640501,2011-08-24,한전주,02-820-9923,서울특별시 동작구청,2026-04-06
12-3138,서울특별시 동작구 사당로2길 52,사당동 709,37.49126045,126.9641943,2011-08-24,한전주,02-820-9923,서울특별시 동작구청,2026-04-06
12-3139,서울특별시 동작구 사당로2길 54,사당동 709,37.49111406,126.9642566,2011-08-24,전용주,02-820-9923,서울특별시 동작구청,2026-04-06
12-3140,서울특별시 동작구 사당로2길 58,사당동 709,37.49082577,126.9643811,2011-08-24,전용주,02-820-9923,서울특별시 동작구청,2026-04-06
12-3141,서울특별시 동작구 사당로2길 62,사당동 산 31-35,37.49057803,126.9644887,2011-08-24,전용주,02-820-9923,서울특별시 동작구청,2026-04-06
12-3142,서울특별시 동작구 사당로2길 64-1,사당동 709,37.49038434,126.9645707,2011-08-24,한전주,02-820-9923,서울특별시 동작구청,2026-04-06
12-3143,서울특별시 동작구 사당로2아길 2,사당동 188-51,37.49019517,126.9647235,2011-08-24,한전주,02-820-9923,서울특별시 동작구청,2026-04-06
12-3144,서울특별시 동작구 사당로2길 72,사당동 196-1,37.49003076,126.9648112,2011-08-24,통신주,02-820-9923,서울특별시 동작구청,2026-04-06
12-3145,서울특별시 동작구 사당로2길 72,사당동 산 31-39,37.48992045,126.9650148,2011-08-24,한전주,02-820-9923,서울특별시 동작구청,2026-04-06
12-3146,서울특별시 동작구 사당로2길 72,사당동 710-2,37.48969298,126.9651393,2011-08-24,전용주,02-820-9923,서울특별시 동작구청,2026-04-06
12-3147,서울특별시 동작구 사당로2길 76,사당동 710-2,37.4896097,126.96534,2011-08-24,한전주,02-820-9923,서울특별시 동작구청,2026-04-06
12-3148,서울특별시 동작구 사당로10길 23-3,사당동 249-41,37.48420479,126.9694694,2024-03-05,벽부주,02-820-9923,서울특별시 동작구청,2026-04-06
12-3222,서울특별시 동작구 사당로 136,사당동 200-14,37.48894084,126.9658152,2011-08-24,한전주,02-820-9923,서울특별시 동작구청,2026-04-06
12-3223,서울특별시 동작구 사당로 146,사당동 199-1,37.48880562,126.9655694,2011-08-24,전용주,02-820-9923,서울특별시 동작구청,2026-04-06
12-3224,서울특별시 동작구 사당로 146,사당동 199-1,37.48872229,126.9656316,2011-08-24,전용주,02-820-9923,서울특별시 동작구청,2026-04-06
12-3225,서울특별시 동작구 사당로 146,사당동 199-1,37.48857589,126.9656882,2011-08-24,전용주,02-820-9923,서울특별시 동작구청,2026-04-06
12-3239,서울특별시 동작구 사당로2차길 5,사당동 202-8,37.48794496,126.9649224,2011-08-24,한전주,02-820-9923,서울특별시 동작구청,2026-04-06
12-3241,서울특별시 동작구 사당로2자길 46,사당동 199-1,37.48804401,126.9647104,2011-08-24,한전주,02-820-9923,서울특별시 동작구청,2026-04-06
12-3242,서울특별시 동작구 사당로2자길 42,사당동 708-1110,37.48826021,126.964552,2011-08-24,한전주,02-820-9923,서울특별시 동작구청,2026-04-06
12-3243,서울특별시 동작구 사당로2자길 38,사당동 199-1,37.48842918,126.9646621,2011-08-24,벽부주,02-820-9923,서울특별시 동작구청,2026-04-06
12-3244,서울특별시 동작구 사당로 188-7,사당동 246-9,37.48514407,126.9693955,2021-08-04,벽부주,02-820-9923,서울특별시 동작구청,2026-04-06
12-3245,서울특별시 동작구 사당로2자길 36,사당동 708-1110,37.48860038,126.9646847,2011-08-24,벽부주,02-820-9923,서울특별시 동작구청,2026-04-06
12-3246,서울특별시 동작구 사당로2길 72,사당동 708-1110,37.48905986,126.9645827,2011-08-24,한전주,02-820-9923,서울특별시 동작구청,2026-04-06
12-3247,서울특별시 동작구 사당로2자길 30,사당동 199-1,37.48871524,126.9646281,2011-08-24,벽부주,02-820-9923,서울특별시 동작구청,2026-04-06
12-3249,서울특별시 동작구 사당로2가길 131,사당동 192-1,37.48897422,126.9644216,2011-08-24,전용주,02-820-9923,서울특별시 동작구청,2026-04-06
12-3250,서울특별시 동작구 사당로2길 72,사당동 196,37.48905317,126.9648145,2011-08-24,전용주,02-820-9923,서울특별시 동작구청,2026-04-06
12-3251,서울특별시 동작구 사당로2가길 131,사당동 192-1,37.48927156,126.9644554,2011-08-24,전용주,02-820-9923,서울특별시 동작구청,2026-04-06
12-3252,서울특별시 동작구 사당로2자길 2-15,사당동 708-1110,37.4893977,126.9644751,2011-08-24,한전주,02-820-9923,서울특별시 동작구청,2026-04-06
12-3253,서울특별시 동작구 사당로2자길 2-13,사당동 188-11,37.48957344,126.9646022,2011-08-24,전용주,02-820-9923,서울특별시 동작구청,2026-04-06
12-3254,서울특별시 동작구 사당로2자길 6,사당동 187,37.48969965,126.9648227,2011-08-24,전용주,02-820-9923,서울특별시 동작구청,2026-04-06
12-3255,서울특별시 동작구 사당로2자길 6,사당동 708-1110,37.48981453,126.9648452,2011-08-24,전용주,02-820-9923,서울특별시 동작구청,2026-04-06
12-3256,서울특별시 동작구 사당로2자길 2-2,사당동 196-1,37.48996093,126.9647801,2011-08-24,전용주,02-820-9923,서울특별시 동작구청,2026-04-06
12-3257,서울특별시 동작구 사당로2자길 2-8,사당동 188-2,37.48987519,126.9642968,2011-08-24,한전주,02-820-9923,서울특별시 동작구청,2026-04-06
12-3258,서울특별시 동작구 사당로2라길 89,사당동 708-1110,37.48943817,126.9642122,2011-08-24,전용주,02-820-9923,서울특별시 동작구청,2026-04-06
12-3259,서울특별시 동작구 사당로2라길 85,사당동 708-1110,37.48947192,126.9640821,2011-08-24,전용주,02-820-9923,서울특별시 동작구청,2026-04-06
12-3260,서울특별시 동작구 사당로2라길 85-8,사당동 188-40,37.48978048,126.9639774,2011-08-24,전용주,02-820-9923,서울특별시 동작구청,2026-04-06
12-3261,서울특별시 동작구 사당로2마길 65-4,사당동 190,37.48943131,126.9638673,2011-08-24,한전주,02-820-9923,서울특별시 동작구청,2026-04-06
12-3262,서울특별시 동작구 사당로2라길 79,사당동 188-43,37.48969933,126.9637654,2011-08-24,한전주,02-820-9923,서울특별시 동작구청,2026-04-06
12-3263,서울특별시 동작구 사당로2라길 76,사당동 190-147,37.48982315,126.9635505,2011-08-24,한전주,02-820-9923,서울특별시 동작구청,2026-04-06
12-3268,서울특별시 동작구 사당로2아길 15,사당동 185-24,37.48994942,126.9639773,2011-08-24,한전주,02-820-9923,서울특별시 동작구청,2026-04-06
12-3269,서울특별시 동작구 사당로2아길 9,사당동 185-24,37.49003285,126.9642713,2011-08-24,한전주,02-820-9923,서울특별시 동작구청,2026-04-06
12-3270,서울특별시 동작구 사당로2아길 4,사당동 185-4,37.49013426,126.9643984,2011-08-24,통신주,02-820-9923,서울특별시 동작구청,2026-04-06
12-3320,서울특별시 동작구 사당로2마길 65-2,사당동 190-170,37.48919921,126.9635791,2011-08-24,전용주,02-820-9923,서울특별시 동작구청,2026-04-06
12-3321,서울특별시 동작구 사당로2마길 66,사당동 190-164,37.48926675,126.9634518,2011-08-24,한전주,02-820-9923,서울특별시 동작구청,2026-04-06
12-3322,서울특별시 동작구 사당로2마길 59,사당동 190-153,37.48956407,126.9634376,2011-08-24,한전주,02-820-9923,서울특별시 동작구청,2026-04-06
12-3337,서울특별시 동작구 사당로2다길 86,사당동 190-190,37.48964276,126.9629598,2011-08-24,한전주,02-820-9923,서울특별시 동작구청,2026-04-06
12-3338,서울특별시 동작구 사당로2다길 92,사당동 190-186,37.48939503,126.9631012,2011-08-24,한전주,02-820-9923,서울특별시 동작구청,2026-04-06
12-3339,서울특별시 동작구 사당로2다길 94,사당동 190-185,37.48922611,126.9631663,2011-08-24,한전주,02-820-9923,서울특별시 동작구청,2026-04-06
12-3340,서울특별시 동작구 사당로2다길 100,사당동 190-179,37.48898514,126.9633332,2011-08-24,한전주,02-820-9923,서울특별시 동작구청,2026-04-06
12-3341,서울특별시 동작구 ,사당동 산 31-37,37.49367455,126.9622623,2021-03-09,전용주,02-820-9923,서울특별시 동작구청,2026-04-06
12-3342,서울특별시 동작구 사당로2가길 102,사당동 1139-2,37.48985199,126.962154,2011-08-24,전용주,02-820-9923,서울특별시 동작구청,2026-04-06
12-3343,서울특별시 동작구 사당로2가길 102,사당동 181-20,37.48980463,126.9619816,2011-08-24,전용주,02-820-9923,서울특별시 동작구청,2026-04-06
12-3344,서울특별시 동작구 사당로2가길 102,사당동 1139-2,37.48970544,126.9617103,2011-08-24,전용주,02-820-9923,서울특별시 동작구청,2026-04-06
12-3345,서울특별시 동작구 사당로2가길 72,사당동 1139-2,37.48956115,126.9613146,2011-08-24,벽부주,02-820-9923,서울특별시 동작구청,2026-04-06
12-3346,서울특별시 동작구 사당로2가길 102,사당동 1139-2,37.48961976,126.9614672,2021-07-21,전용주,02-820-9923,서울특별시 동작구청,2026-04-06
12-3368,서울특별시 동작구 사당로2가길 131,사당동 192-1,37.48914302,126.9639749,2011-08-24,한전주,02-820-9923,서울특별시 동작구청,2026-04-06
12-3369,서울특별시 동작구 사당로2가길 133,사당동 192-5,37.48859564,126.9639073,2011-08-24,한전주,02-820-9923,서울특별시 동작구청,2026-04-06
12-3370,서울특별시 동작구 사당로2가길 141-18,사당동 192-3,37.48880746,126.9642012,2011-08-24,한전주,02-820-9923,서울특별시 동작구청,2026-04-06
12-3371,서울특별시 동작구 사당로2가길 141-12,사당동 193-8,37.48851465,126.9642494,2011-08-24,한전주,02-820-9923,서울특별시 동작구청,2026-04-06
12-3372,서울특별시 동작구 사당로2가길 141-4,사당동 193-20,37.48831638,126.9640996,2011-08-24,한전주,02-820-9923,서울특별시 동작구청,2026-04-06
12-3376,서울특별시 동작구 사당로2가길 199,사당동 206-86,37.48629418,126.9659973,2011-08-24,한전주,02-820-9923,서울특별시 동작구청,2026-04-06
12-3388,서울특별시 동작구 사당로4길 7-15,사당동 203-10,37.48692065,126.9669299,2011-08-24,전용주,02-820-9923,서울특별시 동작구청,2026-04-06
12-3389,서울특별시 동작구 사당로4길 7-9,사당동 206-105,37.487076,126.9666867,2011-08-24,통신주,02-820-9923,서울특별시 동작구청,2026-04-06
12-3390,서울특별시 동작구 사당로4길 5,사당동 206-102,37.48726292,126.9665283,2023-09-07,전용주,02-820-9923,서울특별시 동작구청,2026-04-06
12-3391,서울특별시 동작구 사당로 166,사당동 213-4,37.48692527,126.9673511,2011-08-24,전용주,02-820-9923,서울특별시 동작구청,2026-04-06
12-3392,서울특별시 동작구 사당로 164-1,사당동 212-3,37.48683961,126.9671221,2011-08-24,전용주,02-820-9923,서울특별시 동작구청,2026-04-06
12-3393,서울특별시 동작구 사당로 170,사당동 213-9,37.48665053,126.9676197,2011-08-24,전용주,02-820-9923,서울특별시 동작구청,2026-04-06
12-3394,서울특별시 동작구 사당로6길 11,사당동 214-1,37.48643422,126.9673485,2011-08-24,한전주,02-820-9923,서울특별시 동작구청,2026-04-06
12-3398,서울특별시 동작구 솔밭로 97-8,사당동 227-18,37.48524494,126.967544,2011-08-24,전용주,02-820-9923,서울특별시 동작구청,2026-04-06
12-3399,서울특별시 동작구 솔밭로 97-8,사당동 227-18,37.48540259,126.9674507,2011-08-24,전용주,02-820-9923,서울특별시 동작구청,2026-04-06
12-3400,서울특별시 동작구 솔밭로 97-12,사당동 228-3,37.48555122,126.9673234,2011-08-24,전용주,02-820-9923,서울특별시 동작구청,2026-04-06
12-3401,서울특별시 동작구 솔밭로 97-16,사당동 708-1121,37.48569534,126.9671481,2011-08-24,전용주,02-820-9923,서울특별시 동작구청,2026-04-06
12-3402  ,서울특별시 동작구 솔밭로 97-16,사당동 708-1048,37.48581249,126.9672441,2011-08-24,한전주,02-820-9923,서울특별시 동작구청,2026-04-06
12-3416,서울특별시 동작구 사당로 184-6,사당동 224-65,37.48557639,126.9687593,2011-08-24,전용주,02-820-9923,서울특별시 동작구청,2026-04-06
12-3417,서울특별시 동작구 사당로 186-7,사당동 223-29,37.48529715,126.969028,2011-08-24,벽부주,02-820-9923,서울특별시 동작구청,2026-04-06
12-3426,서울특별시 동작구 사당로16가길 67,사당동 249-61,37.48418237,126.9698765,2011-08-24,벽부주,02-820-9923,서울특별시 동작구청,2026-04-06
12-3428,서울특별시 동작구 사당로16가길 68-5,사당동 249-53,37.48435812,126.970111,2011-08-24,한전주,02-820-9923,서울특별시 동작구청,2026-04-06
12-3431,서울특별시 동작구 사당로12길 22,사당동 249-11,37.48386939,126.9703458,2011-08-24,벽부주,02-820-9923,서울특별시 동작구청,2026-04-06
12-3465,서울특별시 동작구 솔밭로 102,사당동 226-5,37.48520451,126.9679709,2012-08-20,한전주,02-820-9923,서울특별시 동작구청,2026-04-06
12-3466,서울특별시 동작구 사당로16다길 105,사당동 229-7,37.48463907,126.9677421,2011-08-24,벽부주,02-820-9923,서울특별시 동작구청,2026-04-06
12-3489,서울특별시 동작구 사당로8가길 4,사당동 230-14,37.48403559,126.9684604,2021-08-20,통신주,02-820-9923,서울특별시 동작구청,2026-04-06
12-3494,서울특별시 동작구 사당로8가길 30,사당동 229-5,37.48392713,126.9672223,2011-08-24,전용주,02-820-9923,서울특별시 동작구청,2026-04-06
12-3498,서울특별시 동작구 솔밭로 80,사당동 산 32-63,37.48364329,126.9671603,2011-08-24,전용주,02-820-9923,서울특별시 동작구청,2026-04-06
12-3507,서울특별시 동작구 사당로10길 80,사당동 241-1,37.4824789,126.9677572,2011-08-24,전용주,02-820-9923,서울특별시 동작구청,2026-04-06
12-3508,서울특별시 동작구 사당로10길 78,사당동 235-57,37.48262084,126.9678476,2011-08-24,전용주,02-820-9923,서울특별시 동작구청,2026-04-06
12-3509,서울특별시 동작구 사당로10가길 12,사당동 241-1,37.48275831,126.9680963,2011-08-24,전용주,02-820-9923,서울특별시 동작구청,2026-04-06
12-3527,서울특별시 동작구 사당로10가길 4,사당동 241-35,37.4830557,126.9683308,2011-08-24,통신주,02-820-9923,서울특별시 동작구청,2026-04-06
12-3528,서울특별시 동작구 솔밭로 61-6,사당동 236-4,37.48214285,126.9662423,2011-08-24,한전주,02-820-9923,서울특별시 동작구청,2026-04-06
12-3529,서울특별시 동작구 솔밭로 57,사당동 238-4,37.48168329,126.9660588,2011-08-24,전용주,02-820-9923,서울특별시 동작구청,2026-04-06
12-3530,서울특별시 동작구 솔밭로 57-4,사당동 238-4,37.48181839,126.965875,2011-08-24,한전주,02-820-9923,서울특별시 동작구청,2026-04-06
12-3531,서울특별시 동작구 솔밭로 57-6,사당동 238-4,37.48189044,126.9657986,2011-08-24,벽부주,02-820-9923,서울특별시 동작구청,2026-04-06
12-3532,서울특별시 동작구 솔밭로 51,사당동 236-23,37.48134987,126.9659063,2011-08-24,전용주,02-820-9923,서울특별시 동작구청,2026-04-06
12-3535,서울특별시 동작구 사당로16가길 106-4,사당동 224-62,37.4853984,126.968617,2015-02-24,전용주,02-820-9923,서울특별시 동작구청,2026-04-06
12-3561,서울특별시 동작구 사당로 152-6,사당동 203-7,37.48773588,126.9663048,2011-08-24,전용주,02-820-9923,서울특별시 동작구청,2026-04-06
12-3563,서울특별시 동작구 사당로2가길 131,사당동 192-1,37.48894696,126.9636923,2011-08-24,한전주,02-820-9923,서울특별시 동작구청,2026-04-06
12-3564,서울특별시 동작구 사당로2가길 102,사당동 1139-2,37.48950708,126.9612892,2020-10-29,벽부주,02-820-9923,서울특별시 동작구청,2026-04-06
12-3565,서울특별시 동작구 사당로2가길 102,사당동 1139-2,37.48991738,126.9623604,2011-08-24,전용주,02-820-9923,서울특별시 동작구청,2026-04-06
12-3570,서울특별시 동작구 사당로8길 4,사당동 246-9,37.48501798,126.9695906,2011-08-24,전용주,02-820-9923,서울특별시 동작구청,2026-04-06
12-3601,서울특별시 동작구 사당로2차길 14,사당동 202-22,37.48774231,126.9651684,2011-08-24,전용주,02-820-9923,서울특별시 동작구청,2026-04-06
12-3602,서울특별시 동작구 사당로2차길 13,사당동 202-44,37.48766353,126.9653579,2011-08-24,한전주,02-820-9923,서울특별시 동작구청,2026-04-06
12-3603,서울특별시 동작구 사당로2차길 15-11,사당동 202-33,37.48766595,126.9659571,2011-08-24,한전주,02-820-9923,서울특별시 동작구청,2026-04-06
12-3604,서울특별시 동작구 사당로2차길 15-5,사당동 202-30,37.48779423,126.96555,2011-08-24,전용주,02-820-9923,서울특별시 동작구청,2026-04-06
12-3605,서울특별시 동작구 사당로2차길 15-10,사당동 202-38,37.48769518,126.965779,2011-08-24,한전주,02-820-9923,서울특별시 동작구청,2026-04-06
12-3606,서울특별시 동작구 사당로2차길 18,사당동 202-20,37.48755317,126.9654003,2018-12-24,통신주,02-820-9923,서울특별시 동작구청,2026-04-06
12-3607,서울특별시 동작구 사당로2차길 23,사당동 204-6,37.48743835,126.9656152,2011-08-24,한전주,02-820-9923,서울특별시 동작구청,2026-04-06
12-3608,서울특별시 동작구 사당로2차길 25-5,사당동 204-10,37.48737087,126.9659347,2011-08-24,벽부주,02-820-9923,서울특별시 동작구청,2026-04-06
12-3609,서울특별시 동작구 사당로2차길 38,사당동 203-10,37.48692044,126.9661978,2018-12-27,전용주,02-820-9923,서울특별시 동작구청,2026-04-06
12-3611,서울특별시 동작구 사당로2차길 5-11,사당동 202-30,37.48790236,126.9655952,2011-08-24,전용주,02-820-9923,서울특별시 동작구청,2026-04-06
12-3612,서울특별시 동작구 사당로2차길 5-17,사당동 202-2,37.48783038,126.9659203,2011-08-24,한전주,02-820-9923,서울특별시 동작구청,2026-04-06
12-3613,서울특별시 동작구 사당로2차길 5-7,사당동 202-16,37.48803744,126.9653266,2011-08-24,한전주,02-820-9923,서울특별시 동작구청,2026-04-06
12-3614,서울특별시 동작구 사당로2차길 25,사당동 203-10,37.48728071,126.9657255,2015-02-16,통신주,02-820-9923,서울특별시 동작구청,2026-04-06
12-3615,서울특별시 동작구 사당로4길 23,사당동 206-63,37.48676486,126.9656607,2011-08-24,한전주,02-820-9923,서울특별시 동작구청,2026-04-06
12-3616,서울특별시 동작구 사당로4길 6,사당동 206-96,37.48747463,126.9664491,2011-08-24,한전주,02-820-9923,서울특별시 동작구청,2026-04-06
12-3617,서울특별시 동작구 사당로6길12-6,사당동 206-74,37.48659181,126.9670516,2018-08-14,벽부주,02-820-9923,서울특별시 동작구청,2026-04-06
12-3619,서울특별시 동작구 사당로16마길 72,사당동 240-6,37.48268184,126.9685373,2011-08-24,한전주,02-820-9923,서울특별시 동작구청,2026-04-06
12-3620,서울특별시 동작구 사당로16마길 70 옆 옹벽,사당동 산 32-52,37.48245438,126.9687211,2011-08-24,전용주,02-820-9923,서울특별시 동작구청,2026-04-06
12-3621,서울특별시 동작구 사당로16마길 70 옆 옹벽,사당동 산 32-52,37.48233732,126.9689727,2011-08-24,전용주,02-820-9923,서울특별시 동작구청,2026-04-06
12-3622,서울특별시 동작구 사당로16마길 70 옆 옹벽,사당동 산32-79,37.48222249,126.9691762,2011-08-24,전용주,02-820-9923,서울특별시 동작구청,2026-04-06
12-3623,서울특별시 동작구 사당로16마길 70 옆 옹벽,사당동 산32-79,37.48214371,126.969377,2011-08-24,전용주,02-820-9923,서울특별시 동작구청,2026-04-06
12-3634,서울특별시 동작구 사당로8길 56,사당동 235-78,37.48310509,126.9677032,2011-08-24,한전주,02-820-9923,서울특별시 동작구청,2026-04-06
12-3635,서울특별시 동작구 사당로8길 52,사당동 235-49,37.48330788,126.9679236,2011-08-24,한전주,02-820-9923,서울특별시 동작구청,2026-04-06
12-3636,서울특별시 동작구 사당로8길 48,사당동 235-47,37.48340476,126.9680197,2017-05-10,전용주,02-820-9923,서울특별시 동작구청,2026-04-06
12-3637,서울특별시 동작구 사당로8길 44,사당동 235-46,37.48361431,126.9682485,2011-08-24,한전주,02-820-9923,서울특별시 동작구청,2026-04-06
12-3638,서울특별시 동작구 사당로8길 37,사당동 233-14,37.48377203,126.9684237,2011-08-24,한전주,02-820-9923,서울특별시 동작구청,2026-04-06
12-3639,서울특별시 동작구 사당로8길 31,사당동 233-2,37.48386443,126.9686074,2011-08-24,한전주,02-820-9923,서울특별시 동작구청,2026-04-06
12-3642,서울특별시 동작구 사당로8길 22,사당동 232-12,37.48423617,126.9688588,2011-08-24,전용주,02-820-9923,서울특별시 동작구청,2026-04-06
12-3643,서울특별시 동작구 사당로8길 18,사당동 232-14,37.48438938,126.9690255,2011-08-24,전용주,02-820-9923,서울특별시 동작구청,2026-04-06
12-3654,서울특별시 동작구 사당로8길 14,사당동 232-3,37.48454485,126.9691838,2017-05-10,전용주,02-820-9923,서울특별시 동작구청,2026-04-06
12-3657,서울특별시 동작구 사당로16가길 71,사당동 249-55,37.48433101,126.9697972,2011-08-24,통신주,02-820-9923,서울특별시 동작구청,2026-04-06
12-3658,서울특별시 동작구 사당로16가길 65,사당동 249-48,37.48410582,126.9700093,2011-08-24,한전주,02-820-9923,서울특별시 동작구청,2026-04-06
12-3659,서울특별시 동작구 사당로12길 22,사당동 249-34,37.48393919,126.970261,2011-08-24,한전주,02-820-9923,서울특별시 동작구청,2026-04-06
12-3660,서울특별시 동작구 사당로2자길 36,사당동 193-3,37.48864767,126.9646535,2023-12-19,한전주,02-820-9923,서울특별시 동작구청,2026-04-06
12-3661,서울특별시 동작구 사당로2자길 2-15,사당동 188-12,37.48935495,126.9646249,2023-12-19,한전주,02-820-9923,서울특별시 동작구청,2026-04-06
12-3662,서울특별시 동작구 사당로2자길 2-15,사당동 188-12,37.48949005,126.9644468,2023-12-20,벽부주,02-820-9923,서울특별시 동작구청,2026-04-06
12-3718,서울특별시 동작구 사당로2차길 2,사당동 202-28,37.48780751,126.9647613,2023-12-15,통신주,02-820-9923,서울특별시 동작구청,2026-04-06
12-3857,서울특별시 동작구 사당로2가길 131,사당동 192-4,37.48864512,126.9636896,2011-08-24,한전주,02-820-9923,서울특별시 동작구청,2026-04-06
12-3901,서울특별시 동작구 사당로 170,사당동 213-18,37.48674291,126.9677101,2020-05-21,한전주,02-820-9923,서울특별시 동작구청,2026-04-06
12-3903,서울특별시 동작구 사당로16가길 68-9,사당동 249-54,37.48446179,126.970323,2020-05-22,전용주,02-820-9923,서울특별시 동작구청,2026-04-06
12-3908,서울특별시 동작구 사당로2자길 44,사당동 199-1,37.48818816,126.9646707,2020-05-25,벽부주,02-820-9923,서울특별시 동작구청,2026-04-06
12-3909,서울특별시 동작구 사당로2가길 133,사당동 708-1108,37.48852802,126.9637858,2020-05-25,한전주,02-820-9923,서울특별시 동작구청,2026-04-06
12-3910,서울특별시 동작구 사당로2다길 85,사당동 190-231,37.48971039,126.9631237,2020-05-25,전용주,02-820-9923,서울특별시 동작구청,2026-04-06
12-3911,서울특별시 동작구 사당로2마길 57,사당동 190-236,37.48977578,126.96333,2020-05-25,한전주,02-820-9923,서울특별시 동작구청,2026-04-06
12-3913,서울특별시 동작구 사당로2가길 72,사당동 181-20,37.48982705,126.9616452,2020-11-03,전용주,02-820-9923,서울특별시 동작구청,2026-04-06
12-3914,서울특별시 동작구 사당로2가길 72,사당동 181-20,37.48975943,126.961518,2020-11-03,전용주,02-820-9923,서울특별시 동작구청,2026-04-06
12-3915,서울특별시 동작구 사당로8길 9,사당동 248-5,37.48491889,126.9696613,2011-08-24,한전주,02-820-9923,서울특별시 동작구청,2026-04-06
12-3916,서울특별시 동작구 사당로10길56,사당동 241-32,37.48321799,126.9687349,2022-09-14,벽부주,02-820-9923,서울특별시 동작구청,2026-04-06
12-3917,서울특별시 동작구 사당로16다길 102-7,사당동 224-15,37.48500185,126.9681971,2023-03-02,벽부주,02-820-9923,서울특별시 동작구청,2026-04-06
12-3996,서울특별시 동작구 사당로2자길 2-11,사당동 188-32,37.48972654,126.9643647,2019-04-25,통신주,02-820-9923,서울특별시 동작구청,2026-04-06
12-3997,서울특별시 동작구 사당로2마길65-2,사당동 190-164,37.48930282,126.9635564,2019-12-26,통신주,02-820-9923,서울특별시 동작구청,2026-04-06
01-1124,서울특별시 동작구 ,신대방동 702-2,37.48510655,126.903712,2020-11-18,벽부주,02-820-9923,서울특별시 동작구청,2026-04-06
01-1125,서울특별시 동작구 ,신대방동 702-2,37.48510434,126.9037685,2020-11-18,벽부주,02-820-9923,서울특별시 동작구청,2026-04-06
01-1126,서울특별시 동작구 ,신대방동 702-3,37.48509989,126.9038392,2020-11-18,벽부주,02-820-9923,서울특별시 동작구청,2026-04-06
01-1127,서울특별시 동작구 ,신대방동 702-3,37.48509545,126.9039155,2020-11-18,벽부주,02-820-9923,서울특별시 동작구청,2026-04-06
01-1128,서울특별시 동작구 ,신대방동 702-3,37.48508874,126.9039749,2020-11-18,벽부주,02-820-9923,서울특별시 동작구청,2026-04-06
01-1129,서울특별시 동작구 ,신대방동 702-3,37.48508654,126.9040343,2020-11-18,벽부주,02-820-9923,서울특별시 동작구청,2026-04-06
01-1130,서울특별시 동작구 ,신대방동 702-3,37.48508433,126.9040936,2020-11-18,벽부주,02-820-9923,서울특별시 동작구청,2026-04-06
01-1131,서울특별시 동작구 ,신대방동 702-3,37.48508213,126.9041558,2020-11-18,벽부주,02-820-9923,서울특별시 동작구청,2026-04-06
1-32,서울특별시 동작구 ,신대방동 702-3,37.48507767,126.9042152,2020-11-18,벽부주,02-820-9923,서울특별시 동작구청,2026-04-06
1-33,서울특별시 동작구 ,신대방동 702-3,37.48507322,126.9042746,2020-11-18,벽부주,02-820-9923,서울특별시 동작구청,2026-04-06
13-3001,서울특별시 동작구 여의대방로24길 65,대방동 412-20,37.498463,126.9239912,2011-08-24,한전주,02-820-9923,서울특별시 동작구청,2026-04-06
13-3002,서울특별시 동작구 여의대방로24마길 5,대방동 412-19,37.49865898,126.924008,2011-08-24,전용주,02-820-9923,서울특별시 동작구청,2026-04-06
13-3003,서울특별시 동작구 여의대방로24마길 13,대방동 411-7,37.49891573,126.9239483,2011-08-24,한전주,02-820-9923,서울특별시 동작구청,2026-04-06
13-3004,서울특별시 동작구 여의대방로24다길 47,대방동 411-12,37.49890205,126.9236939,2011-08-24,한전주,02-820-9923,서울특별시 동작구청,2026-04-06
13-3005,서울특별시 동작구 여의대방로26길 60,대방동 411-39,37.49906199,126.9237107,2011-08-24,전용주,02-820-9923,서울특별시 동작구청,2026-04-06
13-3006,서울특별시 동작구 여의대방로24다길 41,대방동 411-16,37.49887483,126.9234056,2011-08-24,한전주,02-820-9923,서울특별시 동작구청,2026-04-06
13-3007,서울특별시 동작구 여의대방로24다길 37,대방동 411-45,37.49890837,126.923021,2011-08-24,한전주,02-820-9923,서울특별시 동작구청,2026-04-06
13-3008,서울특별시 동작구 여의대방로24다길 37-2,대방동 411-19,37.49905484,126.9231142,2011-08-24,전용주,02-820-9923,서울특별시 동작구청,2026-04-06
13-3009,서울특별시 동작구 여의대방로24다길 29,대방동 411-42,37.49887437,126.9227016,2011-08-24,전용주,02-820-9923,서울특별시 동작구청,2026-04-06
13-3010,서울특별시 동작구 여의대방로24라길 24,대방동 411-6,37.49886753,126.9225715,2011-08-24,전용주,02-820-9923,서울특별시 동작구청,2026-04-06
13-3011,서울특별시 동작구 여의대방로24라길 24,대방동 411-6,37.49894635,126.9225432,2011-08-24,한전주,02-820-9923,서울특별시 동작구청,2026-04-06
13-3012,서울특별시 동작구 여의대방로24라길 19,대방동 415-28,37.4987796,126.9224501,2011-08-24,통신주,02-820-9923,서울특별시 동작구청,2026-04-06
13-3013,서울특별시 동작구 여의대방로24라길 21,대방동 416-18,37.49893051,126.9224386,2011-08-24,한전주,02-820-9923,서울특별시 동작구청,2026-04-06
13-3014,서울특별시 동작구 여의대방로24라길 13,대방동 415-47,37.49856784,126.9224107,2018-06-21,통신주,02-820-9923,서울특별시 동작구청,2026-04-06
13-3015,서울특별시 동작구 여의대방로24라길 13,대방동 415-47,37.49854304,126.9223853,2012-08-07,전용주,02-820-9923,서울특별시 동작구청,2026-04-06
13-3016,서울특별시 동작구 여의대방로24라길 7,대방동 414-1,37.49823899,126.9224365,2011-08-24,전용주,02-820-9923,서울특별시 동작구청,2026-04-06
13-3017,서울특별시 동작구 여의대방로24길 35,대방동 407-47,37.49804977,126.922431,2011-08-24,한전주,02-820-9923,서울특별시 동작구청,2026-04-06
13-3018,서울특별시 동작구 여의대방로24가길 2,대방동 407-9,37.4982763,126.9209635,2020-10-30,벽부주,02-820-9923,서울특별시 동작구청,2026-04-06
13-3019,서울특별시 동작구 여의대방로24길 7,대방동 407-10,37.49839111,126.9208616,2011-08-24,한전주,02-820-9923,서울특별시 동작구청,2026-04-06
13-3020,서울특별시 동작구 여의대방로24가길 2,대방동 407-8,37.49830343,126.9211076,2011-08-24,한전주,02-820-9923,서울특별시 동작구청,2026-04-06
13-3021,서울특별시 동작구 여의대방로24가길 2,대방동 407-8,37.498218,126.921348,2011-08-24,한전주,02-820-9923,서울특별시 동작구청,2026-04-06
13-3022,서울특별시 동작구 여의대방로24나길 14-2,대방동 414-21,37.49827897,126.921577,2011-08-24,한전주,02-820-9923,서울특별시 동작구청,2026-04-06
13-3023,서울특별시 동작구 여의대방로24나길 10-1,대방동 414-23,37.49834194,126.9214299,2011-08-24,벽부주,02-820-9923,서울특별시 동작구청,2026-04-06
13-3024,서울특별시 동작구 여의대방로24가길 2,대방동 407-9,37.49811665,126.9213821,2020-10-30,벽부주,02-820-9923,서울특별시 동작구청,2026-04-06
13-3025,서울특별시 동작구 여의대방로24나길 21-2,대방동 415-45,37.49852045,126.9222807,2020-02-26,한전주,02-820-9923,서울특별시 동작구청,2026-04-06
13-3026,서울특별시 동작구 여의대방로24나길 21-1,대방동 415-41,37.49852034,126.9221082,2011-08-24,한전주,02-820-9923,서울특별시 동작구청,2026-04-06
13-3027,서울특별시 동작구 여의대방로24나길 24,대방동 414-10,37.49831091,126.9221989,2011-08-24,벽부주,02-820-9923,서울특별시 동작구청,2026-04-06
13-3028,서울특별시 동작구 여의대방로24나길 17,대방동 415-40,37.49852466,126.921834,2015-02-05,통신주,02-820-9923,서울특별시 동작구청,2026-04-06
13-3029,서울특별시 동작구 여의대방로24나길 14-3,대방동 414-20,37.49827228,126.9216929,2011-08-24,전용주,02-820-9923,서울특별시 동작구청,2026-04-06
13-3030,서울특별시 동작구 여의대방로24나길 10,대방동 414-8,37.49847266,126.92154,2022-11-24,전용주,02-820-9923,서울특별시 동작구청,2026-04-06
13-3031,서울특별시 동작구 여의대방로24나길 8,대방동 414-22,37.4984703,126.9213817,2011-08-24,한전주,02-820-9923,서울특별시 동작구청,2026-04-06
13-3032,서울특별시 동작구 여의대방로24나길 5-2,대방동 415-11,37.49860988,126.9212713,2011-08-24,벽부주,02-820-9923,서울특별시 동작구청,2026-04-06
13-3033,서울특별시 동작구 여의대방로24나길 2,대방동 414-5,37.49847228,126.9209774,2011-08-24,한전주,02-820-9923,서울특별시 동작구청,2026-04-06
13-3034,서울특별시 동작구 여의대방로128,대방동 407-15,37.49847654,126.9206071,2011-08-24,한전주,02-820-9923,서울특별시 동작구청,2026-04-06
13-3035,서울특별시 동작구 여의대방로24가길 7,대방동 417-11,37.49867037,126.9207708,2011-08-24,전용주,02-820-9923,서울특별시 동작구청,2026-04-06
13-3036,서울특별시 동작구 여의대방로134,대방동 417-3,37.4988101,126.9208838,2011-08-24,한전주,02-820-9923,서울특별시 동작구청,2026-04-06
13-3037,서울특별시 동작구 여의대방로134-1,대방동 417-2,37.49896552,126.9208864,2011-08-24,한전주,02-820-9923,서울특별시 동작구청,2026-04-06
13-3038,서울특별시 동작구 여의대방로24가길 16,대방동 416-3,37.49913679,126.9210022,2011-08-24,전용주,02-820-9923,서울특별시 동작구청,2026-04-06
13-3039,서울특별시 동작구 여의대방로136,대방동 417-1,37.4992561,126.9208918,2011-08-24,한전주,02-820-9923,서울특별시 동작구청,2026-04-06
13-3040,서울특별시 동작구 여의대방로136,대방동 417-1,37.49931014,126.9208578,2011-08-24,한전주,02-820-9923,서울특별시 동작구청,2026-04-06
13-3041,서울특별시 동작구 여의대방로24가길 22,대방동 416-4,37.49930578,126.9210755,2011-08-24,한전주,02-820-9923,서울특별시 동작구청,2026-04-06
13-3042,서울특별시 동작구 상도로 8,대방동 401-7,37.49958279,126.9210102,2011-08-24,한전주,02-820-9923,서울특별시 동작구청,2026-04-06
13-3043,서울특별시 동작구 여의대방로140,대방동 400-3,37.49956009,126.920736,2011-08-24,전용주,02-820-9923,서울특별시 동작구청,2026-04-06
13-3044,서울특별시 동작구 상도로 8,대방동 401-7,37.49958074,126.9213014,2011-08-24,통신주,02-820-9923,서울특별시 동작구청,2026-04-06
13-3045,서울특별시 동작구 여의대방로26길 23,대방동 401-14,37.49954031,126.9214824,2011-08-24,전용주,02-820-9923,서울특별시 동작구청,2026-04-06
13-3046,서울특별시 동작구 상도로 10,대방동 401-24,37.49969133,126.9216405,2011-08-24,한전주,02-820-9923,서울특별시 동작구청,2026-04-06
13-3047,서울특별시 동작구 여의대방로28길 27,대방동 401-31,37.49971174,126.9218469,2018-08-20,한전주,02-820-9923,서울특별시 동작구청,2026-04-06
13-3048,서울특별시 동작구 여의대방로28길 27,대방동 401-29,37.49957436,126.9218697,2011-08-24,통신주,02-820-9923,서울특별시 동작구청,2026-04-06
13-3049,서울특별시 동작구 여의대방로28길 33,대방동 401-1,37.49953853,126.9221977,2011-08-24,전용주,02-820-9923,서울특별시 동작구청,2026-04-06
13-3050,서울특별시 동작구 상도로 10-7,대방동 401-5,37.49968266,126.922141,2015-02-05,통신주,02-820-9923,서울특별시 동작구청,2026-04-06
13-3051,서울특별시 동작구 여의대방로28길 42,대방동 402-31,37.49955679,126.9225595,2011-08-24,한전주,02-820-9923,서울특별시 동작구청,2026-04-06
13-3052,서울특별시 동작구 여의대방로26길 37,대방동 401-12,37.49939906,126.922472,2011-08-24,전용주,02-820-9923,서울특별시 동작구청,2026-04-06
13-3053,서울특별시 동작구 여의대방로26길 37,대방동 401-18,37.49935156,126.9221837,2011-08-24,전용주,02-820-9923,서울특별시 동작구청,2026-04-06
13-3054,서울특별시 동작구 여의대방로26길 29,대방동 401-32,37.49934463,126.9219208,2011-08-24,한전주,02-820-9923,서울특별시 동작구청,2026-04-06
13-3055,서울특별시 동작구 여의대방로26길 22,대방동 416-13,37.4992993,126.9214883,2011-08-24,한전주,02-820-9923,서울특별시 동작구청,2026-04-06
13-3056,서울특별시 동작구 여의대방로24다길 15-2,대방동 416-11,37.49912165,126.9219436,2011-08-24,전용주,02-820-9923,서울특별시 동작구청,2026-04-06
13-3057,서울특별시 동작구 여의대방로24라길 26,대방동 411-1,37.49915583,126.922543,2011-08-24,한전주,02-820-9923,서울특별시 동작구청,2026-04-06
13-3058,서울특별시 동작구 여의대방로24다길 21-4,대방동 415-26,37.49888982,126.9222096,2011-08-24,통신주,02-820-9923,서울특별시 동작구청,2026-04-06
13-3059,서울특별시 동작구 여의대방로24다길 21-1,대방동 416-23,37.49893252,126.9220654,2011-08-24,한전주,02-820-9923,서울특별시 동작구청,2026-04-06
13-3060,서울특별시 동작구 여의대방로24다길 14,대방동 415-20,37.49888281,126.9218308,2011-08-24,한전주,02-820-9923,서울특별시 동작구청,2026-04-06
13-3061,서울특별시 동작구 여의대방로24나길 17-2,대방동 415-39,37.49869361,126.9218564,2011-08-24,전용주,02-820-9923,서울특별시 동작구청,2026-04-06
13-3062,서울특별시 동작구 여의대방로24다길 8,대방동 415-1,37.49888935,126.9215113,2011-08-24,한전주,02-820-9923,서울특별시 동작구청,2026-04-06
13-3063,서울특별시 동작구 여의대방로26길 60,대방동 466-11,37.49926249,126.9237529,2011-08-24,한전주,02-820-9923,서울특별시 동작구청,2026-04-06
13-3064,서울특별시 동작구 여의대방로26길 59,대방동 402-17,37.49933234,126.9237924,2011-08-24,통신주,02-820-9923,서울특별시 동작구청,2026-04-06
13-3065,서울특별시 동작구 여의대방로26길 56,대방동 411-40,37.49926674,126.9233627,2011-08-24,한전주,02-820-9923,서울특별시 동작구청,2026-04-06
13-3066,서울특별시 동작구 여의대방로26길 50,대방동 411-23,37.49926883,126.9231139,2011-08-24,전용주,02-820-9923,서울특별시 동작구청,2026-04-06
13-3067,서울특별시 동작구 여의대방로26길 44,대방동 411-2,37.49927764,126.9228143,2011-08-24,통신주,02-820-9923,서울특별시 동작구청,2026-04-06
13-3068,서울특별시 동작구 여의대방로24마길 13,대방동 411-35,37.49923562,126.9240074,2011-08-24,한전주,02-820-9923,서울특별시 동작구청,2026-04-06
13-3069,서울특별시 동작구 여의대방로24마길 14,대방동 410-11,37.49924471,126.9241318,2011-08-24,한전주,02-820-9923,서울특별시 동작구청,2026-04-06
13-3070,서울특별시 동작구 여의대방로26길 72,대방동 410-4,37.49925163,126.9243777,2011-08-24,전용주,02-820-9923,서울특별시 동작구청,2026-04-06
13-3071,서울특별시 동작구 여의대방로26길 81,대방동 403-6,37.49951555,126.924974,2011-08-24,전용주,02-820-9923,서울특별시 동작구청,2026-04-06
13-3072,서울특별시 동작구 여의대방로26길 76,대방동 410-33,37.49922702,126.9246463,2018-06-22,한전주,02-820-9923,서울특별시 동작구청,2026-04-06
13-3073,서울특별시 동작구 여의대방로26길 78,대방동 410-6,37.49922936,126.9247905,2011-08-24,한전주,02-820-9923,서울특별시 동작구청,2026-04-06
13-3074,서울특별시 동작구 여의대방로26길 80,대방동 410-34,37.49903788,126.9247596,2011-08-24,벽부주,02-820-9923,서울특별시 동작구청,2026-04-06
13-3075,서울특별시 동작구 여의대방로26길 84,대방동 410-17,37.49923405,126.9250817,2020-02-27,통신주,02-820-9923,서울특별시 동작구청,2026-04-06
13-3076,서울특별시 동작구 여의대방로26길 85,대방동 403-4,37.4992882,126.9252202,2011-08-24,한전주,02-820-9923,서울특별시 동작구청,2026-04-06
13-3077,서울특별시 동작구 상도로 42,대방동 403-1,37.4995405,126.9252511,2011-08-24,전용주,02-820-9923,서울특별시 동작구청,2026-04-06
13-3078,서울특별시 동작구 여의대방로24다길 75,대방동 410-21,37.49908099,126.9252487,2011-08-24,한전주,02-820-9923,서울특별시 동작구청,2026-04-06
13-3079,서울특별시 동작구 여의대방로24다길 71,대방동 410-3,37.49899974,126.9250056,2011-08-24,한전주,02-820-9923,서울특별시 동작구청,2026-04-06
13-3080,서울특별시 동작구 여의대방로24길 87,대방동 409-15,37.49888929,126.9248842,2011-08-24,전용주,02-820-9923,서울특별시 동작구청,2026-04-06
13-3081,서울특별시 동작구 여의대방로24길 83,대방동 466-11,37.49884408,126.9246213,2011-08-24,한전주,02-820-9923,서울특별시 동작구청,2026-04-06
13-3082,서울특별시 동작구 여의대방로24마길 4-1,대방동 466-11,37.49883042,126.9243951,2011-08-24,한전주,02-820-9923,서울특별시 동작구청,2026-04-06
13-3083,서울특별시 동작구 여의대방로24마길 4-1,대방동 409-1,37.49869966,126.9242171,2011-08-24,전용주,02-820-9923,서울특별시 동작구청,2026-04-06
13-3084,서울특별시 동작구 여의대방로24다길 83-2,대방동 404-18,37.49940111,126.925664,2011-08-24,벽부주,02-820-9923,서울특별시 동작구청,2026-04-06
13-3085,서울특별시 동작구 여의대방로24다길 83,대방동 404-20,37.49917135,126.9256614,2011-08-24,한전주,02-820-9923,서울특별시 동작구청,2026-04-06
13-3086,서울특별시 동작구 여의대방로24다길 87,대방동 404-25,37.49929993,126.9259524,2011-08-24,한전주,02-820-9923,서울특별시 동작구청,2026-04-06
13-3087,서울특별시 동작구 여의대방로24다길 93,대방동 407-40,37.49933385,126.9261673,2011-08-24,한전주,02-820-9923,서울특별시 동작구청,2026-04-06
13-3088,서울특별시 동작구 여의대방로24다길 97,대방동 407-40,37.49937677,126.9263623,2011-08-24,전용주,02-820-9923,서울특별시 동작구청,2026-04-06
13-3089,서울특별시 동작구 여의대방로24길 113,대방동 408-2,37.49927327,126.926549,2020-10-30,벽부주,02-820-9923,서울특별시 동작구청,2026-04-06
13-3091,서울특별시 동작구 상도로 58,대방동 466-27,37.49946256,126.9266732,2011-08-24,한전주,02-820-9923,서울특별시 동작구청,2026-04-06
13-3092,서울특별시 동작구 상도로 60,대방동 466-27,37.49943574,126.927021,2011-08-24,한전주,02-820-9923,서울특별시 동작구청,2026-04-06
13-3093,서울특별시 동작구 상도로 64,대방동 405-14,37.4994135,126.927479,2011-08-24,한전주,02-820-9923,서울특별시 동작구청,2026-04-06
13-3094,서울특별시 동작구 여의대방로24길 141,대방동 466-27,37.49929432,126.9278184,2011-08-24,전용주,02-820-9923,서울특별시 동작구청,2026-04-06
13-3095,서울특별시 동작구 여의대방로24길 141,대방동 408-1,37.49908945,126.9279911,2020-10-30,벽부주,02-820-9923,서울특별시 동작구청,2026-04-06
13-3096,서울특별시 동작구 여의대방로24길 133,대방동 408-1,37.49920855,126.9275273,2020-10-30,벽부주,02-820-9923,서울특별시 동작구청,2026-04-06
13-3097,서울특별시 동작구 여의대방로24길 129,대방동 355-26,37.49926246,126.9272841,2020-10-30,벽부주,02-820-9923,서울특별시 동작구청,2026-04-06
13-3098,서울특별시 동작구 여의대방로24길 121,대방동 355-26,37.4992893,126.9269702,2020-10-30,벽부주,02-820-9923,서울특별시 동작구청,2026-04-06
13-3099,서울특별시 동작구 대방동1길 59,대방동 399-6,37.50044326,126.9210206,2011-08-24,한전주,02-820-9923,서울특별시 동작구청,2026-04-06
13-3100,서울특별시 동작구 등용로 77-1,대방동 14-15,37.5081514,126.9319466,,벽부주,02-820-9923,서울특별시 동작구청,2026-04-06
13-3101,서울특별시 동작구 대방동1길 46,대방동 390-5,37.50042795,126.9216991,2011-08-24,전용주,02-820-9923,서울특별시 동작구청,2026-04-06
13-3102,서울특별시 동작구 대방동1길 46,대방동 390-5,37.50041687,126.9219875,2011-08-24,전용주,02-820-9923,서울특별시 동작구청,2026-04-06
13-3103,서울특별시 동작구 대방동1길 46,대방동 390-5,37.50041027,126.9222278,2011-08-24,전용주,02-820-9923,서울특별시 동작구청,2026-04-06
13-3104,서울특별시 동작구 대방동1길 46,대방동 390-5,37.50041044,126.9224795,2020-02-28,전용주,02-820-9923,서울특별시 동작구청,2026-04-06
13-3105,서울특별시 동작구 상도로 17-8,대방동 397-26,37.50011543,126.9225816,2011-08-24,한전주,02-820-9923,서울특별시 동작구청,2026-04-06
13-3106,서울특별시 동작구 대방동1길 41-1,대방동 397-4,37.50038367,126.9228781,2011-08-24,한전주,02-820-9923,서울특별시 동작구청,2026-04-06
13-3107,서울특별시 동작구 대방동1길 39-1,대방동 397-21,37.50040186,126.9231439,2017-05-31,전용주,02-820-9923,서울특별시 동작구청,2026-04-06
13-3108,서울특별시 동작구 대방동1길 39,대방동 397-16,37.50038399,126.9233729,2011-08-24,한전주,02-820-9923,서울특별시 동작구청,2026-04-06
13-3109,서울특별시 동작구 대방동1길 39,대방동 397-17,37.50037971,126.923715,2011-08-24,한전주,02-820-9923,서울특별시 동작구청,2026-04-06
13-3110,서울특별시 동작구 대방동27길 110,대방동 397-5,37.5003754,126.9240204,2011-08-24,한전주,02-820-9923,서울특별시 동작구청,2026-04-06
13-3111,서울특별시 동작구 대방동27길 112,대방동 397-5,37.50014115,126.9240347,2011-08-24,한전주,02-820-9923,서울특별시 동작구청,2026-04-06
13-3112,서울특별시 동작구 대방동1길 28,대방동 391-514,37.50036219,126.9244954,2011-08-24,한전주,02-820-9923,서울특별시 동작구청,2026-04-06
13-3113,서울특별시 동작구 대방동7길 82,대방동 391-513,37.50035785,126.9247555,2011-08-24,한전주,02-820-9923,서울특별시 동작구청,2026-04-06
13-3114,서울특별시 동작구 대방동1길 27-1,대방동 396-14,37.50010093,126.9245409,2011-08-24,전용주,02-820-9923,서울특별시 동작구청,2026-04-06
13-3115,서울특별시 동작구 대방동1길 25,대방동 396-9,37.50011233,126.9247585,2011-08-24,한전주,02-820-9923,서울특별시 동작구청,2026-04-06
13-3116,서울특별시 동작구 대방동7길 81,대방동 391-505,37.50036028,126.9250269,2011-08-24,한전주,02-820-9923,서울특별시 동작구청,2026-04-06
13-3117,서울특별시 동작구 상도로 43-1,대방동 396-1,37.50036272,126.925335,2011-08-24,전용주,02-820-9923,서울특별시 동작구청,2026-04-06
13-3118,서울특별시 동작구 대방동1길 22,대방동 391-62,37.50035845,126.9256998,2011-08-24,전용주,02-820-9923,서울특별시 동작구청,2026-04-06
13-3119,서울특별시 동작구 ,대방동 68-23,37.50843104,126.9325118,2021-06-03,벽부주,02-820-9923,서울특별시 동작구청,2026-04-06
13-3121,서울특별시 동작구 대방동1길 17,대방동 395-11,37.50027729,126.9255952,2013-10-07,한전주,02-820-9923,서울특별시 동작구청,2026-04-06
13-3122,서울특별시 동작구 대방동1길 15,대방동 395-12,37.50027962,126.9257112,2011-08-24,한전주,02-820-9923,서울특별시 동작구청,2026-04-06
13-3123,서울특별시 동작구 대방동1길 15-1,대방동 395-15,37.50026645,126.9262597,2011-08-24,한전주,02-820-9923,서울특별시 동작구청,2026-04-06
13-3124,서울특별시 동작구 대방동1길 9,대방동 395-1,37.50026432,126.9264632,2011-08-24,전용주,02-820-9923,서울특별시 동작구청,2026-04-06
13-3125,서울특별시 동작구 상도로 53,대방동 395-2,37.50008421,126.9266132,2017-05-10,통신주,02-820-9923,서울특별시 동작구청,2026-04-06
13-3126,서울특별시 동작구 대방동1길 7,대방동 394-4,37.50024645,126.9267007,2020-02-28,전용주,02-820-9923,서울특별시 동작구청,2026-04-06
13-3127,서울특별시 동작구 대방동1길 7,대방동 394-4,37.50026225,126.9267488,2011-08-24,한전주,02-820-9923,서울특별시 동작구청,2026-04-06
13-3128,서울특별시 동작구 대방동1길 8-6,대방동 391-8,37.50053033,126.9268051,2011-08-24,전용주,02-820-9923,서울특별시 동작구청,2026-04-06
13-3129,서울특별시 동작구 대방동1길 6-3,대방동 391-6,37.50043358,126.9269804,2020-02-29,전용주,02-820-9923,서울특별시 동작구청,2026-04-06
13-3130,서울특별시 동작구 대방동1길 3,대방동 394-25,37.50023326,126.9272294,2011-08-24,한전주,02-820-9923,서울특별시 동작구청,2026-04-06
13-3131,서울특별시 동작구 대방동1길 1,대방동 394-5,37.50022456,126.927727,2011-08-24,한전주,02-820-9923,서울특별시 동작구청,2026-04-06
13-3132,서울특별시 동작구 대방동길 3,대방동 394-1,37.50022239,126.9278627,2011-08-24,한전주,02-820-9923,서울특별시 동작구청,2026-04-06
13-3133,서울특별시 동작구 대방동길 7,대방동 466-10,37.50034844,126.9277184,2011-08-24,한전주,02-820-9923,서울특별시 동작구청,2026-04-06
13-3134,서울특별시 동작구 대방동길 2,대방동 393-65,37.49992975,126.9281797,2011-08-24,한전주,02-820-9923,서울특별시 동작구청,2026-04-06
13-3135,서울특별시 동작구 대방동길 4,대방동 393-64,37.50015045,126.9280947,2011-08-24,한전주,02-820-9923,서울특별시 동작구청,2026-04-06
13-3136,서울특별시 동작구 대방동7길 76,대방동 391-511,37.50066424,126.9248287,2011-08-24,한전주,02-820-9923,서울특별시 동작구청,2026-04-06
13-3137,서울특별시 동작구 대방동7길 76,대방동 391-511,37.50072731,126.9248343,2011-08-24,한전주,02-820-9923,서울특별시 동작구청,2026-04-06
13-3138,서울특별시 동작구 대방동7길 74,대방동 391-510,37.50090974,126.9247945,2011-08-24,한전주,02-820-9923,서울특별시 동작구청,2026-04-06
13-3139,서울특별시 동작구 대방동7길 69-9,대방동 391-162,37.50091448,126.925162,2022-11-01,전용주,02-820-9923,서울특별시 동작구청,2026-04-06
13-3140,서울특별시 동작구 대방동3길 29-11,대방동 391-163,37.50088762,126.925425,2022-11-01,전용주,02-820-9923,서울특별시 동작구청,2026-04-06
13-3141,서울특별시 동작구 대방동1길 30-12,대방동 391-515,37.50091181,126.9245033,2011-08-24,한전주,02-820-9923,서울특별시 동작구청,2026-04-06
13-3142,서울특별시 동작구 대방동1길 30-10,대방동 391-567,37.50072935,126.9244893,2011-08-24,한전주,02-820-9923,서울특별시 동작구청,2026-04-06
13-3143,서울특별시 동작구 대방동1길 30-3,대방동 391-559,37.50057614,126.9244358,2011-08-24,전용주,02-820-9923,서울특별시 동작구청,2026-04-06
13-3144,서울특별시 동작구 대방동27길 103,대방동 391-564,37.50052408,126.9240457,2011-08-24,한전주,02-820-9923,서울특별시 동작구청,2026-04-06
13-3145,서울특별시 동작구 대방동27길 95,대방동 391-522,37.50085071,126.9240623,2011-08-24,한전주,02-820-9923,서울특별시 동작구청,2026-04-06
13-3146,서울특별시 동작구 대방동27길 91,대방동 391-327,37.50117289,126.9241722,2011-08-24,전용주,02-820-9923,서울특별시 동작구청,2026-04-06
13-3147,서울특별시 동작구 대방동27길 85,대방동 391-319,37.50126969,126.9240788,2011-08-24,한전주,02-820-9923,서울특별시 동작구청,2026-04-06
13-3148,서울특별시 동작구 대방동27길 81,대방동 391-315,37.50144996,126.9241861,2011-08-24,한전주,02-820-9923,서울특별시 동작구청,2026-04-06
13-3149,서울특별시 동작구 대방동27길 77,대방동 391-307,37.50167296,126.9241859,2011-08-24,한전주,02-820-9923,서울특별시 동작구청,2026-04-06
13-3150,서울특별시 동작구 대방동27길 71,대방동 391-299,37.50189596,126.9241941,2011-08-24,한전주,02-820-9923,서울특별시 동작구청,2026-04-06
13-3151,서울특별시 동작구 대방동27길 69,대방동 391-295,37.50210545,126.9242052,2011-08-24,한전주,02-820-9923,서울특별시 동작구청,2026-04-06
13-3152,서울특별시 동작구 대방동27길 63,대방동 391-79,37.50238927,126.9242106,2011-08-24,한전주,02-820-9923,서울특별시 동작구청,2026-04-06
13-3153,서울특별시 동작구 대방동27길 61-1,대방동 391-81,37.50241864,126.9243491,2011-08-24,전용주,02-820-9923,서울특별시 동작구청,2026-04-06
13-3154,서울특별시 동작구 대방동15길 7-12,대방동 391-77,37.50237601,126.9246036,2011-08-24,벽부주,02-820-9923,서울특별시 동작구청,2026-04-06
13-3155,서울특별시 동작구 대방동27길 53,대방동 391-85,37.50255395,126.9246006,2011-08-24,한전주,02-820-9923,서울특별시 동작구청,2026-04-06
13-3156,서울특별시 동작구 대방동27길 53,대방동 391-85,37.50280398,126.9245919,2011-08-24,한전주,02-820-9923,서울특별시 동작구청,2026-04-06
13-3157,서울특별시 동작구 대방동15길 8-3,대방동 379-7,37.50299544,126.9245832,2011-08-24,벽부주,02-820-9923,서울특별시 동작구청,2026-04-06
13-3158,서울특별시 동작구 대방동27길 53,대방동 391-85,37.50279249,126.9242469,2011-08-24,한전주,02-820-9923,서울특별시 동작구청,2026-04-06
13-3159,서울특별시 동작구 대방동15길 12,대방동 380-45,37.50280592,126.9241027,2011-08-24,한전주,02-820-9923,서울특별시 동작구청,2026-04-06
13-3160,서울특별시 동작구 대방동15길 16-1,대방동 380-104,37.50281245,126.923755,2011-08-24,한전주,02-820-9923,서울특별시 동작구청,2026-04-06
13-3161,서울특별시 동작구 대방동15길 20,대방동 387-20,37.50282124,126.9234072,2011-08-24,한전주,02-820-9923,서울특별시 동작구청,2026-04-06
13-3162,서울특별시 동작구 대방동15길 22,대방동 387-24,37.50282553,126.923082,2011-08-24,한전주,02-820-9923,서울특별시 동작구청,2026-04-06
13-3163,서울특별시 동작구 대방동15길 26,대방동 388-19,37.5028365,126.9226353,2011-08-24,한전주,02-820-9923,서울특별시 동작구청,2026-04-06
13-3164,서울특별시 동작구 대방동15길 28-1,대방동 388-21,37.50284298,126.9222084,2011-08-24,한전주,02-820-9923,서울특별시 동작구청,2026-04-06
13-3165,서울특별시 동작구 대방동15길 34,대방동 389-28,37.50293501,126.9217163,2011-08-24,한전주,02-820-9923,서울특별시 동작구청,2026-04-06
13-3166,서울특별시 동작구 대방로15다길 1,대방동 389-17,37.50310203,126.9222307,2011-08-24,전용주,02-820-9923,서울특별시 동작구청,2026-04-06
13-3167,서울특별시 동작구 대방동15다길 7,대방동 389-38,37.50335213,126.9223351,2011-08-24,한전주,02-820-9923,서울특별시 동작구청,2026-04-06
13-3168,서울특별시 동작구 대방동15다길 7-1,대방동 389-6,37.50352787,126.9224056,2011-08-24,전용주,02-820-9923,서울특별시 동작구청,2026-04-06
13-3169,서울특별시 동작구 대방동15다길 9,대방동 389-4,37.50368108,126.9224704,2011-08-24,한전주,02-820-9923,서울특별시 동작구청,2026-04-06
13-3170,서울특별시 동작구 여의대방로36길 4,대방동 389-3,37.50398299,126.9225776,2011-08-24,한전주,02-820-9923,서울특별시 동작구청,2026-04-06
13-3171,서울특별시 동작구 대방동15길 26,대방동 388-19,37.50302128,126.922751,2011-08-24,한전주,02-820-9923,서울특별시 동작구청,2026-04-06
13-3172,서울특별시 동작구 대방동15나길 11,대방동 388-11,37.50337276,126.9228751,2011-08-24,한전주,02-820-9923,서울특별시 동작구청,2026-04-06
13-3173,서울특별시 동작구 대방동15나길 20,대방동 388-16,37.50367016,126.9229879,2011-08-24,한전주,02-820-9923,서울특별시 동작구청,2026-04-06
13-3174,서울특별시 동작구 대방동15나길 20,대방동 387-3,37.50384371,126.9231432,2011-08-24,통신주,02-820-9923,서울특별시 동작구청,2026-04-06
13-3175,서울특별시 동작구 대방동23길 41,대방동 388-1,37.50401935,126.9230667,2011-08-24,한전주,02-820-9923,서울특별시 동작구청,2026-04-06
13-3176,서울특별시 동작구 대방동23길 41,대방동 388-1,37.50401925,126.9229083,2011-08-24,한전주,02-820-9923,서울특별시 동작구청,2026-04-06
13-3177,서울특별시 동작구 대방동23길 37,대방동 387-2,37.50401729,126.9233551,2011-08-24,한전주,02-820-9923,서울특별시 동작구청,2026-04-06
13-3178,서울특별시 동작구 대방동15가길 26,대방동 380-50,37.50401526,126.9237028,2011-08-24,한전주,02-820-9923,서울특별시 동작구청,2026-04-06
13-3179,서울특별시 동작구 대방동15가길 26,대방동 380-50,37.50379677,126.9237087,2012-08-07,전용주,02-820-9923,서울특별시 동작구청,2026-04-06
13-3180,서울특별시 동작구 대방동15가길 19,대방동 387-5,37.50367734,126.9236353,2011-08-24,한전주,02-820-9923,서울특별시 동작구청,2026-04-06
13-3181,서울특별시 동작구 대방동15나길 20-6,대방동 387-8,37.50362311,126.9233724,2011-08-24,한전주,02-820-9923,서울특별시 동작구청,2026-04-06
13-3182,서울특별시 동작구 대방동15나길 12-10,대방동 387-15,37.50331009,126.9234943,2011-08-24,통신주,02-820-9923,서울특별시 동작구청,2026-04-06
13-3183,서울특별시 동작구 대방동15나길 12-8,대방동 387-16,37.50333475,126.923319,2011-08-24,한전주,02-820-9923,서울특별시 동작구청,2026-04-06
13-3184,서울특별시 동작구 대방동15나길 12-8,대방동 387-16,37.5033527,126.9232059,2012-08-07,통신주,02-820-9923,서울특별시 동작구청,2026-04-06
13-3185,서울특별시 동작구 대방동15가길 5,대방동 387-17,37.50320868,126.9234322,2011-08-24,한전주,02-820-9923,서울특별시 동작구청,2026-04-06
13-3186,서울특별시 동작구 대방동15가길 8,대방동 380-51,37.50317054,126.9236641,2011-08-24,통신주,02-820-9923,서울특별시 동작구청,2026-04-06
13-3187,서울특별시 동작구 대방동27길 48-1,대방동 380-39,37.50309189,126.9239469,2011-08-24,벽부주,02-820-9923,서울특별시 동작구청,2026-04-06
13-3188,서울특별시 동작구 대방동27길 44,대방동 380-25,37.50322706,126.9239807,2011-08-24,벽부주,02-820-9923,서울특별시 동작구청,2026-04-06
13-3189,서울특별시 동작구 대방동27길 46-5,대방동 380-51,37.5032945,126.9237771,2011-08-24,벽부주,02-820-9923,서울특별시 동작구청,2026-04-06
13-3190,서울특별시 동작구 대방동15가길 16,대방동 380-51,37.50342296,126.9238787,2011-08-24,전용주,02-820-9923,서울특별시 동작구청,2026-04-06
13-3191,서울특별시 동작구 대방동15가길 20-3,대방동 380-9,37.50354683,126.9238532,2011-08-24,한전주,02-820-9923,서울특별시 동작구청,2026-04-06
13-3192,서울특별시 동작구 대방동27길 38,대방동 380-10,37.50346141,126.9241218,2011-08-24,벽부주,02-820-9923,서울특별시 동작구청,2026-04-06
13-3193,서울특별시 동작구 대방동27길 44,대방동 380-25,37.50327447,126.9241531,2011-08-24,한전주,02-820-9923,서울특별시 동작구청,2026-04-06
13-3194,서울특별시 동작구 대방동27길 36,대방동 380-111,37.50371147,126.9241725,2011-08-24,한전주,02-820-9923,서울특별시 동작구청,2026-04-06
13-3195,서울특별시 동작구 대방동23길 21,대방동 380-1,37.50395475,126.9241779,2011-08-24,한전주,02-820-9923,서울특별시 동작구청,2026-04-06
13-3196,서울특별시 동작구 대방동23길 21,대방동 380-1,37.50401772,126.9240336,2011-08-24,한전주,02-820-9923,서울특별시 동작구청,2026-04-06
13-3197,서울특별시 동작구 대방동23길 23-6,대방동 380-9,37.50371809,126.9239604,2011-08-24,한전주,02-820-9923,서울특별시 동작구청,2026-04-06
13-3198,서울특별시 동작구 대방동23길 22,대방동 381-23,37.50424533,126.9241974,2011-08-24,한전주,02-820-9923,서울특별시 동작구청,2026-04-06
13-3199,서울특별시 동작구 대방동27길 16,대방동 381-52,37.50443229,126.9242,2011-08-24,한전주,02-820-9923,서울특별시 동작구청,2026-04-06
13-3200,서울특별시 동작구 대방동27길 12,대방동 381-6,37.50469137,126.9242507,2011-08-24,전용주,02-820-9923,서울특별시 동작구청,2026-04-06
13-3201,서울특별시 동작구 대방동27길 12,대방동 381-6,37.50480633,126.9243863,2011-08-24,한전주,02-820-9923,서울특별시 동작구청,2026-04-06
13-3202,서울특별시 동작구 대방동27길 4,대방동 381-3,37.5049326,126.9245925,2011-08-24,통신주,02-820-9923,서울특별시 동작구청,2026-04-06
13-3203,서울특별시 동작구 대방동길 77,대방동 376-1,37.50494623,126.9247622,2011-08-24,한전주,02-820-9923,서울특별시 동작구청,2026-04-06
13-3204,서울특별시 동작구 대방동길 78,대방동 375-1,37.50504539,126.9248441,2011-08-24,한전주,02-820-9923,서울특별시 동작구청,2026-04-06
13-3205,서울특별시 동작구 대방동길 84,대방동 375-4,37.50533801,126.9245158,2011-08-24,한전주,02-820-9923,서울특별시 동작구청,2026-04-06
13-3206,서울특별시 동작구 여의대방로36길 30,대방동 375-40,37.50561511,126.924589,2018-09-05,한전주,02-820-9923,서울특별시 동작구청,2026-04-06
13-3207,서울특별시 동작구 여의대방로36길 30-5,대방동 375-41,37.50545303,126.9247362,2011-08-24,한전주,02-820-9923,서울특별시 동작구청,2026-04-06
13-3208,서울특별시 동작구 여의대방로36길 32,대방동 375-39,37.50572119,126.9249112,2011-08-24,한전주,02-820-9923,서울특별시 동작구청,2026-04-06
13-3209,서울특별시 동작구 여의대방로36길 32-6,대방동 375-47,37.5055208,126.9250528,2011-08-24,전용주,02-820-9923,서울특별시 동작구청,2026-04-06
13-3210,서울특별시 동작구 여의대방로36길36-1,대방동 375-63,37.50578681,126.9253834,2018-09-05,전용주,02-820-9923,서울특별시 동작구청,2026-04-06
13-3211,서울특별시 동작구 대방동길 97,대방동 383-29,37.50595883,126.9231721,2011-08-24,전용주,02-820-9923,서울특별시 동작구청,2026-04-06
13-3212,서울특별시 동작구 대방동길 95-13,대방동 383-15,37.50573127,126.923079,2011-08-24,전용주,02-820-9923,서울특별시 동작구청,2026-04-06
13-3213,서울특별시 동작구 여의대방로36길 21-7,대방동 382-1,37.50549964,126.9236646,2011-08-24,한전주,02-820-9923,서울특별시 동작구청,2026-04-06
13-3214,서울특별시 동작구 여의대방로36길 21-11,대방동 384-1,37.5056256,126.9233845,2011-08-24,한전주,02-820-9923,서울특별시 동작구청,2026-04-06
13-3215,서울특별시 동작구 여의대방로36길 21-19,대방동 384-12,37.50556018,126.9232319,2011-08-24,벽부주,02-820-9923,서울특별시 동작구청,2026-04-06
13-3216,서울특별시 동작구 여의대방로36길 21-19,대방동 384-11,37.50543844,126.9230709,2011-08-24,통신주,02-820-9923,서울특별시 동작구청,2026-04-06
13-3217,서울특별시 동작구 여의대방로210,대방동 383-31,37.50545403,126.9227994,2011-08-24,한전주,02-820-9923,서울특별시 동작구청,2026-04-06
13-3218,서울특별시 동작구 여의대방로36길 21-7,대방동 382-1,37.50542294,126.9234922,2020-03-03,한전주,02-820-9923,서울특별시 동작구청,2026-04-06
13-3219,서울특별시 동작구 여의대방로204-19,대방동 384-2,37.50530571,126.9233396,,벽부주,02-820-9923,서울특별시 동작구청,2026-04-06
13-3220,서울특별시 동작구 여의대방로204-16,대방동 382-7,37.50512094,126.9232408,2011-08-24,전용주,02-820-9923,서울특별시 동작구청,2026-04-06
13-3221,서울특별시 동작구 여의대방로204-5,대방동 384-10,37.50502623,126.9230713,2011-08-24,전용주,02-820-9923,서울특별시 동작구청,2026-04-06
13-3222,서울특별시 동작구 여의대방로 204-8,대방동 385-4,37.50489998,126.9229131,2021-12-07,전용주,02-820-9923,서울특별시 동작구청,2026-04-06
13-3223,서울특별시 동작구 여의대방로 204-1,대방동 384-7,37.50498093,126.9226953,2011-08-24,한전주,02-820-9923,서울특별시 동작구청,2026-04-06
13-3224,서울특별시 동작구 여의대방로36길 22-7,대방동 381-48,37.50506753,126.9242503,2011-08-24,통신주,02-820-9923,서울특별시 동작구청,2026-04-06
13-3225,서울특별시 동작구 여의대방로36길 22-7,대방동 381-42,37.5049931,126.9240892,2011-08-24,전용주,02-820-9923,서울특별시 동작구청,2026-04-06
13-3226,서울특별시 동작구 여의대방로36길 18,대방동 386-20,37.50490498,126.9236765,2011-08-24,한전주,02-820-9923,서울특별시 동작구청,2026-04-06
13-3227,서울특별시 동작구 여의대방로36길10-11,대방동 386-2,37.50458049,126.9234761,2011-08-24,벽부주,02-820-9923,서울특별시 동작구청,2026-04-06
13-3228,서울특별시 동작구 여의대방로36길 10-9,대방동 386-3,37.50450389,126.9234507,2022-10-18,벽부주,02-820-9923,서울특별시 동작구청,2026-04-06
13-3229,서울특별시 동작구 여의대방로36길 10-4,대방동 386-25,37.50437764,126.9232755,,벽부주,02-820-9923,서울특별시 동작구청,2026-04-06
13-3230,서울특별시 동작구 대방동23가길 14,대방동 381-31,37.5045874,126.9237051,2011-08-24,전용주,02-820-9923,서울특별시 동작구청,2026-04-06
13-3231,서울특별시 동작구 대방동23가길 8,대방동 381-10,37.50431261,126.9237252,2011-08-24,전용주,02-820-9923,서울특별시 동작구청,2026-04-06
13-3232,서울특별시 동작구 대방동23가길 4,대방동 381-29,37.50413015,126.9237282,2011-08-24,전용주,02-820-9923,서울특별시 동작구청,2026-04-06
13-3233,서울특별시 동작구 대방동25길12,대방동 376-8,37.50439197,126.9245507,,전용주,02-820-9923,서울특별시 동작구청,2026-04-06
13-3234,서울특별시 동작구 대방동25길 12,대방동 376-8,37.50438308,126.9247288,2011-08-24,한전주,02-820-9923,서울특별시 동작구청,2026-04-06
13-3235,서울특별시 동작구 대방동25길 9,대방동 376-24,37.50435394,126.9249522,2011-08-24,전용주,02-820-9923,서울특별시 동작구청,2026-04-06
13-3236,서울특별시 동작구 대방동25길 3,대방동 376-26,37.50433376,126.9251106,2011-08-24,통신주,02-820-9923,서울특별시 동작구청,2026-04-06
13-3237,서울특별시 동작구 대방동길 73,대방동 376-3,37.50470764,126.9250423,2011-08-24,한전주,02-820-9923,서울특별시 동작구청,2026-04-06
13-3238,서울특별시 동작구 대방동길 71,대방동 376-5,37.50457259,126.925198,2011-08-24,한전주,02-820-9923,서울특별시 동작구청,2026-04-06
13-3239,서울특별시 동작구 대방동길 69,대방동 376-15,37.50435196,126.9253876,2011-08-24,한전주,02-820-9923,서울특별시 동작구청,2026-04-06
13-3240,서울특별시 동작구 대방동길 69,대방동 376-15,37.50431823,126.9254866,2017-05-10,한전주,02-820-9923,서울특별시 동작구청,2026-04-06
13-3241,서울특별시 동작구 대방동길 67,대방동 377-15,37.50399833,126.9254191,2011-08-24,한전주,02-820-9923,서울특별시 동작구청,2026-04-06
13-3242,서울특별시 동작구 대방동23길 4,대방동 376-16,37.50409279,126.9251787,2011-08-24,통신주,02-820-9923,서울특별시 동작구청,2026-04-06
13-3243,서울특별시 동작구 대방동23길 7,대방동 377-13,37.50400483,126.9250034,2011-08-24,한전주,02-820-9923,서울특별시 동작구청,2026-04-06
13-3244,서울특별시 동작구 대방동23길 9,대방동 377-12,37.50400694,126.9247773,2011-08-24,한전주,02-820-9923,서울특별시 동작구청,2026-04-06
13-3245,서울특별시 동작구 대방동27길 33,대방동 466-10,37.50376559,126.9242573,2011-08-24,한전주,02-820-9923,서울특별시 동작구청,2026-04-06
13-3246,서울특별시 동작구 대방동21길 10-1,대방동 377-24,37.50375017,126.9248114,2011-08-24,한전주,02-820-9923,서울특별시 동작구청,2026-04-06
13-3247,서울특별시 동작구 대방동21길 6-1,대방동 377-20,37.50375946,126.9252412,2011-08-24,벽부주,02-820-9923,서울특별시 동작구청,2026-04-06
13-3248,서울특별시 동작구 대방동길 65,대방동 466-10,37.50376859,126.9254334,2017-05-10,한전주,02-820-9923,서울특별시 동작구청,2026-04-06
13-3249,서울특별시 동작구 대방동길 63,대방동 377-4,37.50362666,126.9254081,2011-08-24,한전주,02-820-9923,서울특별시 동작구청,2026-04-06
13-3250,서울특별시 동작구 대방동19길 6,대방동 378-43,37.50362423,126.9251254,2011-08-24,한전주,02-820-9923,서울특별시 동작구청,2026-04-06
13-3251,서울특별시 동작구 대방동19길 13,대방동 378-36,37.50359694,126.9247155,2011-08-24,한전주,02-820-9923,서울특별시 동작구청,2026-04-06
13-3252,서울특별시 동작구 대방동19길 18,대방동 377-35,37.5036351,126.9245034,2011-08-24,전용주,02-820-9923,서울특별시 동작구청,2026-04-06
13-3253,서울특별시 동작구 대방동17길 15,대방동 379-41,37.50320932,126.9244218,2013-03-22,통신주,02-820-9923,서울특별시 동작구청,2026-04-06
13-3254,서울특별시 동작구 대방동17길 14,대방동 378-27,37.50325229,126.9246932,2011-08-24,한전주,02-820-9923,서울특별시 동작구청,2026-04-06
13-3255,서울특별시 동작구 대방동17길 9,대방동 379-18,37.50320518,126.9249986,2018-11-28,통신주,02-820-9923,서울특별시 동작구청,2026-04-06
13-3256,서울특별시 동작구 대방동17길 6,대방동 378-11,37.50322562,126.925253,2011-08-24,한전주,02-820-9923,서울특별시 동작구청,2026-04-06
13-3257,서울특별시 동작구 대방동길 57-1,대방동 378-5,37.50323247,126.9254057,2011-08-24,한전주,02-820-9923,서울특별시 동작구청,2026-04-06
13-3258,서울특별시 동작구 대방동길 55,대방동 379-2,37.50294414,126.9253919,2011-08-24,전용주,02-820-9923,서울특별시 동작구청,2026-04-06
13-3259,서울특별시 동작구 대방동15길 7,대방동 391-71,37.50277936,126.9248407,2011-08-24,한전주,02-820-9923,서울특별시 동작구청,2026-04-06
13-3260,서울특별시 동작구 대방동15길 3,대방동 391-241,37.5027773,126.9251489,2011-08-24,전용주,02-820-9923,서울특별시 동작구청,2026-04-06
13-3261,서울특별시 동작구 대방동15길 3,대방동 391-241,37.50277294,126.9253694,2011-08-24,한전주,02-820-9923,서울특별시 동작구청,2026-04-06
13-3262,서울특별시 동작구 대방동7길 69-5,대방동 391-118,37.50096617,126.9249697,2022-11-01,벽부주,02-820-9923,서울특별시 동작구청,2026-04-06
13-3263,서울특별시 동작구 여의대방로28길 42,대방동 402-31,37.49954792,126.9227687,2011-08-24,전용주,02-820-9923,서울특별시 동작구청,2026-04-06
13-3264,서울특별시 동작구 여의대방로26길 45,대방동 402-36,37.49955706,126.9229751,2011-08-24,한전주,02-820-9923,서울특별시 동작구청,2026-04-06
13-3265,서울특별시 동작구 대방동7길 66,대방동 391-324,37.50116202,126.9247886,2011-08-24,한전주,02-820-9923,서울특별시 동작구청,2026-04-06
13-3266,서울특별시 동작구 대방동7길 66-7,대방동 391-326,37.50116857,126.9244578,2011-08-24,통신주,02-820-9923,서울특별시 동작구청,2026-04-06
13-3267,서울특별시 동작구 대방동7길 60,대방동 391-312,37.50143459,126.9248053,2011-08-24,한전주,02-820-9923,서울특별시 동작구청,2026-04-06
13-3268,서울특별시 동작구 대방동27길 83-1,대방동 391-310,37.5014389,126.9245028,2011-08-24,한전주,02-820-9923,서울특별시 동작구청,2026-04-06
13-3269,서울특별시 동작구 대방동7길 54,대방동 391-304,37.50165534,126.9248164,2011-08-24,한전주,02-820-9923,서울특별시 동작구청,2026-04-06
13-3270,서울특별시 동작구 대방동27길 77-6,대방동 391-309,37.50163271,126.9246524,2011-08-24,전용주,02-820-9923,서울특별시 동작구청,2026-04-06
13-3271,서울특별시 동작구 대방동27길 83-1,대방동 391-310,37.50162359,126.9244884,2011-08-24,통신주,02-820-9923,서울특별시 동작구청,2026-04-06
13-3272,서울특별시 동작구 대방동7길 52,대방동 391-300,37.50186707,126.9248162,2011-08-24,한전주,02-820-9923,서울특별시 동작구청,2026-04-06
13-3273,서울특별시 동작구 대방동27길 73-4,대방동 391-301,37.50186913,126.9245051,2011-08-24,통신주,02-820-9923,서울특별시 동작구청,2026-04-06
13-3274,서울특별시 동작구 대방동7길 44,대방동 391-75,37.5022275,126.9248582,2011-08-24,한전주,02-820-9923,서울특별시 동작구청,2026-04-06
13-3275,서울특별시 동작구 대방동27길 67-2,대방동 391-294,37.50210332,126.9243918,2011-08-24,벽부주,02-820-9923,서울특별시 동작구청,2026-04-06
13-3276,서울특별시 동작구 대방동7길 35,대방동 391-270,37.50218262,126.9251127,2011-08-24,전용주,02-820-9923,서울특별시 동작구청,2026-04-06
13-3277,서울특별시 동작구 대방동7길 35,대방동 391-270,37.50218276,126.9253361,2011-08-24,한전주,02-820-9923,서울특별시 동작구청,2026-04-06
13-3278,서울특별시 동작구 대방동13길 5,대방동 391-239,37.50250493,126.9254375,2011-08-24,전용주,02-820-9923,서울특별시 동작구청,2026-04-06
13-3279,서울특별시 동작구 대방동13길4-3,대방동 391-243,37.50249573,126.925135,2011-08-24,벽부주,02-820-9923,서울특별시 동작구청,2026-04-06
13-3280,서울특별시 동작구 대방동13길 4-6,대방동 391-247,37.5025046,126.924923,2011-08-24,전용주,02-820-9923,서울특별시 동작구청,2026-04-06
13-3281,서울특별시 동작구 대방동15길 3,대방동 391-241,37.50267383,126.9253695,2011-08-24,한전주,02-820-9923,서울특별시 동작구청,2026-04-06
13-3282,서울특별시 동작구 대방동13길 11,대방동 391-265,37.50189674,126.925424,2018-10-29,통신주,02-820-9923,서울특별시 동작구청,2026-04-06
13-3283,서울특별시 동작구 대방동13길 12,대방동 391-272,37.50173902,126.9253506,2011-08-24,한전주,02-820-9923,서울특별시 동작구청,2026-04-06
13-3284,서울특별시 동작구 대방동13길 16,대방동 391-274,37.50147322,126.9253453,2011-08-24,한전주,02-820-9923,서울특별시 동작구청,2026-04-06
13-3285,서울특별시 동작구 대방동7길 65,대방동 391-284,37.50128153,126.9249807,2015-02-05,전용주,02-820-9923,서울특별시 동작구청,2026-04-06
13-3286,서울특별시 동작구 대방동3길 39,대방동 391-282,37.501275,126.9253398,2011-08-24,전용주,02-820-9923,서울특별시 동작구청,2026-04-06
13-3287,서울특별시 동작구 대방동3길 37-3,대방동 391-160,37.50112634,126.9253597,2011-08-24,전용주,02-820-9923,서울특별시 동작구청,2026-04-06
13-3288,서울특별시 동작구 대방동3길 32,대방동 391-192,37.50129993,126.9255857,2011-08-24,한전주,02-820-9923,서울특별시 동작구청,2026-04-06
13-3289,서울특별시 동작구 대방동3길 34-3,대방동 391-57,37.5013743,126.9256394,2011-08-24,한전주,02-820-9923,서울특별시 동작구청,2026-04-06
13-3290,서울특별시 동작구 대방동3길 30,대방동 391-191,37.50125506,126.9258685,2011-08-24,한전주,02-820-9923,서울특별시 동작구청,2026-04-06
13-3291,서울특별시 동작구 대방동3길 29-7,대방동 391-165,37.50099596,126.9257726,2011-08-24,벽부주,02-820-9923,서울특별시 동작구청,2026-04-06
13-3292,서울특별시 동작구 대방동3길 29-7,대방동 391-165,37.50100489,126.9256511,2011-08-24,한전주,02-820-9923,서울특별시 동작구청,2026-04-06
13-3293,서울특별시 동작구 대방동7길 69-9,대방동 391-162,37.50105418,126.9252269,2011-08-24,전용주,02-820-9923,서울특별시 동작구청,2026-04-06
13-3294,서울특별시 동작구 대방동3길 17-12,대방동 391-154,37.5009647,126.9262194,2011-08-24,한전주,02-820-9923,서울특별시 동작구청,2026-04-06
13-3295,서울특별시 동작구 대방동3길 17-9,대방동 391-472,37.50092873,126.9263325,2011-08-24,벽부주,02-820-9923,서울특별시 동작구청,2026-04-06
13-3296,서울특별시 동작구 대방동3길 17-5,대방동 391-465,37.50090632,126.9265191,2011-08-24,벽부주,02-820-9923,서울특별시 동작구청,2026-04-06
13-3297,서울특별시 동작구 대방동3길 25,대방동 391-151,37.50118764,126.9261202,2011-08-24,한전주,02-820-9923,서울특별시 동작구청,2026-04-06
13-3298,서울특별시 동작구 대방동3길 26-5,대방동 391-185,37.50141964,126.9261087,2011-08-24,전용주,02-820-9923,서울특별시 동작구청,2026-04-06
13-3299,서울특별시 동작구 대방동3길 22-6,대방동 391-177,37.50141525,126.9262896,2011-08-24,벽부주,02-820-9923,서울특별시 동작구청,2026-04-06
13-3300,서울특별시 동작구 대방동3길 18,대방동 391-450,37.50114733,126.9264935,2011-08-24,통신주,02-820-9923,서울특별시 동작구청,2026-04-06
13-3301,서울특별시 동작구 대방동3길 15,대방동 391-46,37.50112266,126.9266659,2018-11-01,한전주,02-820-9923,서울특별시 동작구청,2026-04-06
13-3302,서울특별시 동작구 대방동3길 13,대방동 391-142,37.5011092,126.9267593,2011-08-24,전용주,02-820-9923,서울특별시 동작구청,2026-04-06
13-3303,서울특별시 동작구 대방동3길 11-5,대방동 391-140,37.50094254,126.9268018,2011-08-24,통신주,02-820-9923,서울특별시 동작구청,2026-04-06
13-3304,서울특별시 동작구 대방동3길 11-10,대방동 391-145,37.50073753,126.9267483,2011-08-24,벽부주,02-820-9923,서울특별시 동작구청,2026-04-06
13-3305,서울특별시 동작구 대방동길 11-8,대방동 391-10,37.50074442,126.9269603,2011-08-24,벽부주,02-820-9923,서울특별시 동작구청,2026-04-06
13-3306,서울특별시 동작구 대방동길 11,대방동 391-9,37.50065457,126.9273704,2011-08-24,한전주,02-820-9923,서울특별시 동작구청,2026-04-06
13-3307,서울특별시 동작구 대방동길 7,대방동 391-1,37.50047669,126.9274893,2011-08-24,한전주,02-820-9923,서울특별시 동작구청,2026-04-06
13-3308,서울특별시 동작구 대방동길 12,대방동 393-97,37.50079429,126.9274862,2017-05-10,통신주,02-820-9923,서울특별시 동작구청,2026-04-06
13-3309,서울특별시 동작구 대방동길 15-1,대방동 391-549,37.50104885,126.9275199,2011-08-24,한전주,02-820-9923,서울특별시 동작구청,2026-04-06
13-3310,서울특별시 동작구 대방동3길 3,대방동 391-171,37.50104641,126.9272089,2011-08-24,전용주,02-820-9923,서울특별시 동작구청,2026-04-06
13-3311,서울특별시 동작구 대방동3길 5,대방동 391-172,37.50106659,126.9270618,2011-08-24,한전주,02-820-9923,서울특별시 동작구청,2026-04-06
13-3312,서울특별시 동작구 대방동3길 7-2,대방동 391-205,37.50095394,126.9270308,2011-08-24,벽부주,02-820-9923,서울특별시 동작구청,2026-04-06
13-3313,서울특별시 동작구 대방동길 15-1,대방동 391-549,37.50112549,126.9276046,2011-08-24,한전주,02-820-9923,서울특별시 동작구청,2026-04-06
13-3314,서울특별시 동작구 대방동길 19,대방동 391-115,37.50132834,126.9278193,2011-08-24,한전주,02-820-9923,서울특별시 동작구청,2026-04-06
13-3315,서울특별시 동작구 대방동길 19-5,대방동 391-114,37.50138683,126.9276892,2020-03-05,전용주,02-820-9923,서울특별시 동작구청,2026-04-06
13-3316,서울특별시 동작구 대방동길 19-6,대방동 391-110,37.50148136,126.927559,2011-08-24,전용주,02-820-9923,서울특별시 동작구청,2026-04-06
13-3317,서울특별시 동작구 대방동길 23,대방동 391-88,37.50153341,126.9279661,2011-08-24,한전주,02-820-9923,서울특별시 동작구청,2026-04-06
13-3318,서울특별시 동작구 대방동길 21-7,대방동 391-98,37.50169767,126.9276719,2011-08-24,전용주,02-820-9923,서울특별시 동작구청,2026-04-06
13-3319,서울특별시 동작구 대방동길 23,대방동 391-88,37.50164607,126.9280169,2011-08-24,한전주,02-820-9923,서울특별시 동작구청,2026-04-06
13-3320,서울특별시 동작구 대방동길 25,대방동 391-170,37.50178571,126.9279913,2011-08-24,한전주,02-820-9923,서울특별시 동작구청,2026-04-06
13-3321,서울특별시 동작구 대방동길 30,대방동 392-1,37.50214381,126.9279174,2017-05-31,한전주,02-820-9923,서울특별시 동작구청,2026-04-06
13-3322,서울특별시 동작구 대방동길 29,대방동 391-24,37.50209863,126.9277054,2011-08-24,한전주,02-820-9923,서울특별시 동작구청,2026-04-06
13-3323,서울특별시 동작구 대방동5길 28,대방동 391-25,37.50183952,126.9275756,2011-08-24,한전주,02-820-9923,서울특별시 동작구청,2026-04-06
13-3324,서울특별시 동작구 대방동5길 24,대방동 391-99,37.50171103,126.9274174,2011-08-24,전용주,02-820-9923,서울특별시 동작구청,2026-04-06
13-3325,서울특별시 동작구 대방동5길 17-2,대방동 391-528,37.50165677,126.927098,2011-08-24,벽부주,02-820-9923,서울특별시 동작구청,2026-04-06
13-3326,서울특별시 동작구 대방동5길 19,대방동 391-428,37.50159376,126.9272027,2011-08-24,한전주,02-820-9923,서울특별시 동작구청,2026-04-06
13-3327,서울특별시 동작구 대방동5길 16,대방동 391-103,37.50145631,126.9271265,2011-08-24,전용주,02-820-9923,서울특별시 동작구청,2026-04-06
13-3328,서울특별시 동작구 대방동5길 9,대방동 391-545,37.50134361,126.9269965,2011-08-24,한전주,02-820-9923,서울특별시 동작구청,2026-04-06
13-3329,서울특별시 동작구 대방동5길 7,대방동 391-546,37.50128514,126.9271492,2011-08-24,한전주,02-820-9923,서울특별시 동작구청,2026-04-06
13-3330,서울특별시 동작구 대방동길 15-1,대방동 391-549,37.50119523,126.9274632,2011-08-24,한전주,02-820-9923,서울특별시 동작구청,2026-04-06
13-3331,서울특별시 동작구 대방동3길 12-4,대방동 391-571,37.50135028,126.9268551,2011-08-24,벽부주,02-820-9923,서울특별시 동작구청,2026-04-06
13-3332,서울특별시 동작구 대방동3길 18,대방동 391-450,37.50123746,126.9265471,2011-08-24,벽부주,02-820-9923,서울특별시 동작구청,2026-04-06
13-3333,서울특별시 동작구 대방동9길 29,대방동 391-447,37.50148753,126.9266062,2011-08-24,벽부주,02-820-9923,서울특별시 동작구청,2026-04-06
13-3334,서울특별시 동작구 대방동9길24,대방동 391-452,37.50163614,126.9265212,,전용주,02-820-9923,서울특별시 동작구청,2026-04-06
13-3335,서울특별시 동작구 대방동9길 22,대방동 391-451,37.50178023,126.9264137,2011-08-24,통신주,02-820-9923,서울특별시 동작구청,2026-04-06
13-3336,서울특별시 동작구 대방동9길 14,대방동 391-249,37.50199197,126.9264191,2011-08-24,전용주,02-820-9923,서울특별시 동작구청,2026-04-06
13-3337,서울특별시 동작구 대방동7길 11,대방동 391-222,37.5021632,126.9264783,2011-08-24,한전주,02-820-9923,서울특별시 동작구청,2026-04-06
13-3338,서울특별시 동작구 대방동9길 8,대방동 391-227,37.50233211,126.9264329,2011-08-24,전용주,02-820-9923,서울특별시 동작구청,2026-04-06
13-3339,서울특별시 동작구 대방동9길 5,대방동 391-215,37.50262948,126.9264977,2011-08-24,한전주,02-820-9923,서울특별시 동작구청,2026-04-06
13-3340,서울특별시 동작구 대방동7길 19,대방동 391-598,37.50216977,126.9261814,2011-08-24,전용주,02-820-9923,서울특별시 동작구청,2026-04-06
13-3341,서울특별시 동작구 대방동11길 13,대방동 391-253,37.50216963,126.9259553,2011-08-24,한전주,02-820-9923,서울특별시 동작구청,2026-04-06
13-3342,서울특별시 동작구 대방동7길 27,대방동 391-554,37.50216943,126.9256414,2011-08-24,전용주,02-820-9923,서울특별시 동작구청,2026-04-06
13-3343,서울특별시 동작구 대방동11길 17,대방동 391-254,37.50188581,126.9259527,2011-08-24,전용주,02-820-9923,서울특별시 동작구청,2026-04-06
13-3344,서울특별시 동작구 대방동11길 25,대방동 391-184,37.50159521,126.9259021,2011-08-24,한전주,02-820-9923,서울특별시 동작구청,2026-04-06
13-3345,서울특별시 동작구 대방동11길 6,대방동 391-234,37.50233403,126.9258986,2011-08-24,전용주,02-820-9923,서울특별시 동작구청,2026-04-06
13-3346,서울특별시 동작구 대방동길 47,대방동 391-229,37.50263366,126.9259689,2011-08-24,한전주,02-820-9923,서울특별시 동작구청,2026-04-06
13-3347,서울특별시 동작구 대방동길 47,대방동 391-229,37.50275079,126.9259745,2011-08-24,한전주,02-820-9923,서울특별시 동작구청,2026-04-06
13-3348,서울특별시 동작구 상도로 30,대방동 402-12,37.499569,126.9240155,2011-08-24,한전주,02-820-9923,서울특별시 동작구청,2026-04-06
13-3349,서울특별시 동작구 상도로 30,대방동 402-12,37.49949683,126.9238855,2011-08-24,한전주,02-820-9923,서울특별시 동작구청,2026-04-06
13-3350,서울특별시 동작구 여의대방로28길 57,대방동 402-10,37.49953499,126.9236706,2019-06-21,통신주,02-820-9923,서울특별시 동작구청,2026-04-06
13-3351,서울특별시 동작구 여의대방로28길 51,대방동 402-34,37.49954601,126.9233031,2011-08-24,한전주,02-820-9923,서울특별시 동작구청,2026-04-06
13-3352,서울특별시 동작구 여의대방로36길 24,대방동 381-15,37.50525211,126.9240494,2020-05-07,통신주,02-820-9923,서울특별시 동작구청,2026-04-06
13-3353,서울특별시 동작구 대방동1길 46,대방동 390-5,37.50043456,126.9214786,2011-08-24,전용주,02-820-9923,서울특별시 동작구청,2026-04-06
13-3354,서울특별시 동작구 대방동23길 21,대방동 대방동 380-1,37.50402007,126.924175,2011-08-24,한전주,02-820-9923,서울특별시 동작구청,2026-04-06
13-3355,서울특별시 동작구 대방동23가길 13,대방동 466-9,37.50464366,126.923623,2011-08-24,한전주,02-820-9923,서울특별시 동작구청,2026-04-06
13-3356,서울특별시 동작구 대방동7길 11,대방동 391-222,37.50215882,126.9266819,2011-08-24,한전주,02-820-9923,서울특별시 동작구청,2026-04-06
13-3357,서울특별시 동작구 대방동9길 19,대방동 391-223,37.50188626,126.9266709,2011-08-24,한전주,02-820-9923,서울특별시 동작구청,2026-04-06
13-3358,서울특별시 동작구 대방동7길 9-14,대방동 391-461,37.5016926,126.926753,2011-08-24,벽부주,02-820-9923,서울특별시 동작구청,2026-04-06
13-3359,서울특별시 동작구 대방동7길 7,대방동 391-220,37.50215446,126.9269053,2011-08-24,한전주,02-820-9923,서울특별시 동작구청,2026-04-06
13-3360,서울특별시 동작구 대방동7길 1,대방동 391-206,37.50216812,126.9271512,2011-08-24,벽부주,02-820-9923,서울특별시 동작구청,2026-04-06
13-3361,서울특별시 동작구 대방동7길 1-8,대방동 391-35,37.50188877,126.9270836,2011-08-24,전용주,02-820-9923,서울특별시 동작구청,2026-04-06
13-3362,서울특별시 동작구 대방동길 37,대방동 391-209,37.50233028,126.9271115,2011-08-24,한전주,02-820-9923,서울특별시 동작구청,2026-04-06
13-3363,서울특별시 동작구 대방동길 39,대방동 391-213,37.5025081,126.9268993,2011-08-24,한전주,02-820-9923,서울특별시 동작구청,2026-04-06
13-3364,서울특별시 동작구 대방동길 34,대방동 392-6,37.50231238,126.9273151,2020-03-06,전용주,02-820-9923,서울특별시 동작구청,2026-04-06
13-3365,서울특별시 동작구 대방동길 33,대방동 391-33,37.5021638,126.9274537,2011-08-24,한전주,02-820-9923,서울특별시 동작구청,2026-04-06
13-3366,서울특별시 동작구 대방동6길 8,대방동 393-16,37.50218224,126.9281408,2011-08-24,벽부주,02-820-9923,서울특별시 동작구청,2026-04-06
13-3367,서울특별시 동작구 대방동2길 28,대방동 466-10,37.50238514,126.9284148,2011-08-24,벽부주,02-820-9923,서울특별시 동작구청,2026-04-06
13-3368,서울특별시 동작구 대방동6길 7,대방동 392-3,37.50238054,126.9282593,2011-08-24,한전주,02-820-9923,서울특별시 동작구청,2026-04-06
13-3369,서울특별시 동작구 대방동2길 32,대방동 375-11,37.50255393,126.9281687,2011-08-24,한전주,02-820-9923,서울특별시 동작구청,2026-04-06
13-3370,서울특별시 동작구 대방동2길 33,대방동 392-27,37.50266415,126.9279226,2011-08-24,한전주,02-820-9923,서울특별시 동작구청,2026-04-06
13-3371,서울특별시 동작구 대방동2길 35,대방동 392-25,37.50273834,126.9276935,2011-08-24,한전주,02-820-9923,서울특별시 동작구청,2026-04-06
13-3372,서울특별시 동작구 대방동2길 33-7,대방동 392-14,37.50247931,126.9276994,2011-08-24,한전주,02-820-9923,서울특별시 동작구청,2026-04-06
13-3373,서울특별시 동작구 대방동2길 33-12,대방동 392-7,37.50237786,126.9275695,2011-08-24,통신주,02-820-9923,서울특별시 동작구청,2026-04-06
13-3374,서울특별시 동작구 대방동2길 33-15,대방동 392-22,37.50259392,126.9272752,2011-08-24,한전주,02-820-9923,서울특별시 동작구청,2026-04-06
13-3375,서울특별시 동작구 대방동2길 38,대방동 375-16,37.50279229,126.9275182,2011-08-24,전용주,02-820-9923,서울특별시 동작구청,2026-04-06
13-3376,서울특별시 동작구 대방동2길 40,대방동 375-18,37.50280569,126.9273287,2011-08-24,한전주,02-820-9923,서울특별시 동작구청,2026-04-06
13-3377,서울특별시 동작구 대방동2길 40-6,대방동 375-29,37.50308493,126.9272097,2011-08-24,전용주,02-820-9923,서울특별시 동작구청,2026-04-06
13-3378,서울특별시 동작구 대방동2길 42,대방동 375-22,37.50282576,126.9270007,2011-08-24,한전주,02-820-9923,서울특별시 동작구청,2026-04-06
13-3379,서울특별시 동작구 대방동2길 42,대방동 375-22,37.50283691,126.9268113,2011-08-24,전용주,02-820-9923,서울특별시 동작구청,2026-04-06
13-3380,서울특별시 동작구 대방동2길 43,대방동 392-19,37.50277152,126.9267124,2011-08-24,한전주,02-820-9923,서울특별시 동작구청,2026-04-06
13-3382,서울특별시 동작구 보라매로 110,대방동 406-8,37.49898604,126.9283219,2011-08-24,한전주,02-820-9923,서울특별시 동작구청,2026-04-06
13-3383,서울특별시 동작구 국사봉1길 3,대방동 333-3,37.49892539,126.9285991,2011-08-24,한전주,02-820-9923,서울특별시 동작구청,2026-04-06
13-3384,서울특별시 동작구 국사봉1길 7,대방동 337-4,37.49891888,126.9290147,2011-08-24,한전주,02-820-9923,서울특별시 동작구청,2026-04-06
13-3385,서울특별시 동작구 상도로12길 22,대방동 337-2,37.49904283,126.9291163,2011-08-24,전용주,02-820-9923,서울특별시 동작구청,2026-04-06
13-3386,서울특별시 동작구 상도로12길 20,대방동 337-5,37.49912624,126.929235,2020-03-06,전용주,02-820-9923,서울특별시 동작구청,2026-04-06
13-3387,서울특별시 동작구 상도로12길 20,대방동 337-5,37.49918488,126.9293593,2011-08-24,전용주,02-820-9923,서울특별시 동작구청,2026-04-06
13-3388,서울특별시 동작구 상도로12길 18,대방동 336-2,37.49922325,126.929478,2011-08-24,전용주,02-820-9923,서울특별시 동작구청,2026-04-06
13-3389,서울특별시 동작구 상도로12길 18,대방동 336-2,37.49926835,126.9295685,2011-08-24,전용주,02-820-9923,서울특별시 동작구청,2026-04-06
13-3390,서울특별시 동작구 상도로12길 9,상도동 324-28,37.49931131,126.9298398,2011-08-24,통신주,02-820-9923,서울특별시 동작구청,2026-04-06
13-3391,서울특별시 동작구 상도로 84,대방동 336-5,37.49945105,126.9299867,2011-08-24,통신주,02-820-9923,서울특별시 동작구청,2026-04-06
13-3392,서울특별시 동작구 상도로13나길 7,대방동 335-167,37.5005187,126.9299066,2011-08-24,전용주,02-820-9923,서울특별시 동작구청,2026-04-06
13-3393,서울특별시 동작구 상도로11길 8,대방동 335-18,37.5006064,126.929669,2011-08-24,벽부주,02-820-9923,서울특별시 동작구청,2026-04-06
13-3394,서울특별시 동작구 상도로11길 8,대방동 335-18,37.50061753,126.9294485,2011-08-24,한전주,02-820-9923,서울특별시 동작구청,2026-04-06
13-3395,서울특별시 동작구 상도로11길 11,대방동 335-226,37.50082693,126.9292984,2011-08-24,전용주,02-820-9923,서울특별시 동작구청,2026-04-06
13-3396,서울특별시 동작구 상도로11길 6,대방동 335-26,37.50043958,126.9294345,2011-08-24,한전주,02-820-9923,서울특별시 동작구청,2026-04-06
13-3397,서울특별시 동작구 상도로 81,대방동 335-17,37.5001062,126.9294292,2011-08-24,한전주,02-820-9923,서울특별시 동작구청,2026-04-06
13-3398,서울특별시 동작구 상도로 77,대방동 335-15,37.49998002,126.9293614,2018-03-27,통신주,02-820-9923,서울특별시 동작구청,2026-04-06
13-3399,서울특별시 동작구 상도로11길 4-10,대방동 335-20,37.50009284,126.9296836,2011-08-24,전용주,02-820-9923,서울특별시 동작구청,2026-04-06
13-3400,서울특별시 동작구 상도로11길 4-10,대방동 335-20,37.50009976,126.9299635,2011-08-24,한전주,02-820-9923,서울특별시 동작구청,2026-04-06
13-3401,서울특별시 동작구 대방동9길 31,대방동 391-448,37.50134785,126.9265696,,전용주,02-820-9923,서울특별시 동작구청,2026-04-06
13-3402,서울특별시 동작구 대방동2길 28,대방동 393-7,37.50224097,126.9284121,2011-08-24,벽부주,02-820-9923,서울특별시 동작구청,2026-04-06
13-3403,서울특별시 동작구 대방동2길 26,대방동 393-22,37.50204505,126.9284887,2011-08-24,한전주,02-820-9923,서울특별시 동작구청,2026-04-06
13-3404,서울특별시 동작구 대방동2길 24,대방동 393-50,37.50184234,126.9285086,2011-08-24,벽부주,02-820-9923,서울특별시 동작구청,2026-04-06
13-3405,서울특별시 동작구 대방동2길 22,대방동 393-25,37.50164861,126.9284862,2011-08-24,한전주,02-820-9923,서울특별시 동작구청,2026-04-06
13-3406,서울특별시 동작구 대방동2길 20,대방동 393-26,37.50141884,126.9284751,2011-08-24,벽부주,02-820-9923,서울특별시 동작구청,2026-04-06
13-3407,서울특별시 동작구 대방동2길 18,대방동 393-26,37.50126567,126.9284696,2011-08-24,한전주,02-820-9923,서울특별시 동작구청,2026-04-06
13-3408,서울특별시 동작구 대방동2길 16,대방동 393-28,37.50104943,126.9284755,2011-08-24,한전주,02-820-9923,서울특별시 동작구청,2026-04-06
13-3409,서울특별시 동작구 대방동2길 12,대방동 393-30,37.50068904,126.9284871,2011-08-24,한전주,02-820-9923,서울특별시 동작구청,2026-04-06
13-3410,서울특별시 동작구 대방동2길 11,대방동 393-41,37.50080837,126.9284107,2011-08-24,전용주,02-820-9923,서울특별시 동작구청,2026-04-06
13-3411,서울특별시 동작구 대방동2길 26,대방동 393-48,37.50081268,126.9280912,2011-08-24,한전주,02-820-9923,서울특별시 동작구청,2026-04-06
13-3412,서울특별시 동작구 대방동길 12-15,대방동 393-48,37.50096585,126.9280797,2012-08-07,벽부주,02-820-9923,서울특별시 동작구청,2026-04-06
13-3413,서울특별시 동작구 대방동길 12-17,대방동 393-75,37.50105596,126.9280938,2011-08-24,한전주,02-820-9923,서울특별시 동작구청,2026-04-06
13-3414,서울특별시 동작구 대방동길 12-17,대방동 393-75,37.50079908,126.9279414,2011-08-24,한전주,02-820-9923,서울특별시 동작구청,2026-04-06
13-3415,서울특별시 동작구 대방동길 12-17,대방동 393-75,37.50075618,126.9277746,2011-08-24,한전주,02-820-9923,서울특별시 동작구청,2026-04-06
13-3416,서울특별시 동작구 대방동2길 8-1,대방동 393-33,37.50056065,126.9284986,2011-08-24,전용주,02-820-9923,서울특별시 동작구청,2026-04-06
13-3417,서울특별시 동작구 대방동2길 6,대방동 393-63,37.50030836,126.928479,2011-08-24,한전주,02-820-9923,서울특별시 동작구청,2026-04-06
13-3418,서울특별시 동작구 대방동2길 1,대방동 393-62,37.50033739,126.928069,2011-08-24,한전주,02-820-9923,서울특별시 동작구청,2026-04-06
13-3419,서울특별시 동작구 대방동27길 67-6,대방동 391-293,37.50210572,126.9246321,2011-08-24,한전주,02-820-9923,서울특별시 동작구청,2026-04-06
13-3420,서울특별시 동작구 등용로 123,대방동 39-2,37.51239955,126.9317844,2011-08-24,전용주,02-820-9923,서울특별시 동작구청,2026-04-06
13-3421,서울특별시 동작구 등용로 123,대방동 39-2,37.51221026,126.9316488,2011-08-24,전용주,02-820-9923,서울특별시 동작구청,2026-04-06
13-3422,서울특별시 동작구 등용로 123,대방동 39-2,37.51207729,126.9315358,2011-08-24,전용주,02-820-9923,서울특별시 동작구청,2026-04-06
13-3423,서울특별시 동작구 등용로 119,대방동 37-2,37.51191283,126.9314794,2011-08-24,전용주,02-820-9923,서울특별시 동작구청,2026-04-06
13-3424,서울특별시 동작구 등용로 119,대방동 37-2,37.51177764,126.9314145,2011-08-24,전용주,02-820-9923,서울특별시 동작구청,2026-04-06
13-3425,서울특별시 동작구 알마타길 53,대방동 507,37.51164922,126.9313722,2011-08-24,전용주,02-820-9923,서울특별시 동작구청,2026-04-06
13-3426,서울특별시 동작구 등용로 101,대방동 20-25,37.51037675,126.9317183,2011-08-24,한전주,02-820-9923,서울특별시 동작구청,2026-04-06
13-3427,서울특별시 동작구 등용로 99,대방동 20-30,37.51007948,126.9318261,2020-03-09,벽부주,02-820-9923,서울특별시 동작구청,2026-04-06
13-3428,서울특별시 동작구 등용로9길 12,대방동 20-55,37.5098204,126.9317443,2011-08-24,한전주,02-820-9923,서울특별시 동작구청,2026-04-06
13-3429,서울특별시 동작구 여의대방로44길 20,대방동 501-2,37.50804432,126.9261672,2011-08-24,전용주,02-820-9923,서울특별시 동작구청,2026-04-06
13-3430,서울특별시 동작구 등용로9길 13-1,대방동 20-67,37.50953204,126.9316767,2011-08-24,전용주,02-820-9923,서울특별시 동작구청,2026-04-06
13-3432,서울특별시 동작구 여의대방로36길 101-18,대방동 20-48,37.50935867,126.9318098,2011-08-24,한전주,02-820-9923,서울특별시 동작구청,2026-04-06
13-3433,서울특별시 동작구 등용로9길 1-2,대방동 20-45,37.50935428,126.9319992,2011-08-24,전용주,02-820-9923,서울특별시 동작구청,2026-04-06
13-3434,서울특별시 동작구 여의대방로36길 101-16,대방동 17-15,37.50921684,126.9319371,2011-08-24,전용주,02-820-9923,서울특별시 동작구청,2026-04-06
13-3435,서울특별시 동작구 여의대방로36길 101-18,대방동 20-48,37.50931801,126.9316133,2011-08-24,한전주,02-820-9923,서울특별시 동작구청,2026-04-06
13-3436,서울특별시 동작구 여의대방로36길 101-13,대방동 17-47,37.50911307,126.93167,2011-08-24,한전주,02-820-9923,서울특별시 동작구청,2026-04-06
13-3437,서울특별시 동작구 여의대방로36길 101-8,대방동 17-10,37.5088855,126.9315614,2011-08-24,한전주,02-820-9923,서울특별시 동작구청,2026-04-06
13-3438,서울특별시 동작구 여의대방로36길 99,대방동 20-6,37.50864447,126.9315404,2011-08-24,벽부주,02-820-9923,서울특별시 동작구청,2026-04-06
13-3439,서울특별시 동작구 등용로 81-10,대방동 17-44,37.50843282,126.9316947,2011-08-24,전용주,02-820-9923,서울특별시 동작구청,2026-04-06
13-3440,서울특별시 동작구 등용로 81-6,대방동 68-20,37.50846451,126.9319576,2011-08-24,벽부주,02-820-9923,서울특별시 동작구청,2026-04-06
13-3441,서울특별시 동작구 등용로 81,대방동 16-9,37.50850741,126.9321286,2011-08-24,벽부주,02-820-9923,서울특별시 동작구청,2026-04-06
13-3442,서울특별시 동작구 여의대방로36길 102-5,대방동 14-11,37.5083472,126.9316523,2011-08-24,전용주,02-820-9923,서울특별시 동작구청,2026-04-06
13-3443,서울특별시 동작구 여의대방로36길 102-11,대방동 14-17,37.50820984,126.9317147,2011-08-24,한전주,02-820-9923,서울특별시 동작구청,2026-04-06
13-3444,서울특별시 동작구 여의대방로36길 102-21,대방동 14-24,37.50801839,126.9317459,2011-08-24,벽부주,02-820-9923,서울특별시 동작구청,2026-04-06
13-3445,서울특별시 동작구 여의대방로36길 96-10,대방동 15-26,37.50798888,126.9313558,2011-08-24,전용주,02-820-9923,서울특별시 동작구청,2026-04-06
13-3446,서울특별시 동작구 등용로 79-3,대방동 14-15,37.50824376,126.931955,2020-03-10,벽부주,02-820-9923,서울특별시 동작구청,2026-04-06
13-3447,서울특별시 동작구 등용로 63-3,대방동 11-92,37.50686075,126.93201,2020-03-16,한전주,02-820-9923,서울특별시 동작구청,2026-04-06
13-3448,서울특별시 동작구 등용로 75-6,대방동 14-6,37.50789914,126.9319779,2011-08-24,전용주,02-820-9923,서울특별시 동작구청,2026-04-06
13-3449,서울특별시 동작구 등용로 75-5,대방동 11-34,37.50782031,126.9319865,2014-02-22,전용주,02-820-9923,서울특별시 동작구청,2026-04-06
13-3450,서울특별시 동작구 등용로 71-6,대방동 11-40,37.50761309,126.9320107,2011-08-24,벽부주,02-820-9923,서울특별시 동작구청,2026-04-06
13-3451,서울특별시 동작구 등용로 69-1,대방동 11-66,37.50734732,126.9320604,2011-08-24,벽부주,02-820-9923,서울특별시 동작구청,2026-04-06
13-3452,서울특별시 동작구 등용로 65-6,대방동 11-15,37.50710623,126.9319405,2011-08-24,한전주,02-820-9923,서울특별시 동작구청,2026-04-06
13-3453,서울특별시 동작구 등용로 63-7,대방동 11-5,37.50693496,126.9317922,2011-08-24,한전주,02-820-9923,서울특별시 동작구청,2026-04-06
13-3454,서울특별시 동작구 등용로 59-11,대방동 11-80,37.50674347,126.9317415,2011-08-24,한전주,02-820-9923,서울특별시 동작구청,2026-04-06
13-3455,서울특별시 동작구 등용로 59-2,대방동 11-71,37.50632251,126.9322013,2011-08-24,전용주,02-820-9923,서울특별시 동작구청,2026-04-06
13-3456,서울특별시 동작구 등용로 55-7 정문앞,대방동 68-90,37.50617615,126.9322877,2018-09-11,벽부주,02-820-9923,서울특별시 동작구청,2026-04-06
13-3457,서울특별시 동작구 등용로 57,대방동 11-18,37.50623039,126.9326114,2018-09-11,한전주,02-820-9923,서울특별시 동작구청,2026-04-06
13-3458,서울특별시 동작구 등용로 49,대방동 5-2,37.50589033,126.932729,2011-08-24,한전주,02-820-9923,서울특별시 동작구청,2026-04-06
13-3459,서울특별시 동작구 상도로15마길 82,대방동 5-5,37.50566955,126.932667,2011-08-24,한전주,02-820-9923,서울특별시 동작구청,2026-04-06
13-3460,서울특별시 동작구 여의대방로36길 92,대방동 6,37.50548709,126.932653,2011-08-24,전용주,02-820-9923,서울특별시 동작구청,2026-04-06
13-3461,서울특별시 동작구 여의대방로36길 78,대방동 6,37.50531365,126.9326702,2011-08-24,한전주,02-820-9923,서울특별시 동작구청,2026-04-06
13-3462,서울특별시 동작구 여의대방로36길 78,대방동 6,37.50511768,126.9326647,2011-08-24,전용주,02-820-9923,서울특별시 동작구청,2026-04-06
13-3463,서울특별시 동작구 여의대방로36길 78,대방동 6,37.50499378,126.9326422,2011-08-24,한전주,02-820-9923,서울특별시 동작구청,2026-04-06
13-3464,서울특별시 동작구 여의대방로36길 78,대방동 6-14,37.50481808,126.932631,2011-08-24,전용주,02-820-9923,서울특별시 동작구청,2026-04-06
13-3465,서울특별시 동작구 여의대방로36길 92,대방동 446,37.50462886,126.932617,2011-08-24,전용주,02-820-9923,서울특별시 동작구청,2026-04-06
13-3466,서울특별시 동작구 ,대방동 446,37.50444867,126.9326427,2011-08-24,전용주,02-820-9923,서울특별시 동작구청,2026-04-06
13-3467,서울특별시 동작구 ,대방동 446,37.50428425,126.9326541,2011-08-24,한전주,02-820-9923,서울특별시 동작구청,2026-04-06
13-3468,서울특별시 동작구 ,대방동 446,37.50410631,126.9326854,2021-09-09,전용주,02-820-9923,서울특별시 동작구청,2026-04-06
13-3469,서울특별시 동작구 등용로 49,대방동 5-24,37.50602782,126.9328759,2020-03-10,한전주,02-820-9923,서울특별시 동작구청,2026-04-06
13-3478,서울특별시 동작구 등용로 41-5,대방동 1-8,37.50549891,126.9336483,2011-08-24,전용주,02-820-9923,서울특별시 동작구청,2026-04-06
13-3507,서울특별시 동작구 등용로 66,대방동 11-29,37.50708624,126.9324226,2011-08-24,한전주,02-820-9923,서울특별시 동작구청,2026-04-06
13-3508,서울특별시 동작구 등용로8길 29,대방동 13-11,37.50732293,126.9327362,2011-08-24,한전주,02-820-9923,서울특별시 동작구청,2026-04-06
13-3509,서울특별시 동작구 등용로8길 24,대방동 68-40,37.50761348,126.9326851,2011-08-24,전용주,02-820-9923,서울특별시 동작구청,2026-04-06
13-3510,서울특별시 동작구 등용로 76,대방동 11-1,37.50779815,126.932634,2011-08-24,전용주,02-820-9923,서울특별시 동작구청,2026-04-06
13-3511,서울특별시 동작구 등용로 78,대방동 14-4,37.50798734,126.9325886,2011-08-24,전용주,02-820-9923,서울특별시 동작구청,2026-04-06
13-3512,서울특별시 동작구 등용로 78,대방동 14-4,37.50818328,126.9325403,2011-08-24,전용주,02-820-9923,서울특별시 동작구청,2026-04-06
13-3513,서울특별시 동작구 등용로 80,대방동 68-35,37.5083432,126.9325232,2011-08-24,전용주,02-820-9923,서울특별시 동작구청,2026-04-06
13-3514,서울특별시 동작구 등용로8길 3,대방동 13-2,37.50848522,126.9327239,2018-02-06,벽부주,02-820-9923,서울특별시 동작구청,2026-04-06
13-3565,서울특별시 동작구 등용로4길 125,대방동 45-13,37.51106994,126.9346641,2011-08-24,한전주,02-820-9923,서울특별시 동작구청,2026-04-06
13-3599,서울특별시 동작구 노량진로 74,대방동 46-6,37.51222739,126.934058,2011-08-24,한전주,02-820-9923,서울특별시 동작구청,2026-04-06
13-3600,서울특별시 동작구 노량진로 74,대방동 46-6,37.5123041,126.9342728,2011-08-24,한전주,02-820-9923,서울특별시 동작구청,2026-04-06
13-3601,서울특별시 동작구 등용로14길 57,대방동 46-6,37.51234924,126.9344425,2017-05-31,한전주,02-820-9923,서울특별시 동작구청,2026-04-06
13-3602,서울특별시 동작구 등용로14길 57,대방동 46-6,37.5123966,126.934547,2011-08-24,한전주,02-820-9923,서울특별시 동작구청,2026-04-06
13-3603,서울특별시 동작구 노량진로 74,대방동 49-6,37.51214153,126.9335859,2011-08-24,한전주,02-820-9923,서울특별시 동작구청,2026-04-06
13-3604,서울특별시 동작구 노량진로 74,대방동 49-6,37.51220227,126.9334331,2011-08-24,한전주,02-820-9923,서울특별시 동작구청,2026-04-06
13-3605,서울특별시 동작구 노량진로 74,대방동 49-6,37.51241152,126.9330286,2011-08-24,한전주,02-820-9923,서울특별시 동작구청,2026-04-06
13-3606,서울특별시 동작구 노량진로 74,대방동 49-6,37.51261629,126.9326636,2011-08-24,한전주,02-820-9923,서울특별시 동작구청,2026-04-06
13-3607,서울특별시 동작구 노량진로 74,대방동 49-6,37.51286381,126.9322053,2011-08-24,한전주,02-820-9923,서울특별시 동작구청,2026-04-06
13-3608,서울특별시 동작구 등용로 124,대방동 23,37.51245154,126.9321095,2011-08-24,전용주,02-820-9923,서울특별시 동작구청,2026-04-06
13-3609,서울특별시 동작구 등용로12길 64,대방동 23-166,37.51224898,126.9323953,2011-08-24,전용주,02-820-9923,서울특별시 동작구청,2026-04-06
13-3610,서울특별시 동작구 등용로12길 57,대방동 23-193,37.51204402,126.9324322,2011-08-24,한전주,02-820-9923,서울특별시 동작구청,2026-04-06
13-3611,서울특별시 동작구 등용로12길 52,대방동 23-166,37.51191126,126.9326671,2011-08-24,한전주,02-820-9923,서울특별시 동작구청,2026-04-06
13-3612,서울특별시 동작구 등용로12길 52,대방동 23-166,37.5116343,126.932837,2011-08-24,한전주,02-820-9923,서울특별시 동작구청,2026-04-06
13-3638,서울특별시 동작구 등용로 116-11,대방동 23-133,37.5117264,126.9323958,2011-08-24,전용주,02-820-9923,서울특별시 동작구청,2026-04-06
13-3639,서울특별시 동작구 알마타길 37,대방동 23-176,37.51128094,126.9294752,2011-08-24,한전주,02-820-9923,서울특별시 동작구청,2026-04-06
13-3640,서울특별시 동작구 알마타길 24-6,대방동 351-17,37.51079555,126.927649,2011-08-24,통신주,02-820-9923,서울특별시 동작구청,2026-04-06
13-3641,서울특별시 동작구 알마타길 20-3,대방동 351-4,37.5108539,126.9272983,2011-08-24,전용주,02-820-9923,서울특별시 동작구청,2026-04-06
13-3642,서울특별시 동작구 알마타길 10,대방동 353-9,37.51065477,126.9258423,2011-08-24,한전주,02-820-9923,서울특별시 동작구청,2026-04-06
13-3643,서울특별시 동작구 여의대방로46길 22,대방동 353-14,37.51037088,126.9257209,2011-08-24,한전주,02-820-9923,서울특별시 동작구청,2026-04-06
13-3644,서울특별시 동작구 여의대방로46길 18,대방동 353-15,37.51014107,126.925625,2011-08-24,전용주,02-820-9923,서울특별시 동작구청,2026-04-06
13-3645,서울특별시 동작구 여의대방로 256,대방동 500,37.51001721,126.9256761,2011-08-24,전용주,02-820-9923,서울특별시 동작구청,2026-04-06
13-3646,서울특별시 동작구 여의대방로 256,대방동 466-5,37.50999255,126.9258655,2011-08-24,전용주,02-820-9923,서울특별시 동작구청,2026-04-06
13-3647,서울특별시 동작구 여의대방로 256,대방동 500,37.5099364,126.9261172,2011-08-24,전용주,02-820-9923,서울특별시 동작구청,2026-04-06
13-3648,서울특별시 동작구 알마타길 24-7,대방동 466-5,37.50985334,126.9265726,2011-08-24,전용주,02-820-9923,서울특별시 동작구청,2026-04-06
13-3649,서울특별시 동작구 알마타길 24-7,대방동 466-5,37.50979716,126.9267875,2011-08-24,전용주,02-820-9923,서울특별시 동작구청,2026-04-06
13-3650,서울특별시 동작구 대방동3길 19,대방동 391-470,37.50116746,126.9262786,2021-02-16,통신주,02-820-9923,서울특별시 동작구청,2026-04-06
13-3651,서울특별시 동작구 여의대방로 256,대방동 500,37.50990455,126.9256196,2011-08-24,전용주,02-820-9923,서울특별시 동작구청,2026-04-06
13-3652,서울특별시 동작구 여의대방로 256,대방동 500,37.50971078,126.9255378,2011-08-24,전용주,02-820-9923,서울특별시 동작구청,2026-04-06
13-3653,서울특별시 동작구 여의대방로 256,대방동 500,37.50959361,126.9254814,2011-08-24,전용주,02-820-9923,서울특별시 동작구청,2026-04-06
13-3654,서울특별시 동작구 여의대방로 256,대방동 500,37.50945393,126.9254278,2011-08-24,전용주,02-820-9923,서울특별시 동작구청,2026-04-06
13-3655,서울특별시 동작구 여의대방로 256,대방동 500,37.50930522,126.9253601,2011-08-24,전용주,02-820-9923,서울특별시 동작구청,2026-04-06
13-3656,서울특별시 동작구 여의대방로 256,대방동 500,37.50935016,126.9251847,2011-08-24,전용주,02-820-9923,서울특별시 동작구청,2026-04-06
13-3657,서울특별시 동작구 여의대방로 256,대방동 500,37.50939959,126.9249952,2011-08-24,전용주,02-820-9923,서울특별시 동작구청,2026-04-06
13-3658,서울특별시 동작구 여의대방로 256,대방동 500,37.50945804,126.9248085,2011-08-24,전용주,02-820-9923,서울특별시 동작구청,2026-04-06
13-3659,서울특별시 동작구 대방동15길 16-1,대방동 380-104,37.50291153,126.9237124,2020-03-06,벽부주,02-820-9923,서울특별시 동작구청,2026-04-06
13-3660,서울특별시 동작구 알마타길 37,대방동 508,37.51288467,126.9293691,2011-08-24,한전주,02-820-9923,서울특별시 동작구청,2026-04-06
13-3661,서울특별시 동작구 알마타길 37,대방동 508,37.51270448,126.9293862,2011-08-24,한전주,02-820-9923,서울특별시 동작구청,2026-04-06
13-3662,서울특별시 동작구 알마타길 37,대방동 508,37.51257821,126.9291742,2011-08-24,한전주,02-820-9923,서울특별시 동작구청,2026-04-06
13-3663,서울특별시 동작구 여의대방로54길 31,대방동 339-7,37.51242931,126.9287813,2011-08-24,한전주,02-820-9923,서울특별시 동작구청,2026-04-06
13-3664,서울특별시 동작구 여의대방로54길 27,대방동 340-11,37.51229393,126.9284082,2011-08-24,한전주,02-820-9923,서울특별시 동작구청,2026-04-06
13-3665,서울특별시 동작구 여의대방로54길 24,대방동 346-19,37.51218101,126.9279276,2017-06-01,한전주,02-820-9923,서울특별시 동작구청,2026-04-06
13-3666,서울특별시 동작구 여의대방로54길 18,대방동 345-1,37.51212231,126.9276986,2011-08-24,한전주,02-820-9923,서울특별시 동작구청,2026-04-06
13-3667,서울특별시 동작구 여의대방로54길 18,대방동 345-1,37.51207487,126.9274809,2011-08-24,한전주,02-820-9923,서울특별시 동작구청,2026-04-06
13-3668,서울특별시 동작구 여의대방로54길 18,대방동 345-1,37.51205003,126.9273678,2011-08-24,한전주,02-820-9923,서울특별시 동작구청,2026-04-06
13-3669,서울특별시 동작구 여의대방로54길 18,대방동 345-1,37.51201388,126.9271925,2011-08-24,한전주,02-820-9923,서울특별시 동작구청,2026-04-06
13-3670,서울특별시 동작구 여의대방로54길 14,대방동 344-1,37.5119416,126.9268787,2011-08-24,한전주,02-820-9923,서울특별시 동작구청,2026-04-06
13-3671,서울특별시 동작구 노량진로 4,대방동 341-10,37.51196828,126.9263019,2011-08-24,한전주,02-820-9923,서울특별시 동작구청,2026-04-06
13-3672,서울특별시 동작구 여의대방로54길 6,대방동 512,37.51180157,126.9262738,2011-08-24,한전주,02-820-9923,서울특별시 동작구청,2026-04-06
13-3673,서울특별시 동작구 여의대방로54길 5,대방동 341-1,37.51190503,126.9260276,2011-08-24,한전주,02-820-9923,서울특별시 동작구청,2026-04-06
13-3674,서울특별시 동작구 여의대방로54길 5,대방동 341-1,37.51186888,126.9258467,2011-08-24,한전주,02-820-9923,서울특별시 동작구청,2026-04-06
13-3675,서울특별시 동작구 여의대방로286,대방동 341-1,37.51187553,126.9256686,2019-12-26,한전주,02-820-9923,서울특별시 동작구청,2026-04-06
13-3676,서울특별시 동작구 여의대방로46길 36,대방동 344-22,37.51152676,126.9262712,2011-08-24,한전주,02-820-9923,서울특별시 동작구청,2026-04-06
13-3677,서울특별시 동작구 여의대방로46길 32,대방동 344-27,37.51126992,126.9261753,2011-08-24,한전주,02-820-9923,서울특별시 동작구청,2026-04-06
13-3678,서울특별시 동작구 여의대방로46길 34-6,대방동 344-25,37.51131511,126.9264043,2011-08-24,한전주,02-820-9923,서울특별시 동작구청,2026-04-06
13-3679,서울특별시 동작구 여의대방로54길 18,대방동 345-1,37.51142346,126.9267633,2011-08-24,한전주,02-820-9923,서울특별시 동작구청,2026-04-06
13-3680,서울특별시 동작구 여의대방로54길 18,대방동 345-1,37.51112831,126.9266533,2017-05-10,한전주,02-820-9923,서울특별시 동작구청,2026-04-06
13-3681,서울특별시 동작구 알마타길 21-6,대방동 349-17,37.51139231,126.9273911,2011-08-24,한전주,02-820-9923,서울특별시 동작구청,2026-04-06
13-3682,서울특별시 동작구 여의대방로54길 18,대방동 345-1,37.51166947,126.927552,2011-08-24,한전주,02-820-9923,서울특별시 동작구청,2026-04-06
13-3683,서울특별시 동작구 알마타길 21-42,대방동 346-17,37.51171684,126.9276764,2011-08-24,전용주,02-820-9923,서울특별시 동작구청,2026-04-06
13-3684,서울특별시 동작구 알마타길 21-42,대방동 346-17,37.51198265,126.9276874,2011-08-24,벽부주,02-820-9923,서울특별시 동작구청,2026-04-06
13-3685,서울특별시 동작구 알마타길 21-18,대방동 349-5,37.51170801,126.9279591,2011-08-24,한전주,02-820-9923,서울특별시 동작구청,2026-04-06
13-3686,서울특별시 동작구 알마타길 37,대방동 508,37.51174872,126.928239,2011-08-24,한전주,02-820-9923,서울특별시 동작구청,2026-04-06
13-3687,서울특별시 동작구 알마타길 29,대방동 349-3,37.51145814,126.9282308,2011-08-24,한전주,02-820-9923,서울특별시 동작구청,2026-04-06
13-3688,서울특별시 동작구 노량진로 24-8,대방동 339-6,37.51261619,126.9286511,2011-08-24,전용주,02-820-9923,서울특별시 동작구청,2026-04-06
13-3689,서울특별시 동작구 노량진로 24-6,대방동 339-5,37.51283235,126.9285123,2011-08-24,한전주,02-820-9923,서울특별시 동작구청,2026-04-06
13-3690,서울특별시 동작구 노량진로 20-11,대방동 339-10,37.51250792,126.928408,2011-08-24,전용주,02-820-9923,서울특별시 동작구청,2026-04-06
13-3691,서울특별시 동작구 노량진로 20-5,대방동 339-14,37.51272854,126.9281985,2011-08-24,전용주,02-820-9923,서울특별시 동작구청,2026-04-06
13-3692,서울특별시 동작구 여의대방로62길 4,대방동 510,37.51359058,126.9270977,2018-09-05,전용주,02-820-9923,서울특별시 동작구청,2026-04-06
13-3693,서울특별시 동작구 여의대방로62길 7,대방동 510,37.51358628,126.927437,2018-09-05,전용주,02-820-9923,서울특별시 동작구청,2026-04-06
13-3694,서울특별시 동작구 여의대방로62길 12-10,대방동 98-8,37.51358419,126.9276972,2018-09-05,한전주,02-820-9923,서울특별시 동작구청,2026-04-06
13-3695,서울특별시 동작구 여의대방로62길 18-12,대방동 101-11,37.51364311,126.9282797,2018-09-05,전용주,02-820-9923,서울특별시 동작구청,2026-04-06
13-3696,서울특별시 동작구 여의대방로62길 18-7,대방동 101-10,37.51376255,126.92837,2018-09-05,한전주,02-820-9923,서울특별시 동작구청,2026-04-06
13-3697,서울특별시 동작구 여의대방로62길12-7,대방동 101-15,37.51358887,126.9279884,2018-09-05,한전주,02-820-9923,서울특별시 동작구청,2026-04-06
13-3698,서울특별시 동작구 여의대방로62길 12,대방동 98-4,37.51386817,126.927974,2018-09-05,한전주,02-820-9923,서울특별시 동작구청,2026-04-06
13-3699,서울특별시 동작구 여의대방로62길 1,대방동 88-19,37.51392393,126.9270719,2018-09-05,한전주,02-820-9923,서울특별시 동작구청,2026-04-06
13-3700,서울특별시 동작구 여의대방로62길 1,대방동 88-19,37.51401181,126.9271284,2018-09-05,한전주,02-820-9923,서울특별시 동작구청,2026-04-06
13-3701,서울특별시 동작구 여의대방로62길 1,대방동 88-19,37.51400285,126.9271991,2018-09-05,한전주,02-820-9923,서울특별시 동작구청,2026-04-06
13-3702,서울특별시 동작구 여의대방로62길 7,대방동 510,37.51400074,126.9274366,2018-09-05,한전주,02-820-9923,서울특별시 동작구청,2026-04-06
13-3703,서울특별시 동작구 여의대방로62길 7,대방동 510,37.51401226,126.9278523,2018-09-05,한전주,02-820-9923,서울특별시 동작구청,2026-04-06
13-3704,서울특별시 동작구 여의대방로62길 7,대방동 510,37.51401009,126.9279824,2018-09-05,한전주,02-820-9923,서울특별시 동작구청,2026-04-06
13-3705,서울특별시 동작구 여의대방로62길 15,대방동 504,37.51402599,126.9282058,2012-08-07,한전주,02-820-9923,서울특별시 동작구청,2026-04-06
13-3706,서울특별시 동작구 여의대방로62길15,대방동 504,37.51402829,126.9282906,2013-03-22,전용주,02-820-9923,서울특별시 동작구청,2026-04-06
13-3707,서울특별시 동작구 여의대방로62길 15,대방동 504,37.51403522,126.9285649,2014-02-22,한전주,02-820-9923,서울특별시 동작구청,2026-04-06
13-3708,서울특별시 동작구 여의대방로62길 15,대방동 504,37.51403759,126.9287572,2018-09-05,전용주,02-820-9923,서울특별시 동작구청,2026-04-06
13-3709,서울특별시 동작구 여의대방로62길 23,대방동 505,37.51403098,126.9290032,2015-02-05,한전주,02-820-9923,서울특별시 동작구청,2026-04-06
13-3710,서울특별시 동작구 여의대방로62길 23,대방동 505,37.51401079,126.9291418,2020-03-17,전용주,02-820-9923,서울특별시 동작구청,2026-04-06
13-3711,서울특별시 동작구 여의대방로62길 23,대방동 505,37.51394559,126.9293539,2018-09-05,벽부주,02-820-9923,서울특별시 동작구청,2026-04-06
13-3712,서울특별시 동작구 여의대방로62길 23,대방동 505,37.51396143,126.9294727,2015-02-05,벽부주,02-820-9923,서울특별시 동작구청,2026-04-06
13-3713,서울특별시 동작구 여의대방로62길 23,대방동 505,37.51397951,126.9295801,2014-02-22,벽부주,02-820-9923,서울특별시 동작구청,2026-04-06
13-3714,서울특별시 동작구 여의대방로62길 23,대방동 505,37.51401565,126.9297328,2018-09-05,벽부주,02-820-9923,서울특별시 동작구청,2026-04-06
13-3715,서울특별시 동작구 여의대방로62길 23,대방동 505,37.51404727,126.9298854,2018-09-05,벽부주,02-820-9923,서울특별시 동작구청,2026-04-06
13-3716,서울특별시 동작구 여의대방로62길 23,대방동 505,37.51408565,126.9300296,2018-09-05,벽부주,02-820-9923,서울특별시 동작구청,2026-04-06
13-3717,서울특별시 동작구 여의대방로62길 23,대방동 505,37.51411277,126.9301795,2018-09-05,벽부주,02-820-9923,서울특별시 동작구청,2026-04-06
13-3718,서울특별시 동작구 여의대방로62길 23,대방동 505,37.51416242,126.9303491,2018-09-05,벽부주,02-820-9923,서울특별시 동작구청,2026-04-06
13-3719,서울특별시 동작구 여의대방로62길 23,대방동 505,37.51420755,126.9304819,2014-02-22,벽부주,02-820-9923,서울특별시 동작구청,2026-04-06
13-3720,서울특별시 동작구 노들로 618,대방동 80-10,37.51455973,126.9318305,2019-03-13,전용주,02-820-9923,서울특별시 동작구청,2026-04-06
13-3721,서울특별시 동작구 ,대방동 79-5,37.51458242,126.9321217,2019-03-13,전용주,02-820-9923,서울특별시 동작구청,2026-04-06
13-3722,서울특별시 동작구 대방빗물펌프장옆,대방동 78-6,37.5146051,126.9323932,2019-03-13,전용주,02-820-9923,서울특별시 동작구청,2026-04-06
13-3723,서울특별시 동작구 ,대방동 14-37,37.51463453,126.9326505,2019-03-14,전용주,02-820-9923,서울특별시 동작구청,2026-04-06
13-3724,서울특별시 동작구 ,대방동 14-37,37.51465721,126.9329219,2019-03-14,전용주,02-820-9923,서울특별시 동작구청,2026-04-06
13-3725,서울특별시 동작구 ,대방동 19-23,37.51466862,126.9331736,2019-03-14,전용주,02-820-9923,서울특별시 동작구청,2026-04-06
13-3726,서울특별시 동작구 ,대방동 19-23,37.51468904,126.9334479,2019-03-14,전용주,02-820-9923,서울특별시 동작구청,2026-04-06
13-3727,서울특별시 동작구 ,대방동 19-23,37.51470493,126.9336628,2019-03-14,전용주,02-820-9923,서울특별시 동작구청,2026-04-06
13-3728,서울특별시 동작구 등용로14길 20,대방동 40-2,37.51246543,126.9327599,2011-08-24,통신주,02-820-9923,서울특별시 동작구청,2026-04-06
13-3729,서울특별시 동작구 여의대방로54길 29,대방동 339-8,37.51233454,126.9285184,2011-08-24,전용주,02-820-9923,서울특별시 동작구청,2026-04-06
13-3730,서울특별시 동작구 등용로 70,대방동 11-47,37.50737905,126.9323997,2020-06-22,전용주,02-820-9923,서울특별시 동작구청,2026-04-06
13-3731,서울특별시 동작구 여의대방로24다길 4,대방동 466-11,37.49891165,126.9211692,2020-06-26,전용주,02-820-9923,서울특별시 동작구청,2026-04-06
13-3732,서울특별시 동작구 여의대방로24가길16,대방동 416-3,37.49895678,126.9212879,2020-10-19,전용주,02-820-9923,서울특별시 동작구청,2026-04-06
13-3734,서울특별시 동작구 등용로 63-21,대방동 68-14,37.50644838,126.9317332,2021-03-15,전용주,02-820-9923,서울특별시 동작구청,2026-04-06
13-3735,서울특별시 동작구 등용로12길 47,대방동 23-28,37.51160713,126.9326023,2021-03-15,벽부주,02-820-9923,서울특별시 동작구청,2026-04-06
13-3736,서울특별시 동작구 대방동11길 25,대방동 391-184,37.50153898,126.9260435,2022-02-15,벽부주,02-820-9923,서울특별시 동작구청,2026-04-06
13-3738,서울특별시 동작구 여의대방로36길 15-1,대방동 382-8,37.50496777,126.9232353,2022-06-13,통신주,02-820-9923,서울특별시 동작구청,2026-04-06
13-3739,서울특별시 동작구 대방동7길 46,대방동 391-287,37.50212387,126.9248329,2022-06-22,통신주,02-820-9923,서울특별시 동작구청,2026-04-06
13-3740,서울특별시 동작구 대방동길 46,대방동 375-59,37.50285923,126.9264861,2022-07-21,통신주,02-820-9923,서울특별시 동작구청,2026-04-06
13-3741,서울특별시 동작구 대방동길 77,대방동 376-1,37.50486296,126.924881,2022-11-25,벽부주,02-820-9923,서울특별시 동작구청,2026-04-06
13-3742,서울특별시 동작구 여의대방로36길 23,대방동 383-3,37.50543667,126.9238258,2023-07-22,통신주,02-820-9923,서울특별시 동작구청,2026-04-06
13-3744,서울특별시 동작구 상도로7 부광약품 주차장,대방동 466-10,37.50018901,126.9214393,2023-09-19,한전주,02-820-9923,서울특별시 동작구청,2026-04-06
13-3745,서울특별시 동작구 등용로8길 24,대방동 68-40,37.50750086,126.9327021,2023-11-29,벽부주,02-820-9923,서울특별시 동작구청,2026-04-06
13-3746,서울특별시 동작구 대방동27길 93-1,대방동 391-330,37.50099505,126.9243392,2024-03-06,벽부주,02-820-9923,서울특별시 동작구청,2026-04-06
13-3747,서울특별시 동작구 등용로65,대방동 11-14,37.50706806,126.9321455,2024-10-30,벽부주,02-820-9923,서울특별시 동작구청,2026-04-06
13-3748,서울특별시 동작구 대방동길 46-1,대방동 466-10,37.50283657,126.9262713,2024-12-13,전용주,02-820-9923,서울특별시 동작구청,2026-04-06
13-3749,서울특별시 동작구 대방동길 51,대방동 466-10,37.50277763,126.9256663,2024-12-13,전용주,02-820-9923,서울특별시 동작구청,2026-04-06
13-3750,서울특별시 동작구 대방동길 74,대방동 466-10,37.50309512,126.9254794,2024-12-13,전용주,02-820-9923,서울특별시 동작구청,2026-04-06
13-3751,서울특별시 동작구 대방동길74,대방동 375-1,37.50339021,126.9254988,2024-12-13,전용주,02-820-9923,서울특별시 동작구청,2026-04-06
13-3752,서울특별시 동작구 대방동길 74,대방동 375-1,37.50464247,126.9252827,2024-12-13,전용주,02-820-9923,서울특별시 동작구청,2026-04-06
13-3753,서울특별시 동작구 대방동23길 18,대방동 466-10,37.50409456,126.9244237,2024-12-13,전용주,02-820-9923,서울특별시 동작구청,2026-04-06
13-3754,서울특별시 동작구 대방로24가길 2,대방동 466-11,37.49825172,126.9212491,2025-03-04,전용주,02-820-9923,서울특별시 동작구청,2026-04-06
13-3755,서울특별시 동작구 등용로14길 20,대방동 49-6,37.51230577,126.9332294,2025-05-22,전용주,02-820-9923,서울특별시 동작구청,2026-04-06
13-3756,서울특별시 동작구 등용로14길 20,대방동 46-2,37.51251952,126.9328107,2025-05-22,전용주,02-820-9923,서울특별시 동작구청,2026-04-06
13-3757,서울특별시 동작구 등용로9길 5,대방동 20-41,37.50956589,126.931787,2025-05-20,벽부주,02-820-9923,서울특별시 동작구청,2026-04-06
13-3758,서울특별시 동작구 여의대방로62길 15,대방동 510,37.51417886,126.9277192,2025-09-08,한전주,02-820-9923,서울특별시 동작구청,2026-04-06
13-3759,서울특별시 동작구 여의대방로36길 32-6,대방동 375-47,37.50540824,126.9251491,2025-12-09,벽부주,02-820-9923,서울특별시 동작구청,2026-04-06
13-3760,서울특별시 동작구 여의대방로24라길 35,대방동 466-11,37.49953422,126.922486,2026-03-04,통신주,02-820-9923,서울특별시 동작구청,2026-04-06
1-34,서울특별시 동작구 ,신대방동 702-3,37.48507101,126.9043283,2020-11-18,벽부주,02-820-9923,서울특별시 동작구청,2026-04-06
1-35,서울특별시 동작구 ,신대방동 702-3,37.48506655,126.9043905,2020-11-18,벽부주,02-820-9923,서울특별시 동작구청,2026-04-06
1-36,서울특별시 동작구 ,신대방동 702-3,37.4850621,126.9044527,2020-11-18,벽부주,02-820-9923,서울특별시 동작구청,2026-04-06
14-3001,서울특별시 동작구 여의대방로10길 24,신대방동 492-200,37.49479393,126.9145158,2011-08-24,전용주,02-820-9923,서울특별시 동작구청,2026-04-06
14-3002,서울특별시 동작구 여의대방로10길 24,신대방동 492-200,37.4947622,126.9142417,2011-08-24,전용주,02-820-9923,서울특별시 동작구청,2026-04-06
14-3003,서울특별시 동작구 여의대방로10길 24,신대방동 492-210,37.49471918,126.9139477,2011-08-24,전용주,02-820-9923,서울특별시 동작구청,2026-04-06
14-3004,서울특별시 동작구 여의대방로10길 24,신대방동 492-200,37.49468973,126.9137103,2011-08-24,전용주,02-820-9923,서울특별시 동작구청,2026-04-06
14-3005,서울특별시 동작구 여의대방로10길 24,신대방동 492-200,37.49465123,126.9134248,2011-08-24,전용주,02-820-9923,서울특별시 동작구청,2026-04-06
14-3006,서울특별시 동작구 여의대방로10길 24,신대방동 492-200,37.49462175,126.9131675,2011-08-24,전용주,02-820-9923,서울특별시 동작구청,2026-04-06
14-3007,서울특별시 동작구 여의대방로10길 24,신대방동 492-200,37.49476133,126.91306,2011-08-24,전용주,02-820-9923,서울특별시 동작구청,2026-04-06
14-3008,서울특별시 동작구 여의대방로10길 24,신대방동 492-200,37.49491222,126.913023,2011-08-24,전용주,02-820-9923,서울특별시 동작구청,2026-04-06
14-3009,서울특별시 동작구 여의대방로10길 24,신대방동 492-200,37.4950969,126.9129832,2011-08-24,전용주,02-820-9923,서울특별시 동작구청,2026-04-06
14-3010,서울특별시 동작구 여의대방로10길 24,신대방동 492-200,37.49533112,126.9129321,2011-08-24,전용주,02-820-9923,서울특별시 동작구청,2026-04-06
14-3011,서울특별시 동작구 여의대방로56-9,신대방동 492-199,37.49557658,126.9128385,2011-08-24,전용주,02-820-9923,서울특별시 동작구청,2026-04-06
14-3012,서울특별시 동작구 여의대방로56-7,신대방동 492-201,37.495741,126.9128157,2011-08-24,한전주,02-820-9923,서울특별시 동작구청,2026-04-06
14-3013,서울특별시 동작구 여의대방로10길 14,신대방동 710,37.49594822,126.9128013,2011-08-24,한전주,02-820-9923,서울특별시 동작구청,2026-04-06
14-3014,서울특별시 동작구 여의대방로10길97,신대방동 470-6,37.4923252,126.9145498,2011-08-24,한전주,02-820-9923,서울특별시 동작구청,2026-04-06
14-3015,서울특별시 동작구 여의대방로10길 73,신대방동 470-6,37.49270585,126.9145154,2011-08-24,한전주,02-820-9923,서울특별시 동작구청,2026-04-06
14-3016,서울특별시 동작구 여의대방로10길 80,신대방동 470-6,37.49301666,126.9144755,2011-08-24,한전주,02-820-9923,서울특별시 동작구청,2026-04-06
14-3017,서울특별시 동작구 여의대방로10가길 8,신대방동 474-2,37.49345815,126.9144693,2011-08-24,한전주,02-820-9923,서울특별시 동작구청,2026-04-06
14-3018,서울특별시 동작구 여의대방로10가길 8,신대방동 474-2,37.49329597,126.9144723,2011-08-24,한전주,02-820-9923,서울특별시 동작구청,2026-04-06
14-3019,서울특별시 동작구 여의대방로10가길 17,신대방동 474-7,37.49318992,126.9142208,2011-08-24,한전주,02-820-9923,서울특별시 동작구청,2026-04-06
14-3020,서울특별시 동작구 여의대방로10가길 19,신대방동 474-8,37.49309739,126.9139778,2011-08-24,한전주,02-820-9923,서울특별시 동작구청,2026-04-06
14-3021,서울특별시 동작구 여의대방로10가길 22,신대방동 474-3,37.4933429,126.9139578,2015-02-05,전용주,02-820-9923,서울특별시 동작구청,2026-04-06
14-3022,서울특별시 동작구 여의대방로2길 35,신대방동 492-185,37.49352301,126.9138247,2011-08-24,한전주,02-820-9923,서울특별시 동작구청,2026-04-06
14-3023,서울특별시 동작구 여의대방로2길 34-5,신대방동 492-187,37.49340575,126.9136552,2011-08-24,벽부주,02-820-9923,서울특별시 동작구청,2026-04-06
14-3024,서울특별시 동작구 여의대방로2길 31,신대방동 707-9,37.49363317,126.9135305,2011-08-24,한전주,02-820-9923,서울특별시 동작구청,2026-04-06
14-3025,서울특별시 동작구 여의대방로2길 32,신대방동 492-191,37.49351595,126.9134176,2011-08-24,전용주,02-820-9923,서울특별시 동작구청,2026-04-06
14-3026,서울특별시 동작구 여의대방로2길 32,신대방동 492-191,37.49333343,126.9133273,2011-08-24,전용주,02-820-9923,서울특별시 동작구청,2026-04-06
14-3027,서울특별시 동작구 여의대방로 28,신대방동 707-9,37.49322075,126.9132511,2011-08-24,전용주,02-820-9923,서울특별시 동작구청,2026-04-06
14-3028,서울특별시 동작구 여의대방로 28,신대방동 707-9,37.49322287,126.9130646,2011-08-24,전용주,02-820-9923,서울특별시 동작구청,2026-04-06
14-3029,서울특별시 동작구 여의대방로 28,신대방동 707-9,37.49325426,126.9128723,2011-08-24,전용주,02-820-9923,서울특별시 동작구청,2026-04-06
14-3030,서울특별시 동작구 여의대방로 28,신대방동 707-9,37.49334197,126.9126828,2011-08-24,전용주,02-820-9923,서울특별시 동작구청,2026-04-06
14-3031,서울특별시 동작구 여의대방로 28,신대방동 707-8,37.49344092,126.9124678,2011-08-24,전용주,02-820-9923,서울특별시 동작구청,2026-04-06
14-3032,서울특별시 동작구 여의대방로 28,신대방동 707-8,37.49352638,126.9122868,2011-08-24,전용주,02-820-9923,서울특별시 동작구청,2026-04-06
14-3033,서울특별시 동작구 여의대방로 28,신대방동 707-8,37.49365911,126.912052,2011-08-24,전용주,02-820-9923,서울특별시 동작구청,2026-04-06
14-3034,서울특별시 동작구 여의대방로 28,신대방동 707-8,37.49378968,126.9119501,2011-08-24,전용주,02-820-9923,서울특별시 동작구청,2026-04-06
14-3035,서울특별시 동작구 여의대방로 28,신대방동 707-8,37.49395185,126.9119414,2011-08-24,전용주,02-820-9923,서울특별시 동작구청,2026-04-06
14-3036,서울특별시 동작구 여의대방로 28,신대방동 707-8,37.49402384,126.9118226,2011-08-24,전용주,02-820-9923,서울특별시 동작구청,2026-04-06
14-3037,서울특별시 동작구 여의대방로 28,신대방동 707-8,37.49405304,126.9117038,2011-08-24,전용주,02-820-9923,서울특별시 동작구청,2026-04-06
14-3038,서울특별시 동작구 여의대방로 28,신대방동 707-8,37.49401231,126.9114607,2011-08-24,전용주,02-820-9923,서울특별시 동작구청,2026-04-06
14-3039,서울특별시 동작구 여의대방로 28,신대방동 707,37.49407523,126.9112656,2011-08-24,전용주,02-820-9923,서울특별시 동작구청,2026-04-06
14-3040,서울특별시 동작구 여의대방로 28,신대방동 707-8,37.49419682,126.9112061,2011-08-24,전용주,02-820-9923,서울특별시 동작구청,2026-04-06
14-3041,서울특별시 동작구 신대방2길 13,신대방동 618-3,37.48832824,126.913189,2017-07-25,벽부주,02-820-9923,서울특별시 동작구청,2026-04-06
14-3042,서울특별시 동작구 신대방2길 17-1,신대방동 618-10,37.48828759,126.913059,2011-08-24,벽부주,02-820-9923,서울특별시 동작구청,2026-04-06
14-3043,서울특별시 동작구 신대방2길 21,신대방동 618-69,37.48854227,126.9132453,2017-07-25,한전주,02-820-9923,서울특별시 동작구청,2026-04-06
14-3044,서울특별시 동작구 신대방2길 25,신대방동 619-2,37.48871563,126.9131292,2017-07-25,한전주,02-820-9923,서울특별시 동작구청,2026-04-06
14-3045,서울특별시 동작구 신대방2길 21-1,신대방동 618-70,37.48847454,126.9130418,2017-07-25,벽부주,02-820-9923,서울특별시 동작구청,2026-04-06
14-3046,서울특별시 동작구 신대방2길 14,신대방동 640,37.48883494,126.9130301,2017-07-25,한전주,02-820-9923,서울특별시 동작구청,2026-04-06
14-3047,서울특별시 동작구 ,신대방동 619-10,37.48868618,126.9129143,2017-07-25,벽부주,02-820-9923,서울특별시 동작구청,2026-04-06
14-3048,서울특별시 동작구 신대방2길 34,신대방동 625-25,37.48894517,126.9128462,2011-08-24,한전주,02-820-9923,서울특별시 동작구청,2026-04-06
14-3049,서울특별시 동작구 신대방2나길 6,신대방동 622-2,37.48901963,126.9130072,2011-08-24,한전주,02-820-9923,서울특별시 동작구청,2026-04-06
14-3050,서울특별시 동작구 신대방2나길 5,신대방동 624-13,37.48912779,126.9130608,2011-08-24,전용주,02-820-9923,서울특별시 동작구청,2026-04-06
14-3051,서울특별시 동작구 신대방2나길 8-1,신대방동 622-1,37.48908297,126.9133775,2011-08-24,전용주,02-820-9923,서울특별시 동작구청,2026-04-06
14-3052,서울특별시 동작구 신대방2나길 9,신대방동 624-13,37.48920895,126.9131568,2011-08-24,벽부주,02-820-9923,서울특별시 동작구청,2026-04-06
14-3053,서울특별시 동작구 신대방2나길 10-2,신대방동 635-5,37.48928562,126.9132727,2011-08-24,전용주,02-820-9923,서울특별시 동작구청,2026-04-06
14-3054,서울특별시 동작구 신대방2나길 13,신대방동 634-9,37.48936875,126.9129814,2011-08-24,전용주,02-820-9923,서울특별시 동작구청,2026-04-06
14-3055,서울특별시 동작구 신대방2길 42-10,신대방동 632-42,37.48958477,126.9126787,2011-08-24,전용주,02-820-9923,서울특별시 동작구청,2026-04-06
14-3057,서울특별시 동작구 신대방2나길 23,신대방동 632-18,37.48965702,126.9129132,2011-08-24,전용주,02-820-9923,서울특별시 동작구청,2026-04-06
14-3058,서울특별시 동작구 신대방2나길 28,신대방동 632-14,37.48965491,126.9131111,2011-08-24,한전주,02-820-9923,서울특별시 동작구청,2026-04-06
14-3059,서울특별시 동작구 신대방2나길 27,신대방동 632-73,37.48979001,126.9130431,2011-08-24,전용주,02-820-9923,서울특별시 동작구청,2026-04-06
14-3060,서울특별시 동작구 신대방2나길 34,신대방동 632-33,37.4899544,126.9129779,2011-08-24,전용주,02-820-9923,서울특별시 동작구청,2026-04-06
14-3061,서울특별시 동작구 신대방14가길 34,신대방동 632-20,37.49004667,126.9128704,2011-08-24,한전주,02-820-9923,서울특별시 동작구청,2026-04-06
14-3062,서울특별시 동작구 신대방14가길 41,신대방동 632-46,37.49021586,126.9132066,2011-08-24,한전주,02-820-9923,서울특별시 동작구청,2026-04-06
14-3063,서울특별시 동작구 신대방14가길 47,신대방동 632-58,37.49004028,126.9133651,2011-08-24,한전주,02-820-9923,서울특별시 동작구청,2026-04-06
14-3064,서울특별시 동작구 신대방2나길 30-2,신대방동 632-41,37.48989836,126.9133454,2011-08-24,전용주,02-820-9923,서울특별시 동작구청,2026-04-06
14-3065,서울특별시 동작구 신대방14가길 49-1,신대방동 632-59,37.48996159,126.9135687,2011-08-24,벽부주,02-820-9923,서울특별시 동작구청,2026-04-06
14-3066,서울특별시 동작구 신대방14가길49-3,신대방동 632-60,37.49002935,126.9138202,2011-08-24,전용주,02-820-9923,서울특별시 동작구청,2026-04-06
14-3067,서울특별시 동작구 신대방14가길 49-5,신대방동 632-61,37.4900542,126.9139163,2011-08-24,벽부주,02-820-9923,서울특별시 동작구청,2026-04-06
14-3068,서울특별시 동작구 신대방14가길55,신대방동 632-11,37.489752,126.9134276,2011-08-24,한전주,02-820-9923,서울특별시 동작구청,2026-04-06
14-3069,서울특별시 동작구 신대방2나길 30-2,신대방동 632-13,37.48967772,126.9134955,2011-08-24,한전주,02-820-9923,서울특별시 동작구청,2026-04-06
14-3070,서울특별시 동작구 신대방14가길 55,신대방동 640,37.48964631,126.913668,2011-08-24,한전주,02-820-9923,서울특별시 동작구청,2026-04-06
14-3071,서울특별시 동작구 신대방14가길 62,신대방동 632-8,37.48969157,126.9139506,2011-08-24,벽부주,02-820-9923,서울특별시 동작구청,2026-04-06
14-3072,서울특별시 동작구 신대방14가길 62-1,신대방동 632-40,37.4895362,126.9140356,2018-03-15,통신주,02-820-9923,서울특별시 동작구청,2026-04-06
14-3073,서울특별시 동작구 신대방14가길 62-4,신대방동 632-30,37.4894348,126.9139792,2011-08-24,전용주,02-820-9923,서울특별시 동작구청,2026-04-06
14-3074,서울특별시 동작구 신대방14가길 68,신대방동 632-77,37.48974577,126.91414,2011-08-24,한전주,02-820-9923,서울특별시 동작구청,2026-04-06
14-3075,서울특별시 동작구 신대방14가길 68,신대방동 632-68,37.48983367,126.914219,2011-08-24,한전주,02-820-9923,서울특별시 동작구청,2026-04-06
14-3076,서울특별시 동작구 신대방14가길 32,신대방동 632-50,37.49002399,126.9126499,2011-08-24,한전주,02-820-9923,서울특별시 동작구청,2026-04-06
14-3077,서울특별시 동작구 신대방14가길 26,신대방동 632-53,37.49000115,126.9122344,2011-08-24,한전주,02-820-9923,서울특별시 동작구청,2026-04-06
14-3078,서울특별시 동작구 신대방16길 33,신대방동 632-50,37.49002606,126.912404,2013-03-22,전용주,02-820-9923,서울특별시 동작구청,2026-04-06
14-3079,서울특별시 동작구 신대방14가길 19,신대방동 631-11,37.48984556,126.9120141,2011-08-24,한전주,02-820-9923,서울특별시 동작구청,2026-04-06
14-3080,서울특별시 동작구 신대방14가길 16,신대방동 632-89,37.4896631,126.912003,2011-08-24,한전주,02-820-9923,서울특별시 동작구청,2026-04-06
14-3081,서울특별시 동작구 신대방14가길 16-3,신대방동 632-26,37.48951223,126.9120682,2011-08-24,전용주,02-820-9923,서울특별시 동작구청,2026-04-06
14-3082,서울특별시 동작구 신대방14가길 16-4,신대방동 632-27,37.48936134,126.9120994,2011-08-24,전용주,02-820-9923,서울특별시 동작구청,2026-04-06
14-3083,서울특별시 동작구 신대방14가길 9,신대방동 600-87,37.48966955,126.9115902,2011-08-24,한전주,02-820-9923,서울특별시 동작구청,2026-04-06
14-3084,서울특별시 동작구 신대방14가길 9,신대방동 600-87,37.48984082,126.9116946,2011-08-24,통신주,02-820-9923,서울특별시 동작구청,2026-04-06
14-3085,서울특별시 동작구 신대방14가길 7-8,신대방동 600-12,37.48997153,126.9117765,2011-08-24,벽부주,02-820-9923,서울특별시 동작구청,2026-04-06
14-3086,서울특별시 동작구 신대방14가길 6,신대방동 601-82,37.48960402,126.9113161,2011-08-24,한전주,02-820-9923,서울특별시 동작구청,2026-04-06
14-3087,서울특별시 동작구 신대방14길 15,신대방동 600-57,37.48971877,126.9111435,2011-08-24,한전주,02-820-9923,서울특별시 동작구청,2026-04-06
14-3088,서울특별시 동작구 신대방14길 13,신대방동 601-35,37.48968492,126.9110588,2011-08-24,한전주,02-820-9923,서울특별시 동작구청,2026-04-06
14-3089,서울특별시 동작구 신대방14길 19,신대방동 600-53,37.4900298,126.9113891,2011-08-24,한전주,02-820-9923,서울특별시 동작구청,2026-04-06
14-3090,서울특별시 동작구 신대방14길 21,신대방동 600-53,37.49016953,126.9114879,2011-08-24,한전주,02-820-9923,서울특별시 동작구청,2026-04-06
14-3091,서울특별시 동작구 신대방14길 23,신대방동 599-16,37.49035434,126.9116177,2011-08-24,한전주,02-820-9923,서울특별시 동작구청,2026-04-06
14-3092,서울특별시 동작구 신대방16가길 47,신대방동 599-29,37.49032085,126.9120192,2011-08-24,벽부주,02-820-9923,서울특별시 동작구청,2026-04-06
14-3093,서울특별시 동작구 신대방16가길 49,신대방동 599-30,37.49035937,126.9123244,2011-08-24,통신주,02-820-9923,서울특별시 동작구청,2026-04-06
14-3094,서울특별시 동작구 신대방16가길 35,신대방동 565,37.49053464,126.9117475,2011-08-24,한전주,02-820-9923,서울특별시 동작구청,2026-04-06
14-3095,서울특별시 동작구 신대방16가길 35,신대방동 599-35,37.49057979,126.9118832,2011-08-24,한전주,02-820-9923,서울특별시 동작구청,2026-04-06
14-3096,서울특별시 동작구 여의대방로10가길 27,신대방동 474-24,37.49193696,126.9134477,2011-08-24,한전주,02-820-9923,서울특별시 동작구청,2026-04-06
14-3097,서울특별시 동작구 여의대방로10가길 27,신대방동 474-24,37.49202014,126.9132214,2011-08-24,전용주,02-820-9923,서울특별시 동작구청,2026-04-06
14-3098,서울특별시 동작구 신대방16나길 17,신대방동 565,37.49206025,126.9096368,2011-08-24,한전주,02-820-9923,서울특별시 동작구청,2026-04-06
14-3099,서울특별시 동작구 신대방16나길 13,신대방동 565,37.49185099,126.9099367,2011-08-24,한전주,02-820-9923,서울특별시 동작구청,2026-04-06
14-3100,서울특별시 동작구 신대방16나길 13,신대방동 565-5,37.49158541,126.9102198,2011-08-24,전용주,02-820-9923,서울특별시 동작구청,2026-04-06
14-3101,서울특별시 동작구 신대방16나길11,신대방동 565,37.49143236,126.9103839,2011-08-24,전용주,02-820-9923,서울특별시 동작구청,2026-04-06
14-3102,서울특별시 동작구 신대방16나길11,신대방동 596,37.49120925,126.9102343,2011-08-24,전용주,02-820-9923,서울특별시 동작구청,2026-04-06
14-3103,서울특별시 동작구 신대방16다길 14,신대방동 551-8,37.4910446,126.9099547,2011-08-24,한전주,02-820-9923,서울특별시 동작구청,2026-04-06
14-3104,서울특별시 동작구 신대방16길 16,신대방동 551-8,37.49081693,126.9097373,2011-08-24,전용주,02-820-9923,서울특별시 동작구청,2026-04-06
14-3105,서울특별시 동작구 신대방16길 29,신대방동 592-7,37.49099689,126.9094176,2011-08-24,전용주,02-820-9923,서울특별시 동작구청,2026-04-06
14-3106,서울특별시 동작구 신대방16길 33,신대방동 592-9,37.49084582,126.9092227,2011-08-24,벽부주,02-820-9923,서울특별시 동작구청,2026-04-06
14-3107,서울특별시 동작구 신대방16길 31,신대방동 592-1,37.49103726,126.9091858,2011-08-24,전용주,02-820-9923,서울특별시 동작구청,2026-04-06
14-3108,서울특별시 동작구 신대방16다길 1,신대방동 587-26,37.49117464,126.9091602,2011-08-24,전용주,02-820-9923,서울특별시 동작구청,2026-04-06
14-3109,서울특별시 동작구 신대방16다길 1,신대방동 587-26,37.49131205,126.9091713,2011-08-24,전용주,02-820-9923,서울특별시 동작구청,2026-04-06
14-3110,서울특별시 동작구 신대방16다길 30,신대방동 551-8,37.49192703,126.9092158,2011-08-24,한전주,02-820-9923,서울특별시 동작구청,2026-04-06
14-3111,서울특별시 동작구 신대방16다길 16,신대방동 584-9,37.49164342,126.9094932,2011-08-24,한전주,02-820-9923,서울특별시 동작구청,2026-04-06
14-3112,서울특별시 동작구 신대방16길 39,신대방동 587-17,37.4910529,126.9090161,2011-08-24,한전주,02-820-9923,서울특별시 동작구청,2026-04-06
14-3113,서울특별시 동작구 신대방16길 41,신대방동 587-13,37.49114281,126.9087786,2011-08-24,한전주,02-820-9923,서울특별시 동작구청,2026-04-06
14-3114,서울특별시 동작구 신대방16라길 3,신대방동 590-4,37.49091094,126.9089485,2011-08-24,한전주,02-820-9923,서울특별시 동작구청,2026-04-06
14-3115,서울특별시 동작구 신대방16라길 8,신대방동 590-14,37.49066982,126.9088272,2011-08-24,한전주,02-820-9923,서울특별시 동작구청,2026-04-06
14-3116,서울특별시 동작구 신대방16라길 12,신대방동 590-16,37.49049633,126.9087709,2011-08-24,한전주,02-820-9923,서울특별시 동작구청,2026-04-06
14-3117,서울특별시 동작구 신대방16라길 15,신대방동 590-10,37.49032965,126.9087767,2011-08-24,한전주,02-820-9923,서울특별시 동작구청,2026-04-06
14-3118,서울특별시 동작구 신대방길 108,신대방동 591-13,37.49023274,126.9087062,2011-08-24,벽부주,02-820-9923,서울특별시 동작구청,2026-04-06
14-3119,서울특별시 동작구 신대방16길 26,신대방동 597-1,37.49071543,126.9095536,2017-05-10,한전주,02-820-9923,서울특별시 동작구청,2026-04-06
14-3120,서울특별시 동작구 신대방16길 26,신대방동 597-5,37.4905713,126.9095991,2011-08-24,한전주,02-820-9923,서울특별시 동작구청,2026-04-06
14-3121,서울특별시 동작구 신대방16길 17,신대방동 592-11,37.4903708,126.9095541,2011-08-24,한전주,02-820-9923,서울특별시 동작구청,2026-04-06
14-3122,서울특별시 동작구 신대방16길23,신대방동 592-8,37.49068603,126.9093954,2019-06-13,전용주,02-820-9923,서울특별시 동작구청,2026-04-06
14-3123,서울특별시 동작구 신대방18길 20-2,신대방동 591-68,37.49048323,126.9093023,2011-08-24,벽부주,02-820-9923,서울특별시 동작구청,2026-04-06
14-3124,서울특별시 동작구 신대방18길 15,신대방동 591-11,37.4907196,126.9091211,2011-08-24,한전주,02-820-9923,서울특별시 동작구청,2026-04-06
14-3125,서울특별시 동작구 신대방18길 11,신대방동 591-50,37.49062721,126.9090675,2011-08-24,한전주,02-820-9923,서울특별시 동작구청,2026-04-06
14-3126,서울특별시 동작구 신대방18길 9,신대방동 591-58,37.49045371,126.9089971,2011-08-24,한전주,02-820-9923,서울특별시 동작구청,2026-04-06
14-3127,서울특별시 동작구 신대방18길 10-1,신대방동 591-62,37.49038398,126.9091244,2011-08-24,벽부주,02-820-9923,서울특별시 동작구청,2026-04-06
14-3128,서울특별시 동작구 신대방18길 3,신대방동 591-61,37.49024644,126.9089493,2011-08-24,한전주,02-820-9923,서울특별시 동작구청,2026-04-06
14-3129,서울특별시 동작구 신대방18길 2,신대방동 591-38,37.49006394,126.9088873,2011-08-24,한전주,02-820-9923,서울특별시 동작구청,2026-04-06
14-3130,서울특별시 동작구 신대방18길 2-4,신대방동 591-36,37.4900619,126.9091672,2011-08-24,전용주,02-820-9923,서울특별시 동작구청,2026-04-06
14-3131,서울특별시 동작구 신대방18길 2-8,신대방동 591-44,37.49020386,126.9092348,2011-08-24,벽부주,02-820-9923,서울특별시 동작구청,2026-04-06
14-3132,서울특별시 동작구 신대방길 113,신대방동 607-5,37.49020751,126.9081267,2018-12-27,벽부주,02-820-9923,서울특별시 동작구청,2026-04-06
14-3133,서울특별시 동작구 신대방길 116,신대방동 588-6,37.49056572,126.9081941,2011-08-24,한전주,02-820-9923,서울특별시 동작구청,2026-04-06
14-3134,서울특별시 동작구 신대방길 114,신대방동 591-57,37.49039469,126.9084091,2011-08-24,한전주,02-820-9923,서울특별시 동작구청,2026-04-06
14-3135,서울특별시 동작구 신대방길 108,신대방동 591-13,37.49007513,126.9087968,2011-08-24,한전주,02-820-9923,서울특별시 동작구청,2026-04-06
14-3136,서울특별시 동작구 신대방이길 112-6,신대방동 588-3,37.49071691,126.9085473,2011-08-24,전용주,02-820-9923,서울특별시 동작구청,2026-04-06
14-3137,서울특별시 동작구 신대방길 112-12,신대방동 589-1,37.49087465,126.9086291,2011-08-24,전용주,02-820-9923,서울특별시 동작구청,2026-04-06
14-3138,서울특별시 동작구 신대방길 99,신대방동 607-24,37.48990853,126.9089016,2011-08-24,한전주,02-820-9923,서울특별시 동작구청,2026-04-06
14-3139,서울특별시 동작구 신대방길 96,신대방동 591-74,37.48990656,126.9092691,2011-08-24,벽부주,02-820-9923,서울특별시 동작구청,2026-04-06
14-3140,서울특별시 동작구 신대방길 94-1,신대방동 591-81,37.49003729,126.9093764,2011-08-24,벽부주,02-820-9923,서울특별시 동작구청,2026-04-06
14-3141,서울특별시 동작구 신대방길 94-3,신대방동 591-80,37.49017024,126.9094469,2011-08-24,벽부주,02-820-9923,서울특별시 동작구청,2026-04-06
14-3142,서울특별시 동작구 신대방16길 1,신대방동 591-30,37.48972192,126.9093541,2011-08-24,한전주,02-820-9923,서울특별시 동작구청,2026-04-06
14-3143,서울특별시 동작구 신대방16길 8,신대방동 602-13,37.48987302,126.9095999,2011-08-24,한전주,02-820-9923,서울특별시 동작구청,2026-04-06
14-3144,서울특별시 동작구 신대방16길 10,신대방동 602-10,37.4901164,126.9097353,2011-08-24,한전주,02-820-9923,서울특별시 동작구청,2026-04-06
14-3145,서울특별시 동작구 신대방16길 10,신대방동 597-3,37.49014127,126.909854,2011-08-24,전용주,02-820-9923,서울특별시 동작구청,2026-04-06
14-3146,서울특별시 동작구 신대방16가길 6-4,신대방동 601-51,37.48998825,126.9100521,2011-08-24,벽부주,02-820-9923,서울특별시 동작구청,2026-04-06
14-3147,서울특별시 동작구 신대방16가길 6,신대방동 601-57,37.49016841,126.9099981,2011-08-24,벽부주,02-820-9923,서울특별시 동작구청,2026-04-06
14-3148,서울특별시 동작구 신대방16가길 8,신대방동 601-5,37.49019327,126.9101027,2011-08-24,한전주,02-820-9923,서울특별시 동작구청,2026-04-06
14-3149,서울특별시 동작구 신대방16가길 7-3,신대방동 598-11,37.49043198,126.9100374,2011-08-24,벽부주,02-820-9923,서울특별시 동작구청,2026-04-06
14-3150,서울특별시 동작구 신대방16가길 11-6,신대방동 598-9,37.49045016,126.9102409,2011-08-24,벽부주,02-820-9923,서울특별시 동작구청,2026-04-06
14-3151,서울특별시 동작구 신대방16가길 11,신대방동 598-5,37.49027223,126.9102666,2011-08-24,전용주,02-820-9923,서울특별시 동작구청,2026-04-06
14-3152,서울특별시 동작구 신대방16가길 18,신대방동 600-105,37.49027473,126.9105945,2011-08-24,한전주,02-820-9923,서울특별시 동작구청,2026-04-06
14-3153,서울특별시 동작구 신대방16가길 15-1,신대방동 599-7,37.49042334,126.9105208,2020-02-12,벽부주,02-820-9923,서울특별시 동작구청,2026-04-06
14-3154,서울특별시 동작구 신대방16가길 19,신대방동 599-10,37.49038068,126.9107046,2011-08-24,전용주,02-820-9923,서울특별시 동작구청,2026-04-06
14-3155,서울특별시 동작구 신대방16가길 29,신대방동 599-15,37.49047096,126.9109363,2011-08-24,통신주,02-820-9923,서울특별시 동작구청,2026-04-06
14-3156,서울특별시 동작구 신대방16가길 25,신대방동 599-3,37.49054763,126.9110549,2022-10-27,한전주,02-820-9923,서울특별시 동작구청,2026-04-06
14-3157,서울특별시 동작구 신대방14길 23-2,신대방동 599-19,37.49045101,126.9113632,2011-08-24,한전주,02-820-9923,서울특별시 동작구청,2026-04-06
14-3158,서울특별시 동작구 신대방14길 23-1,신대방동 599-26,37.49026624,126.9112899,2011-08-24,한전주,02-820-9923,서울특별시 동작구청,2026-04-06
14-3159,서울특별시 동작구 신대방16가길 20-8,신대방동 600-8,37.49018277,126.9111204,2011-08-24,한전주,02-820-9923,서울특별시 동작구청,2026-04-06
14-3160,서울특별시 동작구 신대방16가길 20-6,신대방동 600-102,37.49010381,126.9109565,2011-08-24,전용주,02-820-9923,서울특별시 동작구청,2026-04-06
14-3161,서울특별시 동작구 신대방16가길 20-2,신대방동 599-15,37.49023436,126.910832,2011-08-24,전용주,02-820-9923,서울특별시 동작구청,2026-04-06
14-3162,서울특별시 동작구 신대방14길 15-2,신대방동 600-58,37.48977037,126.9108693,2011-08-24,한전주,02-820-9923,서울특별시 동작구청,2026-04-06
14-3163,서울특별시 동작구 신대방14길 15-3,신대방동 600-100,37.48983556,126.9106911,2011-08-24,전용주,02-820-9923,서울특별시 동작구청,2026-04-06
14-3164,서울특별시 동작구 신대방14길 7-8,신대방동 600-34,37.48993894,126.9103829,2011-08-24,벽부주,02-820-9923,서울특별시 동작구청,2026-04-06
14-3165,서울특별시 동작구 신대방14길 9-1,신대방동 601-96,37.48954935,126.9105077,2011-08-24,벽부주,02-820-9923,서울특별시 동작구청,2026-04-06
14-3166,서울특별시 동작구 신대방4길 18-4,신대방동 618-103,37.48855951,126.9121993,2017-07-25,전용주,02-820-9923,서울특별시 동작구청,2026-04-06
14-3167,서울특별시 동작구 신대방14길 9,신대방동 601-97,37.48957627,126.9103607,2017-07-25,한전주,02-820-9923,서울특별시 동작구청,2026-04-06
14-3168,서울특별시 동작구 신대방14길 9,신대방동 601-45,37.48964612,126.910386,2020-02-13,한전주,02-820-9923,서울특별시 동작구청,2026-04-06
14-3169,서울특별시 동작구 신대방14길 15-11,신대방동 600-5,37.48972496,126.9103944,2011-08-24,전용주,02-820-9923,서울특별시 동작구청,2026-04-06
14-3170,서울특별시 동작구 신대방14길 7,신대방동 601-3,37.48959643,126.9102137,2017-07-25,한전주,02-820-9923,서울특별시 동작구청,2026-04-06
14-3171,서울특별시 동작구 신대방14길 7-1,신대방동 601-54,37.48976984,126.910171,2011-08-24,한전주,02-820-9923,서울특별시 동작구청,2026-04-06
14-3172,서울특별시 동작구 신대방14길 7-4,신대방동 600-21,37.48979696,126.9102784,2018-03-16,통신주,02-820-9923,서울특별시 동작구청,2026-04-06
14-3173,서울특별시 동작구 신대방14길 7-7,신대방동 600-32,37.48994783,126.9102245,2011-08-24,벽부주,02-820-9923,서울특별시 동작구청,2026-04-06
14-3174,서울특별시 동작구 신대방14길 7-8,신대방동 600-34,37.49003125,126.9103234,2011-08-24,벽부주,02-820-9923,서울특별시 동작구청,2026-04-06
14-3175,서울특별시 동작구 신대방14길 7-14,신대방동 600-25,37.49000666,126.9105693,2011-08-24,전용주,02-820-9923,서울특별시 동작구청,2026-04-06
14-3176,서울특별시 동작구 신대방14길 5-3,신대방동 601-52,37.48977421,126.9099816,2011-08-24,벽부주,02-820-9923,서울특별시 동작구청,2026-04-06
14-3177,서울특별시 동작구 신대방14길 4,신대방동 601-26,37.48958049,126.909979,2017-07-25,벽부주,02-820-9923,서울특별시 동작구청,2026-04-06
14-3178,서울특별시 동작구 ,신대방동 601-18,37.4894387,126.9101375,2017-07-25,통신주,02-820-9923,서울특별시 동작구청,2026-04-06
14-3179,서울특별시 동작구 신대방14길 6-8,신대방동 601-80,37.48927669,126.9103667,2017-07-25,전용주,02-820-9923,서울특별시 동작구청,2026-04-06
14-3180,서울특별시 동작구 신대방14길 6-10,신대방동 산 178-24,37.48917993,126.9104968,2017-07-25,전용주,02-820-9923,서울특별시 동작구청,2026-04-06
14-3181,서울특별시 동작구 신대방14길 6-13,신대방동 601-60,37.48915974,126.9106099,2011-08-24,벽부주,02-820-9923,서울특별시 동작구청,2026-04-06
14-3182,서울특별시 동작구 신대방14길 3,신대방동 602-1,37.48962314,126.9097839,2017-07-25,한전주,02-820-9923,서울특별시 동작구청,2026-04-06
14-3183,서울특별시 동작구 ,신대방동 597-13,37.49078078,126.9095847,2020-02-12,전용주,02-820-9923,서울특별시 동작구청,2026-04-06
14-3184,서울특별시 동작구 신대방2길 70,신대방동 601-85,37.48945498,126.9108188,2011-08-24,한전주,02-820-9923,서울특별시 동작구청,2026-04-06
14-3185,서울특별시 동작구 신대방2길 71,신대방동 601-25,37.48935592,126.9108896,2017-07-25,전용주,02-820-9923,서울특별시 동작구청,2026-04-06
14-3186,서울특별시 동작구 ,신대방동 601-77,37.48922298,126.9108303,2017-07-25,전용주,02-820-9923,서울특별시 동작구청,2026-04-06
14-3187,서울특별시 동작구 신대방2길 69-3,신대방동 616-62,37.48910581,126.9107824,2011-08-24,한전주,02-820-9923,서울특별시 동작구청,2026-04-06
14-3188,서울특별시 동작구 신대방2길 63,신대방동 616-46,37.48926838,126.9112939,2011-08-24,한전주,02-820-9923,서울특별시 동작구청,2026-04-06
14-3189,서울특별시 동작구 신대방2길 60,신대방동 600-43,37.48922803,126.9115512,2017-07-25,한전주,02-820-9923,서울특별시 동작구청,2026-04-06
14-3191,서울특별시 동작구 신대방2길 58-2,신대방동 600-41,37.48941061,126.9117262,2011-08-24,벽부주,02-820-9923,서울특별시 동작구청,2026-04-06
14-3192,서울특별시 동작구 신대방14가길 6-7,신대방동 600-77,37.48950976,126.9117713,2011-08-24,벽부주,02-820-9923,서울특별시 동작구청,2026-04-06
14-3193,서울특별시 동작구 신대방2길 54-2,신대방동 600-69,37.48924396,126.9117745,2011-08-24,전용주,02-820-9923,서울특별시 동작구청,2026-04-06
14-3194,서울특별시 동작구 신대방4길 23,신대방동 618-90,37.48899174,126.9118568,2017-07-25,한전주,02-820-9923,서울특별시 동작구청,2026-04-06
14-3195,서울특별시 동작구 신대방4길 22,신대방동 618-90,37.48891976,126.9119925,2017-07-25,한전주,02-820-9923,서울특별시 동작구청,2026-04-06
14-3196,서울특별시 동작구 ,신대방동 644-1,37.48806696,126.9132175,2017-07-25,한전주,02-820-9923,서울특별시 동작구청,2026-04-06
14-3197,서울특별시 동작구 ,신대방동 618-37,37.48797212,126.9128954,2017-07-25,한전주,02-820-9923,서울특별시 동작구청,2026-04-06
14-3198,서울특별시 동작구 신대방2길 8,신대방동 643-1,37.48787323,126.9131867,2015-02-05,전용주,02-820-9923,서울특별시 동작구청,2026-04-06
14-3199,서울특별시 동작구 신대방2길 2-7,신대방동 643-1,37.48775598,126.9130257,2011-08-24,전용주,02-820-9923,서울특별시 동작구청,2026-04-06
14-3200,서울특별시 동작구 ,신대방동 618-2,37.48821535,126.9128357,2017-07-25,한전주,02-820-9923,서울특별시 동작구청,2026-04-06
14-3201,서울특별시 동작구 ,신대방동 618-52,37.48827158,126.9127254,2017-07-25,한전주,02-820-9923,서울특별시 동작구청,2026-04-06
14-3202,서울특별시 동작구 신대방2가길 4,신대방동 618-127,37.48808025,126.9129094,2011-08-24,전용주,02-820-9923,서울특별시 동작구청,2026-04-06
14-3203,서울특별시 동작구 신대방2가길 14,신대방동 618-145,37.48852154,126.9126319,2011-08-24,한전주,02-820-9923,서울특별시 동작구청,2026-04-06
14-3204,서울특별시 동작구 신대방2가길 14-1,신대방동 618-67,37.4885757,126.9127675,2011-08-24,벽부주,02-820-9923,서울특별시 동작구청,2026-04-06
14-3205,서울특별시 동작구 신대방2가길 16,신대방동 618-36,37.48860938,126.9126233,2011-08-24,벽부주,02-820-9923,서울특별시 동작구청,2026-04-06
14-3206,서울특별시 동작구 신대방2가길 17,신대방동 618-51,37.48857779,126.912547,2011-08-24,전용주,02-820-9923,서울특별시 동작구청,2026-04-06
14-3207,서울특별시 동작구 ,신대방동 618-138,37.48870838,126.9124733,2017-07-25,전용주,02-820-9923,서울특별시 동작구청,2026-04-06
14-3208,서울특별시 동작구 ,신대방동 631-14,37.48886378,126.9124308,2017-07-25,한전주,02-820-9923,서울특별시 동작구청,2026-04-06
14-3209,서울특별시 동작구 신대방2길 40,신대방동 625-16,37.48892461,126.9124533,2011-08-24,통신주,02-820-9923,서울특별시 동작구청,2026-04-06
14-3210,서울특별시 동작구 신대방2길 42-5,신대방동 625-11,37.48917686,126.9124078,2011-08-24,전용주,02-820-9923,서울특별시 동작구청,2026-04-06
14-3211,서울특별시 동작구 신대방2길 42-10,신대방동 625-28,37.48928504,126.912484,2011-08-24,한전주,02-820-9923,서울특별시 동작구청,2026-04-06
14-3212,서울특별시 동작구 신대방2길 33,신대방동 631-14,37.48889777,126.9127106,2017-07-25,전용주,02-820-9923,서울특별시 동작구청,2026-04-06
14-3213,서울특별시 동작구 신대방2길 36-7,신대방동 625-35,37.48920185,126.9127017,2011-08-24,벽부주,02-820-9923,서울특별시 동작구청,2026-04-06
14-3214,서울특별시 동작구 신대방2길 36-10,신대방동 624-3,37.4892245,126.9128685,2011-08-24,전용주,02-820-9923,서울특별시 동작구청,2026-04-06
14-3215,서울특별시 동작구 신대방2나길 14,신대방동 634-1,37.48949496,126.9130745,2011-08-24,전용주,02-820-9923,서울특별시 동작구청,2026-04-06
14-3216,서울특별시 동작구 신대방2나길 22,신대방동 632-35,37.4895691,126.9128144,2018-03-15,한전주,02-820-9923,서울특별시 동작구청,2026-04-06
14-3217,서울특별시 동작구 ,신대방동 618-93,37.48889286,126.9121593,2017-07-25,벽부주,02-820-9923,서울특별시 동작구청,2026-04-06
14-3218,서울특별시 동작구 신대방4길 22-4,신대방동 618-97,37.48876226,126.9122217,2011-08-24,전용주,02-820-9923,서울특별시 동작구청,2026-04-06
14-3219,서울특별시 동작구 신대방4길 20,신대방동 618-95,37.48874856,126.9119758,2011-08-24,한전주,02-820-9923,서울특별시 동작구청,2026-04-06
14-3220,서울특별시 동작구 ,신대방동 618-105,37.48867872,126.9119674,2017-07-25,한전주,02-820-9923,서울특별시 동작구청,2026-04-06
14-3221,서울특별시 동작구 ,신대방동 618-104,37.48860445,126.912041,2017-07-25,통신주,02-820-9923,서울특별시 동작구청,2026-04-06
14-3222,서울특별시 동작구 신대방2가길 15-1,신대방동 618-106,37.48854159,126.9123294,2011-08-24,통신주,02-820-9923,서울특별시 동작구청,2026-04-06
14-3223,서울특별시 동작구 ,신대방동 618-108,37.48839977,126.9124511,2017-07-25,전용주,02-820-9923,서울특별시 동작구청,2026-04-06
14-3224,서울특별시 동작구 신대방2가길 7-1,신대방동 618-42,37.4880169,126.912525,2011-08-24,전용주,02-820-9923,서울특별시 동작구청,2026-04-06
14-3225,서울특별시 동작구 신대방길 8,신대방동 618-85,37.48788604,126.9122425,2011-08-24,한전주,02-820-9923,서울특별시 동작구청,2026-04-06
14-3226,서울특별시 동작구 신대방길 10,신대방동 645-20,37.48796019,126.9119908,2011-08-24,한전주,02-820-9923,서울특별시 동작구청,2026-04-06
14-3227,서울특별시 동작구 신대방길 14,신대방동 645-20,37.48794425,126.9117675,2017-05-10,전용주,02-820-9923,서울특별시 동작구청,2026-04-06
14-3228,서울특별시 동작구 신대방길 16-1,신대방동 617-18,37.48800731,126.9117505,2011-08-24,벽부주,02-820-9923,서울특별시 동작구청,2026-04-06
14-3229,서울특별시 동작구 신대방3길 1,신대방동 701-1,37.48782484,126.9117196,2011-08-24,벽부주,02-820-9923,서울특별시 동작구청,2026-04-06
14-3230,서울특별시 동작구 신대방3길 1-1,신대방동 692-51,37.48770099,126.9117735,2018-03-15,벽부주,02-820-9923,서울특별시 동작구청,2026-04-06
14-3231,서울특별시 동작구 신대방길 19,신대방동 701-1,37.48789681,126.9115725,2011-08-24,한전주,02-820-9923,서울특별시 동작구청,2026-04-06
14-3232,서울특별시 동작구 신대방길 22,신대방동 617-13,37.4880364,126.9114876,2011-08-24,한전주,02-820-9923,서울특별시 동작구청,2026-04-06
14-3233,서울특별시 동작구 신대방4길 3,신대방동 617-13,37.48815135,126.9115807,2011-08-24,전용주,02-820-9923,서울특별시 동작구청,2026-04-06
14-3234,서울특별시 동작구 신대방6길 10,신대방동 617-3,37.48821455,126.9117587,2017-07-25,한전주,02-820-9923,서울특별시 동작구청,2026-04-06
14-3235,서울특별시 동작구 신대방4길 8-1,신대방동 618-60,37.48817638,126.9119256,2011-08-24,벽부주,02-820-9923,서울특별시 동작구청,2026-04-06
14-3236,서울특별시 동작구 ,신대방동 618-40,37.48805267,126.9121575,2017-07-25,전용주,02-820-9923,서울특별시 동작구청,2026-04-06
14-3237,서울특별시 동작구 신대방길 6-14,신대방동 618-62,37.48813153,126.9121913,2011-08-24,통신주,02-820-9923,서울특별시 동작구청,2026-04-06
14-3238,서울특별시 동작구 신대방길 6-18,신대방동 618-63,37.48827098,126.9119141,2011-08-24,벽부주,02-820-9923,서울특별시 동작구청,2026-04-06
14-3239,서울특별시 동작구 신대방4길 12,신대방동 618-155,37.48849396,126.9118828,2011-08-24,한전주,02-820-9923,서울특별시 동작구청,2026-04-06
14-3240,서울특별시 동작구 신대방4길 14-3,신대방동 618-114,37.48848281,126.9120354,2011-08-24,벽부주,02-820-9923,서울특별시 동작구청,2026-04-06
14-3241,서울특별시 동작구 신대방4길 14-5,신대방동 618-117,37.48841307,126.9121627,2011-08-24,벽부주,02-820-9923,서울특별시 동작구청,2026-04-06
14-3242,서울특별시 동작구 ,신대방동 618-38,37.48834976,126.9118434,2017-07-25,전용주,02-820-9923,서울특별시 동작구청,2026-04-06
14-3243,서울특별시 동작구 신대방16가길 22,신대방동 599-23,37.49035375,126.9108347,2011-08-24,한전주,02-820-9923,서울특별시 동작구청,2026-04-06
14-3244,서울특별시 동작구 신대방길 88,신대방동 602-15,37.48963644,126.9095125,2011-08-24,한전주,02-820-9923,서울특별시 동작구청,2026-04-06
14-3245,서울특별시 동작구 신대방길 80,신대방동 601-86,37.48942036,126.909722,2011-08-24,한전주,02-820-9923,서울특별시 동작구청,2026-04-06
14-3246,서울특별시 동작구 신대방길 80,신대방동 603-4,37.48930783,126.9098437,2019-06-11,통신주,02-820-9923,서울특별시 동작구청,2026-04-06
14-3247,서울특별시 동작구 신대방13길 5,신대방동 605-12,37.48900141,126.9097479,2011-08-24,전용주,02-820-9923,서울특별시 동작구청,2026-04-06
14-3248,서울특별시 동작구 신대방길 74,신대방동 604-8,37.48903759,126.909926,2011-08-24,한전주,02-820-9923,서울특별시 동작구청,2026-04-06
14-3249,서울특별시 동작구 신대방길72-3,신대방동 604-7,37.48894997,126.9102286,2017-07-25,전용주,02-820-9923,서울특별시 동작구청,2026-04-06
14-3250,서울특별시 동작구 신대방길 64,신대방동 604-14,37.48872896,126.9098783,2011-08-24,한전주,02-820-9923,서울특별시 동작구청,2026-04-06
14-3251,서울특별시 동작구 ,신대방동 604-12,37.48870426,126.9099886,2017-07-25,벽부주,02-820-9923,서울특별시 동작구청,2026-04-06
14-3252,서울특별시 동작구 신대방12길 3-2,신대방동 604-25,37.48884639,126.91027,2011-08-24,벽부주,02-820-9923,서울특별시 동작구청,2026-04-06
14-3253,서울특별시 동작구 신대방12길 7,신대방동 616-40,37.48856925,126.9101753,2017-07-25,전용주,02-820-9923,서울특별시 동작구청,2026-04-06
14-3254,서울특별시 동작구 ,신대방동 616-23,37.4884996,126.9104044,2017-07-25,한전주,02-820-9923,서울특별시 동작구청,2026-04-06
14-3255,서울특별시 동작구 신대방12길 5-2,신대방동 616-28,37.48868873,126.9102939,2017-07-25,벽부주,02-820-9923,서울특별시 동작구청,2026-04-06
14-3256,서울특별시 동작구 신대방12길 5-11,신대방동 616-26,37.48887144,126.9106272,2017-07-25,벽부주,02-820-9923,서울특별시 동작구청,2026-04-06
14-3257,서울특별시 동작구 신대방길 59-1,신대방동 689,37.48862515,126.9096268,2011-08-24,한전주,02-820-9923,서울특별시 동작구청,2026-04-06
14-3258,서울특별시 동작구 신대방길 55,신대방동 689-9,37.48847194,126.9095705,2011-08-24,전용주,02-820-9923,서울특별시 동작구청,2026-04-06
14-3259,서울특별시 동작구 신대방길 55,신대방동 689-9,37.48834584,126.90963,2011-08-24,전용주,02-820-9923,서울특별시 동작구청,2026-04-06
14-3260,서울특별시 동작구 신대방길 51,신대방동 616-18,37.48830548,126.9098788,2011-08-24,한전주,02-820-9923,서울특별시 동작구청,2026-04-06
14-3261,서울특별시 동작구 신대방길 50,신대방동 616-17,37.48825388,126.9101418,2011-08-24,한전주,02-820-9923,서울특별시 동작구청,2026-04-06
14-3262,서울특별시 동작구 신대방길 42,신대방동 616-12,37.48808741,126.9104359,2011-08-24,한전주,02-820-9923,서울특별시 동작구청,2026-04-06
14-3263,서울특별시 동작구 신대방길 36,신대방동 616-11,37.48808974,126.9105349,2011-08-24,한전주,02-820-9923,서울특별시 동작구청,2026-04-06
14-3264,서울특별시 동작구 신대방길 32,신대방동 617-9,37.48808767,126.9107752,2011-08-24,한전주,02-820-9923,서울특별시 동작구청,2026-04-06
14-3265,서울특별시 동작구 신대방길 29,신대방동 691-25,37.4880654,126.9111144,2011-08-24,전용주,02-820-9923,서울특별시 동작구청,2026-04-06
14-3266,서울특별시 동작구 신대방길 23,신대방동 701-1,37.48801602,126.9113434,2011-08-24,한전주,02-820-9923,서울특별시 동작구청,2026-04-06
14-3267,서울특별시 동작구 신대방6길 4,신대방동 617-8,37.48822055,126.9107467,2011-08-24,한전주,02-820-9923,서울특별시 동작구청,2026-04-06
14-3268,서울특별시 동작구 신대방6길 3-2,신대방동 616-8,37.48836011,126.9106222,2011-08-24,한전주,02-820-9923,서울특별시 동작구청,2026-04-06
14-3269,서울특별시 동작구 신대방6길 6,신대방동 617-7,37.48831302,126.9108993,2011-08-24,한전주,02-820-9923,서울특별시 동작구청,2026-04-06
14-3270,서울특별시 동작구 신대방6길 8,신대방동 617-20,37.48839638,126.9109246,2011-08-24,한전주,02-820-9923,서울특별시 동작구청,2026-04-06
14-3271,서울특별시 동작구 신대방6길 8-3,신대방동 617-3,37.48843704,126.9110829,2011-08-24,한전주,02-820-9923,서울특별시 동작구청,2026-04-06
14-3272,서울특별시 동작구 신대방6길 10,신대방동 616-5,37.48859686,126.9109329,2011-08-24,한전주,02-820-9923,서울특별시 동작구청,2026-04-06
14-3273,서울특별시 동작구 신대방6길 18,신대방동 617-18,37.48872759,126.9110486,2011-08-24,한전주,02-820-9923,서울특별시 동작구청,2026-04-06
14-3274,서울특별시 동작구 신대방6길 20,신대방동 617-1,37.48884931,126.9111615,2011-08-24,전용주,02-820-9923,서울특별시 동작구청,2026-04-06
14-3275,서울특별시 동작구 신대방6길 19-3,신대방동 616-53,37.48894815,126.9107968,2011-08-24,전용주,02-820-9923,서울특별시 동작구청,2026-04-06
14-3276,서울특별시 동작구 신대방6길 22-1,신대방동 618-5,37.48878411,126.9113171,2011-08-24,전용주,02-820-9923,서울특별시 동작구청,2026-04-06
14-3277,서울특별시 동작구 신대방6길 24,신대방동 618-4,37.48891026,126.9113339,2011-08-24,한전주,02-820-9923,서울특별시 동작구청,2026-04-06
14-3278,서울특별시 동작구 신대방6길 28,신대방동 618-23,37.48897798,126.9115204,2011-08-24,벽부주,02-820-9923,서울특별시 동작구청,2026-04-06
14-3279,서울특별시 동작구 신대방6길 32,신대방동 618-41,37.48896455,126.9116391,2011-08-24,한전주,02-820-9923,서울특별시 동작구청,2026-04-06
14-3280,서울특별시 동작구 ,신대방동 618-94,37.48896481,126.9119897,2017-07-25,한전주,02-820-9923,서울특별시 동작구청,2026-04-06
14-3281,서울특별시 동작구 신대방4길 11-2,신대방동 618-29,37.48852296,126.9115068,2011-08-24,벽부주,02-820-9923,서울특별시 동작구청,2026-04-06
14-3282,서울특별시 동작구 신대방6길 22,신대방동 618-29,37.4886333,126.9114727,2011-08-24,벽부주,02-820-9923,서울특별시 동작구청,2026-04-06
14-3283,서울특별시 동작구 신대방6길 26-1,신대방동 618-24,37.48880005,126.911546,2011-08-24,한전주,02-820-9923,서울특별시 동작구청,2026-04-06
14-3284,서울특별시 동작구 신대방3길 5,신대방동 692-42,37.48774806,126.9114625,2011-08-24,전용주,02-820-9923,서울특별시 동작구청,2026-04-06
14-3285,서울특별시 동작구 신대방3길 11,신대방동 692-34,37.48767351,126.9111827,2011-08-24,한전주,02-820-9923,서울특별시 동작구청,2026-04-06
14-3286,서울특별시 동작구 신대방3길 11-1,신대방동 692-72,37.48756769,126.911245,2018-03-15,벽부주,02-820-9923,서울특별시 동작구청,2026-04-06
14-3287,서울특별시 동작구 신대방3길 14-2,신대방동 691-28,37.48782882,126.9110299,2011-08-24,벽부주,02-820-9923,서울특별시 동작구청,2026-04-06
14-3288,서울특별시 동작구 신대방3길 15,신대방동 692-23,37.48762152,126.9109312,2011-08-24,한전주,02-820-9923,서울특별시 동작구청,2026-04-06
14-3289,서울특별시 동작구 대림로 20-6,신대방동 692-25,37.48744589,126.9110219,2011-08-24,벽부주,02-820-9923,서울특별시 동작구청,2026-04-06
14-3290,서울특별시 동작구 대림로 20-3,신대방동 692-21,37.48734225,126.9109881,2011-08-24,전용주,02-820-9923,서울특별시 동작구청,2026-04-06
14-3291,서울특별시 동작구 신대방3길 18-1,신대방동 691-14,37.48779935,126.9107783,2011-08-24,벽부주,02-820-9923,서울특별시 동작구청,2026-04-06
14-3292,서울특별시 동작구 신대방3길 19,신대방동 692-15,37.48751776,126.9107504,2011-08-24,벽부주,02-820-9923,서울특별시 동작구청,2026-04-06
14-3293,서울특별시 동작구 신대방3길 21,신대방동 692-14,37.48759649,126.9106033,2011-08-24,한전주,02-820-9923,서울특별시 동작구청,2026-04-06
14-3294,서울특별시 동작구 신대방3길 24-2,신대방동 691-16,37.48777891,126.9105579,2011-08-24,통신주,02-820-9923,서울특별시 동작구청,2026-04-06
14-3295,서울특별시 동작구 신대방3길 25,신대방동 692-6,37.48759861,126.9104309,2011-08-24,벽부주,02-820-9923,서울특별시 동작구청,2026-04-06
14-3296,서울특별시 동작구 신대방3길 23-2,신대방동 692-5,37.48742521,126.9104791,2011-08-24,벽부주,02-820-9923,서울특별시 동작구청,2026-04-06
14-3297,서울특별시 동작구 신대방7길 13,신대방동 692-1,37.48742269,126.9101286,2011-08-24,전용주,02-820-9923,서울특별시 동작구청,2026-04-06
14-3298,서울특별시 동작구 신대방3길 33,신대방동 690-23,37.48756454,126.9100578,2011-08-24,한전주,02-820-9923,서울특별시 동작구청,2026-04-06
14-3299,서울특별시 동작구 신대방3길 33,신대방동 690-23,37.48760505,126.9100125,2011-08-24,한전주,02-820-9923,서울특별시 동작구청,2026-04-06
14-3300,서울특별시 동작구 신대방7길 4,신대방동 689-52,37.4879093,126.9102185,2011-08-24,한전주,02-820-9923,서울특별시 동작구청,2026-04-06
14-3301,서울특별시 동작구 신대방3길 37,신대방동 690-18,37.48765438,126.9097128,2011-08-24,한전주,02-820-9923,서울특별시 동작구청,2026-04-06
14-3302,서울특별시 동작구 신대방3길 37,신대방동 690-18,37.48768582,126.9095827,2011-08-24,한전주,02-820-9923,서울특별시 동작구청,2026-04-06
14-3303,서울특별시 동작구 신대방3길 40-3,신대방동 689-22,37.48802379,126.9097095,2011-08-24,한전주,02-820-9923,서울특별시 동작구청,2026-04-06
14-3304,서울특별시 동작구 신대방9길 3-2,신대방동 689-45,37.48797213,126.9099018,2011-08-24,전용주,02-820-9923,서울특별시 동작구청,2026-04-06
14-3305,서울특별시 동작구 신대방9길 5,신대방동 689-21,37.488177,126.9097574,2011-08-24,한전주,02-820-9923,서울특별시 동작구청,2026-04-06
14-3306,서울특별시 동작구 신대방9길 10,신대방동 689-12,37.4882331,126.9094775,2011-08-24,전용주,02-820-9923,서울특별시 동작구청,2026-04-06
14-3307,서울특별시 동작구 신대방9길 13,신대방동 689-18,37.48823285,126.9091552,2011-08-24,전용주,02-820-9923,서울특별시 동작구청,2026-04-06
14-3308,서울특별시 동작구 신대방13길 33,신대방동 689-16,37.4882687,126.9089149,2011-08-24,한전주,02-820-9923,서울특별시 동작구청,2026-04-06
14-3309,서울특별시 동작구 신대방13길 25,신대방동 689-5,37.48855258,126.9089909,2011-08-24,한전주,02-820-9923,서울특별시 동작구청,2026-04-06
14-3310,서울특별시 동작구 신대방13길 21,신대방동 689-1,37.48863827,126.9091095,2011-08-24,한전주,02-820-9923,서울특별시 동작구청,2026-04-06
14-3311,서울특별시 동작구 신대방11길 4,신대방동 689-3,37.48853712,126.9093867,2011-08-24,전용주,02-820-9923,서울특별시 동작구청,2026-04-06
14-3312,서울특별시 동작구 신대방13길 20-2,신대방동 605-31,37.48875751,126.9089256,2011-08-24,전용주,02-820-9923,서울특별시 동작구청,2026-04-06
14-3313,서울특별시 동작구 신대방13길20-7,신대방동 606-2,37.48892866,126.9088717,2011-08-24,벽부주,02-820-9923,서울특별시 동작구청,2026-04-06
14-3314,서울특별시 동작구 신대방13길 20-3,신대방동 606-11,37.4888452,126.9087163,2011-08-24,벽부주,02-820-9923,서울특별시 동작구청,2026-04-06
14-3315,서울특별시 동작구 신대방13길 17,신대방동 689,37.48871953,126.9093271,2011-08-24,한전주,02-820-9923,서울특별시 동작구청,2026-04-06
14-3316,서울특별시 동작구 신대방13길 14-1,신대방동 605-28,37.48890193,126.9092562,2011-08-24,전용주,02-820-9923,서울특별시 동작구청,2026-04-06
14-3317,서울특별시 동작구 신대방13길 7,신대방동 605-13,37.48901245,126.9094511,2011-08-24,전용주,02-820-9923,서울특별시 동작구청,2026-04-06
14-3318,서울특별시 동작구 신대방13길 6,신대방동 605-8,37.48921298,126.9095244,2011-08-24,벽부주,02-820-9923,서울특별시 동작구청,2026-04-06
14-3319,서울특별시 동작구 신대방11길 17,신대방동 701-1,37.48866038,126.9085724,2011-08-24,전용주,02-820-9923,서울특별시 동작구청,2026-04-06
14-3320,서울특별시 동작구 신대방11길 17,신대방동 688-10,37.48863111,126.908595,2013-03-20,전용주,02-820-9923,서울특별시 동작구청,2026-04-06
14-3321,서울특별시 동작구 신대방3길 64-3,신대방동 688-11,37.48846665,126.9085528,2011-08-24,벽부주,02-820-9923,서울특별시 동작구청,2026-04-06
14-3322,서울특별시 동작구 신대방3길 64-3,신대방동 688-11,37.48832469,126.9084937,2011-08-24,전용주,02-820-9923,서울특별시 동작구청,2026-04-06
14-3323,서울특별시 동작구 신대방11길 22-2,신대방동 607-115,37.48884951,126.9084676,2011-08-24,전용주,02-820-9923,서울특별시 동작구청,2026-04-06
14-3324,서울특별시 동작구 신대방11길 21,신대방동 701-1,37.48867373,126.9083632,2018-06-28,한전주,02-820-9923,서울특별시 동작구청,2026-04-06
14-3325,서울특별시 동작구 신대방11길 23,신대방동 607-45,37.48868703,126.9080833,2011-08-24,한전주,02-820-9923,서울특별시 동작구청,2026-04-06
14-3326,서울특별시 동작구 신대방3길 68,신대방동 688-23,37.4884327,126.9083522,2011-08-24,전용주,02-820-9923,서울특별시 동작구청,2026-04-06
14-3327,서울특별시 동작구 신대방3길 62,신대방동 688-13,37.48825484,126.9084683,2011-08-24,전용주,02-820-9923,서울특별시 동작구청,2026-04-06
14-3328,서울특별시 동작구 신대방3길 70,신대방동 688-1,37.4884731,126.9081571,2011-08-24,한전주,02-820-9923,서울특별시 동작구청,2026-04-06
14-3329,서울특별시 동작구 신대방11길 25,신대방동 701,37.48860807,126.9079336,2011-08-24,한전주,02-820-9923,서울특별시 동작구청,2026-04-06
14-3330,서울특별시 동작구 신대방11길 32,신대방동 607-45,37.48868459,126.9078402,2011-08-24,한전주,02-820-9923,서울특별시 동작구청,2026-04-06
14-3331,서울특별시 동작구 신대방11길 35,신대방동 687,37.4884705,126.9077133,2011-08-24,한전주,02-820-9923,서울특별시 동작구청,2026-04-06
14-3332,서울특별시 동작구 대림로 54,신대방동 701,37.48832397,126.9075693,2017-05-10,한전주,02-820-9923,서울특별시 동작구청,2026-04-06
14-3333,서울특별시 동작구 신대방3길 81,신대방동 685-6,37.48869567,126.9076056,2011-08-24,한전주,02-820-9923,서울특별시 동작구청,2026-04-06
14-3334,서울특별시 동작구 신대방3길 87,신대방동 685-3,37.48884862,126.9073255,2011-08-24,전용주,02-820-9923,서울특별시 동작구청,2026-04-06
14-3335,서울특별시 동작구 신대방3길 91,신대방동 685-2,37.48891595,126.9070145,2011-08-24,전용주,02-820-9923,서울특별시 동작구청,2026-04-06
14-3336,서울특별시 동작구 신대방13길 35,신대방동 689-38,37.48806592,126.9088417,2011-08-24,한전주,02-820-9923,서울특별시 동작구청,2026-04-06
14-3337,서울특별시 동작구 신대방3길 57,신대방동 701-1,37.48794419,126.9087231,2011-08-24,전용주,02-820-9923,서울특별시 동작구청,2026-04-06
14-3338,서울특별시 동작구 신대방3길 49,신대방동 690-5,37.48790613,126.9090228,2011-08-24,한전주,02-820-9923,서울특별시 동작구청,2026-04-06
14-3339,서울특별시 동작구 신대방3길 50-1,신대방동 689-34,37.48801888,126.9091838,2011-08-24,벽부주,02-820-9923,서울특별시 동작구청,2026-04-06
14-3340,서울특별시 동작구 신대방3길 43,신대방동 701-6,37.48774199,126.9094046,2011-08-24,한전주,02-820-9923,서울특별시 동작구청,2026-04-06
14-3341,서울특별시 동작구 대림로 38,신대방동 690-14,37.48760892,126.9091814,2013-10-23,전용주,02-820-9923,서울특별시 동작구청,2026-04-06
14-3342,서울특별시 동작구 대림로 16-1,신대방동 692-77,37.48738302,126.9112961,2013-03-22,전용주,02-820-9923,서울특별시 동작구청,2026-04-06
14-3343,서울특별시 동작구 대림로 14-1,신대방동 692-40,37.48743949,126.9114996,2011-08-24,벽부주,02-820-9923,서울특별시 동작구청,2026-04-06
14-3344,서울특별시 동작구 대림로 12-2,신대방동 692-47,37.48753658,126.9118104,2011-08-24,전용주,02-820-9923,서울특별시 동작구청,2026-04-06
14-3345,서울특별시 동작구 대림로 10-3,신대방동 692-57,37.48772594,126.9120109,2011-08-24,벽부주,02-820-9923,서울특별시 동작구청,2026-04-06
14-3346,서울특별시 동작구 대림로 19,신대방동 701-9,37.48704068,126.9113446,2011-08-24,전용주,02-820-9923,서울특별시 동작구청,2026-04-06
14-3347,서울특별시 동작구 대림로 19,신대방동 693-15,37.4869346,126.9110677,2011-08-24,통신주,02-820-9923,서울특별시 동작구청,2026-04-06
14-3348,서울특별시 동작구 신대방1길 18,신대방동 701-9,37.48679012,126.9106438,2011-08-24,전용주,02-820-9923,서울특별시 동작구청,2026-04-06
14-3349,서울특별시 동작구 신대방1길 22,신대방동 693-9,37.48678096,126.9104403,2015-02-05,벽부주,02-820-9923,서울특별시 동작구청,2026-04-06
14-3350,서울특별시 동작구 신대방1길 24,신대방동 693-8,37.48665244,126.9102765,2011-08-24,한전주,02-820-9923,서울특별시 동작구청,2026-04-06
14-3351,서울특별시 동작구 신대방1길 32,신대방동 694-20,37.48653731,126.9099488,2011-08-24,한전주,02-820-9923,서울특별시 동작구청,2026-04-06
14-3352,서울특별시 동작구 신대방1길 40,신대방동 696-46,37.48640634,126.9095306,2011-08-24,한전주,02-820-9923,서울특별시 동작구청,2026-04-06
14-3353,서울특별시 동작구 신대방1길 48,신대방동 696-52,37.4863115,126.9092141,2011-08-24,전용주,02-820-9923,서울특별시 동작구청,2026-04-06
14-3354,서울특별시 동작구 신대방1길 52,신대방동 696-55,37.48624826,126.9089993,2011-08-24,한전주,02-820-9923,서울특별시 동작구청,2026-04-06
14-3355,서울특별시 동작구 신대방1길 56,신대방동 696-20,37.48615793,126.9087055,2011-08-24,한전주,02-820-9923,서울특별시 동작구청,2026-04-06
14-3356,서울특별시 동작구 신대방1길 60,신대방동 696-12,37.48606533,126.9083833,2011-08-24,한전주,02-820-9923,서울특별시 동작구청,2026-04-06
14-3357,서울특별시 동작구 신대방1길 66,신대방동 696-5,37.4859682,126.9080329,2011-08-24,한전주,02-820-9923,서울특별시 동작구청,2026-04-06
14-3358,서울특별시 동작구 신대방1길 74,신대방동 697-38,37.48590493,126.9077758,2011-08-24,한전주,02-820-9923,서울특별시 동작구청,2026-04-06
14-3359,서울특별시 동작구 신대방1나길 45,신대방동 701-11,37.48580782,126.9074565,2011-08-24,전용주,02-820-9923,서울특별시 동작구청,2026-04-06
14-3360,서울특별시 동작구 신대방1나길 45,신대방동 716,37.48571297,126.9071428,2011-08-24,한전주,02-820-9923,서울특별시 동작구청,2026-04-06
14-3361,서울특별시 동작구 신대방1나길 45,신대방동 701-11,37.48560908,126.9067925,2011-08-24,전용주,02-820-9923,서울특별시 동작구청,2026-04-06
14-3362,서울특별시 동작구 신대방1길 100,신대방동 697-20,37.48552553,126.9065353,2011-08-24,한전주,02-820-9923,서울특별시 동작구청,2026-04-06
14-3363,서울특별시 동작구 신대방1길 104,신대방동 697-18,37.48540585,126.9061624,2011-08-24,한전주,02-820-9923,서울특별시 동작구청,2026-04-06
14-3364,서울특별시 동작구 신대방1길 108,신대방동 697-16,37.48534035,126.905942,2011-08-24,벽부주,02-820-9923,서울특별시 동작구청,2026-04-06
14-3365,서울특별시 동작구 신대방1길 116,신대방동 698-21,37.48528151,126.9055972,2011-08-24,한전주,02-820-9923,서울특별시 동작구청,2026-04-06
14-3366,서울특별시 동작구 ,신대방동 702-8,37.48658257,126.9102201,2018-01-30,전용주,02-820-9923,서울특별시 동작구청,2026-04-06
14-3368,서울특별시 동작구 신대방1길 118,신대방동 698-22,37.48528349,126.9052552,2011-08-24,한전주,02-820-9923,서울특별시 동작구청,2026-04-06
14-3370,서울특별시 동작구 신대방1길 124,신대방동 701-12,37.48530355,126.9049894,2020-02-21,한전주,02-820-9923,서울특별시 동작구청,2026-04-06
14-3371,서울특별시 동작구 신대방12길5-9,신대방동 616-26,37.48889613,126.9105226,2021-11-16,벽부주,02-820-9923,서울특별시 동작구청,2026-04-06
14-3372,서울특별시 동작구 신대방1길 126,신대방동 701-12,37.48532583,126.9046869,2020-02-21,한전주,02-820-9923,서울특별시 동작구청,2026-04-06
14-3374,서울특별시 동작구 시흥대로 596,신대방동 701-12,37.48534137,126.9044014,2020-02-21,한전주,02-820-9923,서울특별시 동작구청,2026-04-06
14-3376,서울특별시 동작구 시흥대로 596,신대방동 701-12,37.48535692,126.9041385,2020-02-21,한전주,02-820-9923,서울특별시 동작구청,2026-04-06
14-3378,서울특별시 동작구 시흥대로 596,신대방동 698,37.48537473,126.9038728,2011-08-24,한전주,02-820-9923,서울특별시 동작구청,2026-04-06
14-3379,서울특별시 동작구 신대방16가길11-2,신대방동 598-3,37.49038493,126.910371,2020-09-15,벽부주,02-820-9923,서울특별시 동작구청,2026-04-06
14-3380,서울특별시 동작구 신대방1길 126,신대방동 698-5,37.48540251,126.9048056,2018-06-28,전용주,02-820-9923,서울특별시 동작구청,2026-04-06
14-3381,서울특별시 동작구 신대방1길 126-3,신대방동 698-7,37.48557372,126.9048251,2018-06-28,전용주,02-820-9923,서울특별시 동작구청,2026-04-06
14-3382,서울특별시 동작구 신대방1나길 77,신대방동 698,37.48572694,126.9048815,2018-06-28,전용주,02-820-9923,서울특별시 동작구청,2026-04-06
14-3390,서울특별시 동작구 신대방1나길 69,신대방동 698,37.48576963,126.904757,2011-08-24,한전주,02-820-9923,서울특별시 동작구청,2026-04-06
14-3391,서울특별시 동작구 신대방1길 126-2,신대방동 698-17,37.48547025,126.905009,2011-08-24,전용주,02-820-9923,서울특별시 동작구청,2026-04-06
14-3392,서울특별시 동작구 신대방1길 126-3,신대방동 698-16,37.48557837,126.905006,2020-02-21,벽부주,02-820-9923,서울특별시 동작구청,2026-04-06
14-3393,서울특별시 동작구 신대방1길 126-7,신대방동 698-15,37.48556054,126.9052378,2011-08-24,전용주,02-820-9923,서울특별시 동작구청,2026-04-06
14-3394,서울특별시 동작구 신대방1길 116-1,신대방동 698-20,37.48552473,126.9055347,2011-08-24,한전주,02-820-9923,서울특별시 동작구청,2026-04-06
14-3395,서울특별시 동작구 신대방1길 102-7,신대방동 697-12,37.48561516,126.9059388,2011-08-24,한전주,02-820-9923,서울특별시 동작구청,2026-04-06
14-3396,서울특별시 동작구 신대방1길 102-4,신대방동 697-9,37.48567166,126.9061733,2011-08-24,전용주,02-820-9923,서울특별시 동작구청,2026-04-06
14-3397,서울특별시 동작구 신대방1다길 4,신대방동 697-26,37.48577099,126.9064531,2011-08-24,한전주,02-820-9923,서울특별시 동작구청,2026-04-06
14-3398,서울특별시 동작구 신대방1나길 54,신대방동 686-50,37.48601411,126.9062634,2011-08-24,한전주,02-820-9923,서울특별시 동작구청,2026-04-06
14-3399,서울특별시 동작구 신대방1나길 58,신대방동 686-51,37.48597122,126.9061447,2011-08-24,한전주,02-820-9923,서울특별시 동작구청,2026-04-06
14-3400,서울특별시 동작구 신대방1나길 59,신대방동 701-12,37.48585153,126.9057576,2011-08-24,한전주,02-820-9923,서울특별시 동작구청,2026-04-06
14-3401,서울특별시 동작구 신대방1다길 13,신대방동 686-49,37.48616942,126.9061218,2011-08-24,한전주,02-820-9923,서울특별시 동작구청,2026-04-06
14-3402,서울특별시 동작구 신대방1다길 20,신대방동 686-40,37.4863675,126.9059435,2011-08-24,한전주,02-820-9923,서울특별시 동작구청,2026-04-06
14-3404,서울특별시 동작구 신대방1다길 24,신대방동 719-2,37.48664668,126.9057707,2011-08-24,한전주,02-820-9923,서울특별시 동작구청,2026-04-06
14-3405,서울특별시 동작구 신대방1다길 35,신대방동 686-44,37.48685838,126.9057224,2018-03-14,한전주,02-820-9923,서울특별시 동작구청,2026-04-06
14-3406,서울특별시 동작구 신대방1다길 35,신대방동 686-47,37.48694615,126.9056234,2011-08-24,한전주,02-820-9923,서울특별시 동작구청,2026-04-06
14-3407,서울특별시 동작구 시흥대로 616,신대방동 686-44,37.48707873,126.9052359,2011-08-24,한전주,02-820-9923,서울특별시 동작구청,2026-04-06
14-3408,서울특별시 동작구 신대방1나길 50-10,신대방동 686-30,37.48647802,126.9061299,2011-08-24,한전주,02-820-9923,서울특별시 동작구청,2026-04-06
14-3409,서울특별시 동작구 신대방1나길 50-6,신대방동 686-32,37.4862822,126.9063083,2011-08-24,한전주,02-820-9923,서울특별시 동작구청,2026-04-06
14-3410,서울특별시 동작구 신대방1나길 48,신대방동 686-35,37.4861179,126.9064809,2018-03-14,통신주,02-820-9923,서울특별시 동작구청,2026-04-06
14-3411,서울특별시 동작구 신대방1나길 48,신대방동 686-35,37.48601881,126.9065065,2011-08-24,한전주,02-820-9923,서울특별시 동작구청,2026-04-06
14-3412,서울특별시 동작구 신대방1나길 44-2,신대방동 686-21,37.48629605,126.9067379,2011-08-24,한전주,02-820-9923,서울특별시 동작구청,2026-04-06
14-3413,서울특별시 동작구 신대방1나길 44-3,신대방동 686-25,37.48635231,126.90667,2018-03-14,통신주,02-820-9923,서울특별시 동작구청,2026-04-06
14-3414,서울특별시 동작구 신대방1나길 44-8,신대방동 686-19,37.48663159,126.9066301,2011-08-24,한전주,02-820-9923,서울특별시 동작구청,2026-04-06
14-3415,서울특별시 동작구 신대방1나길 44-11,신대방동 686-27,37.48654583,126.9064238,2011-08-24,전용주,02-820-9923,서울특별시 동작구청,2026-04-06
14-3416,서울특별시 동작구 신대방1나길 40,신대방동 686-15,37.4861995,126.9071281,2011-08-24,한전주,02-820-9923,서울특별시 동작구청,2026-04-06
14-3417,서울특별시 동작구 신대방1나길 38-3,신대방동 686-13,37.48650124,126.9070062,2011-08-24,한전주,02-820-9923,서울특별시 동작구청,2026-04-06
14-3418,서울특별시 동작구 신대방1나길 33,신대방동 697-33,37.48626274,126.9073485,2011-08-24,전용주,02-820-9923,서울특별시 동작구청,2026-04-06
14-3419,서울특별시 동작구 신대방1나길 29,신대방동 697-34,37.48633499,126.9075604,2011-08-24,한전주,02-820-9923,서울특별시 동작구청,2026-04-06
14-3420,서울특별시 동작구 신대방1길 74-3,신대방동 697-36,37.48603102,126.9077106,2011-08-24,전용주,02-820-9923,서울특별시 동작구청,2026-04-06
14-3421,서울특별시 동작구 신대방1길 74-6,신대방동 696-1,37.48623599,126.9077019,2011-08-24,한전주,02-820-9923,서울특별시 동작구청,2026-04-06
14-3422,서울특별시 동작구 신대방1길 62-3,신대방동 696-9,37.48627922,126.908253,2011-08-24,전용주,02-820-9923,서울특별시 동작구청,2026-04-06
14-3423,서울특별시 동작구 신대방1나길 19,신대방동 696-8,37.48648862,126.908151,2011-08-24,한전주,02-820-9923,서울특별시 동작구청,2026-04-06
14-3424,서울특별시 동작구 신대방1가길 43-5,신대방동 695-10,37.48665077,126.9081028,2011-08-24,통신주,02-820-9923,서울특별시 동작구청,2026-04-06
14-3425,서울특별시 동작구 신대방1가길 43-4,신대방동 695-6,37.48684438,126.9079725,2011-08-24,한전주,02-820-9923,서울특별시 동작구청,2026-04-06
14-3426,서울특별시 동작구 신대방1가길 43,신대방동 695-13,37.48698172,126.9078819,2011-08-24,한전주,02-820-9923,서울특별시 동작구청,2026-04-06
14-3427,서울특별시 동작구 신대방1길 56-3,신대방동 696-17,37.48637407,126.9085752,2011-08-24,한전주,02-820-9923,서울특별시 동작구청,2026-04-06
14-3428,서울특별시 동작구 신대방1나길 13,신대방동 696-16,37.48659474,126.9084703,2011-08-24,한전주,02-820-9923,서울특별시 동작구청,2026-04-06
14-3429,서울특별시 동작구 신대방1나길 12-2,신대방동 695-24,37.48676363,126.9084108,2011-08-24,통신주,02-820-9923,서울특별시 동작구청,2026-04-06
14-3430,서울특별시 동작구 신대방1나길 7,신대방동 696-24,37.48667156,126.9087727,2011-08-24,한전주,02-820-9923,서울특별시 동작구청,2026-04-06
14-3431,서울특별시 동작구 신대방1가길 27,신대방동 701-7,37.48703404,126.9085489,2011-08-24,한전주,02-820-9923,서울특별시 동작구청,2026-04-06
14-3432,서울특별시 동작구 신대방1가길 21,신대방동 695-28,37.4869351,126.9087695,2011-08-24,한전주,02-820-9923,서울특별시 동작구청,2026-04-06
14-3433,서울특별시 동작구 신대방1가길 16,신대방동 694-25,37.48684302,126.9091258,2011-08-24,한전주,02-820-9923,서울특별시 동작구청,2026-04-06
14-3434,서울특별시 동작구 신대방1가길 9,신대방동 696-31,37.48674176,126.909256,2011-08-24,한전주,02-820-9923,서울특별시 동작구청,2026-04-06
14-3435,서울특별시 동작구 신대방1가길 4,신대방동 694-21,37.48672405,126.909663,2011-08-24,한전주,02-820-9923,서울특별시 동작구청,2026-04-06
14-3436,서울특별시 동작구 신대방1길 32-3,신대방동 694-18,37.48683917,126.9099739,2011-08-24,한전주,02-820-9923,서울특별시 동작구청,2026-04-06
14-3437,서울특별시 동작구 신대방2나길 22,신대방동 625-3,37.48950379,126.9128286,2021-08-11,한전주,02-820-9923,서울특별시 동작구청,2026-04-06
14-3457,서울특별시 동작구 신대방1길 50-4,신대방동 696-35,37.48650721,126.9088803,2011-08-24,벽부주,02-820-9923,서울특별시 동작구청,2026-04-06
14-3458,서울특별시 동작구 신대방1나길 46,신대방동 686-23,37.48610915,126.9068088,2011-08-24,한전주,02-820-9923,서울특별시 동작구청,2026-04-06
14-3459,서울특별시 동작구 시흥대로 596,신대방동 698,37.48540231,126.9045596,2018-06-28,전용주,02-820-9923,서울특별시 동작구청,2026-04-06
14-3460,서울특별시 동작구 시흥대로 596,신대방동 698,37.48543361,126.9042656,2018-06-28,전용주,02-820-9923,서울특별시 동작구청,2026-04-06
14-3461,서울특별시 동작구 시흥대로 596,신대방동 698-26,37.48545141,126.9039914,2018-06-28,전용주,02-820-9923,서울특별시 동작구청,2026-04-06
14-3462,서울특별시 동작구 신대방13길 8,신대방동 605-7,37.48919476,126.9092615,2020-06-21,전용주,02-820-9923,서울특별시 동작구청,2026-04-06
14-3463,서울특별시 동작구 신대방1나길 21,신대방동 701-11,37.48642534,126.9078826,2020-06-21,한전주,02-820-9923,서울특별시 동작구청,2026-04-06
14-3464,서울특별시 동작구 신대방1다길 24,신대방동 719-2,37.48664013,126.9060308,2022-08-04,한전주,02-820-9923,서울특별시 동작구청,2026-04-06
14-3465,서울특별시 동작구 신대방1가길 51-2,신대방동 701-3,37.48658496,126.907481,2022-07-28,통신주,02-820-9923,서울특별시 동작구청,2026-04-06
14-3466,서울특별시 동작구 신대방길96,신대방동 ,37.48981865,126.9091901,2023-05-15,벽부주,02-820-9923,서울특별시 동작구청,2026-04-06
14-3467,서울특별시 동작구 신대방길 105,신대방동 607-55,37.49011328,126.9086074,2023-12-01,벽부주,02-820-9923,서울특별시 동작구청,2026-04-06
14-3468,서울특별시 동작구 신대방2나길 34,신대방동 631-4,37.49016393,126.913037,2024-06-10,전용주,02-820-9923,서울특별시 동작구청,2026-04-06
14-3469,서울특별시 동작구 신대방2가길 19,신대방동 618-139,37.48878492,126.9124111,2025-09-19,통신주,02-820-9923,서울특별시 동작구청,2026-04-06
15-3001,서울특별시 동작구 여의대방로22사길 26-8,신대방동 359-9,37.49712351,126.9251743,2020-02-06,벽부주,02-820-9923,서울특별시 동작구청,2026-04-06
15-3002,서울특별시 동작구 여의대방로16길 53,신대방동 711-1,37.49466679,126.9162603,2011-08-24,전용주,02-820-9923,서울특별시 동작구청,2026-04-06
15-3003,서울특별시 동작구 여의대방로16길 53,신대방동 460-1,37.49500245,126.9163164,2011-08-24,전용주,02-820-9923,서울특별시 동작구청,2026-04-06
15-3006,서울특별시 동작구 여의대방로22길 44-6,신대방동 364-91,37.49746399,126.9222366,2011-08-24,한전주,02-820-9923,서울특별시 동작구청,2026-04-06
15-3007,서울특별시 동작구 여의대방로16길 6-20,신대방동 498-20,37.49640302,126.9156166,2011-08-24,전용주,02-820-9923,서울특별시 동작구청,2026-04-06
15-3008,서울특별시 동작구 여의대방로16길 6-16,신대방동 498-15,37.49647979,126.9158794,2011-08-24,벽부주,02-820-9923,서울특별시 동작구청,2026-04-06
15-3009,서울특별시 동작구 여의대방로16길 6-8,신대방동 498-8,37.49659731,126.9164221,2011-08-24,전용주,02-820-9923,서울특별시 동작구청,2026-04-06
15-3010,서울특별시 동작구 여의대방로22카길34-2,신대방동 360-210,37.49675428,126.9254659,2020-01-22,전용주,02-820-9923,서울특별시 동작구청,2026-04-06
15-3012,서울특별시 동작구 보라매로5길 5,신대방동 395-73,37.49213177,126.9249192,2020-11-17,전용주,02-820-9923,서울특별시 동작구청,2026-04-06
15-3013,서울특별시 동작구 여의대방로22가길 22-1,신대방동 368-26,37.49693578,126.9205578,2011-08-24,전용주,02-820-9923,서울특별시 동작구청,2026-04-06
15-3015,서울특별시 동작구 여의대방로22다길 17,신대방동 367-37,37.49626058,126.921384,2011-08-24,통신주,02-820-9923,서울특별시 동작구청,2026-04-06
15-3016,서울특별시 동작구 여의대방로22다길 19,신대방동 367-61,37.496078,126.9211948,2011-08-24,한전주,02-820-9923,서울특별시 동작구청,2026-04-06
15-3017,서울특별시 동작구 여의대방로22다길 29,신대방동 366-113,37.49587733,126.9208953,2011-08-24,한전주,02-820-9923,서울특별시 동작구청,2026-04-06
15-3018,서울특별시 동작구 여의대방로22다길 5-10,신대방동 367-53,37.49632154,126.9215932,2011-08-24,벽부주,02-820-9923,서울특별시 동작구청,2026-04-06
15-3019,서울특별시 동작구 여의대방로16길 12-10,신대방동 498-30,37.49632461,126.9162188,2011-08-24,한전주,02-820-9923,서울특별시 동작구청,2026-04-06
15-3020,서울특별시 동작구 여의대방로16길 12-19,신대방동 498-48,37.49619359,126.9156931,2011-08-24,한전주,02-820-9923,서울특별시 동작구청,2026-04-06
15-3021,서울특별시 동작구 여의대방로22나길 90,신대방동 366-149,37.49497088,126.9228781,2011-08-24,전용주,02-820-9923,서울특별시 동작구청,2026-04-06
15-3022,서울특별시 동작구 여의대방로22나길 96,신대방동 366-154,37.4950563,126.9226094,2011-08-24,한전주,02-820-9923,서울특별시 동작구청,2026-04-06
15-3023,서울특별시 동작구 여의대방로22나길 98-1,신대방동 366-156,37.49525456,126.9226799,2011-08-24,전용주,02-820-9923,서울특별시 동작구청,2026-04-06
15-3024,서울특별시 동작구 여의대방로22나길 104,신대방동 366-164,37.49508985,126.922256,2011-08-24,한전주,02-820-9923,서울특별시 동작구청,2026-04-06
15-3025,서울특별시 동작구 여의대방로22나길104-4,신대방동 366-160,37.49526338,126.9223802,2011-08-24,한전주,02-820-9923,서울특별시 동작구청,2026-04-06
15-3026,서울특별시 동작구 여의대방로22나길 79-7,신대방동 366-207,37.49500292,126.9236555,2011-08-24,한전주,02-820-9923,서울특별시 동작구청,2026-04-06
15-3027,서울특별시 동작구 여의대방로22나길 79-10,신대방동 366-192,37.49510444,126.923907,2011-08-24,한전주,02-820-9923,서울특별시 동작구청,2026-04-06
15-3028,서울특별시 동작구 여의대방로16길 1,신대방동 385-2,37.49643535,126.9167389,2011-08-24,한전주,02-820-9923,서울특별시 동작구청,2026-04-06
15-3029,서울특별시 동작구 여의대방로16길 1,신대방동 385-2,37.49664485,126.9167641,2011-08-24,한전주,02-820-9923,서울특별시 동작구청,2026-04-06
15-3030,서울특별시 동작구 여의대방로16길 1,신대방동 385-2,37.4968904,126.9168063,2011-08-24,한전주,02-820-9923,서울특별시 동작구청,2026-04-06
15-3031,서울특별시 동작구 여의대방로16길 1,신대방동 385-2,37.49516697,126.9164322,2011-08-24,한전주,02-820-9923,서울특별시 동작구청,2026-04-06
15-3032,서울특별시 동작구 여의대방로16길 1,신대방동 385-2,37.49540353,126.9164969,2011-08-24,한전주,02-820-9923,서울특별시 동작구청,2026-04-06
15-3033,서울특별시 동작구 여의대방로16길 1,신대방동 385-2,37.49568739,126.9165673,2011-08-24,한전주,02-820-9923,서울특별시 동작구청,2026-04-06
15-3034,서울특별시 동작구 여의대방로16길 1,신대방동 385-2,37.49599457,126.9166565,2011-08-24,한전주,02-820-9923,서울특별시 동작구청,2026-04-06
15-3035,서울특별시 동작구 여의대방로16길 1,신대방동 385-2,37.49620438,126.9166946,2011-08-24,한전주,02-820-9923,서울특별시 동작구청,2026-04-06
15-3036,서울특별시 동작구 여의대방로22마길 35-6,신대방동 364-52,37.49689657,126.9225538,2011-08-24,전용주,02-820-9923,서울특별시 동작구청,2026-04-06
15-3037,서울특별시 동작구 여의대방로22아길 67,신대방동 366-17,37.49612742,126.9244289,2011-08-24,한전주,02-820-9923,서울특별시 동작구청,2026-04-06
15-3038,서울특별시 동작구 여의대방로22아길 52,신대방동 366-6,37.49580033,126.9236857,2011-08-24,한전주,02-820-9923,서울특별시 동작구청,2026-04-06
15-3039,서울특별시 동작구 여의대방로22라길 29,신대방동 366-223,37.49575737,126.923437,2011-08-24,한전주,02-820-9923,서울특별시 동작구청,2026-04-06
15-3040,서울특별시 동작구 여의대방로22아길 64-9,신대방동 366-194,37.49533218,126.9242714,2011-08-24,한전주,02-820-9923,서울특별시 동작구청,2026-04-06
15-3041,서울특별시 동작구 여의대방로22바길 16-7,신대방동 364-204,37.49702965,126.922842,2011-08-24,벽부주,02-820-9923,서울특별시 동작구청,2026-04-06
15-3042,서울특별시 동작구 여의대방로22바길 51,신대방동 360-50,37.49704811,126.9235092,2011-08-24,한전주,02-820-9923,서울특별시 동작구청,2026-04-06
15-3043,서울특별시 동작구 여의대방로22바길 57,신대방동 360-52,37.49728007,126.9234355,2011-08-24,벽부주,02-820-9923,서울특별시 동작구청,2026-04-06
15-3044,서울특별시 동작구 여의대방로22바길 62,신대방동 360-211,37.49749633,126.9234635,2011-08-24,전용주,02-820-9923,서울특별시 동작구청,2026-04-06
15-3045,서울특별시 동작구 여의대방로22아길 5,신대방동 360-22,37.49725362,126.9243402,2011-08-24,전용주,02-820-9923,서울특별시 동작구청,2026-04-06
15-3046,서울특별시 동작구 여의대방로22길 50-4,신대방동 363-1,37.49752296,126.9228585,2011-08-24,전용주,02-820-9923,서울특별시 동작구청,2026-04-06
15-3047,서울특별시 동작구 여의대방로22사길 22,신대방동 359-27,37.49724267,126.9248293,2011-08-24,통신주,02-820-9923,서울특별시 동작구청,2026-04-06
15-3048,서울특별시 동작구 여의대방로22사길 22-15,신대방동 359-18,37.49679902,126.9249739,2011-08-24,전용주,02-820-9923,서울특별시 동작구청,2026-04-06
15-3049,서울특별시 동작구 여의대방로22사길26-12,신대방동 359-19,37.4968915,126.9251802,2018-05-28,벽부주,02-820-9923,서울특별시 동작구청,2026-04-06
15-3050,서울특별시 동작구 여의대방로22사길 33,신대방동 358-7,37.49754268,126.9254933,2011-08-24,전용주,02-820-9923,서울특별시 동작구청,2026-04-06
15-3051,서울특별시 동작구 여의대방로22카길 40-1,신대방동 360-121,37.49650192,126.925415,2011-08-24,전용주,02-820-9923,서울특별시 동작구청,2026-04-06
15-3052,서울특별시 동작구 여의대방로22길 77,신대방동 355-29,37.49828994,126.924602,2011-08-24,전용주,02-820-9923,서울특별시 동작구청,2026-04-06
15-3053,서울특별시 동작구 여의대방로22길 77,신대방동 355-29,37.49826951,126.9243504,2011-08-24,전용주,02-820-9923,서울특별시 동작구청,2026-04-06
15-3054,서울특별시 동작구 여의대방로22길 77,신대방동 355-29,37.49823557,126.9241158,2011-08-24,전용주,02-820-9923,서울특별시 동작구청,2026-04-06
15-3055,서울특별시 동작구 여의대방로22길 77,신대방동 361-70,37.49816349,126.9241074,2011-08-24,한전주,02-820-9923,서울특별시 동작구청,2026-04-06
15-3056,서울특별시 동작구 여의대방로24길 40,신대방동 361-54,37.49785153,126.9224058,2020-10-30,벽부주,02-820-9923,서울특별시 동작구청,2026-04-06
15-3057,서울특별시 동작구 여의대방로24길 50,신대방동 378-10,37.49798925,126.9228778,2020-10-30,벽부주,02-820-9923,서울특별시 동작구청,2026-04-06
15-3058,서울특별시 동작구 여의대방로24길 52,신대방동 378-10,37.49809081,126.9231774,2020-10-30,벽부주,02-820-9923,서울특별시 동작구청,2026-04-06
15-3059,서울특별시 동작구 여의대방로24길 60,신대방동 378-10,37.4982217,126.9235674,2020-10-30,벽부주,02-820-9923,서울특별시 동작구청,2026-04-06
15-3060,서울특별시 동작구 여의대방로24길 66,신대방동 355-29,37.4983526,126.9239546,2020-10-30,벽부주,02-820-9923,서울특별시 동작구청,2026-04-06
15-3061,서울특별시 동작구 여의대방로22카길 39-7,신대방동 360-182,37.49647768,126.9261955,2011-08-24,전용주,02-820-9923,서울특별시 동작구청,2026-04-06
15-3062,서울특별시 동작구 여의대방로22카길 37,신대방동 360-126,37.49652705,126.9259015,2011-08-24,전용주,02-820-9923,서울특별시 동작구청,2026-04-06
15-3063,서울특별시 동작구 보라매로15길 31,신대방동 360-174,37.49674132,126.9263479,2011-08-24,한전주,02-820-9923,서울특별시 동작구청,2026-04-06
15-3064,서울특별시 동작구 보라매로15길 31-1,신대방동 344-272,37.49655663,126.9263877,2011-08-24,벽부주,02-820-9923,서울특별시 동작구청,2026-04-06
15-3065,서울특별시 동작구 보라매로15길 27,신대방동 344-243,37.49666043,126.9266816,2011-08-24,전용주,02-820-9923,서울특별시 동작구청,2026-04-06
15-3066,서울특별시 동작구 보라매로15길 29-1,신대방동 344-30,37.496523,126.9266309,2011-08-24,한전주,02-820-9923,서울특별시 동작구청,2026-04-06
15-3067,서울특별시 동작구 보라매로15길 24,신대방동 344-266,37.49683614,126.9266928,2011-08-24,벽부주,02-820-9923,서울특별시 동작구청,2026-04-06
15-3068,서울특별시 동작구 보라매로15길 20,신대방동 344-263,37.49704116,126.9267717,2011-08-24,한전주,02-820-9923,서울특별시 동작구청,2026-04-06
15-3069,서울특별시 동작구 보라매로15길 12,신대방동 360-135,37.4971923,126.9271278,2022-12-05,전용주,02-820-9923,서울특별시 동작구청,2026-04-06
15-3070,서울특별시 동작구 보라매로 83,신대방동 705-0,37.49634769,126.9272615,2011-08-24,한전주,02-820-9923,서울특별시 동작구청,2026-04-06
15-3071,서울특별시 동작구 보라매로 83,신대방동 705-0,37.49642216,126.9274763,2011-08-24,한전주,02-820-9923,서울특별시 동작구청,2026-04-06
15-3072,서울특별시 동작구 보라매로19길 16,신대방동 349-42,37.49784322,126.9270339,2011-08-24,전용주,02-820-9923,서울특별시 동작구청,2026-04-06
15-3073,서울특별시 동작구 보라매로19길 16-1,신대방동 349-25,37.49803925,126.9272385,2015-02-05,전용주,02-820-9923,서울특별시 동작구청,2026-04-06
15-3074,서울특별시 동작구 보라매로19길8,신대방동 349-17,37.49818357,126.9273897,2011-08-24,전용주,02-820-9923,서울특별시 동작구청,2026-04-06
15-3075,서울특별시 동작구 보라매로19길8,신대방동 721,37.49778929,126.9272488,2011-08-24,한전주,02-820-9923,서울특별시 동작구청,2026-04-06
15-3076,서울특별시 동작구 보라매로19길8,신대방동 721,37.49773308,126.92741,2011-08-24,한전주,02-820-9923,서울특별시 동작구청,2026-04-06
15-3077,서울특별시 동작구 보라매로19길21,신대방동 360-165,37.49785429,126.9267229,2011-08-24,한전주,02-820-9923,서울특별시 동작구청,2026-04-06
15-3078,서울특별시 동작구 보라매로19길23,신대방동 352-3,37.4979195,126.9265447,2011-08-24,한전주,02-820-9923,서울특별시 동작구청,2026-04-06
15-3079,서울특별시 동작구 보라매로19길21-2,신대방동 360-152,37.49772803,126.9265307,2011-08-24,전용주,02-820-9923,서울특별시 동작구청,2026-04-06
15-3080,서울특별시 동작구 보라매로19길 21-3,신대방동 360-150,37.49747802,126.9265564,2011-08-24,벽부주,02-820-9923,서울특별시 동작구청,2026-04-06
15-3081,서울특별시 동작구 보라매로17길37,신대방동 360-160,37.49759944,126.9262142,2011-08-24,전용주,02-820-9923,서울특별시 동작구청,2026-04-06
15-3082,서울특별시 동작구 보라매로17길31,신대방동 360-162,37.49744403,126.9262285,2011-08-24,전용주,02-820-9923,서울특별시 동작구청,2026-04-06
15-3083,서울특별시 동작구 보라매로17길 28,신대방동 360-149,37.49732694,126.9262993,2011-08-24,전용주,02-820-9923,서울특별시 동작구청,2026-04-06
15-3084,서울특별시 동작구 보라매로15길 39,신대방동 360-214,37.49681319,126.9260227,2011-08-24,한전주,02-820-9923,서울특별시 동작구청,2026-04-06
15-3085,서울특별시 동작구 보라매로15길 14,신대방동 360-136,37.49718772,126.9270034,2011-08-24,한전주,02-820-9923,서울특별시 동작구청,2026-04-06
15-3086,서울특별시 동작구 보라매로15길 3,신대방동 344-250,37.49707995,126.9275661,2012-08-07,통신주,02-820-9923,서울특별시 동작구청,2026-04-06
15-3087,서울특별시 동작구 보라매로17길 7,신대방동 344-250,37.49711361,126.9273682,2011-08-24,한전주,02-820-9923,서울특별시 동작구청,2026-04-06
15-3088,서울특별시 동작구 보라매로17길 16,신대방동 360-133,37.49733872,126.9271305,2011-08-24,통신주,02-820-9923,서울특별시 동작구청,2026-04-06
15-3089,서울특별시 동작구 보라매로17길20,신대방동 360-132,37.49747378,126.926989,2011-08-24,통신주,02-820-9923,서울특별시 동작구청,2026-04-06
15-3090,서울특별시 동작구 보라매로17길24,신대방동 360-149,37.49734738,126.9265622,2011-08-24,한전주,02-820-9923,서울특별시 동작구청,2026-04-06
15-3091,서울특별시 동작구 보라매로13길6-4,신대방동 344-78,37.49610437,126.9271797,2011-08-24,한전주,02-820-9923,서울특별시 동작구청,2026-04-06
15-3092,서울특별시 동작구 보라매로9가길20,신대방동 344-78,37.49598947,126.9271431,2011-08-24,전용주,02-820-9923,서울특별시 동작구청,2026-04-06
15-3093,서울특별시 동작구 보라매로73,신대방동 344-78,37.49595581,126.9273552,2011-08-24,전용주,02-820-9923,서울특별시 동작구청,2026-04-06
15-3094,서울특별시 동작구 보라매로13길 18,신대방동 344-78,37.49622126,126.9267951,2011-08-24,한전주,02-820-9923,서울특별시 동작구청,2026-04-06
15-3095,서울특별시 동작구 보라매로13길24,신대방동 344-78,37.49626391,126.9265463,2011-08-24,한전주,02-820-9923,서울특별시 동작구청,2026-04-06
15-3096,서울특별시 동작구 보라매로9나길 21,신대방동 344-75,37.49598021,126.9267388,2011-08-24,한전주,02-820-9923,서울특별시 동작구청,2026-04-06
15-3097,서울특별시 동작구 보라매로9나길16,신대방동 366-40,37.49572113,126.9266797,2011-08-24,한전주,02-820-9923,서울특별시 동작구청,2026-04-06
15-3098,서울특별시 동작구 보라매로9가길16,신대방동 344-78,37.49560874,126.927053,2011-08-24,한전주,02-820-9923,서울특별시 동작구청,2026-04-06
15-3099,서울특별시 동작구 보라매로11길14,신대방동 366-40,37.49544176,126.9265895,2011-08-24,한전주,02-820-9923,서울특별시 동작구청,2026-04-06
15-3100,서울특별시 동작구 보라매로11길 17,신대방동 366-264,37.49558799,126.9262954,2011-08-24,전용주,02-820-9923,서울특별시 동작구청,2026-04-06
15-3101,서울특별시 동작구 보라매로9나길3-4,신대방동 366-167,37.4954056,126.9263888,2011-08-24,한전주,02-820-9923,서울특별시 동작구청,2026-04-06
15-3102,서울특별시 동작구 보라매로11길 5,신대방동 344-78,37.49534738,126.9269402,2011-08-24,한전주,02-820-9923,서울특별시 동작구청,2026-04-06
15-3103,서울특별시 동작구 보라매로9가길2,신대방동 344-78,37.49520322,126.9269488,2011-08-24,전용주,02-820-9923,서울특별시 동작구청,2026-04-06
15-3104,서울특별시 동작구 보라매로9길4,신대방동 344-92,37.49497117,126.9268868,2011-08-24,통신주,02-820-9923,서울특별시 동작구청,2026-04-06
15-3105,서울특별시 동작구 보라매로9길5,신대방동 344-104,37.49483148,126.9268361,2011-08-24,전용주,02-820-9923,서울특별시 동작구청,2026-04-06
15-3107,서울특별시 동작구 보라매로9길10,신대방동 344-196,37.49499132,126.9266861,2011-08-24,통신주,02-820-9923,서울특별시 동작구청,2026-04-06
15-3108,서울특별시 동작구 보라매로9나길4,신대방동 344-89,37.4950881,126.9265672,2015-02-05,전용주,02-820-9923,서울특별시 동작구청,2026-04-06
15-3109,서울특별시 동작구 보라매로9나길3-5,신대방동 344-84,37.49524118,126.9264144,,전용주,02-820-9923,서울특별시 동작구청,2026-04-06
15-3110,서울특별시 동작구 보라매로9길19-2,신대방동 366-196,37.4958584,126.9264619,2011-08-24,통신주,02-820-9923,서울특별시 동작구청,2026-04-06
15-3111,서울특별시 동작구 보라매로17길22,신대방동 360-137,37.49732208,126.9268265,2011-08-24,전용주,02-820-9923,서울특별시 동작구청,2026-04-06
15-3112,서울특별시 동작구 보라매로9길 12,신대방동 344-88,37.49502272,126.9264655,2011-08-24,통신주,02-820-9923,서울특별시 동작구청,2026-04-06
15-3113,서울특별시 동작구 보라매로9길18,신대방동 366-48,37.49510586,126.9261432,2011-08-24,전용주,02-820-9923,서울특별시 동작구청,2026-04-06
15-3114,서울특별시 동작구 보라매로9길19,신대방동 366-67,37.49507196,126.9259594,2011-08-24,전용주,02-820-9923,서울특별시 동작구청,2026-04-06
15-3115,서울특별시 동작구 보라매로9길20,신대방동 366-48,37.49513955,126.9259876,2011-08-24,전용주,02-820-9923,서울특별시 동작구청,2026-04-06
15-3116,서울특별시 동작구 보라매로9길50,신대방동 366-67,37.49490513,126.9257391,2011-08-24,한전주,02-820-9923,서울특별시 동작구청,2026-04-06
15-3117,서울특별시 동작구 보라매로9길46,신대방동 366-67,37.49487802,126.9256034,2011-08-24,한전주,02-820-9923,서울특별시 동작구청,2026-04-06
15-3118,서울특별시 동작구 보라매로9길42,신대방동 366-63,37.49494767,126.9253291,2011-08-24,한전주,02-820-9923,서울특별시 동작구청,2026-04-06
15-3119,서울특별시 동작구 보라매로9길39,신대방동 366-67,37.49510754,126.9252244,2011-08-24,한전주,02-820-9923,서울특별시 동작구청,2026-04-06
15-3120,서울특별시 동작구 보라매로9길 40,신대방동 366-67,37.4950737,126.9251452,2011-08-24,한전주,02-820-9923,서울특별시 동작구청,2026-04-06
15-3121,서울특별시 동작구 보라매로9길32,신대방동 366-44,37.49519336,126.925589,2011-08-24,전용주,02-820-9923,서울특별시 동작구청,2026-04-06
15-3122,서울특별시 동작구 보라매로9길 38,신대방동 366-41,37.49515926,126.9250999,2019-12-19,벽부주,02-820-9923,서울특별시 동작구청,2026-04-06
15-3123,서울특별시 동작구 보라매로9길24,신대방동 366-47,37.49522961,126.9259254,2011-08-24,벽부주,02-820-9923,서울특별시 동작구청,2026-04-06
15-3124,서울특별시 동작구 보라매로9다길4,신대방동 344-120,37.49477713,126.9263583,2011-08-24,한전주,02-820-9923,서울특별시 동작구청,2026-04-06
15-3125,서울특별시 동작구 보라매로9다길6-4,신대방동 344-122,37.49487159,126.9261293,2011-08-24,전용주,02-820-9923,서울특별시 동작구청,2026-04-06
15-3126,서울특별시 동작구 보라매로9라길6,신대방동 344-128,37.49464402,126.9260249,2011-08-24,한전주,02-820-9923,서울특별시 동작구청,2026-04-06
15-3127,서울특별시 동작구 보라매로9라길10,신대방동 344-165,37.49472492,126.9257138,2011-08-24,한전주,02-820-9923,서울특별시 동작구청,2026-04-06
15-3128,서울특별시 동작구 보라매로9라길15,신대방동 344-163,37.49443206,126.9256661,2011-08-24,전용주,02-820-9923,서울특별시 동작구청,2026-04-06
15-3129,서울특별시 동작구 보라매로9라길20,신대방동 344-168,37.49433513,126.9255616,2011-08-24,한전주,02-820-9923,서울특별시 동작구청,2026-04-06
15-3130,서울특별시 동작구 보라매로9라길23,신대방동 344-194,37.49408959,126.9255279,2018-12-17,벽부주,02-820-9923,서울특별시 동작구청,2026-04-06
15-3131,서울특별시 동작구 보라매로9라길25,신대방동 344-171,37.49398594,126.9254743,2011-08-24,한전주,02-820-9923,서울특별시 동작구청,2026-04-06
15-3132,서울특별시 동작구 보라매로9라길 29,신대방동 344-157,37.49393427,126.9256892,2011-08-24,벽부주,02-820-9923,서울특별시 동작구청,2026-04-06
15-3133,서울특별시 동작구 보라매로7가길 24,신대방동 344-147,37.4942858,126.9259065,2011-08-24,한전주,02-820-9923,서울특별시 동작구청,2026-04-06
15-3134,서울특별시 동작구 보라매로7가길13,신대방동 344-194,37.49395458,126.9257598,2011-08-24,한전주,02-820-9923,서울특별시 동작구청,2026-04-06
15-3135,서울특별시 동작구 보라매로7가길 12,신대방동 344-140,37.49389167,126.9260115,2011-08-24,한전주,02-820-9923,서울특별시 동작구청,2026-04-06
15-3136,서울특별시 동작구 보라매로7가길5-3,신대방동 344-194,37.49357869,126.9261956,2011-08-24,벽부주,02-820-9923,서울특별시 동작구청,2026-04-06
15-3137,서울특별시 동작구 보라매로7가길9,신대방동 344-194,37.49386697,126.9261274,2018-07-02,전용주,02-820-9923,서울특별시 동작구청,2026-04-06
15-3138,서울특별시 동작구 보라매로7가길3,신대방동 344-194,37.49382202,126.9262858,2011-08-24,한전주,02-820-9923,서울특별시 동작구청,2026-04-06
15-3139,서울특별시 동작구 보라매로7가길 6-5,신대방동 344-282,37.494196,126.92639,2011-08-24,벽부주,02-820-9923,서울특별시 동작구청,2026-04-06
15-3140,서울특별시 동작구 보라매로7가길6-8,신대방동 344-281,37.49431766,126.9264351,2011-08-24,벽부주,02-820-9923,서울특별시 동작구청,2026-04-06
15-3141,서울특별시 동작구 보라매로7길12,신대방동 344-132옆,37.49418949,126.9267858,2011-08-24,한전주,02-820-9923,서울특별시 동작구청,2026-04-06
15-3142,서울특별시 동작구 보라매로9길3-3,신대방동 344-276,37.49453411,126.92676,2011-08-24,전용주,02-820-9923,서울특별시 동작구청,2026-04-06
15-3143,서울특별시 동작구 보라매로9다길5-1,신대방동 344-106,37.49472324,126.9266383,,한전주,02-820-9923,서울특별시 동작구청,2026-04-06
15-3144,서울특별시 동작구 보라매로9다길19,신대방동 344-285,37.49416658,126.9261724,2011-08-24,벽부주,02-820-9923,서울특별시 동작구청,2026-04-06
15-3145,서울특별시 동작구 보라매로9다길12,신대방동 344-144,37.49450225,126.9262427,2011-08-24,한전주,02-820-9923,서울특별시 동작구청,2026-04-06
15-3146,서울특별시 동작구 여의대방로22카길 42,신대방동 360-131,37.49648637,126.925698,2011-08-24,한전주,02-820-9923,서울특별시 동작구청,2026-04-06
15-3147,서울특별시 동작구 여의대방로22카길 50,신대방동 366-18,37.49619584,126.9257576,2011-08-24,한전주,02-820-9923,서울특별시 동작구청,2026-04-06
15-3148,서울특별시 동작구 여의대방로22카길47,신대방동 360-101,37.49614873,126.9260686,2011-08-24,전용주,02-820-9923,서울특별시 동작구청,2026-04-06
15-3149,서울특별시 동작구 여의대방로22카길 51,신대방동 366-18,37.49609003,126.9258567,2011-08-24,전용주,02-820-9923,서울특별시 동작구청,2026-04-06
15-3150,서울특별시 동작구 여의대방로22차길 10,신대방동 366-20,37.49617309,126.9254127,2011-08-24,한전주,02-820-9923,서울특별시 동작구청,2026-04-06
15-3151,서울특별시 동작구 여의대방로22차길 8-1,신대방동 366-21,37.49596137,126.9254242,2011-08-24,벽부주,02-820-9923,서울특별시 동작구청,2026-04-06
15-3152,서울특별시 동작구 여의대방로22차길 4-3,신대방동 366-25,37.49602191,126.9249973,2011-08-24,전용주,02-820-9923,서울특별시 동작구청,2026-04-06
15-3153,서울특별시 동작구 여의대방로22아길 39,신대방동 360-38,37.4961047,126.9241208,2011-08-24,한전주,02-820-9923,서울특별시 동작구청,2026-04-06
15-3154,서울특별시 동작구 여의대방로22차길 4,신대방동 366-30,37.49613891,126.9247908,2011-08-24,한전주,02-820-9923,서울특별시 동작구청,2026-04-06
15-3155,서울특별시 동작구 여의대방로22차길1,신대방동 366-69,37.49620854,126.9244769,,전용주,02-820-9923,서울특별시 동작구청,2026-04-06
15-3156,서울특별시 동작구 여의대방로22아길 47,신대방동 366-5,37.49607066,126.9237364,2011-08-24,한전주,02-820-9923,서울특별시 동작구청,2026-04-06
15-3157,서울특별시 동작구 여의대방로22아길 52,신대방동 366-6,37.49598728,126.9236714,2011-08-24,벽부주,02-820-9923,서울특별시 동작구청,2026-04-06
15-3158,서울특별시 동작구 여의대방로22아길57,신대방동 366-7,37.49570363,126.9239431,2011-08-24,전용주,02-820-9923,서울특별시 동작구청,2026-04-06
15-3159,서울특별시 동작구 여의대방로22아길 70,신대방동 366-181,37.49566106,126.9242881,2011-08-24,한전주,02-820-9923,서울특별시 동작구청,2026-04-06
15-3160,서울특별시 동작구 여의대방로22아길64-6,신대방동 366-185,37.49540871,126.9241809,2018-06-20,전용주,02-820-9923,서울특별시 동작구청,2026-04-06
15-3161,서울특별시 동작구 여의대방로22차길2-1,신대방동 366-31,37.4960171,126.9245195,2011-08-24,전용주,02-820-9923,서울특별시 동작구청,2026-04-06
15-3162,서울특별시 동작구 여의대방로22아길71,신대방동 366-32,37.49587295,126.9245253,2011-08-24,전용주,02-820-9923,서울특별시 동작구청,2026-04-06
15-3163,서울특별시 동작구 여의대방로22아길 72,신대방동 366-71,37.49569057,126.9246499,2011-08-24,한전주,02-820-9923,서울특별시 동작구청,2026-04-06
15-3164,서울특별시 동작구 여의대방로22아길 70-9,신대방동 366-258,37.49535049,126.9247209,2011-08-24,한전주,02-820-9923,서울특별시 동작구청,2026-04-06
15-3165,서울특별시 동작구 여의대방로22아길 77,신대방동 366-27,37.49579445,126.9250654,2011-08-24,한전주,02-820-9923,서울특별시 동작구청,2026-04-06
15-3166,서울특별시 동작구 여의대방로22아길 70-8,신대방동 366-259,37.4955396,126.9245624,2011-08-24,한전주,02-820-9923,서울특별시 동작구청,2026-04-06
15-3167,서울특별시 동작구 여의대방로22카길 84,신대방동 366-71,37.49560303,126.9251278,2011-08-24,한전주,02-820-9923,서울특별시 동작구청,2026-04-06
15-3168,서울특별시 동작구 여의대방로22카길 81,신대방동 366-176,37.49527865,126.9251111,2011-08-24,한전주,02-820-9923,서울특별시 동작구청,2026-04-06
15-3169,서울특별시 동작구 여의대방로22카길 76,신대방동 366-250,37.49535993,126.9254107,2022-02-15,벽부주,02-820-9923,서울특별시 동작구청,2026-04-06
15-3170,서울특별시 동작구 여의대방로22카길 70,신대방동 366-172,37.49528571,126.9255804,2011-08-24,한전주,02-820-9923,서울특별시 동작구청,2026-04-06
15-3171,서울특별시 동작구 여의대방로22카길 70,신대방동 366-172,37.49529482,126.9257387,2011-08-24,통신주,02-820-9923,서울특별시 동작구청,2026-04-06
15-3172,서울특별시 동작구 여의대방로22카길  65,신대방동 366-120,37.49531971,126.9259196,2013-03-22,전용주,02-820-9923,서울특별시 동작구청,2026-04-06
15-3173,서울특별시 동작구 보라매로11길25,신대방동 366-89,37.49560129,126.925942,2011-08-24,통신주,02-820-9923,서울특별시 동작구청,2026-04-06
15-3174,서울특별시 동작구 여의대방로22카길 60,신대방동 366-71,37.49574088,126.9258457,2011-08-24,한전주,02-820-9923,서울특별시 동작구청,2026-04-06
15-3175,서울특별시 동작구 여의대방로22아길 88,신대방동 366-71,37.49569789,126.9255291,2011-08-24,한전주,02-820-9923,서울특별시 동작구청,2026-04-06
15-3176,서울특별시 동작구 여의대방로22카길55,신대방동 366-88,37.49593463,126.9258936,2011-08-24,전용주,02-820-9923,서울특별시 동작구청,2026-04-06
15-3177,서울특별시 동작구 여의대방로22바길 62,신대방동 360-211,37.49759994,126.9234606,2011-08-24,벽부주,02-820-9923,서울특별시 동작구청,2026-04-06
15-3178,서울특별시 동작구 여의대방로22사길 2-4,신대방동 360-41,37.49750781,126.9237971,2011-08-24,벽부주,02-820-9923,서울특별시 동작구청,2026-04-06
15-3179,서울특별시 동작구 여의대방로22카길 64,신대방동 366-243,37.49544581,126.9258601,2022-02-16,벽부주,02-820-9923,서울특별시 동작구청,2026-04-06
15-3180,서울특별시 동작구 여의대방로22사길 2,신대방동 360-223,37.49760032,126.9240486,2011-08-24,한전주,02-820-9923,서울특별시 동작구청,2026-04-06
15-3181,서울특별시 동작구 여의대방로22길 78,신대방동 360-223,37.49759598,126.9243031,2011-08-24,한전주,02-820-9923,서울특별시 동작구청,2026-04-06
15-3182,서울특별시 동작구 여의대방로22아길 4,신대방동 360-61,37.49746529,126.9242325,2012-08-07,벽부주,02-820-9923,서울특별시 동작구청,2026-04-06
15-3183,서울특별시 동작구 여의대방로22자길1,신대방동 360-24,37.49712975,126.9243686,2011-08-24,벽부주,02-820-9923,서울특별시 동작구청,2026-04-06
15-3184,서울특별시 동작구 여의대방로22사길 2-11,신대방동 360-35,37.49721278,126.9238794,2011-08-24,한전주,02-820-9923,서울특별시 동작구청,2026-04-06
15-3185,서울특별시 동작구 여의대방로22사길 2-11,신대방동 360-35,37.49712043,126.9238851,2011-08-24,한전주,02-820-9923,서울특별시 동작구청,2026-04-06
15-3186,서울특별시 동작구 여의대방로22아길 15,신대방동 360-65,37.49694443,126.9244995,2017-05-10,전용주,02-820-9923,서울특별시 동작구청,2026-04-06
15-3187,서울특별시 동작구 여의대방로22아길 17,신대방동 360-66,37.49676493,126.9245075,2011-08-24,벽부주,02-820-9923,서울특별시 동작구청,2026-04-06
15-3188,서울특별시 동작구 여의대방로22카길 36,신대방동 360-119,37.49671161,126.9256695,2011-08-24,한전주,02-820-9923,서울특별시 동작구청,2026-04-06
15-3189,서울특별시 동작구 여의대방로22카길 34,신대방동 360-115,37.49689858,126.9256891,2011-08-24,한전주,02-820-9923,서울특별시 동작구청,2026-04-06
15-3190,서울특별시 동작구 여의대방로22카길 28,신대방동 360-112,37.49706079,126.9257398,2017-05-10,한전주,02-820-9923,서울특별시 동작구청,2026-04-06
15-3191,서울특별시 동작구 여의대방로22카길29옆,신대방동 360-62,37.49715998,126.9258584,2018-08-13,통신주,02-820-9923,서울특별시 동작구청,2026-04-06
15-3192,서울특별시 동작구 여의대방로22카길 23-6,신대방동 360-169,37.49708807,126.9261384,2011-08-24,한전주,02-820-9923,서울특별시 동작구청,2026-04-06
15-3193,서울특별시 동작구 여의대방로22카길 23-9,신대방동 360-166,37.49707467,126.926325,2011-08-24,전용주,02-820-9923,서울특별시 동작구청,2026-04-06
15-3194,서울특별시 동작구 여의대방로22카길 22,신대방동 360-111,37.49720273,126.9257792,2011-08-24,한전주,02-820-9923,서울특별시 동작구청,2026-04-06
15-3195,서울특별시 동작구 여의대방로22카길 21,신대방동 360-125,37.49730865,126.9258639,2011-08-24,통신주,02-820-9923,서울특별시 동작구청,2026-04-06
15-3196,서울특별시 동작구 여의대방로22카길 21,신대방동 360-105,37.49743929,126.9258638,2011-08-24,벽부주,02-820-9923,서울특별시 동작구청,2026-04-06
15-3197,서울특별시 동작구 여의대방로22카길 17,신대방동 360-104,37.49760373,126.9258721,2011-08-24,전용주,02-820-9923,서울특별시 동작구청,2026-04-06
15-3198,서울특별시 동작구 여의대방로22카길 11,신대방동 360-106,37.49777729,126.9260557,2011-08-24,전용주,02-820-9923,서울특별시 동작구청,2026-04-06
15-3199,서울특별시 동작구 여의대방로22카길 7,신대방동 357-4,37.49789903,126.9262252,2011-08-24,한전주,02-820-9923,서울특별시 동작구청,2026-04-06
15-3200,서울특별시 동작구 여의대방로22카길 12,신대방동 358-6,37.49776367,126.9258805,2011-08-24,한전주,02-820-9923,서울특별시 동작구청,2026-04-06
15-3201,서울특별시 동작구 여의대방로22사길 37,신대방동 358-4,37.49769823,126.9257052,2017-05-10,전용주,02-820-9923,서울특별시 동작구청,2026-04-06
15-3202,서울특별시 동작구 여의대방로22사길 31,신대방동 358-8,37.4974592,126.9252842,2011-08-24,한전주,02-820-9923,서울특별시 동작구청,2026-04-06
15-3203,서울특별시 동작구 여의대방로22사길 27,신대방동 360-234,37.49742305,126.9251146,2011-08-24,한전주,02-820-9923,서울특별시 동작구청,2026-04-06
15-3204,서울특별시 동작구 여의대방로22사길30,신대방동 360-106,37.49736913,126.9253324,2011-08-24,전용주,02-820-9923,서울특별시 동작구청,2026-04-06
15-3205,서울특별시 동작구 여의대방로22사길30-9,신대방동 360-204,37.49713716,126.9253891,2021-09-03,벽부주,02-820-9923,서울특별시 동작구청,2026-04-06
15-3206,서울특별시 동작구 여의대방로22사길30-11,신대방동 360-204,37.49693666,126.9253554,2011-08-24,전용주,02-820-9923,서울특별시 동작구청,2026-04-06
15-3208,서울특별시 동작구 여의대방로22사길 24,신대방동 359-9,37.49737788,126.9249224,2011-08-24,한전주,02-820-9923,서울특별시 동작구청,2026-04-06
15-3209,서울특별시 동작구 여의대방로22사길22-7,신대방동 359-17,37.49699045,126.9249341,2011-08-24,한전주,02-820-9923,서울특별시 동작구청,2026-04-06
15-3210,서울특별시 동작구 여의대방로22사길 18,신대방동 360-227,37.49733939,126.9246171,2011-08-24,한전주,02-820-9923,서울특별시 동작구청,2026-04-06
15-3211,서울특별시 동작구 여의대방로22사길 15,신대방동 360-99,37.49745873,126.9245463,2011-08-24,전용주,02-820-9923,서울특별시 동작구청,2026-04-06
15-3212,서울특별시 동작구 여의대방로22자길3,신대방동 360-228,37.49701056,126.924674,2011-08-24,한전주,02-820-9923,서울특별시 동작구청,2026-04-06
15-3213,서울특별시 동작구 여의대방로22자길 10,신대방동 360-236,37.49687994,126.9247109,,전용주,02-820-9923,서울특별시 동작구청,2026-04-06
15-3214,서울특별시 동작구 여의대방로22자길6-4,신대방동 360-15,37.49667272,126.9247252,2011-08-24,한전주,02-820-9923,서울특별시 동작구청,2026-04-06
15-3215,서울특별시 동작구 여의대방로22자길6-7,신대방동 360-14,37.49644525,126.9247905,2011-08-24,한전주,02-820-9923,서울특별시 동작구청,2026-04-06
15-3216,서울특별시 동작구 여의대방로22자길8,신대방동 360-233,37.49672908,126.9248072,,전용주,02-820-9923,서울특별시 동작구청,2026-04-06
15-3217,서울특별시 동작구 여의대방로22자길9,신대방동 360-9,37.49669321,126.9250673,2011-08-24,한전주,02-820-9923,서울특별시 동작구청,2026-04-06
15-3218,서울특별시 동작구 여의대방로22자길13,신대방동 360-9,37.49635987,126.9251284,2011-08-24,통신주,02-820-9923,서울특별시 동작구청,2026-04-06
15-3219,서울특별시 동작구 여의대방로22차길 7-1,신대방동 366-17,37.49616619,126.9251866,2017-06-01,전용주,02-820-9923,서울특별시 동작구청,2026-04-06
15-3220,서울특별시 동작구 여의대방로24차길 32,신대방동 353-3,37.49873989,126.9272987,2011-08-24,한전주,02-820-9923,서울특별시 동작구청,2026-04-06
15-3222,서울특별시 동작구 여의대방로24길 140,신대방동 347-31,37.49899238,126.9276378,2011-08-24,한전주,02-820-9923,서울특별시 동작구청,2026-04-06
15-3223,서울특별시 동작구 보라매로17길 10,신대방동 344-197,37.49726232,126.9274444,2011-08-24,한전주,02-820-9923,서울특별시 동작구청,2026-04-06
15-3224,서울특별시 동작구 여의대방로22아길 22,신대방동 360-74,37.4964833,126.9244031,2011-08-24,한전주,02-820-9923,서울특별시 동작구청,2026-04-06
15-3225,서울특별시 동작구 여의대방로22아길 22,신대방동 360-69,37.49663646,126.9243832,2017-05-10,전용주,02-820-9923,서울특별시 동작구청,2026-04-06
15-3226,서울특별시 동작구 여의대방로22아길 22,신대방동 360-65,37.4969202,126.9242642,2011-08-24,한전주,02-820-9923,서울특별시 동작구청,2026-04-06
15-3227,서울특별시 동작구 여의대방로22아길 22,신대방동 360-61,37.49692458,126.9240776,2017-05-10,전용주,02-820-9923,서울특별시 동작구청,2026-04-06
15-3228,서울특별시 동작구 여의대방로22아길 22,신대방동 360-36,37.49690419,126.9238882,2011-08-24,한전주,02-820-9923,서울특별시 동작구청,2026-04-06
15-3229,서울특별시 동작구 여의대방로22아길 22,신대방동 360-61,37.4968996,126.9237497,2015-02-05,한전주,02-820-9923,서울특별시 동작구청,2026-04-06
15-3230,서울특별시 동작구 여의대방로22바길 45,신대방동 360-82,37.49687916,126.9234924,2011-08-24,한전주,02-820-9923,서울특별시 동작구청,2026-04-06
15-3231,서울특별시 동작구 여의대방로22바길 13,신대방동 360-60,37.496951,126.9231248,2011-08-24,전용주,02-820-9923,서울특별시 동작구청,2026-04-06
15-3232,서울특별시 동작구 여의대방로22바길 8,신대방동 364-81,37.49729107,126.9230425,2011-08-24,한전주,02-820-9923,서울특별시 동작구청,2026-04-06
15-3233,서울특별시 동작구 여의대방로22바길 11,신대방동 360-59,37.49715149,126.9231444,2011-08-24,전용주,02-820-9923,서울특별시 동작구청,2026-04-06
15-3234,서울특별시 동작구 여의대방로22바길 4,신대방동 360-61,37.49746001,126.9230423,2011-08-24,한전주,02-820-9923,서울특별시 동작구청,2026-04-06
15-3235,서울특별시 동작구 여의대방로22바길 63,신대방동 360-55,37.49759535,126.9233277,2011-08-24,전용주,02-820-9923,서울특별시 동작구청,2026-04-06
15-3236,서울특별시 동작구 여의대방로22길 60,신대방동 360-230,37.49769879,126.9230618,2011-08-24,한전주,02-820-9923,서울특별시 동작구청,2026-04-06
15-3237,서울특별시 동작구 여의대방로22바길 15,신대방동 360-83,37.49685867,126.9231617,2011-08-24,한전주,02-820-9923,서울특별시 동작구청,2026-04-06
15-3238,서울특별시 동작구 여의대방로22바길 24,신대방동 360-84,37.49664244,126.9231732,2011-08-24,한전주,02-820-9923,서울특별시 동작구청,2026-04-06
15-3239,서울특별시 동작구 여의대방로22바길 31,신대방동 360-91,37.49637215,126.9232017,2011-08-24,한전주,02-820-9923,서울특별시 동작구청,2026-04-06
15-3240,서울특별시 동작구 여의대방로22바길 30,신대방동 360-90,37.49629789,126.9233064,2011-08-24,한전주,02-820-9923,서울특별시 동작구청,2026-04-06
15-3241,서울특별시 동작구 여의대방로22바길 30,신대방동 360-90,37.49632285,126.9235891,2011-08-24,한전주,02-820-9923,서울특별시 동작구청,2026-04-06
15-3242,서울특별시 동작구 여의대방로22바길 36,신대방동 360-81,37.49646476,126.9235974,2011-08-24,한전주,02-820-9923,서울특별시 동작구청,2026-04-06
15-3243,서울특별시 동작구 여의대방로22바길 41,신대방동 360-79,37.49663819,126.9235718,2011-08-24,벽부주,02-820-9923,서울특별시 동작구청,2026-04-06
15-3244,서울특별시 동작구 여의대방로22마길 48,신대방동 364-139,37.49643276,126.9228822,2011-08-24,전용주,02-820-9923,서울특별시 동작구청,2026-04-06
15-3245,서울특별시 동작구 여의대방로22마길 44,신대방동 364-140,37.49650475,126.922738,2011-08-24,한전주,02-820-9923,서울특별시 동작구청,2026-04-06
15-3246,서울특별시 동작구 여의대방로22마길 41,신대방동 364-193,37.49662407,126.9226389,2011-08-24,전용주,02-820-9923,서울특별시 동작구청,2026-04-06
15-3247,서울특별시 동작구 여의대방로22마길 37,신대방동 364-170,37.49673655,126.9224182,2011-08-24,한전주,02-820-9923,서울특별시 동작구청,2026-04-06
15-3248,서울특별시 동작구 여의대방로22나길 43-8,신대방동 364-143,37.49651344,126.9222602,2011-08-24,한전주,02-820-9923,서울특별시 동작구청,2026-04-06
15-3249,서울특별시 동작구 여의대방로22자길11,신대방동 360-7,37.49657161,126.925124,2020-08-06,벽부주,02-820-9923,서울특별시 동작구청,2026-04-06
15-3249(15-3004 부착),서울특별시 동작구 여의대방로22나길41,신대방동 364-150,37.4963353,126.9219578,2011-08-24,한전주,02-820-9923,서울특별시 동작구청,2026-04-06
15-3250,서울특별시 동작구 여의대방로22나길47앞,신대방동 364-33,37.49622501,126.9220852,2011-08-24,한전주,02-820-9923,서울특별시 동작구청,2026-04-06
15-3251,서울특별시 동작구 여의대방로22나길 43,신대방동 364-55,37.49614852,126.9222379,2021-07-12,한전주,02-820-9923,서울특별시 동작구청,2026-04-06
15-3252,서울특별시 동작구 여의대방로22길 40,신대방동 364-55,37.49604498,126.9223483,2011-08-24,전용주,02-820-9923,서울특별시 동작구청,2026-04-06
15-3253,서울특별시 동작구 여의대방로22나길 47,신대방동 364-55,37.49595046,126.9224841,2011-08-24,전용주,02-820-9923,서울특별시 동작구청,2026-04-06
15-3255,서울특별시 동작구 여의대방로22나길62,신대방동 364-33,37.49568707,126.922719,2011-08-24,전용주,02-820-9923,서울특별시 동작구청,2026-04-06
15-3256,서울특별시 동작구 여의대방로22라길 9,신대방동 366-227,37.49551586,126.9226937,2011-08-24,한전주,02-820-9923,서울특별시 동작구청,2026-04-06
15-3257,서울특별시 동작구 여의대방로22나길 98-1,신대방동 366-156,37.49537398,126.9227306,2011-08-24,전용주,02-820-9923,서울특별시 동작구청,2026-04-06
15-3258,서울특별시 동작구 여의대방로22라길12,신대방동 366-227,37.4952525,126.9229654,2011-08-24,한전주,02-820-9923,서울특별시 동작구청,2026-04-06
15-3259,서울특별시 동작구 여의대방로22라길14,신대방동 366-227,37.49518502,126.9231153,2011-08-24,한전주,02-820-9923,서울특별시 동작구청,2026-04-06
15-3260,서울특별시 동작구 여의대방로22나길40,신대방동 364-33,37.4958311,126.9225153,2018-06-19,한전주,02-820-9923,서울특별시 동작구청,2026-04-06
15-3261,서울특별시 동작구 여의대방로22아길54,신대방동 366-222,37.49568771,126.9236972,2011-08-24,한전주,02-820-9923,서울특별시 동작구청,2026-04-06
15-3262,서울특별시 동작구 여의대방로22라길28,신대방동 366-134,37.4954511,126.9235532,2011-08-24,전용주,02-820-9923,서울특별시 동작구청,2026-04-06
15-3264,서울특별시 동작구 여의대방로22라길25,신대방동 366-201,37.49548253,126.9233864,2022-11-01,벽부주,02-820-9923,서울특별시 동작구청,2026-04-06
15-3265,서울특별시 동작구 여의대방로22라길23,신대방동 366-132,37.49534512,126.9233724,2011-08-24,한전주,02-820-9923,서울특별시 동작구청,2026-04-06
15-3266,서울특별시 동작구 여의대방로22나길74,신대방동 366-132,37.49529327,126.9233103,2011-08-24,한전주,02-820-9923,서울특별시 동작구청,2026-04-06
15-3267,서울특별시 동작구 여의대방로22나길78,신대방동 산 118-92,37.49509064,126.9234688,2011-08-24,한전주,02-820-9923,서울특별시 동작구청,2026-04-06
15-3268,서울특별시 동작구 여의대방로22나길 82,신대방동 산 118-92,37.49503426,126.9233614,2011-08-24,전용주,02-820-9923,서울특별시 동작구청,2026-04-06
15-3269,서울특별시 동작구 여의대방로22나길86,신대방동 산 118-92,37.49492597,126.9230958,2011-08-24,한전주,02-820-9923,서울특별시 동작구청,2026-04-06
15-3270,서울특별시 동작구 여의대방로22나길 104-6,신대방동 366-162,37.49536929,126.9224479,2022-11-01,벽부주,02-820-9923,서울특별시 동작구청,2026-04-06
15-3271,서울특별시 동작구 여의대방로22나길70,신대방동 364-227,37.49546655,126.9230641,2011-08-24,전용주,02-820-9923,서울특별시 동작구청,2026-04-06
15-3272,서울특별시 동작구 여의대방로22나길66,신대방동 364-227,37.49554981,126.9229312,2011-08-24,한전주,02-820-9923,서울특별시 동작구청,2026-04-06
15-3273,서울특별시 동작구 여의대방로22나길63,신대방동 364-60,37.49565791,126.9228971,2011-08-24,한전주,02-820-9923,서울특별시 동작구청,2026-04-06
15-3274,서울특별시 동작구 여의대방로22나길61-7,신대방동 364-68,37.49589906,126.9230976,2011-08-24,벽부주,02-820-9923,서울특별시 동작구청,2026-04-06
15-3275,서울특별시 동작구 여의대방로22나길 37,신대방동 364-44,37.49648607,126.9217428,2011-08-24,한전주,02-820-9923,서울특별시 동작구청,2026-04-06
15-3276,서울특별시 동작구 여의대방로22나길 31-4,신대방동 364-37,37.49671358,126.9217511,2018-06-26,전용주,02-820-9923,서울특별시 동작구청,2026-04-06
15-3277,서울특별시 동작구 여의대방로22나길31-7,신대방동 364-191,37.49685549,126.9217481,2011-08-24,벽부주,02-820-9923,서울특별시 동작구청,2026-04-06
15-3278,서울특별시 동작구 여의대방로22나길31-11,신대방동 364-194,37.4969794,126.9217762,2011-08-24,전용주,02-820-9923,서울특별시 동작구청,2026-04-06
15-3279,서울특별시 동작구 여의대방로22나길31,신대방동 364-32,37.49665261,126.9215165,2011-08-24,벽부주,02-820-9923,서울특별시 동작구청,2026-04-06
15-3280,서울특별시 동작구 여의대방로22나길25,신대방동 367-102,37.49678988,126.9213184,2011-08-24,한전주,02-820-9923,서울특별시 동작구청,2026-04-06
15-3281,서울특별시 동작구 여의대방로22다길4,신대방동 365-6,37.49666365,126.9211857,2011-08-24,한전주,02-820-9923,서울특별시 동작구청,2026-04-06
15-3282,서울특별시 동작구 여의대방로22다길6-1,신대방동 365-17,37.49666573,126.9209228,2011-08-24,한전주,02-820-9923,서울특별시 동작구청,2026-04-06
15-3283,서울특별시 동작구 여의대방로22다길 8,신대방동 367-37,37.49650365,126.9210784,2011-08-24,한전주,02-820-9923,서울특별시 동작구청,2026-04-06
15-3284,서울특별시 동작구 여의대방로22다길 24,신대방동 366-94,37.49614769,126.920977,2011-08-24,한전주,02-820-9923,서울특별시 동작구청,2026-04-06
15-3285,서울특별시 동작구 여의대방로22나길23,신대방동 367-83,37.49686192,126.9212505,2018-08-10,통신주,02-820-9923,서울특별시 동작구청,2026-04-06
15-3286,서울특별시 동작구 여의대방로22나길23-3,신대방동 364-234,37.49695884,126.921355,2011-08-24,벽부주,02-820-9923,서울특별시 동작구청,2026-04-06
15-3287,서울특별시 동작구 여의대방로22나길23-5,신대방동 364-21,37.4970309,126.9213238,2011-08-24,벽부주,02-820-9923,서울특별시 동작구청,2026-04-06
15-3288,서울특별시 동작구 여의대방로22나길23-6,신대방동 364-25,37.4969702,126.9214935,2018-06-25,통신주,02-820-9923,서울특별시 동작구청,2026-04-06
15-3289,서울특별시 동작구 여의대방로22나길 17-6,신대방동 367-113,37.49714566,126.9211456,2011-08-24,벽부주,02-820-9923,서울특별시 동작구청,2026-04-06
15-3290,서울특별시 동작구 여의대방로22나길19,신대방동 367-112,37.49703521,126.9210298,2011-08-24,벽부주,02-820-9923,서울특별시 동작구청,2026-04-06
15-3291,서울특별시 동작구 여의대방로22나길15,신대방동 367-24,37.49704639,126.9208969,2011-08-24,한전주,02-820-9923,서울특별시 동작구청,2026-04-06
15-3292,서울특별시 동작구 여의대방로22나길14,신대방동 367-24,37.49714765,126.920747,2011-08-24,전용주,02-820-9923,서울특별시 동작구청,2026-04-06
15-3293,서울특별시 동작구 여의대방로22나길11,신대방동 367-35,37.49724681,126.9208176,2011-08-24,벽부주,02-820-9923,서울특별시 동작구청,2026-04-06
15-3294,서울특별시 동작구 여의대방로22나길 8,신대방동 375-55,37.4972669,126.9205546,2011-08-24,한전주,02-820-9923,서울특별시 동작구청,2026-04-06
15-3295,서울특별시 동작구 여의대방로22나길 5,신대방동 367-70,37.49736617,126.9207892,2011-08-24,벽부주,02-820-9923,서울특별시 동작구청,2026-04-06
15-3296,서울특별시 동작구 여의대방로22길 14,신대방동 375-54,37.49757559,126.9206956,2011-08-24,한전주,02-820-9923,서울특별시 동작구청,2026-04-06
15-3297,서울특별시 동작구 여의대방로22길 14-3,신대방동 375-36,37.49749885,126.9204639,2011-08-24,한전주,02-820-9923,서울특별시 동작구청,2026-04-06
15-3298,서울특별시 동작구 여의대방로22길 14-5,신대방동 375-46,37.49740858,126.9202067,2011-08-24,한전주,02-820-9923,서울특별시 동작구청,2026-04-06
15-3299,서울특별시 동작구 여의대방로22가길16,신대방동 368-12,37.49708866,126.9201194,2011-08-24,벽부주,02-820-9923,서울특별시 동작구청,2026-04-06
15-3300,서울특별시 동작구 여의대방로22가길19,신대방동 368-5,37.49703926,126.9203428,2011-08-24,전용주,02-820-9923,서울특별시 동작구청,2026-04-06
15-3301,서울특별시 동작구 여의대방로22나길 18,신대방동 368-21,37.49688864,126.9207925,2011-08-24,한전주,02-820-9923,서울특별시 동작구청,2026-04-06
15-3302,서울특별시 동작구 여의대방로24길 16,신대방동 362-27,37.49794973,126.9210317,2011-08-24,전용주,02-820-9923,서울특별시 동작구청,2026-04-06
15-3303,서울특별시 동작구 여의대방로22길24,신대방동 375-50,37.49763217,126.9210942,2018-06-20,한전주,02-820-9923,서울특별시 동작구청,2026-04-06
15-3304,서울특별시 동작구 여의대방로22마길6,신대방동 709-1,37.49741815,126.9210464,2011-08-24,한전주,02-820-9923,서울특별시 동작구청,2026-04-06
15-3305,서울특별시 동작구 여의대방로22길 24,신대방동 709,37.49734618,126.9212076,2011-08-24,전용주,02-820-9923,서울특별시 동작구청,2026-04-06
15-3306,서울특별시 동작구 여의대방로22길 24,신대방동 709,37.4972697,126.9213688,2011-08-24,전용주,02-820-9923,서울특별시 동작구청,2026-04-06
15-3307,서울특별시 동작구 여의대방로22길 24,신대방동 709-1,37.49722927,126.921547,2011-08-24,전용주,02-820-9923,서울특별시 동작구청,2026-04-06
15-3308,서울특별시 동작구 여의대방로22길 24,신대방동 709,37.49716407,126.9217223,2011-08-24,전용주,02-820-9923,서울특별시 동작구청,2026-04-06
15-3309,서울특별시 동작구 여의대방로22길 24,신대방동 709,37.49708087,126.9219373,2011-08-24,한전주,02-820-9923,서울특별시 동작구청,2026-04-06
15-3310,서울특별시 동작구 여의대방로22길 24,신대방동 709,37.49707197,126.9221126,2011-08-24,한전주,02-820-9923,서울특별시 동작구청,2026-04-06
15-3311,서울특별시 동작구 여의대방로22마길 25 건너,신대방동 364-167,37.49706539,126.9223755,2011-08-24,한전주,02-820-9923,서울특별시 동작구청,2026-04-06
15-3312,서울특별시 동작구 여의대방로22마길 25,신대방동 709,37.49715765,126.922234,2011-08-24,전용주,02-820-9923,서울특별시 동작구청,2026-04-06
15-3313,서울특별시 동작구 여의대방로22길 44-6,신대방동 709,37.49722297,126.9222283,2011-08-24,벽부주,02-820-9923,서울특별시 동작구청,2026-04-06
15-3314,서울특별시 동작구 여의대방로22마길14,신대방동 364-100,37.49716613,126.9214396,2018-06-25,벽부주,02-820-9923,서울특별시 동작구청,2026-04-06
15-3315,서울특별시 동작구 여의대방로22마길 32,신대방동 364-180,37.49683088,126.9219969,2011-08-24,전용주,02-820-9923,서울특별시 동작구청,2026-04-06
15-3316,서울특별시 동작구 여의대방로22바길22-1,신대방동 364-123,37.49672103,126.9228056,2013-03-22,한전주,02-820-9923,서울특별시 동작구청,2026-04-06
15-3317,서울특별시 동작구 여의대방로22길 44-12,신대방동 364-86,37.49732903,126.9225307,2011-08-24,한전주,02-820-9923,서울특별시 동작구청,2026-04-06
15-3319,서울특별시 동작구 보라매로100-8,신대방동 345-6,37.49857162,126.9284043,2022-04-06,전용주,02-820-9923,서울특별시 동작구청,2026-04-06
15-3320,서울특별시 동작구 보라매로 100-2,신대방동 345-6,37.49844773,126.9284016,2011-08-24,전용주,02-820-9923,서울특별시 동작구청,2026-04-06
15-3321,서울특별시 동작구 보라매로 100,신대방동 347-14,37.498254,126.9283707,2011-08-24,벽부주,02-820-9923,서울특별시 동작구청,2026-04-06
15-3322,서울특별시 동작구 보라매로98,신대방동 346-9,37.49804897,126.9282833,2019-12-19,벽부주,02-820-9923,서울특별시 동작구청,2026-04-06
15-3323,서울특별시 동작구 보라매로 98-7,신대방동 346-9,37.49801974,126.9283851,2011-08-24,벽부주,02-820-9923,서울특별시 동작구청,2026-04-06
15-3324,서울특별시 동작구 보라매로 98-1,신대방동 346-12,37.49784852,126.9283315,2011-08-24,벽부주,02-820-9923,서울특별시 동작구청,2026-04-06
15-3325,서울특별시 동작구 보라매로 98-7,신대방동 346-13,37.49772912,126.9283005,2011-08-24,벽부주,02-820-9923,서울특별시 동작구청,2026-04-06
15-3326,서울특별시 동작구 보라매로 98-5,신대방동 346-9,37.49811214,126.92845,2020-01-31,벽부주,02-820-9923,서울특별시 동작구청,2026-04-06
15-3327,서울특별시 동작구 보라매로 98-4,신대방동 338-25,37.49770897,126.9285041,2011-08-24,한전주,02-820-9923,서울특별시 동작구청,2026-04-06
15-3328,서울특별시 동작구 국사봉2길28,신대방동 338-25,37.49741159,126.9284224,2011-08-24,한전주,02-820-9923,서울특별시 동작구청,2026-04-06
15-3329,서울특별시 동작구 국사봉2길 36,신대방동 342-66,37.49711201,126.9284368,2011-08-24,한전주,02-820-9923,서울특별시 동작구청,2026-04-06
15-3330,서울특별시 동작구 국사봉2길 42,신대방동 342-6,37.49680795,126.928488,2011-08-24,한전주,02-820-9923,서울특별시 동작구청,2026-04-06
15-3331,서울특별시 동작구 국사봉2길 42,신대방동 342-10,37.49683034,126.9282618,2011-08-24,전용주,02-820-9923,서울특별시 동작구청,2026-04-06
15-3332,서울특별시 동작구 국사봉2길 39,신대방동 341,37.49690936,126.9285586,2011-08-24,한전주,02-820-9923,서울특별시 동작구청,2026-04-06
15-3333,서울특별시 동작구 국사봉2길 45,신대방동 341-78,37.49659402,126.9285815,2011-08-24,한전주,02-820-9923,서울특별시 동작구청,2026-04-06
15-3334,서울특별시 동작구 보라매로 82-9,신대방동 342-7,37.49656912,126.9283723,2011-08-24,전용주,02-820-9923,서울특별시 동작구청,2026-04-06
15-3335,서울특별시 동작구 보라매로 82-5,신대방동 342-20,37.49660274,126.9280952,2011-08-24,전용주,02-820-9923,서울특별시 동작구청,2026-04-06
15-3336,서울특별시 동작구 국사봉2길 52,신대방동 342-28,37.49633491,126.9284574,2011-08-24,한전주,02-820-9923,서울특별시 동작구청,2026-04-06
15-3337,서울특별시 동작구 국사봉2라길 3,신대방동 341-3,37.49626736,126.9285111,2011-08-24,전용주,02-820-9923,서울특별시 동작구청,2026-04-06
15-3338,서울특별시 동작구 보라매로 78-3,신대방동 342-29,37.49632806,126.9283075,2011-08-24,전용주,02-820-9923,서울특별시 동작구청,2026-04-06
15-3339,서울특별시 동작구 보라매로 78-2,신대방동 342-32,37.49632565,126.9280587,2011-08-24,전용주,02-820-9923,서울특별시 동작구청,2026-04-06
15-3346,서울특별시 동작구 여의대방로22나길 21,신대방동 367-18,37.49690916,126.92116,2011-08-24,벽부주,02-820-9923,서울특별시 동작구청,2026-04-06
15-3347,서울특별시 동작구 보라매로9길 16,신대방동 344-206,37.49505416,126.9263185,2011-08-24,전용주,02-820-9923,서울특별시 동작구청,2026-04-06
15-3349,서울특별시 동작구 국사봉2마길7,신대방동 348-46,37.49634006,126.9295401,2018-08-09,통신주,02-820-9923,서울특별시 동작구청,2026-04-06
15-3350,서울특별시 동작구 국사봉2마길 12,신대방동 348-82,37.49651353,126.9295852,2011-08-24,한전주,02-820-9923,서울특별시 동작구청,2026-04-06
15-3351,서울특별시 동작구 국사봉2나길 19,신대방동 348-79,37.49696172,126.9294773,2011-08-24,한전주,02-820-9923,서울특별시 동작구청,2026-04-06
15-3352,서울특별시 동작구 국사봉2나길 17-4,신대방동 348-70,37.49711269,126.9295648,2011-08-24,통신주,02-820-9923,서울특별시 동작구청,2026-04-06
15-3353,서울특별시 동작구 국사봉2나길 17-10,신대방동 348-68,37.49727042,126.929658,2011-08-24,벽부주,02-820-9923,서울특별시 동작구청,2026-04-06
15-3354,서울특별시 동작구 국사봉2나길 14-13,신대방동 348-48,37.49631287,126.9292744,2011-08-24,벽부주,02-820-9923,서울특별시 동작구청,2026-04-06
15-3355,서울특별시 동작구 국사봉2나길 14-9,신대방동 348-32,37.4965967,126.9292854,2011-08-24,한전주,02-820-9923,서울특별시 동작구청,2026-04-06
15-3356,서울특별시 동작구 국사봉2나길 14-1,신대방동 348-26,37.49692331,126.9292823,2011-08-24,한전주,02-820-9923,서울특별시 동작구청,2026-04-06
15-3357,서울특별시 동작구 국사봉2다길 8,신대방동 348-34,37.49720269,126.9294008,2011-08-24,한전주,02-820-9923,서울특별시 동작구청,2026-04-06
15-3358,서울특별시 동작구 국사봉2다길 9,신대방동 348-113,37.49727701,126.9293668,2011-08-24,전용주,02-820-9923,서울특별시 동작구청,2026-04-06
15-3359,서울특별시 동작구 국사봉2다길 14,신대방동 348-94,37.49753393,126.9295955,2011-08-24,한전주,02-820-9923,서울특별시 동작구청,2026-04-06
15-3360,서울특별시 동작구 국사봉2다길 16-3,신대방동 348-90,37.49750251,126.9297878,2011-08-24,통신주,02-820-9923,서울특별시 동작구청,2026-04-06
15-3361,서울특별시 동작구 국사봉2나길 8-14,신대방동 348-57,37.49639376,126.9289351,2011-08-24,전용주,02-820-9923,서울특별시 동작구청,2026-04-06
15-3362,서울특별시 동작구 국사봉2나길 8-7,신대방동 348-55,37.49658973,126.9289292,2011-08-24,한전주,02-820-9923,서울특별시 동작구청,2026-04-06
15-3363,서울특별시 동작구 국사봉2나길 8,신대방동 348-20,37.49690734,126.9289374,2011-08-24,한전주,02-820-9923,서울특별시 동작구청,2026-04-06
15-3364,서울특별시 동작구 국사봉2나길 7-3,신대방동 348-122,37.49707172,126.9288609,2011-08-24,전용주,02-820-9923,서울특별시 동작구청,2026-04-06
15-3365,서울특별시 동작구 국사봉2나길 7-8,신대방동 348-119,37.49724073,126.9289682,2011-08-24,벽부주,02-820-9923,서울특별시 동작구청,2026-04-06
15-3366,서울특별시 동작구 국사봉2길 11,신대방동 338-7,37.49817091,126.928792,2011-08-24,한전주,02-820-9923,서울특별시 동작구청,2026-04-06
15-3367,서울특별시 동작구 국사봉2길 7,신대방동 338-22,37.49835968,126.9288712,2011-08-24,전용주,02-820-9923,서울특별시 동작구청,2026-04-06
15-3368,서울특별시 동작구 국사봉길 18,신대방동 338-3,37.49847284,126.9289416,2011-08-24,한전주,02-820-9923,서울특별시 동작구청,2026-04-06
15-3369,서울특별시 동작구 국사봉길 4,신대방동 347-9,37.49877222,126.9286049,2011-08-24,한전주,02-820-9923,서울특별시 동작구청,2026-04-06
15-3370,서울특별시 동작구 국사봉길 22,신대방동 338-23,37.49824999,126.9292047,2011-08-24,한전주,02-820-9923,서울특별시 동작구청,2026-04-06
15-3371,서울특별시 동작구 여의대방로16길 6-10,신대방동 498-21,37.49654306,126.9161564,2011-08-24,한전주,02-820-9923,서울특별시 동작구청,2026-04-06
15-3372,서울특별시 동작구 국사봉2마길 2,신대방동 341-178,37.49611253,126.9294923,2011-08-24,한전주,02-820-9923,서울특별시 동작구청,2026-04-06
15-3373,서울특별시 동작구 국사봉길 42,신대방동 348-85,37.49772788,126.9299968,2011-08-24,벽부주,02-820-9923,서울특별시 동작구청,2026-04-06
15-3374,서울특별시 동작구 국사봉길 38,신대방동 348-6,37.49777736,126.9298639,2011-08-24,전용주,02-820-9923,서울특별시 동작구청,2026-04-06
15-3375,서울특별시 동작구 국사봉길 34,신대방동 348-8,37.49773668,126.9296321,2011-08-24,한전주,02-820-9923,서울특별시 동작구청,2026-04-06
15-3376,서울특별시 동작구 국사봉길 30,신대방동 338-17,37.49791453,126.9294736,2011-08-24,한전주,02-820-9923,서울특별시 동작구청,2026-04-06
15-3377,서울특별시 동작구 국사봉길 26,신대방동 338-17,37.49802485,126.9293887,2011-08-24,한전주,02-820-9923,서울특별시 동작구청,2026-04-06
15-3378,서울특별시 동작구 국사봉2길 28-3,신대방동 338-16,37.4979279,126.9292361,2011-08-24,전용주,02-820-9923,서울특별시 동작구청,2026-04-06
15-3379,서울특별시 동작구 국사봉2길 28-6,신대방동 338-20,37.49799761,126.9290269,2011-08-24,전용주,02-820-9923,서울특별시 동작구청,2026-04-06
15-3380,서울특별시 동작구 국사봉2길 7-5,신대방동 339-20,37.49809216,126.9289419,2011-08-24,전용주,02-820-9923,서울특별시 동작구청,2026-04-06
15-3381,서울특별시 동작구 국사봉2가길 19,신대방동 348-125,37.4976757,126.9293608,2011-08-24,전용주,02-820-9923,서울특별시 동작구청,2026-04-06
15-3382,서울특별시 동작구 국사봉2가길 15,신대방동 339-4,37.49755164,126.9290838,2011-08-24,한전주,02-820-9923,서울특별시 동작구청,2026-04-06
15-3383,서울특별시 동작구 국사봉2가길 11,신대방동 338-25,37.49746369,126.9289058,2011-08-24,한전주,02-820-9923,서울특별시 동작구청,2026-04-06
15-3384,서울특별시 동작구 국사봉2가길 5,신대방동 339-19,37.49731264,126.9286996,2011-08-24,한전주,02-820-9923,서울특별시 동작구청,2026-04-06
15-3385,서울특별시 동작구 국사봉2길 17-9,신대방동 339-22,37.49765296,126.9290046,2011-08-24,한전주,02-820-9923,서울특별시 동작구청,2026-04-06
15-3386,서울특별시 동작구 국사봉2길 17-8,신대방동 339-14,37.49766637,126.9288406,2011-08-24,통신주,02-820-9923,서울특별시 동작구청,2026-04-06
15-3387,서울특별시 동작구 국사봉2길17-5,신대방동 339-7,37.49777448,126.9288094,2020-02-01,통신주,02-820-9923,서울특별시 동작구청,2026-04-06
15-3388,서울특별시 동작구 보라매로 98-5,신대방동 346-8,37.4979275,126.9285604,2012-08-07,벽부주,02-820-9923,서울특별시 동작구청,2026-04-06
15-3389,서울특별시 동작구 여의대방로22가길 10,신대방동 375-14,37.49728899,126.91991,2011-08-24,한전주,02-820-9923,서울특별시 동작구청,2026-04-06
15-3390,서울특별시 동작구 여의대방로22아길 67,신대방동 366-34,37.49605975,126.9242763,2011-08-24,전용주,02-820-9923,서울특별시 동작구청,2026-04-06
15-3391,서울특별시 동작구 여의대방로22길 68,신대방동 378-10,37.49772393,126.9236131,2020-10-30,벽부주,02-820-9923,서울특별시 동작구청,2026-04-06
15-3393,서울특별시 동작구 여의대방로22나길28,신대방동 367-102,37.49670432,126.9213666,2020-02-05,벽부주,02-820-9923,서울특별시 동작구청,2026-04-06
15-3394,서울특별시 동작구 보라매로19길5,신대방동 349-4,37.49764083,126.9275825,2020-02-06,통신주,02-820-9923,서울특별시 동작구청,2026-04-06
15-3395,서울특별시 동작구 여의대방로22차길4-6,신대방동 366-29,37.49591826,126.924938,2020-02-13,벽부주,02-820-9923,서울특별시 동작구청,2026-04-06
15-3396,서울특별시 동작구 보라매로65,신대방동 344-45,37.4953565,126.9271324,2020-02-13,통신주,02-820-9923,서울특별시 동작구청,2026-04-06
15-3397,서울특별시 동작구 보라매로9다길17,신대방동 344-194,37.49435358,126.92624,2020-02-07,전용주,02-820-9923,서울특별시 동작구청,2026-04-06
15-3398,서울특별시 동작구 여의대방로22나길43-4,신대방동 364-144,37.49641204,126.9222009,2021-08-06,통신주,02-820-9923,서울특별시 동작구청,2026-04-06
15-3399,서울특별시 동작구 ,신대방동 459-5,37.49009059,126.9175742,2018-01-26,전용주,02-820-9923,서울특별시 동작구청,2026-04-06
15-3400,서울특별시 동작구 ,신대방동 459-5,37.49008598,126.9174244,2018-01-26,전용주,02-820-9923,서울특별시 동작구청,2026-04-06
15-3401,서울특별시 동작구 ,신대방동 459-5,37.49006335,126.9172746,2018-01-26,전용주,02-820-9923,서울특별시 동작구청,2026-04-06
15-3402,서울특별시 동작구 ,신대방동 457-1,37.49005198,126.9171135,2018-01-26,전용주,02-820-9923,서울특별시 동작구청,2026-04-06
15-3403,서울특별시 동작구 ,신대방동 459-5,37.49000457,126.9169665,2018-01-26,전용주,02-820-9923,서울특별시 동작구청,2026-04-06
15-3404,서울특별시 동작구 ,신대방동 459-5,37.48996844,126.9168365,2018-01-26,전용주,02-820-9923,서울특별시 동작구청,2026-04-06
15-3422,서울특별시 동작구 여의대방로10길 73,신대방동 470-13,37.49348324,126.914899,2011-08-24,한전주,02-820-9923,서울특별시 동작구청,2026-04-06
15-3423,서울특별시 동작구 여의대방로10길 73,신대방동 460-30,37.49324448,126.9149106,2011-08-24,한전주,02-820-9923,서울특별시 동작구청,2026-04-06
15-3424,서울특별시 동작구 여의대방로10길73,신대방동 460-30,37.49307541,126.9147242,2019-06-11,전용주,02-820-9923,서울특별시 동작구청,2026-04-06
15-3425,서울특별시 동작구 여의대방로10길 73,신대방동 470-13,37.49290639,126.9146141,2011-08-24,전용주,02-820-9923,서울특별시 동작구청,2026-04-06
15-3426,서울특별시 동작구 여의대방로10길 97,신대방동 470-11,37.49249644,126.9146202,2011-08-24,전용주,02-820-9923,서울특별시 동작구청,2026-04-06
15-3427,서울특별시 동작구 보라매로5길 28,신대방동 722,37.48946983,126.9156979,2011-08-24,전용주,02-820-9923,서울특별시 동작구청,2026-04-06
15-3428,서울특별시 동작구 여의대방로16길 8,신대방동 498-23,37.49660874,126.9166596,2022-07-28,한전주,02-820-9923,서울특별시 동작구청,2026-04-06
15-3429,서울특별시 동작구 여의대방로22다길 5-8,신대방동 367-52,37.49640253,126.9214404,2020-06-16,벽부주,02-820-9923,서울특별시 동작구청,2026-04-06
15-3430,서울특별시 동작구 보라매로7가길 6-3,신대방동 344-194,37.49406989,126.9264354,2022-07-26,통신주,02-820-9923,서울특별시 동작구청,2026-04-06
15-3431,서울특별시 동작구 보라매로5길 5,신대방동 706,37.49211838,126.9251143,2021-04-05,전용주,02-820-9923,서울특별시 동작구청,2026-04-06
15-3432,서울특별시 동작구 보라매로5길 5,신대방동 706,37.49208923,126.9253292,2020-11-17,전용주,02-820-9923,서울특별시 동작구청,2026-04-06
15-3433,서울특별시 동작구 보라매로5길 5,신대방동 395-73,37.49206234,126.9255497,2020-11-17,전용주,02-820-9923,서울특별시 동작구청,2026-04-06
15-3434,서울특별시 동작구 보라매로5길 5,신대방동 1696,37.49229665,126.9256343,2020-11-18,전용주,02-820-9923,서울특별시 동작구청,2026-04-06
15-3435,서울특별시 동작구 보라매로5길 5,신대방동 727-8,37.49253771,126.925699,2020-11-18,전용주,02-820-9923,서울특별시 동작구청,2026-04-06
15-3436,서울특별시 동작구 여의대방로16길 12-4,신대방동 498-26,37.49637208,126.9164619,2023-08-21,벽부주,02-820-9923,서울특별시 동작구청,2026-04-06
15-3437,서울특별시 동작구 여의대방로16길 12-14,신대방동 498-33,37.4962681,126.9159447,2023-08-23,벽부주,02-820-9923,서울특별시 동작구청,2026-04-06
15-3438,서울특별시 동작구 여의대방로22가길 25,신대방동 368-23,37.4968571,126.9207784,2023-09-15,한전주,02-820-9923,서울특별시 동작구청,2026-04-06
15-3439,서울특별시 동작구 보라매로9다길 22,신대방동 344-141,37.49403362,126.9260679,2025-11-28,벽부주,02-820-9923,서울특별시 동작구청,2026-04-06
15-3446,서울특별시 동작구 여의대방로22아길 77,신대방동 366-27,37.49583494,126.9249777,2026-04-01,벽부주,02-820-9923,서울특별시 동작구청,2026-04-06
02-1001,서울특별시 동작구 ,신대방동 702-2,37.4851524,126.9047013,2020-11-18,벽부주,02-820-9923,서울특별시 동작구청,2026-04-06
02-1002,서울특별시 동작구 ,신대방동 702-2,37.48515246,126.9047804,2020-11-18,벽부주,02-820-9923,서울특별시 동작구청,2026-04-06
02-1003,서울특별시 동작구 ,신대방동 702-2,37.48515703,126.9048568,2020-11-18,벽부주,02-820-9923,서울특별시 동작구청,2026-04-06
02-1004,서울특별시 동작구 ,신대방동 702-3,37.48500169,126.9049672,2020-11-18,벽부주,02-820-9923,서울특별시 동작구청,2026-04-06
02-1005,서울특별시 동작구 ,신대방동 702-2,37.48514586,126.9049698,2020-11-18,벽부주,02-820-9923,서울특별시 동작구청,2026-04-06
02-1006,서울특별시 동작구 ,신대방동 702-3,37.48500403,126.9050746,2020-11-18,벽부주,02-820-9923,서울특별시 동작구청,2026-04-06
02-1007,서울특별시 동작구 ,신대방동 702-2,37.48514369,126.9050716,2020-11-18,벽부주,02-820-9923,서울특별시 동작구청,2026-04-06
02-1008,서울특별시 동작구 ,신대방동 702-3,37.48500413,126.9051905,2020-11-18,벽부주,02-820-9923,서울특별시 동작구청,2026-04-06
02-1009,서울특별시 동작구 ,신대방동 702-2,37.48513475,126.9051649,2020-11-18,벽부주,02-820-9923,서울특별시 동작구청,2026-04-06
02-1010,서울특별시 동작구 ,신대방동 702-3,37.48498844,126.9052894,2020-11-18,벽부주,02-820-9923,서울특별시 동작구청,2026-04-06
02-1011,서울특별시 동작구 ,신대방동 702-2,37.48513484,126.9052723,2020-11-18,벽부주,02-820-9923,서울특별시 동작구청,2026-04-06
02-1012,서울특별시 동작구 ,신대방동 702-3,37.48499528,126.9053884,2020-11-18,벽부주,02-820-9923,서울특별시 동작구청,2026-04-06
02-1013,서울특별시 동작구 ,신대방동 702-2,37.48513717,126.9053741,2020-11-18,벽부주,02-820-9923,서울특별시 동작구청,2026-04-06
02-1014,서울특별시 동작구 ,신대방동 702-3,37.48498634,126.9054788,2020-11-18,벽부주,02-820-9923,서울특별시 동작구청,2026-04-06
02-1015,서울특별시 동작구 ,신대방동 702-2,37.48512599,126.9054702,2020-11-18,벽부주,02-820-9923,서울특별시 동작구청,2026-04-06
02-1016,서울특별시 동작구 ,신대방동 702-3,37.48499995,126.9056004,2020-11-18,벽부주,02-820-9923,서울특별시 동작구청,2026-04-06
02-1017,서울특별시 동작구 ,신대방동 702-2,37.48513959,126.9055748,2020-11-18,벽부주,02-820-9923,서울특별시 동작구청,2026-04-06
02-1018,서울특별시 동작구 ,신대방동 702-3,37.48500228,126.9057021,2020-11-18,벽부주,02-820-9923,서울특별시 동작구청,2026-04-06
02-1019,서울특별시 동작구 ,신대방동 702-2,37.48513068,126.9057076,2020-11-18,벽부주,02-820-9923,서울특별시 동작구청,2026-04-06
02-1020,서울특별시 동작구 ,신대방동 702-5,37.48502042,126.9058434,2020-11-18,벽부주,02-820-9923,서울특별시 동작구청,2026-04-06
02-1021,서울특별시 동작구 ,신대방동 702-4,37.48513978,126.905815,2020-11-18,벽부주,02-820-9923,서울특별시 동작구청,2026-04-06
02-1022,서울특별시 동작구 ,신대방동 702-5,37.48504982,126.9059932,2020-11-18,벽부주,02-820-9923,서울특별시 동작구청,2026-04-06
02-1023,서울특별시 동작구 ,신대방동 702-4,37.4851624,126.9059394,2020-11-18,벽부주,02-820-9923,서울특별시 동작구청,2026-04-06
02-1024,서울특별시 동작구 ,신대방동 702-5,37.48508595,126.9061119,2020-11-18,벽부주,02-820-9923,서울특별시 동작구청,2026-04-06
02-1025,서울특별시 동작구 ,신대방동 702-4,37.48519627,126.9060467,2020-11-18,벽부주,02-820-9923,서울특별시 동작구청,2026-04-06
02-1026,서울특별시 동작구 ,신대방동 702-4,37.48510856,126.9062193,2020-11-18,벽부주,02-820-9923,서울특별시 동작구청,2026-04-06
02-1027,서울특별시 동작구 ,신대방동 702-4,37.48522114,126.9061541,2020-11-18,벽부주,02-820-9923,서울특별시 동작구청,2026-04-06
02-1028,서울특별시 동작구 ,신대방동 702-4,37.48514693,126.9063153,2020-11-18,벽부주,02-820-9923,서울특별시 동작구청,2026-04-06
2-29,서울특별시 동작구 ,신대방동 702-4,37.48525498,126.9062276,2020-11-18,벽부주,02-820-9923,서울특별시 동작구청,2026-04-06
2-30,서울특별시 동작구 ,신대방동 702-4,37.48516728,126.9064114,2020-11-18,벽부주,02-820-9923,서울특별시 동작구청,2026-04-06
2-31,서울특별시 동작구 ,신대방동 702-4,37.48529338,126.9063632,2020-11-18,벽부주,02-820-9923,서울특별시 동작구청,2026-04-06
2-32,서울특별시 동작구 ,신대방동 702-4,37.48519215,126.9065301,2020-11-18,벽부주,02-820-9923,서울특별시 동작구청,2026-04-06
2-33,서울특별시 동작구 ,신대방동 702-4,37.48533177,126.906479,2020-11-18,벽부주,02-820-9923,서울특별시 동작구청,2026-04-06
2-34,서울특별시 동작구 ,신대방동 702-4,37.48523957,126.9066686,2020-11-18,벽부주,02-820-9923,서울특별시 동작구청,2026-04-06
2-35,서울특별시 동작구 ,신대방동 702-4,37.48536567,126.9066232,2020-11-18,벽부주,02-820-9923,서울특별시 동작구청,2026-04-06
2-36,서울특별시 동작구 ,신대방동 702-4,37.48529376,126.9068324,2020-11-18,벽부주,02-820-9923,서울특별시 동작구청,2026-04-06
2-37,서울특별시 동작구 ,신대방동 702-4,37.48541536,126.9067927,2020-11-18,벽부주,02-820-9923,서울특별시 동작구청,2026-04-06
2-38,서울특별시 동작구 ,신대방동 702-4,37.48533666,126.9069681,2020-11-18,벽부주,02-820-9923,서울특별시 동작구청,2026-04-06
2-39,서울특별시 동작구 ,신대방동 702-4,37.4854515,126.9069227,2020-11-18,벽부주,02-820-9923,서울특별시 동작구청,2026-04-06
2-40,서울특별시 동작구 ,신대방동 702-4,37.48538183,126.907115,2020-11-18,벽부주,02-820-9923,서울특별시 동작구청,2026-04-06
2-41,서울특별시 동작구 ,신대방동 702-4,37.48549216,126.9070668,2020-11-18,벽부주,02-820-9923,서울특별시 동작구청,2026-04-06
2-42,서울특별시 동작구 ,신대방동 702-4,37.48542699,126.9072619,2020-11-18,벽부주,02-820-9923,서울특별시 동작구청,2026-04-06
2-43,서울특별시 동작구 ,신대방동 702-4,37.48553733,126.9072166,2020-11-18,벽부주,02-820-9923,서울특별시 동작구청,2026-04-06
2-44,서울특별시 동작구 ,신대방동 702-4,37.4854699,126.9074032,2020-11-18,벽부주,02-820-9923,서울특별시 동작구청,2026-04-06
2-45,서울특별시 동작구 ,신대방동 702-4,37.48558474,126.907355,2020-11-18,벽부주,02-820-9923,서울특별시 동작구청,2026-04-06
2-46,서울특별시 동작구 ,신대방동 702-4,37.48551282,126.9075558,2020-11-18,벽부주,02-820-9923,서울특별시 동작구청,2026-04-06
2-47,서울특별시 동작구 ,신대방동 702-4,37.4856254,126.9075019,2020-11-18,벽부주,02-820-9923,서울특별시 동작구청,2026-04-06
2-48,서울특별시 동작구 ,신대방동 702-4,37.48554895,126.9076716,2020-11-18,벽부주,02-820-9923,서울특별시 동작구청,2026-04-06
2-49,서울특별시 동작구 ,신대방동 702-4,37.4856728,126.9076263,2020-11-18,벽부주,02-820-9923,서울특별시 동작구청,2026-04-06
2-50,서울특별시 동작구 ,신대방동 702-4,37.48558961,126.9078214,2020-11-18,벽부주,02-820-9923,서울특별시 동작구청,2026-04-06
2-51,서울특별시 동작구 ,신대방동 702-4,37.48571797,126.907776,2020-11-18,벽부주,02-820-9923,서울특별시 동작구청,2026-04-06
2-52,서울특별시 동작구 ,신대방동 702-4,37.48563026,126.9079542,2020-11-18,벽부주,02-820-9923,서울특별시 동작구청,2026-04-06
2-53,서울특별시 동작구 ,신대방동 702-4,37.48576538,126.9079201,2020-11-18,벽부주,02-820-9923,서울특별시 동작구청,2026-04-06
2-54,서울특별시 동작구 ,신대방동 702-6,37.48568218,126.908104,2020-11-18,벽부주,02-820-9923,서울특별시 동작구청,2026-04-06
2-55,서울특별시 동작구 ,신대방동 702-4,37.48580604,126.9080586,2020-11-18,벽부주,02-820-9923,서울특별시 동작구청,2026-04-06
2-56,서울특별시 동작구 ,신대방동 702-6,37.4857341,126.9082396,2020-11-18,벽부주,02-820-9923,서울특별시 동작구청,2026-04-06
2-57,서울특별시 동작구 ,신대방동 702-6,37.48585121,126.9082112,2020-11-18,벽부주,02-820-9923,서울특별시 동작구청,2026-04-06
2-58,서울특별시 동작구 ,신대방동 702-6,37.48578605,126.9084233,2020-11-18,벽부주,02-820-9923,서울특별시 동작구청,2026-04-06
2-59,서울특별시 동작구 ,신대방동 702-6,37.48590089,126.9083751,2020-11-18,벽부주,02-820-9923,서울특별시 동작구청,2026-04-06
03-301,서울특별시 동작구 ,신대방동 702-6,37.48595282,126.9085305,2020-11-18,벽부주,02-820-9923,서울특별시 동작구청,2026-04-06
03-302,서울특별시 동작구 ,신대방동 702-6,37.48582897,126.9085787,2020-11-18,벽부주,02-820-9923,서울특별시 동작구청,2026-04-06
03-303,서울특별시 동작구 ,신대방동 702-6,37.48599348,126.9086774,2020-11-18,벽부주,02-820-9923,서울특별시 동작구청,2026-04-06
03-304,서울특별시 동작구 ,신대방동 702-6,37.48586512,126.9087284,2020-11-18,벽부주,02-820-9923,서울특별시 동작구청,2026-04-06
03-305,서울특별시 동작구 ,신대방동 702-6,37.48604992,126.9088469,2020-11-18,벽부주,02-820-9923,서울특별시 동작구청,2026-04-06
03-306,서울특별시 동작구 ,신대방동 702-6,37.48592382,126.9088951,2020-11-18,벽부주,02-820-9923,서울특별시 동작구청,2026-04-06
03-307,서울특별시 동작구 ,신대방동 702-6,37.48608606,126.9089769,2020-11-18,벽부주,02-820-9923,서울특별시 동작구청,2026-04-06
03-308,서울특별시 동작구 ,신대방동 702-6,37.48596673,126.9090393,2020-11-18,벽부주,02-820-9923,서울특별시 동작구청,2026-04-06
03-309,서울특별시 동작구 ,신대방동 702-6,37.48614026,126.9091521,2020-11-18,벽부주,02-820-9923,서울특별시 동작구청,2026-04-06
03-310,서울특별시 동작구 ,신대방동 702-6,37.48601866,126.9092088,2020-11-18,벽부주,02-820-9923,서울특별시 동작구청,2026-04-06
03-311,서울특별시 동작구 ,신대방동 702-6,37.48618542,126.9092962,2020-11-18,벽부주,02-820-9923,서울특별시 동작구청,2026-04-06
03-312,서울특별시 동작구 ,신대방동 702-6,37.48606382,126.9093473,2020-11-18,벽부주,02-820-9923,서울특별시 동작구청,2026-04-06
03-313,서울특별시 동작구 ,신대방동 702-6,37.48622832,126.9094375,2020-11-18,벽부주,02-820-9923,서울특별시 동작구청,2026-04-06
03-314,서울특별시 동작구 ,신대방동 702-6,37.48610898,126.9094829,2020-11-18,벽부주,02-820-9923,서울특별시 동작구청,2026-04-06
03-315,서울특별시 동작구 ,신대방동 702-6,37.48626671,126.9095562,2020-11-18,벽부주,02-820-9923,서울특별시 동작구청,2026-04-06
03-316,서울특별시 동작구 ,신대방동 702-6,37.48614061,126.9096129,2020-11-18,벽부주,02-820-9923,서울특별시 동작구청,2026-04-06
03-317,서울특별시 동작구 ,신대방동 702-6,37.4863096,126.9096833,2020-11-18,벽부주,02-820-9923,서울특별시 동작구청,2026-04-06
03-318,서울특별시 동작구 ,신대방동 702-6,37.48618125,126.9097428,2020-11-18,벽부주,02-820-9923,서울특별시 동작구청,2026-04-06
03-319,서울특별시 동작구 ,신대방동 702-6,37.48634573,126.909802,2020-11-18,벽부주,02-820-9923,서울특별시 동작구청,2026-04-06
03-320,서울특별시 동작구 ,신대방동 702-6,37.48621514,126.9098672,2020-11-18,벽부주,02-820-9923,서울특별시 동작구청,2026-04-06
03-321,서울특별시 동작구 ,신대방동 702-6,37.4863751,126.9099094,2020-11-18,벽부주,02-820-9923,서울특별시 동작구청,2026-04-06
03-322,서울특별시 동작구 ,신대방동 702-6,37.486249,126.9099661,2020-11-18,벽부주,02-820-9923,서울특별시 동작구청,2026-04-06
03-323,서울특별시 동작구 ,신대방동 702-6,37.48641123,126.9100281,2020-11-18,벽부주,02-820-9923,서울특별시 동작구청,2026-04-06
03-324,서울특별시 동작구 ,신대방동 702-6,37.48629414,126.9100791,2020-11-18,벽부주,02-820-9923,서울특별시 동작구청,2026-04-06
03-325,서울특별시 동작구 ,신대방동 702-8,37.48648346,126.9102259,2020-11-18,벽부주,02-820-9923,서울특별시 동작구청,2026-04-06
03-326,서울특별시 동작구 ,신대방동 702-6,37.48636412,126.9102882,2020-11-18,벽부주,02-820-9923,서울특별시 동작구청,2026-04-06
03-327,서울특별시 동작구 ,신대방동 702-9,37.4865399,126.9103982,2020-11-18,벽부주,02-820-9923,서울특별시 동작구청,2026-04-06
03-328,서울특별시 동작구 ,신대방동 702-7,37.48642282,126.9104605,2020-11-18,벽부주,02-820-9923,서울특별시 동작구청,2026-04-06
03-329,서울특별시 동작구 ,신대방동 702-9,37.48658054,126.9105169,2020-11-18,벽부주,02-820-9923,서울특별시 동작구청,2026-04-06
03-330,서울특별시 동작구 ,신대방동 702-9,37.48646121,126.9105849,2020-11-18,벽부주,02-820-9923,서울특별시 동작구청,2026-04-06
03-331,서울특별시 동작구 ,신대방동 702-9,37.48662569,126.9106469,2020-11-18,벽부주,02-820-9923,서울특별시 동작구청,2026-04-06
03-332,서울특별시 동작구 ,신대방동 702-9,37.48650184,126.9107064,2020-11-18,벽부주,02-820-9923,서울특별시 동작구청,2026-04-06
03-333,서울특별시 동작구 ,신대방동 702-9,37.48666632,126.9107655,2020-11-18,벽부주,02-820-9923,서울특별시 동작구청,2026-04-06
03-334,서울특별시 동작구 ,신대방동 702-9,37.48655149,126.9108307,2020-11-18,벽부주,02-820-9923,서울특별시 동작구청,2026-04-06
03-335,서울특별시 동작구 ,신대방동 702-9,37.48670245,126.9108842,2020-11-18,벽부주,02-820-9923,서울특별시 동작구청,2026-04-06
03-336,서울특별시 동작구 ,신대방동 702-9,37.48658537,126.9109466,2020-11-18,벽부주,02-820-9923,서울특별시 동작구청,2026-04-06
03-337,서울특별시 동작구 ,신대방동 702-9,37.48674759,126.9110029,2020-11-18,벽부주,02-820-9923,서울특별시 동작구청,2026-04-06
03-338,서울특별시 동작구 ,신대방동 702-9,37.48663276,126.9110652,2020-11-18,벽부주,02-820-9923,서울특별시 동작구청,2026-04-06
03-339,서울특별시 동작구 ,신대방동 702-9,37.48679048,126.9111159,2020-11-18,벽부주,02-820-9923,서울특별시 동작구청,2026-04-06
03-040,서울특별시 동작구 ,신대방동 702-9,37.48667789,126.9111754,2020-11-18,벽부주,02-820-9923,서울특별시 동작구청,2026-04-06
03-041,서울특별시 동작구 ,신대방동 702-9,37.4868582,126.9113081,2017-07-25,벽부주,02-820-9923,서울특별시 동작구청,2026-04-06
33-042,서울특별시 동작구 ,신대방동 702-9,37.48675688,126.9113704,2017-07-25,벽부주,02-820-9923,서울특별시 동작구청,2026-04-06
03-043,서울특별시 동작구 ,신대방동 702-9,37.48694842,126.9114775,2017-07-25,벽부주,02-820-9923,서울특별시 동작구청,2026-04-06
03-044,서울특별시 동작구 ,신대방동 702-9,37.48682234,126.9115512,2017-07-25,벽부주,02-820-9923,서울특별시 동작구청,2026-04-06
03-045,서울특별시 동작구 ,신대방동 702-9,37.48700035,126.9116301,2017-07-25,벽부주,02-820-9923,서울특별시 동작구청,2026-04-06
03-046,서울특별시 동작구 ,신대방동 702-9,37.48689453,126.9116981,2017-07-25,벽부주,02-820-9923,서울특별시 동작구청,2026-04-06
03-047,서울특별시 동작구 ,신대방동 702-9,37.48705675,126.9117488,2017-07-25,벽부주,02-820-9923,서울특별시 동작구청,2026-04-06
03-048,서울특별시 동작구 ,신대방동 702-9,37.48694868,126.9118196,2017-07-25,벽부주,02-820-9923,서울특별시 동작구청,2026-04-06
03-049,서울특별시 동작구 ,신대방동 702-9,37.4871154,126.9118703,2017-07-25,벽부주,02-820-9923,서울특별시 동작구청,2026-04-06
03-050,서울특별시 동작구 ,신대방동 702-9,37.48699834,126.9119637,2017-07-25,벽부주,02-820-9923,서울특별시 동작구청,2026-04-06
03-051,서울특별시 동작구 ,신대방동 702-9,37.48718086,126.9120483,2017-07-25,벽부주,02-820-9923,서울특별시 동작구청,2026-04-06
03-052,서울특별시 동작구 ,신대방동 702-9,37.48708404,126.9120964,2017-07-25,벽부주,02-820-9923,서울특별시 동작구청,2026-04-06
03-053,서울특별시 동작구 ,신대방동 702-9,37.48726881,126.9121867,2017-07-25,벽부주,02-820-9923,서울특별시 동작구청,2026-04-06
03-054,서울특별시 동작구 ,신대방동 702-9,37.487154,126.9122745,2017-07-25,벽부주,02-820-9923,서울특별시 동작구청,2026-04-06
03-055,서울특별시 동작구 ,신대방동 702-9,37.48727119,126.9123506,2017-07-25,벽부주,02-820-9923,서울특별시 동작구청,2026-04-06
04-4001,서울특별시 동작구 ,신대방동 643-1,37.48739979,126.9126303,2017-07-25,벽부주,02-820-9923,서울특별시 동작구청,2026-04-06
04-4002,서울특별시 동작구 ,신대방동 643-1,37.48748993,126.9126924,2017-07-25,벽부주,02-820-9923,서울특별시 동작구청,2026-04-06
04-4003,서울특별시 동작구 ,신대방동 643-1,37.48753055,126.9127913,2017-07-25,벽부주,02-820-9923,서울특별시 동작구청,2026-04-06
04-4004,서울특별시 동작구 ,신대방동 643-1,37.48757567,126.9128789,2017-07-25,벽부주,02-820-9923,서울특별시 동작구청,2026-04-06
04-4005,서울특별시 동작구 ,신대방동 643-1,37.48763204,126.912958,2017-07-25,벽부주,02-820-9923,서울특별시 동작구청,2026-04-06
04-4006,서울특별시 동작구 ,신대방동 643-1,37.48770653,126.9131755,2020-11-18,벽부주,02-820-9923,서울특별시 동작구청,2026-04-06
04-4007,서울특별시 동작구 ,신대방동 643-1,37.48784633,126.9133761,2020-11-18,벽부주,02-820-9923,서울특별시 동작구청,2026-04-06
04-4008,서울특별시 동작구 ,신대방동 643-1,37.48795677,126.9134551,2020-11-18,벽부주,02-820-9923,서울특별시 동작구청,2026-04-06
04-4009,서울특별시 동작구 ,신대방동 459-5,37.48802443,126.9135738,2020-11-18,벽부주,02-820-9923,서울특별시 동작구청,2026-04-06
04-4010,서울특별시 동작구 ,신대방동 459-5,37.48810112,126.9137178,2020-11-18,벽부주,02-820-9923,서울특별시 동작구청,2026-04-06
04-4011,서울특별시 동작구 ,신대방동 459-5,37.4881733,126.9138506,2020-11-18,벽부주,02-820-9923,서울특별시 동작구청,2026-04-06
04-4012,서울특별시 동작구 ,신대방동 459-5,37.48823871,126.9139693,2020-11-18,벽부주,02-820-9923,서울특별시 동작구청,2026-04-06
04-4013,서울특별시 동작구 ,신대방동 459-5,37.48830187,126.914102,2020-11-18,벽부주,02-820-9923,서울특별시 동작구청,2026-04-06
04-4014,서울특별시 동작구 ,신대방동 459-5,37.48838304,126.9142065,2020-11-18,벽부주,02-820-9923,서울특별시 동작구청,2026-04-06
04-4015,서울특별시 동작구 ,신대방동 459-5,37.48844619,126.9143195,2020-11-18,벽부주,02-820-9923,서울특별시 동작구청,2026-04-06
04-4016,서울특별시 동작구 ,신대방동 459-5,37.48852512,126.9144382,2020-11-18,벽부주,02-820-9923,서울특별시 동작구청,2026-04-06
04-4017,서울특별시 동작구 ,신대방동 459-5,37.48860631,126.9145766,2020-11-18,벽부주,02-820-9923,서울특별시 동작구청,2026-04-06
04-4018,서울특별시 동작구 ,신대방동 459-6,37.48867847,126.9146924,2020-11-18,벽부주,02-820-9923,서울특별시 동작구청,2026-04-06
04-4019,서울특별시 동작구 ,신대방동 459-6,37.48877092,126.9148195,2020-11-18,벽부주,02-820-9923,서울특별시 동작구청,2026-04-06
04-4020,서울특별시 동작구 ,신대방동 459-5,37.48883632,126.9149297,2020-11-18,벽부주,02-820-9923,서울특별시 동작구청,2026-04-06
04-4021,서울특별시 동작구 ,신대방동 459-5,37.48891752,126.9150851,2020-11-18,벽부주,02-820-9923,서울특별시 동작구청,2026-04-06
04-4022,서울특별시 동작구 ,신대방동 459-5,37.48900097,126.9152292,2020-11-18,벽부주,02-820-9923,서울특별시 동작구청,2026-04-06
04-4023,서울특별시 동작구 ,신대방동 459-5,37.48908667,126.9153817,2017-07-25,벽부주,02-820-9923,서울특별시 동작구청,2026-04-06
04-4024,서울특별시 동작구 ,신대방동 459-5,37.4891656,126.9155003,2017-08-16,벽부주,02-820-9923,서울특별시 동작구청,2026-04-06
04-4025,서울특별시 동작구 ,신대방동 459-5,37.48924002,126.9156275,2017-08-16,벽부주,02-820-9923,서울특별시 동작구청,2026-04-06
04-4026,서울특별시 동작구 ,신대방동 459-5,37.48930091,126.915732,2017-08-16,벽부주,02-820-9923,서울특별시 동작구청,2026-04-06
04-4027,서울특별시 동작구 ,신대방동 459-5,37.48936181,126.9158422,2017-08-16,벽부주,02-820-9923,서울특별시 동작구청,2026-04-06
04-4028,서울특별시 동작구 ,신대방동 459-5,37.48943398,126.9159665,2017-08-16,벽부주,02-820-9923,서울특별시 동작구청,2026-04-06
04-4029,서울특별시 동작구 ,신대방동 459-5,37.48949713,126.9160766,2017-08-16,벽부주,02-820-9923,서울특별시 동작구청,2026-04-06
04-4030,서울특별시 동작구 ,신대방동 459-5,37.48956702,126.9161699,2017-07-25,벽부주,02-820-9923,서울특별시 동작구청,2026-04-06
04-4031,서울특별시 동작구 ,신대방동 459-5,37.48962566,126.9162744,2017-08-16,벽부주,02-820-9923,서울특별시 동작구청,2026-04-06
04-4032,서울특별시 동작구 ,신대방동 459-5,37.48968205,126.9163817,2017-07-25,벽부주,02-820-9923,서울특별시 동작구청,2026-04-06
04-4033,서울특별시 동작구 ,신대방동 459-5,37.48975648,126.9165258,2017-08-16,벽부주,02-820-9923,서울특별시 동작구청,2026-04-06
04-4034,서울특별시 동작구 ,신대방동 459-5,37.48964399,126.9167069,2017-07-25,벽부주,02-820-9923,서울특별시 동작구청,2026-04-06
04-4035,서울특별시 동작구 ,신대방동 459-5,37.48979261,126.9166417,2017-08-16,벽부주,02-820-9923,서울특별시 동작구청,2026-04-06
04-4036,서울특별시 동작구 ,신대방동 459-5,37.48973194,126.9168566,2017-07-25,벽부주,02-820-9923,서울특별시 동작구청,2026-04-06
04-4037,서울특별시 동작구 ,신대방동 459-5,37.489849,126.9167603,2017-08-16,벽부주,02-820-9923,서울특별시 동작구청,2026-04-06
04-4038,서울특별시 동작구 ,신대방동 459-5,37.48977257,126.9169724,2017-07-25,벽부주,02-820-9923,서울특별시 동작구청,2026-04-06
04-4039,서울특별시 동작구 ,신대방동 459-5,37.48987615,126.9169271,2017-07-25,벽부주,02-820-9923,서울특별시 동작구청,2026-04-06
04-4040,서울특별시 동작구 ,신대방동 459-5,37.48990781,126.9171023,2020-11-18,벽부주,02-820-9923,서울특별시 동작구청,2026-04-06
04-4041,서울특별시 동작구 ,신대방동 459-5,37.4899372,126.917255,2020-11-18,벽부주,02-820-9923,서울특별시 동작구청,2026-04-06
04-4042,서울특별시 동작구 ,신대방동 459-5,37.48995756,126.9173821,2020-11-18,벽부주,02-820-9923,서울특별시 동작구청,2026-04-06
04-4043,서울특별시 동작구 ,신대방동 459-5,37.48997793,126.9175263,2020-11-18,벽부주,02-820-9923,서울특별시 동작구청,2026-04-06
04-4044,서울특별시 동작구 ,신대방동 459-5,37.48928053,126.9155822,2024-12-06,벽부주,02-820-9923,서울특별시 동작구청,2026-04-06
04-4045,서울특별시 동작구 ,신대방동 459-5,37.48925121,126.9155285,2024-12-06,벽부주,02-820-9923,서울특별시 동작구청,2026-04-06
04-4046,서울특별시 동작구 ,신대방동 459-5,37.4892264,126.9154833,2024-12-09,벽부주,02-820-9923,서울특별시 동작구청,2026-04-06
04-4047,서울특별시 동작구 ,신대방동 459-5,37.48919483,126.9154353,2024-12-09,벽부주,02-820-9923,서울특별시 동작구청,2026-04-06
04-4048,서울특별시 동작구 ,신대방동 459-5,37.48917453,126.9153957,2024-12-09,벽부주,02-820-9923,서울특별시 동작구청,2026-04-06
노2동18024,서울특별시 동작구 장승배기로 123-6,노량진동 307-193,37.50863973,126.9393628,2018-06-21,벽부주,02-820-9923,서울특별시 동작구청,2026-04-06
동작대로29길1-1,서울특별시 동작구 ,사당동 1136-4,37.48868704,126.9784908,2016-12-15,한전주,02-820-9923,서울특별시 동작구청,2026-04-06
동작대로29길1-2,서울특별시 동작구 ,사당동 1136-4,37.48878836,126.9782505,2016-12-15,한전주,02-820-9923,서울특별시 동작구청,2026-04-06
동작대로29길1-3,서울특별시 동작구 ,사당동 1136-4,37.48885365,126.9780667,2016-12-15,한전주,02-820-9923,서울특별시 동작구청,2026-04-06
동작대로29길1-4,서울특별시 동작구 ,사당동 1136-2,37.48893921,126.9778801,2016-12-15,한전주,02-820-9923,서울특별시 동작구청,2026-04-06
사3동18105(표찰미부착),서울특별시 동작구 사당로23사길33-5,사당동 175-43,37.4909578,126.9692857,2018-12-10,통신주,02-820-9923,서울특별시 동작구청,2026-04-06
쉼터길2-2-5,서울특별시 동작구 ,신대방동 701-9,37.48682627,126.910788,2024-12-06,전용주,02-820-9923,서울특별시 동작구청,2026-04-06
쉼터길2-2-6,서울특별시 동작구 ,신대방동 701-9,37.4868827,126.9109405,2024-12-06,전용주,02-820-9923,서울특별시 동작구청,2026-04-06
장승배기로10길1-3-1,서울특별시 동작구 장승배기로10길 43-10,상도동 521-2,37.50249573,126.9410529,2025-10-27,전용주,02-820-9923,서울특별시 동작구청,2026-04-06
