표찰번호,행정동,지번,설치일자,등주형태,램프종류,총등수,기준일자
국사봉2라길1-1,신대방2동,720-2,2016-12-16,스텐주,LED일체형,2,2024-07-29
국사봉2라길1-2,신대방2동,720-2,2016-12-16,스텐주,LED일체형,2,2024-07-29
국사봉2라길1-3,신대방2동,720-2,2016-12-16,스텐주,LED일체형,2,2024-07-29
국사봉2라길1-4,신대방2동,720-2,2016-12-16,스텐주,LED일체형,2,2024-07-29
국사봉2라길1-5,신대방2동,720,2016-12-16,스텐주,LED일체형,2,2024-07-29
국사봉2라길1-6,신대방2동,720,2016-12-16,스텐주,LED일체형,2,2024-07-29
국사봉2라길1-7,신대방2동,720,2016-12-16,스텐주,LED일체형,2,2024-07-29
국사봉2라길1-8,신대방2동,720,2016-12-16,스텐주,LED일체형,2,2024-07-29
국사봉2라길1-9,신대방2동,720-2,2016-12-16,스텐주,LED일체형,2,2024-07-29
국사봉2라길1-10,신대방2동,720-2,2016-12-16,스텐주,LED일체형,2,2024-07-29
국사봉2라길1-11,신대방2동,720-2,2016-12-16,스텐주,LED일체형,2,2024-07-29
국사봉2라길1-12,신대방2동,720-2,2016-12-16,스텐주,LED일체형,2,2024-07-29
국사봉2라길1-13,신대방2동,720-2,2016-12-16,스텐주,LED일체형,2,2024-07-29
국사봉2라길1-14,신대방2동,720,2016-12-16,스텐주,LED일체형,2,2024-07-29
국사봉2라길1-15,신대방2동,720,2016-12-16,스텐주,LED일체형,2,2024-07-29
남부순환로1-1,사당1동,1129,2016-08-31,강판주,LED일체형,1,2024-07-29
남부순환로1-2-,사당1동,1129,2016-08-31,강판주,LED일체형,3,2024-07-29
남부순환로1-4,사당1동,1043-16,2016-08-31,강판주,LED일체형,3,2024-07-29
남부순환로1-5,사당1동,1043-16,2016-08-31,강판주,LED일체형,3,2024-07-29
남부순환로1-6,사당1동,1129,2016-08-31,강판주,LED일체형,3,2024-07-29
남부순환로1-7,사당1동,1129,2016-08-31,강판주,LED일체형,3,2024-07-29
남부순환로1-8,사당1동,1129,2016-08-31,강판주,LED일체형,3,2024-07-29
남부순환로1-9,사당1동,1044-33,2016-08-31,강판주,LED일체형,3,2024-07-29
남부순환로1-10,사당1동,1129,2016-08-31,강판주,LED일체형,3,2024-07-29
남부순환로1-11,사당1동,1044-14,2016-08-31,강판주,LED일체형,3,2024-07-29
남부순환로1-12,사당1동,1044-14,2016-08-31,강판주,LED일체형,3,2024-07-29
남부순환로1-13,사당1동,1044-4,2016-08-31,강판주,LED일체형,3,2024-07-29
남부순환로1-15,사당1동,1045-17,2016-08-31,강판주,LED일체형,3,2024-07-29
남부순환로1-16,사당1동,1045-10,2016-08-31,강판주,LED일체형,3,2024-07-29
남부순환로1=3,사당1동,1043-15,2016-08-31,강판주,LED일체형,4,2024-07-29
남부순환로1=14,사당1동,1044-4,2016-08-31,강판주,LED일체형,4,2024-07-29
남부순환로1=17,사당1동,1045-9,2016-08-31,신호통합주,LED일체형,4,2024-07-29
남부순환로2-1,사당1동,1046-11,2016-08-31,강판주,LED일체형,3,2024-07-29
남부순환로2-2,사당1동,1046-8,2016-08-31,강판주,LED일체형,3,2024-07-29
남부순환로2-3,사당1동,1047-45,2016-08-31,강판주,LED일체형,3,2024-07-29
남부순환로2-4,사당1동,1047-41,2016-08-31,강판주,LED일체형,3,2024-07-29
남부순환로2-5,사당1동,1047-34,2016-08-31,강판주,LED일체형,3,2024-07-29
남부순환로2-6,사당1동,1047-32,2016-08-31,강판주,LED일체형,3,2024-07-29
남부순환로2-7,사당1동,1047-25,2016-08-31,강판주,LED일체형,3,2024-07-29
남부순환로2-8,사당1동,1048-38,2016-08-31,강판주,LED일체형,3,2024-07-29
남부순환로2-9,사당1동,1048-36,2016-08-31,강판주,LED일체형,3,2024-07-29
남부순환로2-10,사당1동,1048-35,2016-08-31,강판주,LED일체형,3,2024-07-29
남부순환로2=11,사당1동,1048-35,2016-08-31,강판주,LED일체형,4,2024-07-29
남부순환로3-1,사당1동,1049-15,2016-08-31,강판주,LED일체형,3,2024-07-29
남부순환로3-2,사당1동,1049-11,2016-08-31,강판주,LED일체형,3,2024-07-29
남부순환로3-3,사당1동,1049-9,2016-08-31,강판주,LED일체형,3,2024-07-29
남부순환로3-4,사당1동,1129,2016-08-31,강판주,LED일체형,3,2024-07-29
남부순환로3-5,사당1동,1049-2,2016-08-31,강판주,LED일체형,3,2024-07-29
남부순환로3-6,사당1동,1051-44,2016-08-31,강판주,LED일체형,3,2024-07-29
남부순환로3-7,사당1동,1051-25,2016-08-31,강판주,LED일체형,3,2024-07-29
남부순환로3-8,사당1동,1051-23,2016-08-31,강판주,LED일체형,3,2024-07-29
남부순환로3-10,사당1동,1129,2016-08-31,강판주,LED일체형,3,2024-07-29
남부순환로3-11,사당1동,1129,2016-08-31,강판주,LED일체형,3,2024-07-29
남부순환로3-12,사당1동,1129,2016-08-31,강판주,LED일체형,3,2024-07-29
남부순환로3-13,사당1동,1129,2016-08-31,강판주,LED일체형,3,2024-07-29
남부순환로3-14,사당1동,1129,2016-12-13,강판주,LED일체형,3,2024-07-29
남부순환로3-15,사당1동,1129,2016-12-13,강판주,LED일체형,3,2024-07-29
남부순환로3-9,사당1동,1129,2016-08-31,강판주,LED일체형,4,2024-07-29
남성역쉼터01,사당4동,250-56,2022-04-28,전용주,LED일체형,1,2024-07-29
남성역쉼터02,사당4동,254-8,2022-04-28,전용주,LED일체형,1,2024-07-29
남성역쉼터03,사당4동,712-22,2022-04-28,전용주,LED일체형,1,2024-07-29
노들로1-1,대방동,505,2018-12-16,강판주,LED일체형,3,2024-07-29
노들로1-2,대방동,505,2018-12-16,강판주,LED일체형,3,2024-07-29
노들로1-3,대방동,29983,2018-12-16,강판주,LED일체형,3,2024-07-29
노들로1-4,대방동,29983,2018-12-16,강판주,LED일체형,3,2024-07-29
노들로1-5,대방동,30195,2018-12-16,강판주,LED일체형,3,2024-07-29
노들로1-6,대방동,28522,2018-12-16,강판주,LED일체형,3,2024-07-29
노들로1-7,대방동,28522,2018-12-16,강판주,LED일체형,3,2024-07-29
노들로1-8,대방동,28522,2018-12-16,강판주,LED일체형,3,2024-07-29
노들로1-9,대방동,28642,2018-12-16,강판주,LED일체형,3,2024-07-29
노들로1-10,노량진2동,45401,2018-12-16,강판주,LED일체형,3,2024-07-29
노들로1-11,노량진2동,45401,2018-12-16,강판주,LED일체형,3,2024-07-29
노들로1-12,노량진2동,45401,2018-12-16,강판주,LED일체형,3,2024-07-29
노들로1-13,노량진2동,45401,2018-12-16,강판주,LED일체형,3,2024-07-29
노들로1-14,노량진2동,45401,2018-12-16,강판주,LED일체형,1,2024-07-29
노들로1-19,노량진2동,334-1,2018-12-16,강판주,노후등,1,2024-07-29
노들로1-20,노량진2동,334,2018-12-16,강판주,LED일체형,3,2024-07-29
노들로1-21,노량진2동,45395,2018-12-16,강판주,LED일체형,3,2024-07-29
노들로1-21-,노량진2동,45395,2018-12-16,강판주,LED일체형,3,2024-07-29
노들로1-22,노량진2동,45395,2018-12-16,강판주,LED일체형,3,2024-07-29
노들로1-22-,노량진2동,45395,2018-12-16,강판주,LED일체형,3,2024-07-29
노들로1-23,노량진2동,45395,2018-12-16,강판주,LED일체형,3,2024-07-29
노들로1-23-,노량진2동,45395,2018-12-16,강판주,LED일체형,3,2024-07-29
노들로1-24,노량진2동,45395,2018-12-16,강판주,LED일체형,3,2024-07-29
노들로1-30,노량진2동,45395,2018-12-16,강판주,LED일체형,3,2024-07-29
노들로1-31,노량진2동,45395,2018-12-16,강판주,LED일체형,3,2024-07-29
노들로1-32,노량진2동,45395,2018-12-16,강판주,LED일체형,3,2024-07-29
노들로1-33,노량진1동,334,2018-12-16,강판주,LED일체형,3,2024-07-29
노들로1-34,노량진1동,334,2018-12-16,강판주,LED일체형,3,2024-07-29
노들로1-36,노량진1동,45395,2018-12-16,강판주,LED일체형,1,2024-07-29
노들로1-37,노량진1동,45395,2018-12-16,강판주,LED일체형,1,2024-07-29
노들로1-38,노량진1동,45395,2018-12-16,강판주,LED일체형,1,2024-07-29
노들로1-39,노량진1동,45395,2018-12-16,강판주,LED일체형,1,2024-07-29
노들로1-40,대방동,30011,2018-12-24,강판주,LED일체형,1,2024-07-29
노들로1-41,대방동,30011,2018-12-16,강판주,LED일체형,1,2024-07-29
노들로1-42,대방동,28581,2018-12-16,강판주,LED일체형,1,2024-07-29
노들로1-43,대방동,28581,2018-12-16,강판주,LED일체형,1,2024-07-29
노들로1-44,대방동,28581,2018-12-16,강판주,LED일체형,1,2024-07-29
노들로1-45,대방동,28581,2018-12-16,강판주,LED일체형,1,2024-07-29
노들로1-46,노량진2동,45370,2018-12-16,강판주,LED일체형,1,2024-07-29
노들로1-47,노량진2동,45310,2018-12-16,강판주,LED일체형,1,2024-07-29
노들로1-48,노량진2동,45310,2018-12-16,강판주,LED일체형,1,2024-07-29
노들로1=24-,노량진2동,45395,2018-12-16,강판주,LED일체형,4,2024-07-29
노들로1=25-,노량진2동,334,2018-12-16,강판주,LED일체형,4,2024-07-29
노들로1=35,노량진1동,45395,2018-12-16,강판주,LED일체형,4,2024-07-29
노들로2-2,노량진2동,45395,2018-12-24,강판주,LED일체형,1,2024-07-29
노들로2-3,노량진2동,45395,2018-12-24,강판주,LED일체형,1,2024-07-29
노들로2-4,노량진2동,45395,2018-12-24,강판주,LED일체형,1,2024-07-29
노들로2-5,노량진2동,45395,2018-12-24,강판주,LED일체형,1,2024-07-29
노들로2-6,노량진2동,45395,2018-12-24,강판주,LED일체형,1,2024-07-29
노들로2-7,노량진2동,45395,2018-12-24,강판주,LED일체형,1,2024-07-29
노들로2-8,노량진2동,45395,2018-12-24,강판주,LED일체형,1,2024-07-29
노들로2-9,노량진2동,45395,2018-12-24,강판주,LED일체형,1,2024-07-29
노들로2-10,노량진2동,320-1,2018-12-24,강판주,LED일체형,1,2024-07-29
노들로2-11,노량진1동,319,2018-12-24,강판주,LED일체형,1,2024-07-29
노들로2-12,노량진1동,45395,2018-12-24,강판주,LED일체형,1,2024-07-29
노들로2-13,노량진1동,319,2018-12-24,강판주,LED일체형,1,2024-07-29
노들로2-14,노량진1동,319,2018-12-24,강판주,LED일체형,1,2024-07-29
노들로2-15,노량진1동,319,2018-12-24,강판주,LED일체형,1,2024-07-29
노들로2-16,노량진1동,319,2018-12-24,강판주,LED일체형,1,2024-07-29
노들로2-17,노량진1동,319,2018-12-24,강판주,LED일체형,1,2024-07-29
노들로2-18,노량진1동,45395,2018-12-24,강판주,LED일체형,1,2024-07-29
노들로2-19,노량진1동,319,2018-12-24,강판주,LED일체형,1,2024-07-29
노들로2-20,노량진1동,319,2018-12-24,강판주,LED일체형,1,2024-07-29
노들로2-21,노량진1동,45395,2018-12-24,강판주,LED일체형,1,2024-07-29
노들로2-22,노량진1동,45395,2018-12-24,강판주,LED일체형,1,2024-07-29
노들로2-23,노량진1동,45395,2018-12-24,강판주,LED일체형,1,2024-07-29
노들로2-24,노량진1동,45395,2018-12-24,강판주,LED일체형,1,2024-07-29
노들로2-25,노량진1동,45395,2023-11-23,강판주,LED일체형,1,2024-07-29
노들로2-26,노량진1동,45395,2023-11-23,강판주,LED일체형,1,2024-07-29
노들로2-27,노량진2동,320-1,2018-12-16,강판주,LED일체형,1,2024-07-29
노들로2-28,노량진2동,320-1,2018-12-16,강판주,LED일체형,1,2024-07-29
노들로2-29,노량진2동,320-1,2018-12-16,강판주,LED일체형,1,2024-07-29
노들로2-30,노량진2동,320-1,2018-12-24,강판주,LED일체형,1,2024-07-29
노들로2-31,노량진1동,319,2018-12-24,강판주,LED일체형,1,2024-07-29
노들로2-32,노량진1동,319,2018-12-24,강판주,LED일체형,1,2024-07-29
노들로2-33,노량진1동,319,2018-12-24,강판주,LED일체형,1,2024-07-29
노들로2-34,노량진1동,319,2018-12-24,강판주,LED일체형,1,2024-07-29
노들로2-35,노량진1동,319,2018-12-24,강판주,LED일체형,1,2024-07-29
노들로2-36,노량진1동,319,2018-12-24,강판주,LED일체형,1,2024-07-29
노들로2-37,노량진1동,319,2018-12-24,강판주,LED일체형,1,2024-07-29
노들로2-38,노량진1동,321,2018-12-24,강판주,LED일체형,1,2024-07-29
노들로2-39,노량진1동,321,2018-12-24,강판주,LED일체형,1,2024-07-29
노들로2-40,노량진1동,321,2018-12-24,강판주,LED일체형,1,2024-07-29
노들로2-41,노량진1동,321,2018-12-24,강판주,LED일체형,1,2024-07-29
노들로2-42,노량진1동,321,2018-12-24,강판주,LED일체형,1,2024-07-29
노들로2-43,노량진1동,316,2018-12-24,강판주,LED일체형,1,2024-07-29
노들로2-44,노량진1동,316,2018-12-24,강판주,LED일체형,1,2024-07-29
노들로2-45,노량진1동,316,2018-12-24,강판주,LED일체형,1,2024-07-29
노들로2-46,노량진2동,320-1,2018-12-24,강판주,LED일체형,1,2024-07-29
노들로2-47,노량진1동,319,2018-12-24,강판주,LED일체형,1,2024-07-29
노들로2-48,노량진1동,319,2018-12-24,강판주,LED일체형,1,2024-07-29
노들로2-49,노량진1동,319,2018-12-24,강판주,LED일체형,1,2024-07-29
노들로2-50,노량진1동,319,2018-12-24,강판주,LED일체형,1,2024-07-29
노들로2-51,노량진1동,319,2018-12-24,강판주,LED일체형,1,2024-07-29
노들로2-52,노량진1동,319,2018-12-24,강판주,LED일체형,1,2024-07-29
노들로2-53,노량진1동,319,2018-12-24,강판주,LED일체형,1,2024-07-29
노들로2-54,노량진1동,321,2018-12-24,강판주,LED일체형,1,2024-07-29
노들로2-55,노량진1동,321,2018-12-24,강판주,LED일체형,1,2024-07-29
노들로2-56,노량진1동,321,2018-12-24,강판주,LED일체형,1,2024-07-29
노들로2-57,노량진1동,321,2018-12-24,강판주,LED일체형,1,2024-07-29
노들로2-58,노량진1동,321,2018-12-24,강판주,LED일체형,1,2024-07-29
노들로2-59,노량진1동,321,2018-12-24,강판주,LED일체형,1,2024-07-29
노들로2-60,노량진1동,321,2018-12-24,강판주,LED일체형,1,2024-07-29
노들로2-61,노량진1동,321,2018-12-24,강판주,LED일체형,1,2024-07-29
노들로2-62,노량진1동,316,2018-12-24,강판주,LED일체형,1,2024-07-29
노들로2-63,노량진1동,316,2018-12-24,강판주,LED일체형,1,2024-07-29
노들로2-64,노량진1동,316,2018-12-24,강판주,LED일체형,1,2024-07-29
노들로2=1,노량진2동,45395,2018-12-24,강판주,LED일체형,2,2024-07-29
노들로3-1,노량진1동,45395,2023-11-23,강판주,LED일체형,1,2024-07-29
노들로3-2,노량진1동,45395,2023-11-23,강판주,LED일체형,3,2024-07-29
노들로3-3,노량진1동,45395,2023-11-23,강판주,LED일체형,3,2024-07-29
노들로3-4,노량진1동,45395,2020-12-29,강판주,LED일체형,3,2024-07-29
노들로3-5,노량진1동,45395,2020-12-29,강판주,LED일체형,3,2024-07-29
노들로3-6,노량진1동,45395,2018-12-16,강판주,LED일체형,3,2024-07-29
노들로3-7,노량진1동,45395,2018-12-16,강판주,LED일체형,3,2024-07-29
노들로3-8,노량진1동,45395,2018-12-16,강판주,LED일체형,1,2024-07-29
노들로3-9,노량진1동,45395,2018-12-16,강판주,LED일체형,1,2024-07-29
노들로3-10,노량진1동,45395,2023-11-23,강판주,LED일체형,3,2024-07-29
노들로3-11,노량진1동,45395,2023-11-23,강판주,LED일체형,3,2024-07-29
노들로3-12,노량진1동,45395,2023-11-23,강판주,LED일체형,3,2024-07-29
노들로3-13,노량진1동,45325,2023-11-23,강판주,LED일체형,3,2024-07-29
노들로3-14,노량진1동,45325,2023-11-23,강판주,LED일체형,3,2024-07-29
노들로3-15,노량진1동,45325,2023-11-23,강판주,LED일체형,3,2024-07-29
노들로3-16,노량진1동,45325,2023-11-23,강판주,LED일체형,3,2024-07-29
노들로3-17,노량진1동,45325,2023-11-23,강판주,LED일체형,3,2024-07-29
노들로3-18,노량진1동,45325,2023-11-23,강판주,LED일체형,3,2024-07-29
노들로3-19,노량진1동,45395,2023-11-23,강판주,LED일체형,3,2024-07-29
노들로3-20,노량진1동,45395,2023-11-23,강판주,LED일체형,3,2024-07-29
노들로3-21,노량진1동,45395,2023-11-23,강판주,LED일체형,3,2024-07-29
노들로3-22,노량진1동,45395,2023-11-23,강판주,LED일체형,3,2024-07-29
노들로3-23,노량진1동,45395,2023-11-23,강판주,LED일체형,3,2024-07-29
노들로3=24,노량진1동,45517,2018-12-16,강판주,LED일체형,2,2024-07-29
노들로3=25,노량진1동,45517,2018-12-16,강판주,LED일체형,2,2024-07-29
노들로3=26,노량진1동,45517,2018-12-16,강판주,LED일체형,2,2024-07-29
노들로4-1,노량진1동,45395,2023-11-22,강판주,LED일체형,3,2024-07-29
노들로4-2,노량진1동,45395,2023-11-22,강판주,LED일체형,3,2024-07-29
노들로4-3,노량진1동,45395,2023-11-23,강판주,LED일체형,3,2024-07-29
노들로4-4,노량진1동,318,2023-11-23,강판주,LED일체형,3,2024-07-29
노들로4-5,노량진1동,478,2023-11-23,강판주,LED일체형,3,2024-07-29
노들로4-6,노량진1동,475-1,2023-11-23,강판주,LED일체형,3,2024-07-29
노들로4-7,노량진1동,475-1,2023-11-23,강판주,LED일체형,3,2024-07-29
노들로4-8,노량진1동,475-1,2023-11-23,강판주,LED일체형,3,2024-07-29
노들로4-9,노량진1동,475-1,2023-11-23,강판주,LED일체형,3,2024-07-29
노들로4-10,노량진1동,475-1,2023-11-22,강판주,LED일체형,3,2024-07-29
노들로4-11,노량진1동,475-1,2023-11-22,강판주,LED일체형,3,2024-07-29
노들로4-12,노량진1동,475-1,2023-11-22,강판주,LED일체형,3,2024-07-29
노들로4-13,노량진1동,260-2,2023-11-22,강판주,LED일체형,3,2024-07-29
노들로4-14,노량진1동,258-65,2023-11-22,강판주,LED일체형,3,2024-07-29
노들로4-15,노량진1동,258-62,2018-12-16,강판주,LED일체형,1,2024-07-29
노들로4-16,노량진1동,258-150,2018-12-16,강판주,LED일체형,1,2024-07-29
노들로4-17,노량진1동,258-150,2018-12-16,강판주,LED일체형,1,2024-07-29
노들로4-18,노량진1동,258-150,2018-12-16,강판주,LED일체형,1,2024-07-29
노들로4-19,노량진1동,258-150,2018-12-16,강판주,LED일체형,1,2024-07-29
노들로4-20,노량진1동,258-150,2018-12-16,강판주,LED일체형,1,2024-07-29
노들로4-21,노량진1동,258-150,2018-12-16,강판주,LED일체형,1,2024-07-29
노들로4-22,노량진1동,258-150,2018-12-16,강판주,LED일체형,1,2024-07-29
노들로4-23,노량진1동,258-150,2018-12-16,강판주,LED일체형,1,2024-07-29
노들로4-24,노량진1동,258-150,2018-12-16,강판주,LED일체형,1,2024-07-29
노들로4-25,노량진1동,258-150,2018-12-16,강판주,LED일체형,1,2024-07-29
노들로4-26,노량진1동,258-49,2018-12-16,강판주,LED일체형,1,2024-07-29
노들로5-1,노량진1동,316,2018-12-16,강판주,LED일체형,1,2024-07-29
노들로5-2,노량진1동,316,2018-12-16,강판주,LED일체형,1,2024-07-29
노들로5-3,노량진1동,316,2018-12-16,강판주,LED일체형,1,2024-07-29
노들로5-4,노량진1동,316,2018-12-16,강판주,LED일체형,1,2024-07-29
노들로5-5,노량진1동,316,2018-12-16,강판주,LED일체형,1,2024-07-29
노들로5-6,노량진1동,316,2018-12-16,강판주,LED일체형,1,2024-07-29
노들로5-7,노량진1동,316,2018-12-16,강판주,LED일체형,1,2024-07-29
노들로5-8,노량진1동,316,2018-12-16,강판주,LED일체형,1,2024-07-29
노들로5-9,노량진1동,316,2018-12-16,강판주,LED일체형,1,2024-07-29
노들로5-10,노량진1동,316,2018-12-16,강판주,LED일체형,1,2024-07-29
노들로5-11,노량진1동,316,2018-12-16,강판주,LED일체형,1,2024-07-29
노들로5-12,노량진1동,316,2018-12-16,강판주,LED일체형,1,2024-07-29
노들로5-13,노량진1동,316,2018-12-16,강판주,LED일체형,1,2024-07-29
노들로5-14,노량진1동,318,2018-12-16,강판주,LED일체형,1,2024-07-29
노들로5-15,노량진1동,478,2018-12-16,강판주,LED일체형,1,2024-07-29
노들로5-16,노량진1동,478,2018-12-16,강판주,LED일체형,1,2024-07-29
노들로5-17,노량진1동,477-1,2018-12-16,강판주,LED일체형,1,2024-07-29
노들로5-18,노량진1동,477-1,2018-12-16,강판주,LED일체형,1,2024-07-29
노들로5-19,노량진1동,477-1,2018-12-16,강판주,LED일체형,1,2024-07-29
노들로5-20,노량진1동,477-1,2018-12-16,강판주,LED일체형,1,2024-07-29
노들로5-21,노량진1동,477-1,2018-12-16,강판주,LED일체형,1,2024-07-29
노들로5-22,노량진1동,477-1,2018-12-16,강판주,LED일체형,1,2024-07-29
노들로5-23,노량진1동,477-1,2018-12-16,강판주,LED일체형,1,2024-07-29
노들로5-24,노량진1동,477-1,2018-12-16,강판주,LED일체형,1,2024-07-29
노들로5-25,노량진1동,477-1,2018-12-16,강판주,LED일체형,1,2024-07-29
노들로5-26,노량진1동,477-1,2018-12-16,강판주,LED일체형,1,2024-07-29
노들로5-27,노량진1동,477-1,2018-12-16,강판주,LED일체형,1,2024-07-29
노들로6-1,노량진2동,45310,2018-12-24,강판주,LED일체형,1,2024-07-29
노들로6-2,노량진2동,320-1,2018-12-24,강판주,LED일체형,1,2024-07-29
노들로6-3,노량진2동,320-1,2018-12-24,강판주,LED일체형,1,2024-07-29
노들로6-4,노량진2동,320-1,2018-12-24,강판주,LED일체형,1,2024-07-29
노들로6-5,노량진2동,320-1,2018-12-24,강판주,LED일체형,1,2024-07-29
노들로6-6,노량진2동,320-1,2018-12-24,강판주,LED일체형,1,2024-07-29
노들로6-7,노량진2동,320-1,2018-12-24,강판주,LED일체형,1,2024-07-29
노들로6-9,노량진2동,320-1,2018-12-24,강판주,LED일체형,1,2024-07-29
노들로6-10,노량진2동,320-1,2018-12-24,강판주,LED일체형,1,2024-07-29
노들로6-11,노량진2동,320-1,2018-12-24,강판주,LED일체형,1,2024-07-29
노들로6-12,노량진2동,320-1,2018-12-24,강판주,LED일체형,1,2024-07-29
노들로6-13,노량진2동,320-1,2018-12-24,강판주,LED일체형,1,2024-07-29
노들로6-14,노량진2동,320-1,2018-12-24,강판주,LED일체형,1,2024-07-29
노들로6-15,노량진2동,320-1,2018-12-24,강판주,LED일체형,1,2024-07-29
노들로6-16,노량진2동,320-1,2018-12-24,강판주,LED일체형,1,2024-07-29
노들로6=8,노량진2동,320-1,2021-01-06,강판주,LED일체형,2,2024-07-29
노량진로1-2,대방동,466-1,2016-08-16,"전용주(테파),전용주(팔각)",LED일체형,3,2024-07-29
노량진로1-3,대방동,341-18,2016-08-16,"전용주(테파),전용주(팔각)",LED일체형,3,2024-07-29
노량진로1-4,대방동,341-2,2016-08-16,"전용주(테파),전용주(팔각)",LED일체형,3,2024-07-29
노량진로1-6,대방동,101-30,2018-11-27,"전용주(테파),전용주(팔각)",LED일체형,3,2024-07-29
노량진로1-7,대방동,106-3,2016-08-16,"전용주(테파),전용주(팔각)",LED일체형,3,2024-07-29
노량진로1-8,대방동,106-3,2016-08-16,"전용주(테파),전용주(팔각)",LED일체형,3,2024-07-29
노량진로1-9,대방동,102-1,2016-08-16,"전용주(테파),전용주(팔각)",LED일체형,3,2024-07-29
노량진로1=1,대방동,466-1,2016-08-16,"전용주(테파),전용주(팔각)",LED일체형,4,2024-07-29
노량진로1=5,대방동,117-4,2016-08-16,"전용주(테파),전용주(팔각)",LED일체형,4,2024-07-29
노량진로1=10,대방동,102-1,2016-08-16,"전용주(테파),전용주(팔각)",LED일체형,4,2024-07-29
노량진로2-1,대방동,64-13,2016-08-16,"전용주(테파),전용주(팔각)",LED일체형,3,2024-07-29
노량진로2-2,대방동,23712,2016-08-16,"전용주(테파),전용주(팔각)",LED일체형,3,2024-07-29
노량진로2-3,대방동,338-6,2016-08-16,"전용주(테파),전용주(팔각)",LED일체형,3,2024-07-29
노량진로2-4,대방동,338-2,2016-08-16,"전용주(테파),전용주(팔각)",LED일체형,3,2024-07-29
노량진로2-5,대방동,22647,2016-08-16,"전용주(테파),전용주(팔각)",LED일체형,3,2024-07-29
노량진로2-6,대방동,22068,2016-08-16,"전용주(테파),전용주(팔각)",LED일체형,3,2024-07-29
노량진로2-7,대방동,22098,2016-08-16,"전용주(테파),전용주(팔각)",LED일체형,3,2024-07-29
노량진로2-8,대방동,21916,2016-08-16,"전용주(테파),전용주(팔각)",LED일체형,3,2024-07-29
노량진로2-9,대방동,54-14,2016-08-16,"전용주(테파),전용주(팔각)",LED일체형,3,2024-07-29
노량진로2=10,대방동,54-14,2016-08-16,"전용주(테파),전용주(팔각)",LED일체형,4,2024-07-29
노량진로3-2,대방동,17777,2016-08-23,전용주(강관),LED일체형,1,2024-07-29
노량진로3-3,대방동,17777,2016-08-23,전용주(강관),LED일체형,3,2024-07-29
노량진로3-4,대방동,17777,2016-08-23,전용주(강관),LED일체형,3,2024-07-29
노량진로3-5,대방동,17777,2016-08-23,전용주(강관),LED일체형,3,2024-07-29
노량진로3-6,대방동,17777,2016-08-23,전용주(강관),LED일체형,1,2024-07-29
노량진로3-7,대방동,17227,2016-08-23,전용주(강관),LED일체형,1,2024-07-29
노량진로3-8,대방동,17227,2016-08-23,전용주(강관),LED일체형,1,2024-07-29
노량진로3=1,대방동,18384,2016-08-23,전용주(강관),LED일체형,2,2024-07-29
노량진로4-1,노량진2동,267-1,2016-08-23,전용주(강관),LED일체형,1,2024-07-29
노량진로4-2,노량진2동,267-52,2016-08-23,전용주(강관),LED일체형,1,2024-07-29
노량진로4-3,노량진2동,45594,2016-08-23,전용주(강관),LED일체형,1,2024-07-29
노량진로4-4,노량진2동,45350,2016-08-23,전용주(강관),LED일체형,1,2024-07-29
노량진로4-5,노량진2동,45318,2016-08-23,전용주(강관),LED일체형,1,2024-07-29
노량진로4=6,노량진2동,45439,2016-08-23,전용주(강관),LED일체형,2,2024-07-29
노량진로4=7,노량진2동,45436,2016-08-23,전용주(강관),LED일체형,2,2024-07-29
노량진로5-1,노량진2동,40-90,2016-08-23,전용주(강관),LED일체형,1,2024-07-29
노량진로5-2,노량진2동,40-90,2016-08-23,전용주(강관),LED일체형,1,2024-07-29
노량진로5-3,노량진2동,40-90,2016-08-23,전용주(강관),LED일체형,1,2024-07-29
노량진로5-5,노량진2동,15493,2016-08-23,전용주(강관),LED일체형,1,2024-07-29
노량진로5-6,노량진2동,15493,2016-08-23,전용주(강관),LED일체형,1,2024-07-29
노량진로5-7,노량진2동,15493,2016-08-23,전용주(강관),LED일체형,1,2024-07-29
노량진로5-8,노량진2동,44-32,2016-08-23,전용주(강관),LED일체형,1,2024-07-29
노량진로5=4,노량진2동,14946,2016-08-23,전용주(강관),LED일체형,2,2024-07-29
노량진로5=9,노량진2동,22221,2016-08-23,전용주(강관),LED일체형,2,2024-07-29
노량진로6-2,노량진1동,22221,2016-08-23,전용주(강관),LED일체형,1,2024-07-29
노량진로6-3,노량진1동,22221,2016-08-23,전용주(강관),LED일체형,1,2024-07-29
노량진로6-4,노량진1동,22221,2016-08-23,전용주(강관),LED일체형,1,2024-07-29
노량진로6-6,노량진1동,22221,2016-08-23,전용주(강관),LED일체형,1,2024-07-29
노량진로6-7,노량진1동,62-13,2016-08-23,전용주(강관),LED일체형,1,2024-07-29
노량진로6=1,노량진1동,23346,2016-08-23,전용주(강관),LED일체형,2,2024-07-29
노량진로6=5,노량진1동,22221,2016-08-23,전용주(강관),LED일체형,2,2024-07-29
노량진로7-2,노량진1동,72-67,2016-08-23,전용주(강관),LED일체형,1,2024-07-29
노량진로7-3,노량진1동,110-3,2016-08-23,전용주(강관),LED일체형,1,2024-07-29
노량진로7-4,노량진1동,113-7,2016-08-23,전용주(강관),LED일체형,1,2024-07-29
노량진로7-5,노량진1동,114-6,2016-08-23,전용주(강관),LED일체형,1,2024-07-29
노량진로7-6,노량진1동,114-2,2016-08-30,전용주(강관),LED일체형,1,2024-07-29
노량진로7=1,노량진1동,72-67,2018-11-27,전용주(강관),LED일체형,2,2024-07-29
노량진로8-1,노량진1동,114-2,2016-08-30,전용주(강관),LED일체형,1,2024-07-29
노량진로8-2,노량진1동,148-80,2016-08-30,전용주(강관),LED일체형,1,2024-07-29
노량진로8-3,노량진1동,148-1,2016-08-30,전용주(강관),LED일체형,1,2024-07-29
노량진로8-4,노량진1동,148-80,2016-08-30,전용주(강관),LED일체형,1,2024-07-29
노량진로8-5,노량진1동,148-80,2016-08-30,전용주(강관),LED일체형,1,2024-07-29
노량진로8-6,노량진1동,148-80,2016-08-30,전용주(강관),LED일체형,1,2024-07-29
노량진로8-7,노량진1동,148-80,2016-08-30,전용주(강관),LED일체형,1,2024-07-29
노량진로8-8,노량진1동,147-20,2016-08-30,전용주(강관),LED일체형,1,2024-07-29
노량진로8-9,노량진1동,147-20,2016-08-30,전용주(강관),LED일체형,1,2024-07-29
노량진로8-10,노량진1동,148-80,2016-08-30,전용주(강관),LED일체형,1,2024-07-29
노량진로8-11,노량진1동,165-8,2016-08-30,전용주(강관),LED일체형,1,2024-07-29
노량진로9-2,노량진1동,193-2,2016-08-30,전용주(강관),LED일체형,1,2024-07-29
노량진로9-3,노량진1동,191-2,2016-08-30,전용주(강관),LED일체형,1,2024-07-29
노량진로9-4,노량진1동,186-1,2016-08-30,전용주(강관),LED일체형,1,2024-07-29
노량진로9-5,노량진1동,186-1,2016-08-30,전용주(강관),LED일체형,1,2024-07-29
노량진로9-6,노량진1동,379-4,2016-08-30,전용주(강관),LED일체형,1,2024-07-29
노량진로9=1,노량진1동,165-8,2016-08-30,전용주(강관),LED일체형,2,2024-07-29
노량진로10-1,노량진1동,374-3,2016-08-30,전용주(강관),LED일체형,1,2024-07-29
노량진로10-2,노량진1동,368-2,2016-08-30,전용주(강관),LED일체형,1,2024-07-29
노량진로10-3,노량진1동,365,2016-08-30,전용주(강관),LED일체형,1,2024-07-29
노량진로10-5,노량진1동,208-1,2016-08-30,전용주(강관),LED일체형,1,2024-07-29
노량진로10=4,노량진1동,400,2016-08-30,전용주(강관),LED일체형,2,2024-07-29
노량진로10=6,노량진1동,344-10,2016-08-30,전용주(강관),LED일체형,2,2024-07-29
노량진로11-2,노량진1동,149-6,2016-08-30,전용주(강관),LED일체형,1,2024-07-29
노량진로11-3,노량진1동,149-6,2016-08-30,전용주(강관),LED일체형,1,2024-07-29
노량진로11-4,노량진1동,126-6,2016-08-30,전용주(강관),LED일체형,1,2024-07-29
노량진로11-5,노량진1동,126-6,2016-08-30,전용주(강관),LED일체형,1,2024-07-29
노량진로11=1,노량진1동,475-1,2016-08-30,전용주(강관),LED일체형,2,2024-07-29
노량진로12-2,노량진1동,258-49,2016-08-30,전용주(강관),LED일체형,3,2024-07-29
노량진로12-3,노량진1동,475-1,2016-08-30,전용주(강관),LED일체형,3,2024-07-29
노량진로12-4,노량진1동,475-1,2016-08-30,전용주(강관),LED일체형,3,2024-07-29
노량진로12-5,노량진1동,258-1,2018-11-12,전용주(강관),LED일체형,3,2024-07-29
노량진로12-6,노량진1동,258-1,2016-08-30,전용주(강관),LED일체형,3,2024-07-29
노량진로12-7,노량진1동,258-1,2016-08-30,전용주(강관),LED일체형,1,2024-07-29
노량진로12-8,노량진1동,475-1,2016-08-30,전용주(강관),LED일체형,1,2024-07-29
노량진로12-9,노량진1동,475-1,2016-08-30,전용주(강관),LED일체형,1,2024-07-29
노량진로12-10,노량진1동,475-1,2016-08-30,전용주(강관),LED일체형,1,2024-07-29
노량진로12=1,노량진1동,258-49,2016-08-30,전용주(강관),LED일체형,4,2024-07-29
노량진로12=11,노량진1동,475-1,2016-08-30,전용주(강관),LED일체형,2,2024-07-29
노량진로13-1,노량진1동,475-1,2016-08-30,전용주(강관),LED일체형,1,2024-07-29
노량진로13-2,노량진1동,344-10,2016-08-30,전용주(강관),LED일체형,1,2024-07-29
노량진로13-3,노량진1동,344-10,2016-08-30,전용주(강관),LED일체형,1,2024-07-29
노량진로13-4,노량진1동,361-4,2016-08-30,전용주(강관),LED일체형,1,2024-07-29
노량진로13-5,노량진1동,344-3,2016-08-30,전용주(강관),LED일체형,1,2024-07-29
노량진로13-6,노량진1동,344-3,2016-08-30,전용주(강관),LED일체형,1,2024-07-29
노량진로13-7,노량진1동,344-3,2016-08-30,전용주(강관),LED일체형,1,2024-07-29
노량진로13-8,노량진1동,206-62,2016-08-30,전용주(강관),LED일체형,1,2024-07-29
노량진로13-9,노량진1동,152-3,2016-08-30,전용주(강관),LED일체형,3,2024-07-29
노량진로13-10,노량진1동,165-21,2016-08-30,전용주(강관),LED일체형,3,2024-07-29
노량진로13-11,노량진1동,165-21,2016-08-30,전용주(강관),LED일체형,3,2024-07-29
노량진로13-12,노량진1동,152-3,2016-08-30,전용주(강관),LED일체형,3,2024-07-29
노량진로13-13,노량진1동,152-3,2016-08-30,전용주(강관),LED일체형,3,2024-07-29
노량진로13-14,노량진1동,148-69,2016-08-30,전용주(강관),LED일체형,3,2024-07-29
노량진로13=15,노량진1동,152-7,2016-08-30,전용주(강관),LED일체형,4,2024-07-29
노량진로14-2,노량진1동,151-25,2016-08-30,전용주(강관),LED일체형,1,2024-07-29
노량진로14-3,노량진1동,151-25,2016-08-30,전용주(강관),LED일체형,1,2024-07-29
노량진로14-4,노량진1동,151-24,2016-08-30,전용주(강관),LED일체형,1,2024-07-29
노량진로14-5,노량진1동,151-22,2016-08-30,전용주(강관),LED일체형,1,2024-07-29
노량진로14-6,노량진1동,151-22,2016-08-30,전용주(강관),LED일체형,1,2024-07-29
노량진로14-7,노량진1동,150-2,2018-11-19,전용주(강관),LED일체형,1,2024-07-29
노량진로14-8,노량진1동,150-2,2016-08-30,전용주(강관),LED일체형,1,2024-07-29
노량진로14-9,노량진1동,113-1,2016-08-30,전용주(강관),LED일체형,1,2024-07-29
노량진로14-10,노량진1동,24532,2016-08-23,전용주(강관),LED일체형,1,2024-07-29
노량진로14-11,노량진1동,24532,2016-08-23,전용주(강관),LED일체형,1,2024-07-29
노량진로14=1,노량진1동,152-7,2016-08-30,전용주(강관),LED일체형,2,2024-07-29
노량진로15-1,노량진1동,24532,2016-08-23,전용주(강관),LED일체형,1,2024-07-29
노량진로15-2,노량진1동,24532,2018-11-27,전용주(강관),LED일체형,2,2024-07-29
노량진로15-3,노량진1동,24532,2016-08-23,전용주(강관),LED일체형,1,2024-07-29
노량진로15-4,노량진1동,24532,2016-08-23,전용주(강관),LED일체형,1,2024-07-29
노량진로15-5,노량진1동,22221,2016-08-23,전용주(강관),LED일체형,1,2024-07-29
노량진로15-5-1,노량진1동,22221,2016-08-23,전용주(강관),LED일체형,1,2024-07-29
노량진로15-6,노량진1동,22221,2016-08-23,전용주(강관),LED일체형,1,2024-07-29
노량진로15-7,노량진1동,22221,2016-08-23,전용주(강관),LED일체형,1,2024-07-29
노량진로15-10,노량진2동,14946,2016-08-23,전용주(강관),LED일체형,1,2024-07-29
노량진로15-11,노량진2동,14946,2016-08-23,전용주(강관),LED일체형,1,2024-07-29
노량진로15-12,노량진2동,14946,2018-12-11,전용주(강관),LED일체형,1,2024-07-29
노량진로15=8,노량진1동,22221,2016-08-23,전용주(강관),LED일체형,1,2024-07-29
노량진로15=9,노량진2동,14946,2016-08-23,전용주(강관),LED일체형,2,2024-07-29
노량진로15=13,노량진2동,14946,2016-08-23,전용주(강관),LED일체형,2,2024-07-29
노량진로16-1,노량진2동,14946,2016-08-23,전용주(강관),LED일체형,3,2024-07-29
노량진로16-2,노량진2동,14946,2016-08-23,전용주(강관),LED일체형,3,2024-07-29
노량진로16-3,노량진2동,14946,2016-08-23,전용주(강관),LED일체형,3,2024-07-29
노량진로16-4,노량진2동,14946,2016-08-23,전용주(강관),LED일체형,3,2024-07-29
노량진로16-5,노량진2동,40-90,2016-08-23,전용주(강관),LED일체형,3,2024-07-29
노량진로16-6,노량진2동,45436,2016-08-23,전용주(강관),LED일체형,3,2024-07-29
노량진로16-7,노량진2동,45436,2016-08-23,전용주(강관),LED일체형,3,2024-07-29
노량진로16-8,노량진2동,45436,2016-08-23,전용주(강관),LED일체형,3,2024-07-29
노량진로16-9,노량진2동,45436,2016-08-23,전용주(강관),LED일체형,3,2024-07-29
노량진로16-10,노량진2동,45436,2016-08-23,전용주(강관),LED일체형,3,2024-07-29
노량진로16-11,노량진2동,45436,2016-08-23,전용주(강관),LED일체형,3,2024-07-29
노량진로16-12,노량진2동,45436,2016-08-23,전용주(강관),LED일체형,3,2024-07-29
노량진로16-13,노량진2동,45436,2016-08-23,전용주(강관),LED일체형,3,2024-07-29
노량진로16-14,대방동,26724,2016-08-23,전용주(강관),LED일체형,3,2024-07-29
노량진로16-15,대방동,71-16,2016-08-23,전용주(강관),LED일체형,3,2024-07-29
노량진로16-16,대방동,17593,2016-08-23,전용주(강관),LED일체형,3,2024-07-29
노량진로16-17,대방동,17593,2016-08-23,전용주(강관),LED일체형,3,2024-07-29
노량진로16-18,대방동,17593,2016-08-23,전용주(강관),LED일체형,3,2024-07-29
노량진로16-19,대방동,17593,2016-08-23,전용주(강관),LED일체형,3,2024-07-29
노량진로16=20,대방동,18963,2016-08-23,전용주(강관),LED일체형,4,2024-07-29
노량진로17-2,대방동,19756,2016-08-16,"전용주(테파),전용주(팔각)",LED일체형,3,2024-07-29
노량진로17-3,대방동,54-25,2016-08-16,"전용주(테파),전용주(팔각)",LED일체형,3,2024-07-29
노량진로17-4,대방동,19756,2016-08-16,"전용주(테파),전용주(팔각)",LED일체형,3,2024-07-29
노량진로17-5,대방동,19756,2016-08-16,"전용주(테파),전용주(팔각)",LED일체형,3,2024-07-29
노량진로17-6,대방동,23163,2016-08-16,"전용주(테파),전용주(팔각)",LED일체형,3,2024-07-29
노량진로17-7,대방동,23163,2016-08-16,"전용주(테파),전용주(팔각)",LED일체형,3,2024-07-29
노량진로17-8,대방동,23712,2016-08-16,"전용주(테파),전용주(팔각)",LED일체형,3,2024-07-29
노량진로17-9,대방동,23712,2016-08-16,"전용주(테파),전용주(팔각)",LED일체형,3,2024-07-29
노량진로17-10,대방동,23712,2016-08-16,"전용주(테파),전용주(팔각)",LED일체형,3,2024-07-29
노량진로17-11,대방동,23712,2018-11-27,"전용주(테파),전용주(팔각)",LED일체형,3,2024-07-29
노량진로17-12,대방동,23529,2018-11-27,"전용주(테파),전용주(팔각)",LED일체형,3,2024-07-29
노량진로17-13,대방동,106-11,2016-08-16,"전용주(테파),전용주(팔각)",LED일체형,3,2024-07-29
노량진로17-14,대방동,106-11,2016-08-16,"전용주(테파),전용주(팔각)",LED일체형,3,2024-07-29
노량진로17-15,대방동,106-11,2016-08-16,"전용주(테파),전용주(팔각)",LED일체형,3,2024-07-29
노량진로17-16,대방동,118-5,2016-08-16,"전용주(테파),전용주(팔각)",LED일체형,3,2024-07-29
노량진로17=1,대방동,68-84,2016-08-16,"전용주(테파),전용주(팔각)",LED일체형,4,2024-07-29
노량진로23가길1-1,노량진1동,494-1,2018-12-16,강판주,LED일체형,1,2024-07-29
노량진로23가길1-2,노량진1동,494-1,2018-12-16,강판주,LED일체형,1,2024-07-29
노량진로23가길1-3,노량진1동,494-1,2018-12-16,강판주,LED일체형,1,2024-07-29
노량진로23가길1-4,노량진1동,494-1,2018-12-16,강판주,LED일체형,1,2024-07-29
노량진로23가길1-5,노량진1동,494-1,2018-12-16,강판주,LED일체형,1,2024-07-29
노량진로23가길1-6,노량진1동,494-1,2018-12-16,강판주,LED일체형,1,2024-07-29
노량진로23가길1-7,노량진1동,494-1,2018-12-16,강판주,LED일체형,1,2024-07-29
노량진로23가길1-8,노량진1동,494-1,2018-12-16,강판주,LED일체형,1,2024-07-29
노량진로23가길1-9,노량진1동,258-40,2018-12-16,강판주,LED일체형,1,2024-07-29
노량진로23가길1-10,노량진1동,258-40,2018-12-16,강판주,LED일체형,1,2024-07-29
노량진로23가길1-11,노량진1동,258-87,2018-12-16,강판주,LED일체형,1,2024-07-29
노량진로23가길1-12,노량진1동,494-10,2018-12-16,강판주,LED일체형,1,2024-07-29
노량진로23가길1-13,노량진1동,494-10,2018-12-16,강판주,LED일체형,1,2024-07-29
노량진로23가길1-14,노량진1동,317,2016-09-28,강판주,LED일체형,1,2024-07-29
노량진로23가길1-15,노량진1동,494,2018-12-16,강판주,LED일체형,1,2024-07-29
노량진로23길1-1,노량진1동,230-4,2016-12-15,강판주,LED일체형,1,2024-07-29
노량진로23길1-2,노량진1동,258-68,2018-12-16,강판주,LED일체형,1,2024-07-29
노량진로23길1-3,노량진1동,258-68,2018-12-16,강판주,LED일체형,1,2024-07-29
노량진로23길1-4,노량진1동,258-68,2016-12-15,강판주,LED일체형,1,2024-07-29
노량진로23길1-5,노량진1동,258-62,2016-12-15,강판주,LED일체형,1,2024-07-29
노량진로23길1-6,노량진1동,258-68,2016-12-15,강판주,LED일체형,1,2024-07-29
노량진로23길1-7,노량진1동,258-68,2018-12-16,강판주,LED일체형,1,2024-07-29
노량진로23길1-8,노량진1동,258-68,2016-12-15,강판주,LED일체형,1,2024-07-29
노량진로23길1-9,노량진1동,258-68,2016-12-15,강판주,LED일체형,1,2024-07-29
노량진로23길1-10,노량진1동,258-24,2016-12-15,강판주,LED일체형,1,2024-07-29
노량진로버스1-6,대방동,17593,2020-08-24,전용주,LED소켓형,2,2024-07-29
노량진로버스 1-2,대방동,19756,2020-08-24,전용주,LED소켓형,2,2024-07-29
노량진로버스 1-3,대방동,19756,2020-08-24,전용주,LED소켓형,2,2024-07-29
노량진로버스 1-5,대방동,17593,2020-08-24,신호통합주,LED일체형,2,2024-07-29
노량진로버스 1-7,대방동,17593,2020-08-24,전용주,LED소켓형,2,2024-07-29
노량진로버스 1=1,대방동,19756,2020-08-24,전용주,LED일체형,5,2024-07-29
노량진로버스 1=4,대방동,19756,2020-08-24,신호통합주,LED일체형,2,2024-07-29
노량진로버스 1=8,대방동,17593,2020-08-24,전용주,LED일체형,4,2024-07-29
노량진로버스 2-2,노량진2동,14946,2020-08-24,전용주,LED소켓형,2,2024-07-29
노량진로버스 2-3,노량진2동,14946,2020-08-24,전용주,LED소켓형,2,2024-07-29
노량진로버스 2-6,노량진2동,14946,2020-08-24,전용주,LED소켓형,2,2024-07-29
노량진로버스 2-7,노량진2동,14946,2020-08-24,전용주,LED소켓형,2,2024-07-29
노량진로버스 2=1,노량진2동,14946,2020-08-24,전용주,LED일체형,4,2024-07-29
노량진로버스 2=4,노량진2동,14946,2019-11-12,신호통합주,LED일체형,2,2024-07-29
노량진로버스 2=5,노량진2동,14946,2020-08-24,신호통합주,LED일체형,2,2024-07-29
노량진로버스 2=8,노량진2동,14946,2020-08-24,전용주,LED일체형,4,2024-07-29
노량진로버스 3-2,노량진1동,24532,2020-08-25,전용주,LED소켓형,2,2024-07-29
노량진로버스 3-3,노량진1동,24532,2020-08-25,전용주,LED소켓형,2,2024-07-29
노량진로버스 3-4,노량진1동,113-1,2020-08-25,전용주,LED소켓형,2,2024-07-29
노량진로버스 3-5,노량진1동,113-1,2020-08-25,신호통합주,LED일체형,2,2024-07-29
노량진로버스 3-7,노량진1동,150-2,2020-08-25,전용주,LED소켓형,2,2024-07-29
노량진로버스 3-8,노량진1동,150-2,2020-08-25,전용주,LED소켓형,2,2024-07-29
노량진로버스 3-9,노량진1동,150-2,2020-08-25,전용주,LED소켓형,2,2024-07-29
노량진로버스 3=1,노량진1동,24532,2020-08-25,전용주,LED일체형,4,2024-07-29
노량진로버스 3=6,노량진1동,150-2,2020-08-25,신호통합주,LED일체형,2,2024-07-29
노량진로버스 3=10,노량진1동,150-2,2020-08-25,전용주,LED일체형,4,2024-07-29
노량진로버스 4-2,노량진1동,206-62,2020-08-27,전용주,LED소켓형,2,2024-07-29
노량진로버스 4-3,노량진1동,186-1,2020-08-27,전용주,LED소켓형,2,2024-07-29
노량진로버스 4-4,노량진1동,186-1,2020-08-27,전용주,LED소켓형,2,2024-07-29
노량진로버스 4-7,노량진1동,344-3,2020-08-27,전용주,LED소켓형,2,2024-07-29
노량진로버스 4-8,노량진1동,344-10,2020-08-27,전용주,LED소켓형,2,2024-07-29
노량진로버스 4-9,노량진1동,365,2020-08-27,전용주,LED소켓형,2,2024-07-29
노량진로버스 4=1,노량진1동,206-62,2020-08-27,전용주,LED일체형,4,2024-07-29
노량진로버스 4=5,노량진1동,186-1,2020-08-27,신호통합주,LED일체형,2,2024-07-29
노량진로버스 4=6,노량진1동,344-3,2020-08-27,신호통합주,LED일체형,2,2024-07-29
노량진로버스 4=10,노량진1동,365,2020-08-27,전용주,LED일체형,4,2024-07-29
노량진로육교-1,노량진1동,152-7,2020-08-25,전용주,LED소켓형,2,2024-07-29
노량진로육교-2,노량진1동,152-7,2020-08-25,전용주,LED소켓형,2,2024-07-29
노량진로육교-3,노량진1동,148-69,2020-08-25,전용주,LED소켓형,2,2024-07-29
노량진로육교-4,노량진1동,148-80,2020-08-25,전용주,LED소켓형,2,2024-07-29
노량진로육교-5,노량진1동,152-7,2020-08-25,전용주,LED소켓형,2,2024-07-29
노량진로육교-6,노량진1동,152-7,2020-08-25,전용주,LED소켓형,2,2024-07-29
대림로1-2,신대방1동,700-4,2016-08-17,주철주,LED일체형,3,2024-07-29
대림로1-3,신대방1동,692-63,2016-08-17,주철주,LED일체형,3,2024-07-29
대림로1-4,신대방1동,692-46,2016-08-17,주철주,LED일체형,3,2024-07-29
대림로1-5,신대방1동,692-39,2016-08-17,주철주,LED일체형,3,2024-07-29
대림로1-7,신대방1동,692-10,2016-08-17,주철주,LED일체형,3,2024-07-29
대림로1-9,신대방1동,690-26,2016-08-17,주철주,LED일체형,3,2024-07-29
대림로1-10,신대방1동,690-15,2016-08-17,주철주,LED일체형,3,2024-07-29
대림로1-11,신대방1동,690-9,2016-08-17,주철주,LED일체형,3,2024-07-29
대림로1-13,신대방1동,700-3,2016-08-17,주철주,LED일체형,3,2024-07-29
대림로1-14,신대방1동,687-14,2016-08-17,주철주,LED일체형,3,2024-07-29
대림로1-16,신대방1동,685-10,2016-08-17,주철주,LED일체형,3,2024-07-29
대림로1-17,신대방1동,685-1,2016-12-15,주철주,LED일체형,3,2024-07-29
대림로1=1,신대방1동,644-6,2016-08-17,주철주,LED일체형,4,2024-07-29
대림로1=6,신대방1동,692-26,2016-08-17,주철주,LED일체형,4,2024-07-29
대림로1=8,신대방1동,692-2,2016-08-17,주철주,LED일체형,4,2024-07-29
대림로1=12,신대방1동,690-1,2016-08-17,주철주,LED일체형,4,2024-07-29
대림로1=15,신대방1동,685-12,2016-08-17,주철주,LED일체형,4,2024-07-29
대림로2-2,신대방1동,700,2016-08-17,주철주,LED일체형,3,2024-07-29
대림로2-6,신대방1동,700-2,2016-08-17,주철주,LED일체형,3,2024-07-29
대림로2-7,신대방1동,700-2,2016-08-17,주철주,LED일체형,3,2024-07-29
대림로2-8,신대방1동,700-2,2016-08-17,주철주,LED일체형,3,2024-07-29
대림로2-10,신대방1동,700-4,2016-08-17,주철주,LED일체형,3,2024-07-29
대림로2-11,신대방1동,700-4,2016-08-17,주철주,LED일체형,3,2024-07-29
대림로2-13,신대방1동,700-4,2016-08-17,주철주,LED일체형,3,2024-07-29
대림로2-14,신대방1동,702-9,2016-08-17,주철주,LED일체형,3,2024-07-29
대림로2=1,신대방1동,700,2016-08-17,주철주,LED일체형,4,2024-07-29
대림로2=3,신대방1동,700,2016-08-17,주철주,LED일체형,4,2024-07-29
대림로2=4,신대방1동,719,2016-08-17,주철주,LED일체형,4,2024-07-29
대림로2=5,신대방1동,700-2,2016-08-17,주철주,LED일체형,4,2024-07-29
대림로2=9,신대방1동,700-2,2016-08-17,주철주,LED일체형,4,2024-07-29
대림로2=12,신대방1동,700-4,2016-08-17,주철주,LED일체형,4,2024-07-29
대림로2=15,신대방1동,643-1,2016-08-17,주철주,LED일체형,4,2024-07-29
동작대로27길1-1,사당2동,135-11,2020-11-06,전용주(강관),LED소켓형,4,2024-07-29
동작대로27길1-2,사당2동,135-11,2020-11-06,전용주(강관),LED소켓형,4,2024-07-29
동작대로27길1-3,사당2동,132-6,2020-11-06,전용주(강관),LED소켓형,4,2024-07-29
동작대로27길1-4,사당2동,139-36,2020-11-06,전용주(강관),LED소켓형,4,2024-07-29
동작대로27길1-5,사당2동,130-20,2020-11-06,전용주(강관),LED소켓형,4,2024-07-29
동작대로27길1-6,사당2동,130-22,2020-11-06,전용주(강관),LED소켓형,4,2024-07-29
동작대로27길1-7,사당2동,139-34,2020-11-06,전용주(강관),LED소켓형,4,2024-07-29
동작대로27길1-8,사당2동,139-34,2020-11-06,전용주(강관),LED소켓형,4,2024-07-29
동작대로27길1-9,사당2동,139-34,2020-11-06,전용주(강관),LED소켓형,4,2024-07-29
동작대로27길1-10,사당2동,139-34,2020-11-06,전용주(강관),LED소켓형,4,2024-07-29
동작대로27길1-11,사당2동,139-34,2020-11-06,전용주(강관),LED소켓형,4,2024-07-29
동작대로27길1-12,사당2동,139-34,2020-11-06,전용주(강관),LED소켓형,4,2024-07-29
동작대로27길1-13,사당2동,135-11,2020-11-06,전용주(강관),LED소켓형,4,2024-07-29
동작대로29길1-1,사당2동,1136-4,2016-12-15,강판주,LED일체형,2,2024-07-29
동작대로29길1-2,사당2동,1136-4,2016-12-15,강판주,LED일체형,2,2024-07-29
동작대로29길1-3,사당2동,1136-4,2016-12-15,강판주,LED일체형,2,2024-07-29
동작대로29길1-4,사당2동,1136-2,2016-12-15,강판주,LED일체형,2,2024-07-29
동작대로29길1-5,사당2동,1136-4,2016-12-15,스텐주,LED일체형,2,2024-07-29
동작대로29길1-6,사당2동,1136-4,2016-12-15,스텐주,LED일체형,2,2024-07-29
동작대로29길1-7,사당2동,105-6,2016-12-15,스텐주,LED일체형,2,2024-07-29
동작대로29길1-8,사당2동,105,2016-12-15,스텐주,LED일체형,2,2024-07-29
동작대로29길1-9,사당2동,105-7,2016-12-15,스텐주,LED일체형,2,2024-07-29
동작대로29길1-10,사당2동,105,2016-12-15,스텐주,LED일체형,2,2024-07-29
동작대로39가길1-2,사당2동,333-6,2018-12-11,강판주,LED일체형,1,2024-07-29
동작대로39가길1-3,사당2동,333,2018-12-11,강판주,LED일체형,1,2024-07-29
동작대로39가길1-4,사당2동,333,2018-12-11,강판주,LED일체형,1,2024-07-29
동작대로39가길1-6,사당2동,333-6,2018-12-11,강판주,LED일체형,1,2024-07-29
동작대로39가길1-7,사당2동,333-6,2018-12-11,강판주,LED일체형,1,2024-07-29
동작대로39가길1-8,사당2동,333-6,2018-12-11,강판주,LED일체형,1,2024-07-29
동작대로39가길1-9,사당2동,333-6,2018-12-11,강판주,LED일체형,1,2024-07-29
동작대로39가길1-10,사당2동,333-6,2018-12-11,강판주,LED일체형,1,2024-07-29
동작대로39가길1=1,사당2동,333-6,2018-11-20,강판주,LED일체형,2,2024-07-29
동작대로39가길1=5,사당2동,333,2018-12-11,강판주,LED일체형,1,2024-07-29
동작대로39가길2-1,사당2동,333-6,2020-10-27,스텐주,LED일체형,2,2024-07-29
동작대로39가길2-2,사당2동,333-6,2020-10-27,주철주,LED일체형,2,2024-07-29
동작대로39가길2-3,사당2동,333-6,2020-10-27,스텐주,LED일체형,2,2024-07-29
동작대로39가길2-4,사당2동,333-6,2020-10-27,스텐주,LED일체형,2,2024-07-29
동작대로39가길2-5,사당2동,333-6,2020-10-27,스텐주,LED일체형,2,2024-07-29
동작대로39가길2-6,사당2동,333-6,2020-10-27,스텐주,LED일체형,2,2024-07-29
동작대로39가길2-7,사당2동,333-6,2020-10-27,스텐주,LED일체형,2,2024-07-29
동작대로39가길2-8,사당2동,333-6,2020-10-27,스텐주,LED일체형,2,2024-07-29
동작대로39가길2-9,사당2동,333,2020-10-27,스텐주,LED일체형,2,2024-07-29
동작대로39가길2-10,사당2동,333,2020-10-27,스텐주,LED일체형,2,2024-07-29
동작대로39가길2-11,사당2동,333-6,2020-10-27,스텐주,LED일체형,2,2024-07-29
동작대로39가길2-12,사당2동,333-6,2020-10-27,스텐주,LED일체형,2,2024-07-29
동작대로39가길2-13,사당2동,333-6,2020-10-27,스텐주,LED일체형,2,2024-07-29
동작대로39가길2-14,사당2동,333-6,2020-10-27,스텐주,LED일체형,2,2024-07-29
동작대로39가길2-15,사당2동,333-6,2020-10-27,스텐주,LED일체형,2,2024-07-29
동작대로39가길2-16,사당2동,333-6,2020-10-27,스텐주,LED일체형,2,2024-07-29
동작대로39가길2-17,사당2동,333-6,2020-10-27,스텐주,LED일체형,2,2024-07-29
동작대로 1-1,사당2동,산 29-2,2019-12-20,강판주,LED일체형,3,2024-07-29
동작대로 1-2,사당2동,산 29-2,2019-12-20,강판주,LED일체형,3,2024-07-29
동작대로 1-3,사당2동,산 29-2,2019-12-20,강판주,LED일체형,3,2024-07-29
동작대로 1-5,사당2동,산 29-2,2016-08-30,강판주,LED일체형,3,2024-07-29
동작대로 1-6,사당2동,31472,2016-08-30,강판주,LED일체형,3,2024-07-29
동작대로 1-7,사당2동,31472,2016-08-30,강판주,LED일체형,3,2024-07-29
동작대로 1-9,사당2동,31472,2016-08-30,강판주,LED일체형,3,2024-07-29
동작대로 1-10,사당2동,산 28-2,2016-08-30,강판주,LED일체형,3,2024-07-29
동작대로 1-11,사당2동,산 28-4,2016-08-30,강판주,LED일체형,3,2024-07-29
동작대로 1-12,사당2동,산 28-4,2016-08-30,강판주,LED일체형,3,2024-07-29
동작대로 1-13,사당2동,산 28-4,2016-08-30,강판주,LED일체형,3,2024-07-29
동작대로 1-14,사당2동,산 28-4,2016-08-30,강판주,LED일체형,3,2024-07-29
동작대로 1-16,사당2동,34335,2019-01-05,강판주,LED일체형,3,2024-07-29
동작대로 1-17,사당2동,34335,2019-01-05,강판주,LED일체형,3,2024-07-29
동작대로 1=4,사당2동,산 29-2,2018-12-14,강판주,LED일체형,4,2024-07-29
동작대로 1=8,사당2동,31472,2019-01-05,강판주,LED일체형,4,2024-07-29
동작대로 1=15,사당2동,30376,2019-01-05,강판주,LED일체형,4,2024-07-29
동작대로 1=18,사당2동,34335,2019-01-05,강판주,LED일체형,4,2024-07-29
동작대로 2-2,사당2동,35612,2019-01-05,강판주,LED일체형,3,2024-07-29
동작대로 2-3,사당2동,28157,2019-01-05,강판주,LED일체형,3,2024-07-29
동작대로 2-4,사당2동,102-65,2016-08-30,강판주,LED일체형,3,2024-07-29
동작대로 2-5,사당2동,102-65,2019-01-05,강판주,LED일체형,3,2024-07-29
동작대로 2-6,사당2동,102-65,2016-08-30,강판주,LED일체형,3,2024-07-29
동작대로 2-7,사당2동,102-65,2016-08-30,강판주,LED일체형,3,2024-07-29
동작대로 2-8,사당2동,102-65,2019-01-05,강판주,LED일체형,3,2024-07-29
동작대로 2-9,사당2동,102-80,2019-01-05,강판주,LED일체형,3,2024-07-29
동작대로 2-11,사당2동,66-29,2019-01-05,강판주,LED일체형,3,2024-07-29
동작대로 2-13,사당2동,66-29,2019-01-05,강판주,LED일체형,3,2024-07-29
동작대로 2-14,사당2동,66-29,2019-01-05,강판주,LED일체형,3,2024-07-29
동작대로 2-15,사당2동,25355,2016-08-30,강판주,LED일체형,3,2024-07-29
동작대로 2-19,사당2동,20149,2019-01-05,강판주,LED일체형,3,2024-07-29
동작대로 2-20,사당2동,20546,2019-01-05,강판주,LED일체형,3,2024-07-29
동작대로 2-21,사당2동,20546,2016-08-30,강판주,LED일체형,3,2024-07-29
동작대로 2-22,사당2동,산 4-10,2019-01-05,강판주,LED일체형,3,2024-07-29
동작대로 2-23,사당2동,산 4-10,2019-01-05,강판주,LED일체형,3,2024-07-29
동작대로 2-24,사당2동,산 1-13,2019-01-05,강판주,LED일체형,3,2024-07-29
동작대로 2-25,사당2동,산 1-13,2019-01-05,강판주,LED일체형,3,2024-07-29
동작대로 2-26,사당2동,산 1-13,2019-01-05,강판주,LED일체형,3,2024-07-29
동작대로 2-27,사당2동,산 1-13,2019-01-05,강판주,LED일체형,3,2024-07-29
동작대로 2=1,사당2동,35612,2016-08-30,강판주,LED일체형,4,2024-07-29
동작대로 2=10,사당2동,산 18-4,2019-01-05,강판주,LED일체형,4,2024-07-29
동작대로 2=12,사당2동,66-29,2019-01-05,강판주,LED일체형,4,2024-07-29
동작대로 2=16,사당2동,20149,2019-01-05,강판주,LED일체형,4,2024-07-29
동작대로 2=17,사당2동,20149,2019-01-05,강판주,LED일체형,4,2024-07-29
동작대로 2=18,사당2동,20149,2019-01-05,강판주,LED일체형,4,2024-07-29
동작대로 2=28,사당2동,산 1-13,2019-01-05,강판주,LED일체형,4,2024-07-29
동작대로 2=29,사당2동,산 1-13,2019-01-05,강판주,LED일체형,4,2024-07-29
동작대로 2=30,사당2동,79-49,2020-09-04,강판주,LED일체형,4,2024-07-29
동작대로 2=31,사당2동,79-49,2020-09-04,강판주,LED일체형,4,2024-07-29
동작대로 3-1,사당2동,79-49,2019-01-05,강판주,LED일체형,3,2024-07-29
동작대로 3-2,사당2동,79-49,2019-01-05,강판주,LED일체형,3,2024-07-29
동작대로 3-3,사당2동,79-49,2019-01-05,강판주,LED일체형,3,2024-07-29
동작대로 3-4,사당2동,30072,2019-01-05,강판주,LED일체형,3,2024-07-29
동작대로 3-5,사당2동,30072,2016-08-30,강판주,LED일체형,3,2024-07-29
동작대로 3-7,사당2동,737-6,2016-08-30,강판주,LED일체형,3,2024-07-29
동작대로 3-8,사당2동,31717,2019-01-05,강판주,LED일체형,3,2024-07-29
동작대로 3-11,사당2동,708-559,2016-08-31,강판주,LED일체형,3,2024-07-29
동작대로 3-14,사당2동,134-1,2020-09-04,강판주,LED일체형,3,2024-07-29
동작대로 3-16,사당2동,134-1,2016-08-31,강판주,LED일체형,3,2024-07-29
동작대로 3-17,사당2동,134-1,2019-01-05,강판주,LED일체형,3,2024-07-29
동작대로 3-18,사당2동,134-1,2016-08-31,강판주,LED일체형,3,2024-07-29
동작대로 3-19,사당2동,134-1,2016-08-31,강판주,LED일체형,3,2024-07-29
동작대로 3-21,사당2동,144-4,2016-08-31,강판주,LED일체형,3,2024-07-29
동작대로 3-22,사당2동,144-4,2019-01-05,강판주,LED일체형,3,2024-07-29
동작대로 3=6,사당2동,30072,2019-01-05,강판주,LED일체형,4,2024-07-29
동작대로 3=9,사당2동,708-559,2016-08-31,강판주,LED일체형,4,2024-07-29
동작대로 3=10,사당2동,708-559,2016-08-31,강판주,LED일체형,4,2024-07-29
동작대로 3=12,사당2동,708-559,2016-08-31,강판주,LED일체형,4,2024-07-29
동작대로 3=13,사당2동,31990,2016-08-31,강판주,LED일체형,4,2024-07-29
동작대로 3=15,사당2동,134-1,2019-01-05,강판주,LED일체형,4,2024-07-29
동작대로 3=20,사당2동,144-4,2016-08-31,강판주,LED일체형,4,2024-07-29
동작대로 3=23,사당2동,144-4,2019-01-05,강판주,LED일체형,4,2024-07-29
동작대로 3=24,사당2동,144-4,2019-01-05,강판주,LED일체형,4,2024-07-29
동작대로 4-3,사당1동,144-4,2019-01-05,강판주,LED일체형,3,2024-07-29
동작대로 4-4,사당1동,708-517,2019-01-05,강판주,LED일체형,3,2024-07-29
동작대로 4-5,사당1동,1112,2016-08-31,강판주,LED일체형,3,2024-07-29
동작대로 4-6,사당1동,1112,2019-01-05,강판주,LED일체형,3,2024-07-29
동작대로 4-7,사당1동,1112,2019-01-05,강판주,LED일체형,3,2024-07-29
동작대로 4-8,사당1동,1112,2016-08-31,강판주,LED일체형,3,2024-07-29
동작대로 4-9,사당1동,1112,2019-01-05,강판주,LED일체형,3,2024-07-29
동작대로 4-13,사당1동,1112,2016-08-31,강판주,LED일체형,3,2024-07-29
동작대로 4-14,사당1동,1112,2019-01-05,강판주,LED일체형,3,2024-07-29
동작대로 4-15,사당1동,1112,2016-08-31,강판주,LED일체형,3,2024-07-29
동작대로 4-16,사당1동,1112,2016-08-31,강판주,LED일체형,3,2024-07-29
동작대로 4-17,사당1동,1112,2019-01-05,강판주,LED일체형,3,2024-07-29
동작대로 4-19,사당1동,1112,2019-01-05,강판주,LED일체형,3,2024-07-29
동작대로 4-20,사당1동,1112,2016-08-31,강판주,LED일체형,3,2024-07-29
동작대로 4-21,사당1동,1112,2019-01-05,강판주,LED일체형,3,2024-07-29
동작대로 4-22,사당1동,1112,2016-08-31,강판주,LED일체형,3,2024-07-29
동작대로 4-23,사당1동,1112,2016-08-31,강판주,LED일체형,3,2024-07-29
동작대로 4=1,사당1동,144-4,2019-01-05,강판주,LED일체형,4,2024-07-29
동작대로 4=2,사당1동,144-4,2016-08-31,강판주,LED일체형,4,2024-07-29
동작대로 4=10,사당1동,1112,2019-01-05,강판주,LED일체형,4,2024-07-29
동작대로 4=11,사당1동,1112,2019-01-05,강판주,LED일체형,4,2024-07-29
동작대로 4=12,사당1동,1112,2019-01-05,강판주,LED일체형,4,2024-07-29
동작대로 4=18,사당1동,1112,2019-01-05,강판주,LED일체형,4,2024-07-29
동작대로 5-2,사당1동,1112,2019-01-05,강판주,LED일체형,3,2024-07-29
동작대로 5-3,사당1동,1112,2016-08-31,강판주,LED일체형,3,2024-07-29
동작대로 5-4,사당1동,1112,2016-08-31,강판주,LED일체형,3,2024-07-29
동작대로 5-5,사당1동,1112,2016-08-31,강판주,LED일체형,3,2024-07-29
동작대로 5-6,사당1동,1112,2019-01-05,강판주,LED일체형,3,2024-07-29
동작대로 5-7,사당1동,1112,2019-01-05,강판주,LED일체형,3,2024-07-29
동작대로 5-8,사당1동,1112,2019-01-05,강판주,LED일체형,3,2024-07-29
동작대로 5-9,사당1동,1112,2019-01-05,강판주,LED일체형,3,2024-07-29
동작대로 5-10,사당1동,1112,2016-08-31,강판주,LED일체형,3,2024-07-29
동작대로 5-11,사당1동,1112,2019-01-05,강판주,LED일체형,3,2024-07-29
동작대로 5-12,사당1동,1112,2016-08-31,강판주,LED일체형,3,2024-07-29
동작대로 5-14,사당1동,1112,2016-08-31,강판주,LED일체형,3,2024-07-29
동작대로 5=1,사당1동,1112,2019-01-05,강판주,LED일체형,4,2024-07-29
동작대로 5=13,사당1동,1112,2016-08-31,강판주,LED일체형,4,2024-07-29
동작대로 5=15,사당1동,1129,2016-08-31,강판주,LED일체형,4,2024-07-29
동작대로버스1-1,사당2동,1275,2020-11-17,신호통합주,LED일체형,2,2024-07-29
동작대로버스1-2,사당2동,1275,2020-11-17,전용주,LED일체형,4,2024-07-29
동작대로버스1-3,사당2동,1275,2020-11-17,전용주,LED일체형,4,2024-07-29
동작대로버스1-4,사당2동,1275,2020-11-17,전용주,LED일체형,4,2024-07-29
동작대로버스2-1,사당2동,66-29,2020-11-17,전용주,LED일체형,4,2024-07-29
동작대로버스2-2,사당2동,20149,2020-11-17,전용주,LED일체형,4,2024-07-29
동작대로버스2-3,사당2동,20149,2020-11-17,전용주,LED일체형,4,2024-07-29
동작대로버스2-4,사당2동,20149,2020-11-17,신호통합주,LED일체형,2,2024-07-29
동작대로버스2-5,사당2동,20149,2020-11-17,신호통합주,LED일체형,2,2024-07-29
동작대로버스2-6,사당2동,20455,2020-11-17,전용주,LED일체형,4,2024-07-29
동작대로버스2-7,사당2동,산 4-4,2020-11-17,전용주,LED일체형,4,2024-07-29
동작대로버스2-8,사당2동,산 4-4,2020-11-17,전용주,LED일체형,4,2024-07-29
동작대로버스3-1,사당2동,산 1-6,2020-11-17,전용주,LED일체형,4,2024-07-29
동작대로버스3-2,사당2동,14062,2020-11-17,전용주,LED일체형,4,2024-07-29
동작대로버스3-3,사당2동,708-497,2020-11-17,전용주,LED일체형,4,2024-07-29
동작대로버스3-4,사당2동,79-49,2020-11-17,신호통합주,LED일체형,2,2024-07-29
동작대로버스4-1,사당2동,2279,2020-11-17,신호통합주,LED일체형,2,2024-07-29
동작대로버스4-2,사당2동,2279,2020-11-17,전용주,LED일체형,4,2024-07-29
동작대로버스4-3,사당2동,2279,2020-11-17,전용주,LED일체형,4,2024-07-29
동작대로버스4-4,사당2동,2279,2020-11-17,전용주,LED일체형,4,2024-07-29
동작대로버스5-1,사당2동,736-1,2020-11-17,전용주,LED일체형,4,2024-07-29
동작대로버스5-2,사당2동,736-1,2020-11-17,전용주,LED일체형,4,2024-07-29
동작대로버스5-3,사당2동,736-1,2020-11-17,전용주,LED일체형,4,2024-07-29
동작대로버스5-4,사당2동,134-1,2020-11-17,신호통합주,LED일체형,2,2024-07-29
동작대로버스5-5,사당2동,1675,2020-11-17,신호통합주,LED일체형,2,2024-07-29
동작대로버스5-6,사당2동,1675,2020-11-17,전용주,LED일체형,4,2024-07-29
동작대로버스5-7,사당2동,1675,2020-11-17,전용주,LED일체형,4,2024-07-29
동작대로버스5-8,사당2동,1675,2020-11-17,전용주,LED일체형,4,2024-07-29
동작대로버스6-1,사당1동,733-1,2020-11-17,전용주,LED일체형,4,2024-07-29
동작대로버스6-2,사당1동,733-1,2020-11-17,전용주,LED일체형,4,2024-07-29
동작대로버스6-3,사당1동,733-1,2020-11-17,전용주,LED일체형,4,2024-07-29
동작대로버스6-4,사당1동,733-1,2020-11-17,신호통합주,LED일체형,2,2024-07-29
동작대로버스6-5,사당1동,495-1,2020-11-17,신호통합주,LED일체형,2,2024-07-29
동작대로버스6-6,사당1동,495-1,2020-11-17,전용주,LED일체형,4,2024-07-29
동작대로버스6-7,사당1동,495-1,2020-11-17,전용주,LED일체형,4,2024-07-29
동작대로버스6-8,사당1동,495-1,2020-11-17,전용주,LED일체형,4,2024-07-29
동작대로버스7-1,사당1동,345-15,2020-11-17,전용주,LED일체형,4,2024-07-29
동작대로버스7-2,사당1동,345-1,2020-11-17,전용주,LED일체형,4,2024-07-29
동작대로버스7-3,사당1동,344-3,2020-11-17,전용주,LED일체형,4,2024-07-29
동작대로버스7-4,사당1동,344-3,2020-11-17,신호통합주,LED일체형,2,2024-07-29
등용로1-1-,대방동,68-113,2016-08-16,강판주,LED일체형,3,2024-07-29
등용로1-2-,대방동,68-49,2016-08-16,강판주,LED일체형,3,2024-07-29
등용로1-4-,대방동,45345,2016-08-16,강판주,LED일체형,3,2024-07-29
등용로1-5-,대방동,45345,2016-08-16,강판주,LED일체형,3,2024-07-29
등용로1-6-,대방동,45345,2016-08-16,강판주,LED일체형,3,2024-07-29
등용로1-7-,대방동,13516,2016-08-16,강판주,LED일체형,3,2024-07-29
등용로1-8-,대방동,13516,2016-08-16,강판주,LED일체형,3,2024-07-29
등용로1-10-,대방동,45345,2016-08-16,강판주,LED일체형,3,2024-07-29
등용로1-11-,대방동,45345,2016-08-16,강판주,LED일체형,3,2024-07-29
등용로1-12-,대방동,45345,2016-08-16,강판주,LED일체형,3,2024-07-29
등용로1-13-,대방동,45345,2016-08-16,강판주,LED일체형,3,2024-07-29
등용로1-14-,대방동,45345,2016-08-16,강판주,LED일체형,3,2024-07-29
등용로1-15-,대방동,45345,2016-08-16,강판주,LED일체형,3,2024-07-29
등용로1-16-,대방동,68-63,2016-08-16,강판주,LED일체형,3,2024-07-29
등용로1-17-,대방동,45402,2016-08-16,강판주,LED일체형,3,2024-07-29
등용로1-18-,대방동,45402,2016-08-16,강판주,LED일체형,3,2024-07-29
등용로1-19-,대방동,45402,2016-08-16,강판주,LED일체형,3,2024-07-29
등용로1-20-,대방동,45402,2016-08-16,강판주,LED일체형,3,2024-07-29
등용로1-21-,대방동,45402,2016-08-16,강판주,LED일체형,3,2024-07-29
등용로1-22-,대방동,45429,2016-08-16,강판주,LED일체형,3,2024-07-29
등용로1-23-,대방동,45429,2016-08-16,강판주,LED일체형,3,2024-07-29
등용로1-24-,대방동,45429,2016-08-16,강판주,LED일체형,3,2024-07-29
등용로1=3-,대방동,45345,2016-08-16,강판주,LED일체형,4,2024-07-29
등용로1=9-,대방동,45345,2016-08-16,강판주,LED일체형,4,2024-07-29
등용로1=25-,대방동,45429,2016-08-16,신호통합주,LED일체형,4,2024-07-29
등용로2-1-,대방동,45429,2016-08-16,신호통합주,LED일체형,3,2024-07-29
등용로2-2-,대방동,45429,2016-08-16,강판주,LED일체형,3,2024-07-29
등용로2-3-,대방동,45305,2016-08-16,강판주,LED일체형,3,2024-07-29
등용로2-4-,대방동,45305,2016-08-16,강판주,LED일체형,3,2024-07-29
등용로2-5-,대방동,45305,2016-08-16,강판주,LED일체형,3,2024-07-29
등용로2-6-,대방동,45600,2016-08-16,강판주,LED일체형,3,2024-07-29
등용로2-7-,대방동,45600,2016-08-16,강판주,LED일체형,3,2024-07-29
등용로2-8-,대방동,45600,2016-08-16,강판주,LED일체형,3,2024-07-29
등용로2-9-,대방동,45600,2016-08-16,강판주,LED일체형,3,2024-07-29
등용로2-10-,대방동,45600,2016-08-16,강판주,LED일체형,3,2024-07-29
등용로2-11-,대방동,45600,2016-08-16,강판주,LED일체형,3,2024-07-29
등용로2-12-,대방동,45600,2016-08-16,강판주,LED일체형,3,2024-07-29
등용로2-13-,대방동,45600,2016-08-16,강판주,LED일체형,3,2024-07-29
등용로2-14-,대방동,45600,2016-08-16,강판주,LED일체형,3,2024-07-29
등용로2-15-,대방동,45600,2016-08-16,강판주,LED일체형,3,2024-07-29
등용로2-16-,대방동,45600,2016-08-16,강판주,LED일체형,3,2024-07-29
등용로2-17-,대방동,45600,2016-08-16,강판주,LED일체형,3,2024-07-29
등용로2-18-,대방동,45435,2016-08-16,강판주,LED일체형,3,2024-07-29
등용로2-19-,대방동,45435,2016-08-16,강판주,LED일체형,3,2024-07-29
등용로2-20-,대방동,45435,2016-08-16,강판주,LED일체형,3,2024-07-29
등용로2-21-,대방동,68-98,2016-08-17,신호통합주,LED일체형,1,2024-07-29
등용로2-22-,대방동,45383,2016-08-17,강판주,LED일체형,3,2024-07-29
등용로2-23-,대방동,45355,2016-08-17,강판주,LED일체형,3,2024-07-29
등용로2-24-,대방동,68-106,2016-08-17,강판주,LED일체형,3,2024-07-29
등용로2-25-,대방동,45292,2016-08-17,강판주,LED일체형,3,2024-07-29
등용로2-26-,상도2동,448,2016-08-17,강판주,LED일체형,3,2024-07-29
등용로3-1-,상도2동,451,2016-08-17,강판주,LED일체형,3,2024-07-29
등용로3-2-,상도2동,451,2016-08-17,강판주,LED일체형,3,2024-07-29
등용로3-3-,상도2동,451,2016-08-17,강판주,LED일체형,3,2024-07-29
등용로3-4-,상도2동,451,2016-08-22,강판주,LED일체형,3,2024-07-29
등용로3-5-,상도2동,363-200,2016-08-22,강판주,LED일체형,1,2024-07-29
등용로3-6-,상도2동,363-199,2016-08-22,강판주,LED일체형,1,2024-07-29
등용로3-7-,상도2동,363-193,2016-08-22,강판주,LED일체형,1,2024-07-29
등용로3-8-,상도2동,363-193,2016-08-22,강판주,LED일체형,3,2024-07-29
등용로3-10-,상도2동,363-256,2016-08-22,강판주,LED일체형,3,2024-07-29
등용로3-11-,상도2동,363-256,2016-08-22,강판주,LED일체형,3,2024-07-29
등용로3-12-,상도2동,363-262,2016-08-22,강판주,LED일체형,3,2024-07-29
등용로3-13,상도2동,363-11,2016-08-22,강판주,LED일체형,1,2024-07-29
등용로3-14,상도2동,363-39,2016-08-22,강판주,LED일체형,1,2024-07-29
등용로3-16-,상도2동,365-19,2016-08-22,강판주,LED일체형,3,2024-07-29
등용로3-17-,상도2동,366-5,2016-08-22,강판주,LED일체형,3,2024-07-29
등용로3=9-,상도2동,363-193,2016-08-22,강판주,LED일체형,4,2024-07-29
등용로3=15,상도2동,364-9,2016-08-22,강판주,LED일체형,2,2024-07-29
등용로4-1*,상도2동,455,2016-12-14,강판주,LED일체형,2,2024-07-29
등용로4-2*,상도2동,451,2016-12-14,강판주,LED일체형,2,2024-07-29
등용로4-3*,상도2동,451,2016-12-14,강판주,LED일체형,2,2024-07-29
등용로4-4*,상도2동,455,2016-12-14,강판주,LED일체형,2,2024-07-29
등용로4-5*,상도2동,451,2016-12-14,강판주,LED일체형,2,2024-07-29
등용로4-6*,상도2동,451,2016-12-14,강판주,LED일체형,2,2024-07-29
등용로4-7*,상도2동,451,2016-12-14,강판주,LED일체형,2,2024-07-29
등용로4-8,상도2동,451,2016-08-17,강판주,LED일체형,1,2024-07-29
등용로4-9,상도2동,451,2016-08-17,강판주,LED일체형,1,2024-07-29
등용로4길1-1*,상도1동,451,2016-12-14,강판주,LED일체형,2,2024-07-29
등용로4길1-2*,상도1동,451,2016-12-14,한전주,LED일체형,2,2024-07-29
등용로4길1-3*,상도1동,451,2016-12-14,강판주,LED일체형,2,2024-07-29
등용로4길1-4*,상도1동,451,2016-12-14,강판주,LED일체형,2,2024-07-29
등용로4길1-5*,상도1동,451,2016-12-14,강판주,LED일체형,2,2024-07-29
등용로4길1-6*,상도1동,451,2016-12-14,강판주,LED일체형,2,2024-07-29
등용로4길1-7*,상도1동,451,2016-12-14,강판주,LED일체형,2,2024-07-29
등용로4길1-8*,대방동,451,2016-12-14,강판주,LED일체형,2,2024-07-29
등용로4길1-9*,대방동,451-2,2016-12-14,강판주,LED일체형,2,2024-07-29
등용로4길1-10*,대방동,451,2016-12-14,강판주,LED일체형,2,2024-07-29
등용로4길1-11*,상도1동,451,2016-12-14,강판주,LED일체형,2,2024-07-29
등용로4길1-12*,대방동,452,2016-12-14,강판주,LED일체형,2,2024-07-29
만양로1-2-,노량진1동,114-8,2016-08-23,강판주,LED일체형,3,2024-07-29
만양로1-3-,노량진1동,117-8,2016-08-23,강판주,LED일체형,3,2024-07-29
만양로1-4-,노량진1동,117-8,2016-08-23,강판주,LED일체형,3,2024-07-29
만양로1-5-,노량진1동,117-8,2016-08-23,강판주,LED일체형,3,2024-07-29
만양로1-6-,노량진1동,118-4,2016-08-23,강판주,LED일체형,3,2024-07-29
만양로1-7-,노량진1동,118-14,2016-08-23,강판주,LED일체형,3,2024-07-29
만양로1-8-,노량진1동,118-14,2016-08-23,강판주,LED일체형,3,2024-07-29
만양로1-9-,노량진1동,118-14,2016-08-23,강판주,LED일체형,3,2024-07-29
만양로1-11-,노량진1동,32905,2016-08-23,강판주,LED일체형,3,2024-07-29
만양로1-12-,노량진1동,119-253,2016-08-23,강판주,LED일체형,3,2024-07-29
만양로1-13-,노량진1동,118-14,2016-08-23,강판주,LED일체형,3,2024-07-29
만양로1-14-,노량진1동,121-3,2016-08-23,강판주,LED일체형,3,2024-07-29
만양로1-15-,노량진1동,120-4,2016-08-23,강판주,LED일체형,3,2024-07-29
만양로1=1-,노량진1동,114-3,2016-08-23,강판주,LED일체형,4,2024-07-29
만양로1=10-,노량진1동,32905,2016-08-23,강판주,LED일체형,4,2024-07-29
만양로1=16-,노량진1동,120-6,2016-08-23,강판주,LED일체형,4,2024-07-29
만양로2-1-,노량진1동,118-14,2016-08-23,강판주,LED일체형,3,2024-07-29
만양로2-2-,노량진1동,118-14,2016-08-23,강판주,LED일체형,3,2024-07-29
만양로2-3-,노량진1동,223-27,2016-08-23,강판주,LED일체형,3,2024-07-29
만양로2-4-,노량진1동,224,2016-08-23,강판주,LED일체형,3,2024-07-29
만양로2-5-,노량진1동,221,2016-08-23,강판주,LED일체형,3,2024-07-29
만양로2-6-,노량진1동,215-179,2016-08-23,신호통합주,LED일체형,3,2024-07-29
만양로2-7-,노량진1동,215-179,2016-08-23,강판주,LED일체형,3,2024-07-29
만양로2-8-,노량진1동,223-5,2016-08-23,강판주,LED일체형,3,2024-07-29
만양로2-9-,노량진1동,215-482,2016-08-23,강판주,LED일체형,3,2024-07-29
만양로2-10-,노량진1동,215-482,2016-08-23,강판주,LED일체형,3,2024-07-29
만양로2-11-,노량진1동,215-186,2016-08-23,강판주,LED일체형,3,2024-07-29
만양로2-12-,노량진1동,215-9,2016-08-23,강판주,LED일체형,3,2024-07-29
만양로2-13-,노량진1동,216-4,2016-08-23,강판주,LED일체형,3,2024-07-29
만양로2-14-,노량진1동,216-8,2016-08-23,강판주,LED일체형,3,2024-07-29
만양로2-15-,노량진1동,216-13,2016-08-23,강판주,LED일체형,3,2024-07-29
만양로2-16-,노량진1동,323-1,2016-08-23,강판주,LED일체형,3,2024-07-29
만양로2-17-,노량진1동,215-110,2016-08-23,강판주,LED일체형,3,2024-07-29
만양로2-18-,노량진1동,323-1,2016-08-23,강판주,LED일체형,3,2024-07-29
만양로2-19-,노량진1동,323-1,2016-08-23,강판주,LED일체형,3,2024-07-29
만양로2-20-,노량진1동,215-138,2016-08-23,강판주,LED일체형,3,2024-07-29
만양로2-21-,노량진1동,215-136,2016-08-23,강판주,LED일체형,3,2024-07-29
만양로2-22-,노량진1동,331,2016-08-23,강판주,LED일체형,3,2024-07-29
만양로2-23-,노량진1동,215-179,2016-08-23,강판주,LED일체형,3,2024-07-29
만양로2-24-,노량진1동,215-179,2016-08-23,강판주,LED일체형,3,2024-07-29
만양로3-1-,노량진1동,414,2016-08-23,강판주,LED일체형,3,2024-07-29
만양로3-2-,노량진1동,324-2,2016-08-23,신호통합주,LED일체형,3,2024-07-29
만양로3-3-,노량진1동,414,2016-08-23,강판주,LED일체형,3,2024-07-29
만양로3-4-,상도2동,414-2,2016-08-23,신호통합주,LED일체형,3,2024-07-29
만양로3-5-,상도2동,414-2,2016-08-23,강판주,LED일체형,3,2024-07-29
만양로3-6-,상도2동,414,2016-08-23,강판주,LED일체형,3,2024-07-29
만양로3-7-,상도2동,17-62,2016-08-23,강판주,LED일체형,3,2024-07-29
만양로3-8-,상도2동,45308,2016-08-23,강판주,LED일체형,3,2024-07-29
만양로3-9-,상도2동,45308,2016-08-23,강판주,LED일체형,3,2024-07-29
만양로3-10-,상도2동,45308,2016-08-23,강판주,LED일체형,3,2024-07-29
만양로3-11-,상도2동,36-38,2016-08-23,강판주,LED일체형,3,2024-07-29
만양로3-13-,상도2동,36-38,2016-08-23,강판주,LED일체형,3,2024-07-29
만양로3-14-,상도2동,36-38,2016-08-23,강판주,LED일체형,3,2024-07-29
만양로3-15-,상도2동,36-38,2016-08-23,강판주,LED일체형,3,2024-07-29
만양로3=12-,상도2동,36-38,2016-08-23,강판주,LED일체형,4,2024-07-29
만양로3길1-1-,노량진1동,329,2016-08-30,강판주,LED일체형,3,2024-07-29
만양로3길1-3-,노량진1동,325-7,2016-08-30,강판주,LED일체형,3,2024-07-29
만양로3길1-4-,노량진1동,329,2016-08-30,강판주,LED일체형,3,2024-07-29
만양로3길1-5-,노량진1동,325-6,2016-08-30,강판주,LED일체형,3,2024-07-29
만양로3길1-6-,노량진1동,329,2016-08-30,강판주,LED일체형,3,2024-07-29
만양로3길1-7-,노량진1동,325-5,2016-08-30,강판주,LED일체형,3,2024-07-29
만양로3길1-8-,노량진1동,329,2016-08-30,강판주,LED일체형,3,2024-07-29
만양로3길1-9-,노량진1동,325-5,2016-08-30,강판주,LED일체형,3,2024-07-29
만양로3길1-10-,노량진1동,329,2016-08-30,강판주,LED일체형,3,2024-07-29
만양로3길1-11-,노량진1동,325-4,2016-08-30,강판주,LED일체형,3,2024-07-29
만양로3길1-12-,노량진1동,329,2016-08-30,강판주,LED일체형,3,2024-07-29
만양로3길1-13-,노량진1동,325-4,2016-08-30,강판주,LED일체형,3,2024-07-29
만양로3길1-14-,노량진1동,325,2016-08-30,강판주,LED일체형,3,2024-07-29
만양로3길1-15-,노량진1동,329,2016-08-30,강판주,LED일체형,3,2024-07-29
만양로3길1-16-,노량진1동,325,2016-08-30,강판주,LED일체형,3,2024-07-29
만양로3길1-18-,노량진1동,329,2016-08-30,강판주,LED일체형,3,2024-07-29
만양로3길1-19-,노량진1동,329-14,2016-08-30,강판주,LED일체형,3,2024-07-29
만양로3길1-20-,노량진1동,325,2016-08-30,강판주,LED일체형,3,2024-07-29
만양로3길1-21-,노량진1동,329-13,2016-08-30,강판주,LED일체형,3,2024-07-29
만양로3길1-22-,노량진1동,329,2016-08-30,강판주,LED일체형,3,2024-07-29
만양로3길1-23-,노량진1동,329,2016-08-30,강판주,LED일체형,3,2024-07-29
만양로3길1-24-,노량진1동,329,2016-08-30,강판주,LED일체형,3,2024-07-29
만양로3길1-25-,노량진1동,325-2,2016-08-30,강판주,LED일체형,3,2024-07-29
만양로3길1-26-,노량진1동,329,2016-08-30,강판주,LED일체형,3,2024-07-29
만양로3길1-27-,노량진1동,325-2,2016-08-30,강판주,LED일체형,3,2024-07-29
만양로3길1-28-,노량진1동,329,2016-08-30,강판주,LED일체형,3,2024-07-29
만양로3길1-29-,노량진1동,325-1,2016-08-30,강판주,LED일체형,3,2024-07-29
만양로3길1-30-,노량진1동,325,2016-08-30,강판주,LED일체형,3,2024-07-29
만양로3길1-31-,노량진1동,329,2016-08-30,강판주,LED일체형,3,2024-07-29
만양로3길1-32-,노량진1동,329,2016-08-30,강판주,LED일체형,3,2024-07-29
만양로3길1-33-,노량진2동,329-5,2016-08-30,강판주,LED일체형,3,2024-07-29
만양로3길1-34-,노량진1동,325,2016-08-30,강판주,LED일체형,3,2024-07-29
만양로3길1-35-,노량진2동,329-5,2016-08-30,강판주,LED일체형,3,2024-07-29
만양로3길1-36-,노량진1동,325,2016-08-30,강판주,LED일체형,3,2024-07-29
만양로3길1-37-,노량진2동,329-4,2016-08-30,강판주,LED일체형,3,2024-07-29
만양로3길1-38-,노량진1동,325,2016-08-30,강판주,LED일체형,3,2024-07-29
만양로3길1-39-,노량진2동,329-3,2016-08-30,강판주,LED일체형,3,2024-07-29
만양로3길1-40-,노량진1동,325,2016-08-30,강판주,LED일체형,3,2024-07-29
만양로3길1-41-,노량진1동,329-3,2016-08-30,강판주,LED일체형,3,2024-07-29
만양로3길1-42-,노량진1동,325,2016-08-30,강판주,LED일체형,3,2024-07-29
만양로3길1-43-,노량진1동,329-3,2016-08-30,신호통합주,LED일체형,3,2024-07-29
만양로3길1-44-,노량진1동,326,2016-08-30,강판주,LED일체형,3,2024-07-29
만양로3길1-45-,노량진1동,327,2016-08-30,강판주,LED일체형,3,2024-07-29
만양로3길1-46-,노량진1동,326,2016-08-30,강판주,LED일체형,3,2024-07-29
만양로3길1-47-,노량진1동,327,2016-08-30,강판주,LED일체형,3,2024-07-29
만양로3길1-48-,노량진1동,326,2016-08-30,강판주,LED일체형,3,2024-07-29
만양로3길1-49-,노량진1동,329-3,2016-08-30,강판주,LED일체형,3,2024-07-29
만양로3길1-50-,노량진1동,327,2016-08-30,강판주,LED일체형,3,2024-07-29
만양로3길1-51-,노량진1동,327,2016-08-30,강판주,LED일체형,3,2024-07-29
만양로3길1-52-,노량진1동,329-3,2016-08-30,강판주,LED일체형,3,2024-07-29
만양로3길1-53-,노량진1동,327,2016-08-30,강판주,LED일체형,3,2024-07-29
만양로3길1-54-,상도1동,15-39,2016-08-30,강판주,LED일체형,3,2024-07-29
만양로3길1-55-,노량진1동,329-3,2016-08-30,강판주,LED일체형,3,2024-07-29
만양로3길1-57-,노량진1동,328,2016-08-30,강판주,LED일체형,3,2024-07-29
만양로3길1-58-,상도2동,산 15-39,2016-08-30,강판주,LED일체형,3,2024-07-29
만양로3길1-59-,상도1동,15-26,2016-08-30,강판주,LED일체형,3,2024-07-29
만양로3길1-2,노량진1동,329,2016-08-30,강판주,LED일체형,4,2024-07-29
만양로3길1-17,노량진1동,329,2016-08-30,강판주,LED일체형,2,2024-07-29
만양로3길1-56,상도2동,25-40,2016-08-30,강판주,LED일체형,4,2024-07-29
만양로4길1-1,노량진1동,324,2016-08-30,강판주,LED일체형,3,2024-07-29
만양로4길1-2,노량진1동,414,2016-08-30,강판주,LED일체형,3,2024-07-29
만양로4길1-3,노량진1동,324,2016-08-30,강판주,LED일체형,3,2024-07-29
만양로4길1-4,노량진1동,324,2016-08-30,강판주,LED일체형,3,2024-07-29
만양로4길1-5,노량진1동,324-2,2016-08-30,강판주,LED일체형,3,2024-07-29
만양로4길1-6,노량진1동,324,2016-08-30,강판주,LED일체형,3,2024-07-29
만양로4길1-7,노량진1동,324,2016-08-30,강판주,LED일체형,3,2024-07-29
만양로4길1-8,노량진1동,324-2,2016-08-30,강판주,LED일체형,3,2024-07-29
만양로4길1-9,노량진1동,324-2,2016-08-30,신호통합주,LED일체형,3,2024-07-29
만양로4길1-10,노량진1동,324,2016-08-30,강판주,LED일체형,3,2024-07-29
만양로4길1-11,노량진1동,324,2016-08-30,강판주,LED일체형,3,2024-07-29
만양로4길1-12,노량진1동,324-1,2016-08-30,강판주,LED일체형,3,2024-07-29
만양로4길1-13,노량진1동,324-1,2016-08-30,강판주,LED일체형,3,2024-07-29
만양로4길1-14,노량진1동,324-1,2016-08-30,강판주,LED일체형,3,2024-07-29
만양로4길1-15,노량진1동,324,2016-08-30,강판주,LED일체형,3,2024-07-29
만양로4길1-16,노량진1동,324,2016-08-30,강판주,LED일체형,3,2024-07-29
만양로4길1-17,상도1동,414-1,2016-08-30,강판주,LED일체형,3,2024-07-29
만양로4길1-18,노량진1동,45597,2016-08-30,강판주,LED일체형,3,2024-07-29
만양로4길1-19,상도1동,508-1,2016-08-30,강판주,LED일체형,3,2024-07-29
매봉로1-1-,노량진1동,163-5,2016-08-30,강판주,LED일체형,3,2024-07-29
매봉로1-2-,노량진1동,190-43,2016-08-30,강판주,LED일체형,3,2024-07-29
매봉로1-3-,노량진1동,190-8,2016-08-30,강판주,LED일체형,3,2024-07-29
매봉로1-4-,노량진1동,148-9,2016-08-30,강판주,LED일체형,3,2024-07-29
매봉로1-6-,노량진1동,148-9,2016-08-30,강판주,LED일체형,3,2024-07-29
매봉로1-7-,노량진1동,148-9,2016-08-30,강판주,LED일체형,3,2024-07-29
매봉로1-8-,노량진1동,148-9,2016-08-30,강판주,LED일체형,3,2024-07-29
매봉로1-9-,노량진1동,492,2016-08-30,강판주,LED일체형,3,2024-07-29
매봉로1-12-,노량진1동,492,2016-08-30,강판주,LED일체형,3,2024-07-29
매봉로1-15,노량진1동,481-1,2020-12-31,전용주(강관),LED일체형,2,2024-07-29
매봉로1-15 (삭제),노량진1동,481,2024-03-28,,,0,2024-07-29
매봉로1-16,노량진1동,481-1,2020-12-31,전용주(강관),LED일체형,2,2024-07-29
매봉로1-17,노량진1동,481-1,2020-12-31,전용주(강관),LED일체형,2,2024-07-29
매봉로1=5-,노량진1동,148-9,2016-08-30,강판주,LED일체형,4,2024-07-29
매봉로1=10-,노량진1동,492,2016-08-30,강판주,LED일체형,4,2024-07-29
매봉로1=11-,노량진1동,492,2016-08-30,강판주,LED일체형,4,2024-07-29
매봉로1=13-,노량진1동,148-9,2016-08-30,강판주,LED일체형,4,2024-07-29
매봉로1=14-,노량진1동,487-3,2016-08-30,강판주,LED일체형,4,2024-07-29
매봉로2-1-,노량진1동,457-283,2016-08-30,강판주,LED일체형,3,2024-07-29
매봉로2-2-,노량진1동,488,2016-08-30,강판주,LED일체형,3,2024-07-29
매봉로2-3-,노량진1동,488-1,2016-08-30,강판주,LED일체형,3,2024-07-29
매봉로2-4-,노량진1동,457-286,2016-08-30,강판주,LED일체형,3,2024-07-29
매봉로2-6,상도1동,508-1,2016-08-30,강판주,LED일체형,1,2024-07-29
매봉로2-7,노량진1동,481-3,2024-02-28,강판주,LED일체형,2,2024-07-29
매봉로2-8,노량진1동,481-2,2024-02-28,강판주,LED일체형,2,2024-07-29
매봉로2-9,노량진1동,481-2,2020-12-31,강판주,LED일체형,2,2024-07-29
매봉로2-10,노량진1동,481-2,2020-12-31,전용주(강관),LED일체형,2,2024-07-29
매봉로2-10 (삭제),노량진1동,481-2,2024-03-28,,,0,2024-07-29
매봉로2-11,노량진1동,481,2020-12-31,전용주(강관),LED일체형,2,2024-07-29
매봉로2-12,노량진1동,481-2,2020-12-31,전용주(강관),LED일체형,2,2024-07-29
매봉로2-13,노량진1동,148-9,2020-12-31,전용주(강관),LED일체형,2,2024-07-29
매봉로2-14,노량진1동,148-9,2020-12-31,전용주(강관),LED일체형,2,2024-07-29
매봉로2-15,상도1동,481-4,2018-12-11,기타,LED일체형,1,2024-07-29
매봉로2-16,상도1동,481-4,2018-12-11,기타,LED일체형,1,2024-07-29
매봉로2-17,상도1동,481-4,2018-12-11,기타,LED일체형,1,2024-07-29
매봉로2-18,상도1동,481-4,2018-12-11,기타,LED일체형,1,2024-07-29
매봉로2=5-,상도1동,508-1,2016-08-30,강판주,LED일체형,4,2024-07-29
매봉로3-1,상도1동,508-1,2016-08-30,강판주,LED일체형,1,2024-07-29
매봉로3-2-,상도1동,508-1,2016-08-30,강판주,LED일체형,3,2024-07-29
매봉로3-3-,상도1동,508-1,2016-08-30,강판주,LED일체형,3,2024-07-29
매봉로3-4-,상도1동,528-1,2016-08-30,신호통합주,LED일체형,3,2024-07-29
매봉로4-1,상도1동,528-1,2016-08-30,스텐주,LED소켓형,2,2024-07-29
매봉로4-2,상도1동,528-1,2016-08-30,스텐주,LED소켓형,2,2024-07-29
매봉로4-3,상도1동,528-1,2016-08-30,스텐주,LED소켓형,2,2024-07-29
매봉로4-4,상도1동,528-1,2018-11-08,스텐주,LED소켓형,2,2024-07-29
매봉로4-5,상도1동,528-1,2016-08-30,스텐주,LED소켓형,2,2024-07-29
매봉로4-6-,상도1동,528-1,2016-08-30,스텐주,LED일체형,3,2024-07-29
매봉로4-7,상도1동,528-1,2016-08-30,스텐주,LED일체형,1,2024-07-29
매봉로4-8-,상도1동,528-1,2016-08-30,스텐주,LED일체형,3,2024-07-29
매봉로6길1-1-,노량진1동,486-1,2016-08-30,스텐주,LED일체형,3,2024-07-29
매봉로6길1-2-,노량진1동,486-1,2016-08-30,스텐주,LED일체형,3,2024-07-29
매봉로6길1-3-,노량진1동,486-1,2016-08-30,스텐주,LED일체형,3,2024-07-29
매봉로6길1-4-,노량진1동,45456,2016-08-30,스텐주,LED일체형,3,2024-07-29
매봉로6길1-5-,노량진1동,126-453,2016-08-30,스텐주,LED일체형,3,2024-07-29
매봉로6길1-6-,노량진1동,481,2016-08-30,스텐주,LED일체형,3,2024-07-29
매봉로6길1-7-,노량진1동,481-4,2016-08-30,스텐주,LED일체형,3,2024-07-29
매봉로6길1-8-,노량진1동,481,2016-08-30,스텐주,LED일체형,3,2024-07-29
매봉로6길2-1,노량진1동,484,2016-09-28,전용주,LED일체형,2,2024-07-29
매봉로6길2-2,노량진1동,484,2016-08-30,전용주,LED일체형,2,2024-07-29
매봉로6길2-3,노량진1동,484,2016-08-30,전용주,LED일체형,2,2024-07-29
매봉로6길2-4,노량진1동,485-2,2020-11-02,전용주,LED일체형,2,2024-07-29
매봉로6길2-5,노량진1동,485-2,2016-08-30,전용주,LED일체형,2,2024-07-29
매봉로6길2-6,노량진1동,486-1,2016-08-30,전용주,LED일체형,2,2024-07-29
매봉로6길2-7,노량진1동,486-1,2016-08-30,전용주,LED일체형,2,2024-07-29
보라매로5길1-2-,신대방2동,,2016-08-18,강판주,LED일체형,3,2024-07-29
보라매로5길1-3-,신대방1동,,2016-08-18,강판주,LED일체형,3,2024-07-29
보라매로5길1-4-,신대방1동,,2016-08-18,강판주,LED일체형,3,2024-07-29
보라매로5길1-5-,신대방2동,425-20,2016-08-18,강판주,LED일체형,3,2024-07-29
보라매로5길1-6-,신대방2동,395-61,2016-08-18,강판주,LED일체형,3,2024-07-29
보라매로5길1-7-,신대방2동,395-61,2016-08-18,강판주,LED일체형,3,2024-07-29
보라매로5길1-8-,신대방2동,395-61,2016-08-18,강판주,LED일체형,3,2024-07-29
보라매로5길1-9-,신대방2동,395-61,2016-08-18,강판주,LED일체형,3,2024-07-29
보라매로5길1-10-,신대방2동,395-61,2016-08-18,강판주,LED일체형,3,2024-07-29
보라매로5길1-11-,신대방2동,395-61,2016-08-18,강판주,LED일체형,3,2024-07-29
보라매로5길1=1-,신대방2동,395-61,2016-08-18,강판주,LED일체형,4,2024-07-29
보라매로5길1=12-,신대방2동,395-61,2016-08-18,강판주,LED일체형,4,2024-07-29
보라매로5길2-2,신대방2동,395-61,2016-08-18,강판주,LED일체형,3,2024-07-29
보라매로5길2-3,신대방2동,395-61,2016-08-18,강판주,LED일체형,3,2024-07-29
보라매로5길2-4,신대방2동,395-61,2016-08-18,강판주,LED일체형,3,2024-07-29
보라매로5길2-5,신대방2동,395-61,2016-08-18,기타,LED일체형,3,2024-07-29
보라매로5길2-6,신대방2동,395-61,2016-08-18,기타,LED일체형,3,2024-07-29
보라매로5길2-7,신대방2동,395-61,2016-08-18,강판주,LED일체형,3,2024-07-29
보라매로5길2-8,신대방2동,395-61,2016-08-18,강판주,LED일체형,3,2024-07-29
보라매로5길2-9,신대방2동,395-61,2016-08-18,강판주,LED일체형,3,2024-07-29
보라매로5길2-10,신대방2동,395-61,2016-08-18,강판주,LED일체형,3,2024-07-29
보라매로5길2-11,신대방2동,395-61,2016-08-18,강판주,LED일체형,3,2024-07-29
보라매로5길2-12,신대방2동,395-61,2016-08-18,강판주,LED일체형,3,2024-07-29
보라매로5길2-13,신대방2동,395-61,2016-08-18,강판주,LED일체형,3,2024-07-29
보라매로5길2-14,신대방2동,395-61,2021-08-30,신호통합주,LED일체형,1,2024-07-29
보라매로5길2=1,신대방2동,395-61,2016-08-18,강판주,LED일체형,4,2024-07-29
보라매로5길3-1-,신대방2동,395-61,2016-08-18,강판주,LED일체형,3,2024-07-29
보라매로5길3-2,신대방2동,395-61,2016-08-18,강판주,LED일체형,3,2024-07-29
보라매로5길3-3,신대방2동,395-61,2016-08-18,강판주,LED일체형,3,2024-07-29
보라매로5길3-4,신대방2동,395-61,2016-08-18,강판주,LED일체형,3,2024-07-29
보라매로5길3-5,신대방2동,395-61,2016-08-18,강판주,LED일체형,3,2024-07-29
보라매로5길3-6,신대방2동,395-61,2016-08-18,강판주,LED일체형,3,2024-07-29
보라매로5길3-7,신대방2동,706,2016-08-18,강판주,LED일체형,3,2024-07-29
보라매로5길3-9,신대방2동,395-61,2016-08-18,스텐주물주,LED일체형,3,2024-07-29
보라매로5길3-10,신대방2동,706,2016-08-18,스텐주물주,LED일체형,3,2024-07-29
보라매로5길3=8,신대방2동,395-61,2016-08-18,강판주,LED일체형,4,2024-07-29
보라매로5길3=11,신대방2동,395-61,2016-08-18,스텐주물주,LED일체형,4,2024-07-29
보라매로5길4-2,신대방2동,395-61,2016-08-18,스텐주물주,LED일체형,3,2024-07-29
보라매로5길4-3,신대방2동,395-70,2016-08-18,스텐주물주,LED일체형,3,2024-07-29
보라매로5길4-4,신대방2동,395-70,2016-08-18,스텐주물주,LED일체형,3,2024-07-29
보라매로5길4-5,신대방2동,395-61,2016-08-18,강판주,LED일체형,1,2024-07-29
보라매로5길4-6,신대방2동,395-61,2016-08-18,강판주,LED일체형,3,2024-07-29
보라매로5길4-7,신대방2동,395-61,2016-08-18,강판주,LED일체형,3,2024-07-29
보라매로5길4-8,신대방2동,395-61,2016-08-18,강판주,LED일체형,3,2024-07-29
보라매로5길4-10,신대방2동,395-62,2016-08-18,강판주,LED일체형,3,2024-07-29
보라매로5길4-11,신대방2동,395-62,2016-08-18,강판주,LED일체형,3,2024-07-29
보라매로5길4-12,신대방2동,395-65,2016-08-18,강판주,LED일체형,3,2024-07-29
보라매로5길4-13,신대방2동,395-61,2016-08-18,강판주,LED일체형,3,2024-07-29
보라매로5길4-14,신대방2동,395-65,2016-08-18,강판주,LED일체형,3,2024-07-29
보라매로5길4-15,신대방2동,395-65,2016-08-18,강판주,LED일체형,3,2024-07-29
보라매로5길4-16,신대방2동,395-61,2016-08-18,스텐주물주,LED일체형,3,2024-07-29
보라매로5길4-17,신대방2동,395-70,2016-08-18,스텐주물주,LED일체형,3,2024-07-29
보라매로5길4-18,신대방2동,395-70,2016-08-18,스텐주물주,LED일체형,3,2024-07-29
보라매로5길4-19,신대방2동,395-73,2016-08-18,스텐주물주,LED일체형,3,2024-07-29
보라매로5길4-20,신대방2동,395-61,2016-08-18,강판주,LED일체형,1,2024-07-29
보라매로5길4-21,신대방2동,395-61,2016-08-18,스텐주물주,LED일체형,3,2024-07-29
보라매로5길4-23,신대방2동,395-61,2016-08-18,강판주,LED일체형,1,2024-07-29
보라매로5길4-24,신대방2동,395-61,2016-08-18,강판주,LED일체형,1,2024-07-29
보라매로5길4-25,신대방2동,395-61,2016-08-18,강판주,LED일체형,3,2024-07-29
보라매로5길4-26,신대방2동,395-66,2016-08-18,강판주,LED일체형,3,2024-07-29
보라매로5길4-27,신대방2동,395-66,2016-08-18,강판주,LED일체형,3,2024-07-29
보라매로5길4-28,신대방2동,395-67,2016-08-18,강판주,LED일체형,3,2024-07-29
보라매로5길4-29,신대방2동,395-67,2016-08-18,강판주,LED일체형,3,2024-07-29
보라매로5길4-30,신대방2동,729-29,2021-08-30,신호통합주,LED일체형,1,2024-07-29
보라매로5길4-31,신대방2동,395-61,2021-08-30,강판주,LED일체형,3,2024-07-29
보라매로5길4-32,신대방2동,395-68,2021-08-30,강판주,LED일체형,3,2024-07-29
보라매로5길4-33,신대방2동,395-61,2021-08-30,강판주,LED일체형,3,2024-07-29
보라매로5길4-34,신대방2동,395-61,2021-08-30,강판주,LED일체형,3,2024-07-29
보라매로5길4=1,신대방2동,395-61,2016-08-18,강판주,LED일체형,4,2024-07-29
보라매로5길4=9,신대방2동,395-62,2016-08-18,강판주,LED일체형,4,2024-07-29
보라매로5길4=22,신대방2동,395-62,2016-08-18,스텐주물주,LED일체형,4,2024-07-29
보라매로 1-1,대방동,405-11,2016-08-17,신호통합주,LED일체형,3,2024-07-29
보라매로 1-2,대방동,407-29,2016-08-17,강판주,LED일체형,3,2024-07-29
보라매로 1-3,신대방2동,345-6,2016-08-17,강판주,LED일체형,3,2024-07-29
보라매로 1-4,신대방2동,351-5,2016-08-17,강판주,LED일체형,3,2024-07-29
보라매로 1-6,신대방2동,721,2016-08-18,강판주,LED일체형,3,2024-07-29
보라매로 1-7,신대방2동,345-3,2016-08-18,강판주,LED일체형,3,2024-07-29
보라매로 1-8,신대방2동,344-16,2016-08-18,강판주,LED일체형,3,2024-07-29
보라매로 1-9,신대방2동,344-4,2016-08-18,강판주,LED일체형,3,2024-07-29
보라매로 1-11,신대방2동,344-23,2016-08-18,강판주,LED일체형,3,2024-07-29
보라매로 1-12,신대방2동,344-35,2016-08-18,강판주,LED일체형,3,2024-07-29
보라매로 1-13,신대방2동,344-216,2016-08-18,강판주,LED일체형,3,2024-07-29
보라매로 1-14,신대방2동,344-216,2016-08-18,강판주,LED일체형,3,2024-07-29
보라매로 1=5(통합주),신대방2동,345-6,2016-08-18,강판주,LED일체형,2,2024-07-29
보라매로 1=10,신대방2동,705-9,2016-08-18,강판주,LED일체형,4,2024-07-29
보라매로 1=15,신대방2동,344-95,2022-09-16,,LED일체형,4,2024-07-29
보라매로 1=16,신대방2동,343-7,2022-09-16,,LED일체형,4,2024-07-29
보라매로 2-2,신대방2동,342-57,2016-08-18,강판주,LED일체형,3,2024-07-29
보라매로 2-3,신대방2동,342-57,2016-08-18,강판주,LED일체형,3,2024-07-29
보라매로 2-5,신대방2동,342-57,2016-08-18,강판주,LED일체형,3,2024-07-29
보라매로 2-7,신대방2동,345-6,2016-08-18,강판주,LED일체형,3,2024-07-29
보라매로 2-8,신대방2동,345-6,2016-08-18,강판주,LED일체형,3,2024-07-29
보라매로 2-9,신대방2동,345-6,2016-08-18,강판주,LED일체형,3,2024-07-29
보라매로 2-10,신대방2동,345-6,2016-08-17,강판주,LED일체형,3,2024-07-29
보라매로 2-11,신대방2동,345-6,2016-08-17,강판주,LED일체형,3,2024-07-29
보라매로 2-12,신대방2동,355-26,2016-08-17,강판주,LED일체형,3,2024-07-29
보라매로 2-13,대방동,406-10,2022-09-26,,LED일체형,3,2024-07-29
보라매로 2-14,대방동,406-13,2016-08-17,신호통합주,LED일체형,3,2024-07-29
보라매로 2=1,신대방2동,342-57,2016-08-18,강판주,LED일체형,4,2024-07-29
보라매로 2=4,신대방2동,343-8,2016-08-18,강판주,LED일체형,4,2024-07-29
보라매로 2=6,신대방2동,342-57,2016-08-18,강판주,LED일체형,4,2024-07-29
사당로1-1,사당2동,144-4,2016-08-31,강판주,LED일체형,3,2024-07-29
사당로1-2,사당2동,147-110,2016-08-31,강판주,LED일체형,3,2024-07-29
사당로1-3,사당2동,144-4,2016-08-31,강판주,LED일체형,3,2024-07-29
사당로1-4,사당2동,144-4,2016-08-31,강판주,LED일체형,3,2024-07-29
사당로1-5,사당2동,144-4,2016-08-31,강판주,LED일체형,3,2024-07-29
사당로1-6,사당2동,144-4,2016-08-31,강판주,LED일체형,3,2024-07-29
사당로1-7,사당2동,144-4,2016-08-31,강판주,LED일체형,3,2024-07-29
사당로1-8,사당2동,144-4,2016-08-31,강판주,LED일체형,3,2024-07-29
사당로1-9,사당2동,152-9,2016-08-31,강판주,LED일체형,3,2024-07-29
사당로1-10,사당3동,152-9,2016-08-31,강판주,LED일체형,3,2024-07-29
사당로1-11,사당3동,152-9,2016-08-31,강판주,LED일체형,3,2024-07-29
사당로1-12,사당3동,152-9,2016-08-31,강판주,LED일체형,3,2024-07-29
사당로1-13,사당3동,152-9,2016-08-31,강판주,LED일체형,3,2024-07-29
사당로1-14,사당3동,152-9,2016-08-31,강판주,LED일체형,3,2024-07-29
사당로1-15,사당3동,323-24,2016-08-31,강판주,LED일체형,3,2024-07-29
사당로2-1,사당3동,323-6,2016-08-31,강판주,LED일체형,3,2024-07-29
사당로2-2,사당3동,324-25,2016-08-31,강판주,LED일체형,3,2024-07-29
사당로2-3,사당3동,324-25,2022-05-27,강판주,LED일체형,3,2024-07-29
사당로2-4,사당3동,323-11,2016-08-31,강판주,LED일체형,3,2024-07-29
사당로2-5,사당3동,323-20,2016-08-31,강판주,LED일체형,3,2024-07-29
사당로2-6,사당3동,323-20,2016-08-31,강판주,LED일체형,3,2024-07-29
사당로2=7,사당3동,169-20,2016-12-13,강판주,LED일체형,2,2024-07-29
사당로2가길1-1,사당5동,산 32-99,2016-12-15,강판주,LED일체형,1,2024-07-29
사당로2가길1-2,사당1동,32-107,2016-12-15,강판주,LED일체형,1,2024-07-29
사당로2가길1-3,사당1동,11902,2016-12-15,강판주,LED일체형,1,2024-07-29
사당로2가길1-4,사당1동,32-108,2016-12-15,강판주,LED일체형,1,2024-07-29
사당로2가길1-5,사당1동,32-92,2016-12-15,강판주,LED일체형,1,2024-07-29
사당로2가길1-6,사당1동,32-108,2016-12-15,강판주,LED일체형,1,2024-07-29
사당로2가길1-7,사당5동,산 32-8,2016-12-15,강판주,LED일체형,1,2024-07-29
사당로2가길1-8,사당1동,32-92,2016-12-15,강판주,LED일체형,1,2024-07-29
사당로2가길1-9,사당5동,205-20,2016-12-15,강판주,LED일체형,1,2024-07-29
사당로2가길1-10-,사당5동,708-533,2016-12-15,강판주,LED일체형,3,2024-07-29
사당로2가길1-11,사당5동,708-533,2016-12-15,강판주,LED일체형,1,2024-07-29
사당로2가길1-12,사당5동,206-55,2016-12-15,강판주,LED일체형,1,2024-07-29
사당로2가길1-13,사당5동,206-55,2016-12-15,강판주,LED일체형,1,2024-07-29
사당로2가길1-14,사당5동,708-1048,2016-12-15,강판주,LED일체형,1,2024-07-29
사당로2가길1-15,사당1동,32-93,2016-12-15,강판주,LED일체형,1,2024-07-29
사당로2가길1-16,사당5동,산 32-93,2016-12-15,강판주,LED일체형,1,2024-07-29
사당로2가길1-17,사당5동,산 32-93,2016-12-15,강판주,LED일체형,1,2024-07-29
사당로2가길1-18,사당5동,산 32-93,2016-12-15,강판주,LED일체형,1,2024-07-29
사당로2가길1-19,사당5동,산 32-93,2016-12-15,강판주,LED일체형,1,2024-07-29
사당로2가길1-20,사당5동,산 32-93,2016-12-15,강판주,LED일체형,1,2024-07-29
사당로2가길1-21,사당5동,산 32-93,2016-12-15,강판주,LED일체형,1,2024-07-29
사당로2가길2-2,사당5동,1139,2016-12-15,강판주,LED일체형,1,2024-07-29
사당로2가길2-3,사당5동,1139,2016-12-15,강판주,LED일체형,1,2024-07-29
사당로2가길2-4,사당5동,1139,2016-12-15,강판주,LED일체형,1,2024-07-29
사당로2가길2-5,사당5동,1139-2,2016-12-15,강판주,LED일체형,1,2024-07-29
사당로2가길2-6,사당5동,1139-2,2016-12-15,강판주,LED일체형,1,2024-07-29
사당로2가길2-7,사당5동,1139,2016-12-15,강판주,LED일체형,1,2024-07-29
사당로2가길2-8,사당5동,1139-2,2016-12-15,강판주,LED일체형,1,2024-07-29
사당로2가길2-9,사당5동,1139-2,2016-12-15,강판주,LED일체형,1,2024-07-29
사당로2가길2-10,사당5동,1139-2,2016-12-15,강판주,LED일체형,1,2024-07-29
사당로2가길2-11,사당5동,1139,2016-12-15,강판주,LED일체형,1,2024-07-29
사당로2가길2-12,사당1동,32-92,2016-12-15,강판주,LED일체형,1,2024-07-29
사당로2가길2-13,사당1동,32-92,2016-12-15,강판주,LED일체형,1,2024-07-29
사당로2가길2-14,사당5동,산 32-92,2016-12-15,강판주,LED일체형,1,2024-07-29
사당로2가길2-15,사당5동,산 32-92,2016-12-15,강판주,LED일체형,1,2024-07-29
사당로2가길2-16,사당5동,산 32-92,2016-12-15,강판주,LED일체형,1,2024-07-29
사당로2가길2=1,사당5동,1139-2,2016-12-15,강판주,LED일체형,2,2024-07-29
사당로3-1,사당3동,169-20,2016-08-31,신호통합주,LED일체형,1,2024-07-29
사당로3-2,사당3동,265-2,2016-08-31,강판주,LED일체형,3,2024-07-29
사당로3-3,사당3동,254-1,2016-08-31,강판주,LED일체형,3,2024-07-29
사당로3-4,사당3동,254-1,2016-08-31,강판주,LED일체형,3,2024-07-29
사당로3-5,사당3동,254-1,2016-08-31,강판주,LED일체형,3,2024-07-29
사당로3-6,사당3동,708-530,2016-08-31,강판주,LED일체형,3,2024-07-29
사당로3-7,사당3동,252-15,2016-08-31,강판주,LED일체형,3,2024-07-29
사당로3-8,사당3동,252-23,2016-08-31,강판주,LED일체형,3,2024-07-29
사당로3-9,사당3동,252-28,2016-08-31,강판주,LED일체형,3,2024-07-29
사당로3-10,사당3동,1131,2020-09-23,강판주,LED일체형,3,2024-07-29
사당로3-11,사당3동,1131,2020-09-23,강판주,LED일체형,3,2024-07-29
사당로3-12,사당3동,1131,2020-09-23,강판주,LED일체형,3,2024-07-29
사당로3-13,사당3동,1131,2020-09-23,강판주,LED일체형,3,2024-07-29
사당로3-14,사당3동,1131,2020-09-23,강판주,LED일체형,3,2024-07-29
사당로3-15,사당3동,1131,2016-08-31,강판주,LED일체형,4,2024-07-29
사당로3-16,사당3동,220-85,2024-03-22,신호통합주,LED일체형,3,2024-07-29
사당로3-17,사당3동,220-10,2021-07-26,강판주,LED일체형,3,2024-07-29
사당로3-18,사당3동,220-54,2016-08-31,강판주,LED일체형,3,2024-07-29
사당로3-19,사당3동,220-200,2021-07-26,강판주,LED일체형,3,2024-07-29
사당로3-20,사당3동,220-198,2016-08-31,강판주,LED일체형,3,2024-07-29
사당로3-21,사당3동,219-7,2021-07-26,강판주,LED일체형,3,2024-07-29
사당로3-22,사당3동,218-11,2016-08-31,강판주,LED일체형,3,2024-07-29
사당로3-23,사당3동,218-14,2016-08-31,강판주,LED일체형,3,2024-07-29
사당로3-24,사당3동,211-2,2016-08-31,강판주,LED일체형,3,2024-07-29
사당로3-25,사당3동,708-534,2016-08-31,강판주,LED일체형,3,2024-07-29
사당로3-26,사당3동,208-17,2016-08-31,강판주,LED일체형,3,2024-07-29
사당로3-27,사당3동,207-3,2016-08-31,강판주,LED일체형,3,2024-07-29
사당로3-28,사당3동,200-1,2016-08-31,강판주,LED일체형,3,2024-07-29
사당로3-29,사당3동,1131,2024-04-26,,LED일체형,3,2024-07-29
사당로3=29,사당3동,200-1,2016-08-31,강판주,LED일체형,4,2024-07-29
사당로4-2,사당3동,200-1,2016-08-31,강판주,LED일체형,3,2024-07-29
사당로4-3,사당3동,200-1,2016-08-31,강판주,LED일체형,3,2024-07-29
사당로4-4,사당3동,200-1,2016-08-31,강판주,LED일체형,3,2024-07-29
사당로4-5,사당3동,197-1,2016-08-31,강판주,LED일체형,3,2024-07-29
사당로4-6,사당1동,45322,2016-08-31,강판주,LED일체형,3,2024-07-29
사당로4-7,사당1동,45322,2016-08-31,강판주,LED일체형,3,2024-07-29
사당로4-8,사당3동,산 31-50,2016-08-31,강판주,LED일체형,3,2024-07-29
사당로4-9,사당3동,산 31-50,2016-08-31,강판주,LED일체형,3,2024-07-29
사당로4-10,사당3동,산 31-50,2016-08-31,강판주,LED일체형,3,2024-07-29
사당로4-11,사당3동,산 31-37,2016-08-31,강판주,LED일체형,3,2024-07-29
사당로4-12,사당3동,산 31-37,2016-08-31,강판주,LED일체형,3,2024-07-29
사당로4-13,사당3동,산 31-50,2023-10-25,주철주,LED일체형,2,2024-07-29
사당로4-14,사당1동,31-37,2016-08-31,강판주,LED일체형,3,2024-07-29
사당로4-15,사당3동,산 31-37,2023-10-25,주철주,LED일체형,3,2024-07-29
사당로4-16,사당3동,산 31-37,2016-08-31,강판주,LED일체형,3,2024-07-29
사당로4-17,사당3동,산 31-37,2016-08-31,강판주,LED일체형,3,2024-07-29
사당로4-18,사당3동,산 31-37,2016-08-31,강판주,LED일체형,3,2024-07-29
사당로4-19,사당3동,산 31-37,2016-08-31,강판주,LED일체형,3,2024-07-29
사당로4-20,사당3동,산 31-37,2016-08-31,강판주,LED일체형,3,2024-07-29
사당로4-21,사당1동,31-37,2016-08-31,강판주,LED일체형,3,2024-07-29
사당로4-22,상도1동,49-121,2016-08-31,강판주,LED일체형,3,2024-07-29
사당로4-24,상도1동,103-4,2016-08-31,강판주,LED일체형,3,2024-07-29
사당로4=1,사당3동,200-1,2016-08-31,강판주,LED일체형,4,2024-07-29
사당로4=23,상도1동,105-2,2016-08-31,강판주,LED일체형,4,2024-07-29
사당로5-2,상도1동,511,2016-08-31,스텐주,LED일체형,3,2024-07-29
사당로5-3,상도1동,512-1,2016-08-31,스텐주,LED일체형,3,2024-07-29
사당로5-4,상도1동,512-1,2016-08-31,스텐주,LED일체형,3,2024-07-29
사당로5-5,상도1동,512-4,2016-08-31,스텐주,LED일체형,3,2024-07-29
사당로5-6,상도1동,512-9,2016-08-31,스텐주,LED일체형,3,2024-07-29
사당로5-7,상도1동,511,2016-08-31,스텐주,LED일체형,3,2024-07-29
사당로5=1,상도1동,512,2016-12-14,스텐주,LED일체형,4,2024-07-29
사당로6-1,상도1동,512-9,2016-08-31,스텐주,LED일체형,3,2024-07-29
사당로6-2,상도1동,512-9,2016-08-31,스텐주,LED일체형,3,2024-07-29
사당로6-3,상도1동,511,2016-08-31,스텐주,LED일체형,3,2024-07-29
사당로6-4,상도1동,511,2016-08-31,스텐주,LED일체형,3,2024-07-29
사당로6-5,상도1동,511,2016-08-31,스텐주,LED일체형,3,2024-07-29
사당로6-6,상도1동,511,2016-08-31,신호통합주,LED일체형,3,2024-07-29
사당로7-1,상도1동,512-11,2016-08-31,강판주,LED일체형,3,2024-07-29
사당로7-2,상도1동,512-11,2016-08-31,강판주,LED일체형,3,2024-07-29
사당로7-3,상도1동,512-11,2016-08-31,강판주,LED일체형,3,2024-07-29
사당로7-4,상도1동,512-11,2016-08-31,강판주,LED일체형,3,2024-07-29
사당로7-5,상도1동,512-11,2016-08-31,강판주,LED일체형,3,2024-07-29
사당로7-6,상도1동,512-5,2016-08-31,강판주,LED일체형,3,2024-07-29
사당로7-7,상도1동,512-5,2016-08-31,강판주,LED일체형,3,2024-07-29
사당로7-9,상도1동,506-11,2016-08-31,강판주,LED일체형,3,2024-07-29
사당로7-11,상도1동,512-5,2016-08-31,강판주,LED일체형,3,2024-07-29
사당로7-12,상도1동,512-2,2016-08-31,강판주,LED일체형,3,2024-07-29
사당로7-13,상도1동,512-2,2016-08-31,강판주,LED일체형,3,2024-07-29
사당로7=8,상도1동,512-5,2016-08-31,강판주,LED일체형,2,2024-07-29
사당로7=10,상도1동,512-7,2016-08-31,강판주,LED일체형,4,2024-07-29
사당로8-1,상도1동,49-120,2016-08-31,강판주,LED일체형,1,2024-07-29
사당로8-2,상도1동,103-3,2016-08-31,강판주,LED일체형,1,2024-07-29
사당로8-3,상도1동,49-120,2016-08-31,강판주,LED일체형,1,2024-07-29
사당로8-4축,상도1동,49-120,2016-08-31,기타,LED일체형,1,2024-07-29
사당로8-5축,상도1동,49-115,2016-08-31,기타,LED일체형,1,2024-07-29
사당로8-6축,상도1동,111-43,2016-08-31,기타,LED일체형,1,2024-07-29
사당로8-7축,사당1동,31-37,2016-08-31,기타,LED일체형,1,2024-07-29
사당로8-8축,사당1동,31-37,2016-08-31,기타,LED일체형,1,2024-07-29
사당로8-9축,사당1동,31-37,2016-08-31,기타,LED일체형,1,2024-07-29
사당로8-10축,사당1동,31-37,2016-08-31,기타,LED일체형,1,2024-07-29
사당로8-11,사당5동,산 31-37,2016-08-31,강판주,LED일체형,1,2024-07-29
사당로8-12,사당5동,산 31-33,2016-08-31,강판주,LED일체형,1,2024-07-29
사당로9-2,사당5동,709,2016-08-31,강판주,LED일체형,1,2024-07-29
사당로9-3,사당5동,709,2016-08-31,강판주,LED일체형,1,2024-07-29
사당로9-4,사당5동,산 31-34,2016-08-31,강판주,LED일체형,1,2024-07-29
사당로9-5,사당5동,산 31-37,2016-08-31,강판주,LED일체형,1,2024-07-29
사당로9-6,사당5동,산 31-37,2016-08-31,강판주,LED일체형,1,2024-07-29
사당로9-7,사당5동,188-51,2016-08-31,강판주,LED일체형,1,2024-07-29
사당로9-8,사당5동,산 31-39,2016-08-31,강판주,LED일체형,1,2024-07-29
사당로9-9,사당5동,197-4,2016-08-31,강판주,LED일체형,1,2024-07-29
사당로9-11,사당5동,710-2,2016-08-31,강판주,LED일체형,3,2024-07-29
사당로9=1,사당5동,산 31-37,2016-08-31,강판주,LED일체형,2,2024-07-29
사당로9=10,사당5동,710-2,2016-08-31,강판주,LED일체형,2,2024-07-29
사당로9=12,사당5동,200,2016-08-31,강판주,LED일체형,4,2024-07-29
사당로10-1,사당5동,710-5,2016-08-31,강판주,LED일체형,3,2024-07-29
사당로10-2,사당5동,710-5,2016-08-31,강판주,LED일체형,3,2024-07-29
사당로10-3,사당5동,203-10,2016-08-31,강판주,LED일체형,3,2024-07-29
사당로10-4,사당5동,203-10,2016-08-31,강판주,LED일체형,3,2024-07-29
사당로10-6,사당5동,213-8,2016-08-31,강판주,LED일체형,3,2024-07-29
사당로10-7,사당5동,211-2,2016-08-31,강판주,LED일체형,3,2024-07-29
사당로10=5,사당5동,213-18,2016-08-31,강판주,LED일체형,4,2024-07-29
사당로11-1,사당5동,221,2020-09-23,강판주,LED일체형,3,2024-07-29
사당로11-2,사당5동,221,2020-09-23,강판주,LED일체형,3,2024-07-29
사당로11-3,사당5동,223-31,2016-08-31,강판주,LED일체형,3,2024-07-29
사당로11-4,사당5동,221,2016-08-31,강판주,LED일체형,3,2024-07-29
사당로11-5,사당5동,221,2016-08-31,강판주,LED일체형,3,2024-07-29
사당로11-6,사당5동,221,2016-08-31,신호통합주,LED일체형,3,2024-07-29
사당로11-7,사당5동,712-1,2021-07-26,강판주,LED일체형,3,2024-07-29
사당로11-8,사당5동,712-1,2016-08-31,강판주,LED일체형,3,2024-07-29
사당로11-9,사당4동,708-530,2016-08-31,신호통합주,LED일체형,3,2024-07-29
사당로11-10,사당4동,산 25-33,2016-08-31,강판주,LED일체형,3,2024-07-29
사당로11-11,사당4동,712-8,2020-09-23,강판주,LED일체형,3,2024-07-29
사당로11-12,사당4동,산 25-33,2020-09-23,강판주,LED일체형,3,2024-07-29
사당로11-13,사당4동,712-12,2016-08-31,강판주,LED일체형,3,2024-07-29
사당로11-14,사당4동,712-14,2022-01-03,강판주,LED일체형,3,2024-07-29
사당로11-15,사당4동,254-1,2016-08-31,강판주,LED일체형,3,2024-07-29
사당로11-16,사당4동,254-1,2016-08-31,강판주,LED일체형,3,2024-07-29
사당로11-17,사당4동,254-1,2016-08-31,강판주,LED일체형,3,2024-07-29
사당로11-18,사당4동,254-1,2016-08-31,강판주,LED일체형,3,2024-07-29
사당로11-19,사당4동,254-1,2016-08-31,신호통합주,LED일체형,1,2024-07-29
사당로11=20,사당4동,708-529,2023-11-27,신호통합주,LED일체형,4,2024-07-29
사당로12-2,사당4동,318-6,2016-08-31,강판주,LED일체형,3,2024-07-29
사당로12-3,사당1동,318-78,2016-08-31,강판주,LED일체형,3,2024-07-29
사당로12-4,사당1동,708-360,2016-08-31,강판주,LED일체형,3,2024-07-29
사당로12-5,사당1동,708-360,2016-08-31,강판주,LED일체형,3,2024-07-29
사당로12-6,사당1동,1001-59,2016-08-31,강판주,LED일체형,3,2024-07-29
사당로12=1,사당4동,318-6,2016-08-31,강판주,LED일체형,4,2024-07-29
사당로12=7,사당1동,1001-59,2016-08-31,강판주,LED일체형,4,2024-07-29
사당로13-1,사당1동,1002-1,2016-08-31,강판주,LED일체형,3,2024-07-29
사당로13-2,사당1동,1002-1,2016-08-31,강판주,LED일체형,3,2024-07-29
사당로13-3,사당1동,1003-49,2016-08-31,강판주,LED일체형,3,2024-07-29
사당로13-4,사당1동,1003-49,2016-08-31,강판주,LED일체형,3,2024-07-29
사당로13-5,사당1동,1003-49,2016-08-31,강판주,LED일체형,3,2024-07-29
사당로13-6,사당1동,1003-55,2016-08-31,강판주,LED일체형,3,2024-07-29
사당로13-7,사당1동,1113,2016-08-31,강판주,LED일체형,3,2024-07-29
사당로14-1,사당1동,144-4,2016-08-31,강판주,LED일체형,3,2024-07-29
사당로14-2,사당1동,144-4,2016-08-31,강판주,LED일체형,3,2024-07-29
사당로14-3,사당1동,144-4,2016-08-31,강판주,LED일체형,3,2024-07-29
사당로14-4,사당1동,147-139,2016-08-31,강판주,LED일체형,3,2024-07-29
사당로14-5,사당1동,144-4,2020-09-21,강판주,LED일체형,3,2024-07-29
사당로14-6,사당1동,144-4,2016-08-31,강판주,LED일체형,3,2024-07-29
사당로14-7,사당1동,144-4,2016-08-31,강판주,LED일체형,3,2024-07-29
사당로14-8,사당1동,144-4,2016-08-31,강판주,LED일체형,3,2024-07-29
사당로17길1-1,사당3동,169-20,2016-12-13,강판주,LED일체형,1,2024-07-29
사당로17길1-3-,사당3동,169-18,2016-12-13,강판주,LED일체형,3,2024-07-29
사당로17길1-4-,사당3동,169-18,2016-12-13,강판주,LED일체형,3,2024-07-29
사당로17길1-5-,사당3동,169-18,2016-12-13,강판주,LED일체형,3,2024-07-29
사당로17길1-6-,사당3동,169-18,2016-12-13,강판주,LED일체형,3,2024-07-29
사당로17길1-7-,사당3동,169-18,2016-12-13,강판주,LED일체형,3,2024-07-29
사당로17길1-8-,사당3동,169-18,2016-12-13,강판주,LED일체형,3,2024-07-29
사당로17길1-9-,사당3동,169-18,2016-12-13,강판주,LED일체형,3,2024-07-29
사당로17길1-10-,사당3동,169-16,2016-12-13,강판주,LED일체형,3,2024-07-29
사당로17길1-11-,사당3동,169-14,2016-12-13,강판주,LED일체형,3,2024-07-29
사당로17길1-13-,사당3동,169-14,2016-12-13,강판주,LED일체형,3,2024-07-29
사당로17길1-14-,사당3동,169-14,2016-12-13,강판주,LED일체형,3,2024-07-29
사당로17길1-15-,사당3동,169-14,2016-12-13,강판주,LED일체형,3,2024-07-29
사당로17길1-16-,사당3동,169-8,2016-12-13,강판주,LED일체형,3,2024-07-29
사당로17길1-17-,사당3동,169-14,2016-12-13,강판주,LED일체형,3,2024-07-29
사당로17길1=2-,사당3동,169-20,2016-12-13,강판주,LED일체형,4,2024-07-29
사당로17길1=12-,사당3동,169-14,2016-12-13,강판주,LED일체형,4,2024-07-29
사당로17길1=18-,사당3동,169-8,2016-12-13,강판주,LED일체형,4,2024-07-29
사당로17길1=19,사당3동,169-8,2016-12-13,강판주,LED일체형,2,2024-07-29
사당로23길1-2-,사당3동,324-32,2016-08-31,강판주,LED일체형,3,2024-07-29
사당로23길1-3-,사당3동,324-20,2016-08-31,강판주,LED일체형,3,2024-07-29
사당로23길1-4-,사당3동,324-20,2016-08-31,강판주,LED일체형,3,2024-07-29
사당로23길1-5-,사당3동,324-20,2016-08-31,강판주,LED일체형,3,2024-07-29
사당로23길1-6-,사당1동,24-33,2016-08-31,강판주,LED일체형,3,2024-07-29
사당로23길1-7-,사당1동,24-33,2016-08-31,강판주,LED일체형,3,2024-07-29
사당로23길1-8-,사당3동,산 24-33,2016-08-31,강판주,LED일체형,3,2024-07-29
사당로23길1-9-,사당3동,산 24-34,2016-08-31,강판주,LED일체형,3,2024-07-29
사당로23길1-10-,사당3동,169-31,2016-08-31,강판주,LED일체형,3,2024-07-29
사당로23길1-11-,사당3동,169-29,2016-08-31,강판주,LED일체형,3,2024-07-29
사당로23길1-12-,사당3동,산 24-17,2016-08-31,강판주,LED일체형,3,2024-07-29
사당로23길1-13-,사당3동,169-29,2016-08-31,강판주,LED일체형,3,2024-07-29
사당로23길1-15,사당3동,산 24-17,2016-08-31,강판주,LED일체형,1,2024-07-29
사당로23길1-16-,사당3동,산 24-17,2016-08-31,강판주,LED일체형,3,2024-07-29
사당로23길1-17,사당3동,산 24-17,2016-08-31,강판주,LED일체형,1,2024-07-29
사당로23길1-18,사당3동,산 24-17,2016-08-31,강판주,LED일체형,1,2024-07-29
사당로23길1=1-,사당3동,323-1,2016-08-31,강판주,LED일체형,4,2024-07-29
사당로23길1=14-,사당1동,24-17,2016-08-31,강판주,LED일체형,4,2024-07-29
사당로23길2-1-,사당3동,169-29,2016-08-31,강판주,LED일체형,3,2024-07-29
사당로23길2-2-,사당3동,169-29,2016-08-31,강판주,LED일체형,3,2024-07-29
사당로23길2-3-,사당3동,산 24-17,2016-08-31,강판주,LED일체형,3,2024-07-29
사당로23길2-4-,사당3동,산 24-17,2016-08-31,강판주,LED일체형,3,2024-07-29
사당로23길2-5-,사당3동,산 24-17,2016-08-31,강판주,LED일체형,3,2024-07-29
사당로23길2-6-,사당3동,산 24-17,2016-08-31,강판주,LED일체형,3,2024-07-29
사당로23길2-7-,사당3동,산 24-17,2016-08-31,강판주,LED일체형,3,2024-07-29
사당로23길2-8-,사당3동,169-28,2016-08-31,강판주,LED일체형,3,2024-07-29
사당로23길2-10-,사당3동,169-28,2016-08-31,강판주,LED일체형,3,2024-07-29
사당로23길2-11-,사당3동,169-28,2016-08-31,강판주,LED일체형,3,2024-07-29
사당로23길2-12-,사당3동,169-26,2016-08-31,강판주,LED일체형,3,2024-07-29
사당로23길2-13-,사당3동,169-26,2016-08-31,강판주,LED일체형,3,2024-07-29
사당로23길2-14-,사당3동,164-74,2016-08-31,강판주,LED일체형,3,2024-07-29
사당로23길2-15-,사당3동,164-74,2016-08-31,강판주,LED일체형,3,2024-07-29
사당로23길2-16-,사당3동,169-25,2016-08-31,강판주,LED일체형,3,2024-07-29
사당로23길2-17-,사당3동,169-25,2016-08-31,강판주,LED일체형,3,2024-07-29
사당로23길2-18-,사당3동,169-25,2016-08-31,강판주,LED일체형,3,2024-07-29
사당로23길2-19-,사당3동,169-25,2016-08-31,강판주,LED일체형,3,2024-07-29
사당로23길2=9-,사당3동,169-28,2016-08-31,강판주,LED일체형,4,2024-07-29
사당로23길3-1,사당3동,1159-2,2020-10-21,강판주,LED일체형,1,2024-07-29
사당로23길3-2,사당3동,1159-2,2020-10-21,강판주,LED일체형,1,2024-07-29
사당로23길3-3,사당3동,1159-2,2020-10-21,강판주,LED일체형,1,2024-07-29
사당로23길3-4,사당3동,1159-2,2020-10-21,강판주,LED일체형,1,2024-07-29
사당로23길3-5,사당3동,1159,2020-10-21,강판주,LED일체형,1,2024-07-29
사당로23길3-6,사당3동,1159-2,2020-10-21,강판주,LED일체형,1,2024-07-29
사당로23길3-7,사당3동,1159,2020-10-21,강판주,LED일체형,1,2024-07-29
사당로23길3-8,사당3동,1159,2020-10-21,강판주,LED일체형,1,2024-07-29
사당로23길3-9,사당3동,1159,2020-10-21,강판주,LED일체형,1,2024-07-29
사당로23길3-10,사당3동,1159-2,2020-10-21,강판주,LED일체형,1,2024-07-29
사당로23길3-11,사당3동,1159-2,2020-10-21,강판주,LED일체형,1,2024-07-29
사당로23길3-12,사당3동,1159,2020-10-21,강판주,LED일체형,1,2024-07-29
사당로23길3-13,사당3동,1159,2020-10-21,강판주,LED일체형,1,2024-07-29
사당로23길3-14,사당3동,1159-2,2020-10-21,강판주,LED일체형,1,2024-07-29
사당로23길3-15,사당3동,1159-2,2020-10-21,강판주,LED일체형,1,2024-07-29
사당로23길3-16,사당3동,170-2,2020-10-21,강판주,LED일체형,1,2024-07-29
사당로23길3-17,사당3동,1159-2,2020-10-21,강판주,LED일체형,1,2024-07-29
사당로23길3-18,사당3동,170-2,2020-10-21,강판주,LED일체형,1,2024-07-29
사당로23길4-1-,사당3동,169-25,2020-11-05,강판주,LED일체형,3,2024-07-29
사당로23길4-2-,사당3동,168-8,2016-08-31,강판주,LED일체형,3,2024-07-29
사당로23길4-3-,사당3동,1133-7,2016-08-31,강판주,LED일체형,3,2024-07-29
사당로23길4-4-,사당3동,1133-6,2016-08-31,강판주,LED일체형,3,2024-07-29
사당로23길4-5-,사당3동,1133-5,2016-08-31,강판주,LED일체형,3,2024-07-29
사당로23길4-6-,사당3동,1133-11,2016-08-31,강판주,LED일체형,3,2024-07-29
사당로23길4-7-,사당3동,1133-11,2016-08-31,강판주,LED일체형,3,2024-07-29
사당로23길4-8-,사당3동,1133-3,2016-08-31,강판주,LED일체형,3,2024-07-29
사당로23길4-9-,사당3동,1133-2,2016-08-31,강판주,LED일체형,3,2024-07-29
사당로23길4-10-,사당3동,1133-10,2016-08-31,강판주,LED일체형,3,2024-07-29
사당로23길4-11-,사당3동,175-49,2016-08-31,강판주,LED일체형,3,2024-07-29
사당로23나길1-1-,사당3동,164-65,2016-08-31,강판주,LED일체형,3,2024-07-29
사당로23나길1-2,사당3동,105-21,2016-08-31,강판주,LED일체형,3,2024-07-29
사당로23나길1-3,사당3동,105-21,2020-10-30,한전주,LED일체형,3,2024-07-29
사당로23나길1-4,사당3동,105-21,2016-08-31,강판주,LED일체형,3,2024-07-29
사당로23나길1-5-,사당3동,105-21,2016-08-31,강판주,LED일체형,3,2024-07-29
사당로23나길1-6-,사당3동,105-21,2016-08-31,강판주,LED일체형,3,2024-07-29
사당로23나길1-7-,사당3동,105-21,2016-08-31,강판주,LED일체형,3,2024-07-29
사당로23나길1-8-,사당3동,105-21,2016-08-31,강판주,LED일체형,3,2024-07-29
사당로23나길1=9,사당3동,105-25,2016-08-31,강판주,LED일체형,4,2024-07-29
사당로23나길2-1,사당2동,105,2022-05-24,전용주(강관),LED일체형,2,2024-07-29
사당로23나길2-2,사당2동,105,2022-05-24,전용주(강관),LED일체형,2,2024-07-29
사당로23나길2-3,사당2동,105,2022-05-24,전용주(강관),LED일체형,2,2024-07-29
사당로23나길2-4,사당2동,105-15,2022-05-24,전용주(강관),LED일체형,2,2024-07-29
사당로23나길2-5,사당2동,105-15,2022-05-24,전용주(강관),LED일체형,2,2024-07-29
사당로23나길2-6,사당2동,105-17,2022-05-24,전용주(강관),LED일체형,2,2024-07-29
사당로23나길2-7,사당2동,105-16,2022-05-24,전용주(강관),LED일체형,2,2024-07-29
사당로23나길2-8,사당2동,105-15,2022-05-24,전용주(강관),LED일체형,2,2024-07-29
사당로23나길2-9,사당2동,105-15,2022-05-24,전용주(강관),LED일체형,2,2024-07-29
사당로23나길2-10,사당2동,105-15,2022-05-24,전용주(강관),LED일체형,2,2024-07-29
사당로23나길2-11,사당2동,105,2022-05-24,전용주(강관),LED일체형,2,2024-07-29
사당로23나길2-12,사당2동,105,2022-05-24,전용주(강관),LED일체형,2,2024-07-29
사당로23나길2-13,사당2동,105,2022-05-24,전용주(강관),LED일체형,2,2024-07-29
사당로23나길2-14,사당2동,105,2022-05-24,전용주(강관),LED일체형,2,2024-07-29
사당로23나길2-15,사당2동,105,2022-05-24,전용주(강관),LED일체형,2,2024-07-29
사당로23나길2-16,사당2동,105,2022-05-24,전용주(강관),LED일체형,2,2024-07-29
사당로23나길2-17,사당2동,105,2022-05-24,전용주(강관),LED일체형,2,2024-07-29
사당로23나길2-18,사당2동,105,2022-05-24,전용주(강관),LED일체형,2,2024-07-29
사당로23나길2-19,사당2동,105,2022-05-24,전용주(강관),LED일체형,2,2024-07-29
사당로23나길2-20,사당2동,105,2022-05-24,전용주(강관),LED일체형,2,2024-07-29
사당로23나길2-21,사당2동,105,2022-05-24,전용주(강관),LED일체형,2,2024-07-29
사당로23나길2-22,사당2동,105,2022-05-24,전용주(강관),LED일체형,2,2024-07-29
사당로23나길2-23,사당2동,105,2023-11-20,,LED일체형,1,2024-07-29
사당로27길1-2,사당3동,1157-2,2016-12-15,강판주,LED일체형,1,2024-07-29
사당로27길1-3,사당3동,18-38,2016-12-15,강판주,LED일체형,1,2024-07-29
사당로27길1-4,사당3동,산 18-38,2016-12-15,강판주,LED일체형,1,2024-07-29
사당로27길1-5,사당3동,1157-2,2016-12-15,강판주,LED일체형,1,2024-07-29
사당로27길1-6,사당3동,1157-2,2016-12-15,강판주,LED일체형,1,2024-07-29
사당로27길1-7,사당3동,1157-2,2016-12-15,강판주,LED일체형,1,2024-07-29
사당로27길1-9,사당3동,1157-2,2016-12-15,강판주,LED일체형,1,2024-07-29
사당로27길1-10,사당3동,1157-2,2016-12-15,강판주,LED일체형,1,2024-07-29
사당로27길1-11,사당3동,1157-2,2016-12-15,강판주,LED일체형,1,2024-07-29
사당로27길1-12,사당3동,1157-2,2016-12-15,강판주,LED일체형,1,2024-07-29
사당로27길1-13,사당3동,1157-2,2016-12-15,강판주,LED일체형,1,2024-07-29
사당로27길1-14,사당3동,1157-2,2016-12-15,강판주,LED일체형,1,2024-07-29
사당로27길1=1,사당3동,산 18-53,2016-12-15,강판주,LED일체형,2,2024-07-29
사당로27길1=8,사당3동,1157-2,2016-12-15,강판주,LED일체형,2,2024-07-29
사당로27길1=15,사당3동,1157-2,2016-12-15,강판주,LED일체형,2,2024-07-29
사당로27길1=16,사당3동,708-584,2016-12-15,강판주,LED일체형,2,2024-07-29
사당로27길2-1,사당3동,산 21-15,2016-12-15,강판주,LED일체형,1,2024-07-29
사당로27길2-2,사당3동,산 21-15,2016-12-15,강판주,LED일체형,1,2024-07-29
사당로27길2-3,사당3동,산 21-15,2016-12-15,강판주,LED일체형,1,2024-07-29
사당로27길2-4,사당3동,산 21-15,2016-12-15,강판주,LED일체형,1,2024-07-29
사당로27길2-5,사당3동,산 21-15,2016-12-15,강판주,LED일체형,1,2024-07-29
사당로27길2-6,사당3동,산 21-15,2016-12-15,강판주,LED일체형,1,2024-07-29
사당로27길2-7,사당3동,산 21-15,2016-12-15,강판주,LED일체형,1,2024-07-29
사당로27길2-8,사당3동,산 21-9,2016-12-15,강판주,LED일체형,1,2024-07-29
사당로27길2-9,사당3동,산 21-9,2016-12-15,강판주,LED일체형,1,2024-07-29
사당로27길3-1,사당3동,1159-2,2020-10-22,강판주,LED일체형,1,2024-07-29
사당로27길3-2,사당3동,1159-2,2020-10-22,강판주,LED일체형,1,2024-07-29
사당로27길3-3,사당3동,1159-2,2020-10-22,강판주,LED일체형,1,2024-07-29
사당로27길3-4,사당3동,1159-2,2020-10-22,강판주,LED일체형,1,2024-07-29
사당로27길3-5,사당3동,1159-2,2020-10-22,강판주,LED일체형,1,2024-07-29
사당로27길3-6,사당3동,1159-2,2020-10-22,강판주,LED일체형,1,2024-07-29
사당로27길3-7,사당3동,1159-2,2020-10-22,강판주,LED일체형,1,2024-07-29
사당로27길3-8,사당3동,1159-2,2020-10-22,강판주,LED일체형,1,2024-07-29
사당로27길3-9,사당3동,1159-2,2020-10-22,강판주,LED일체형,1,2024-07-29
사당로27길3-10,사당3동,1159-2,2020-10-22,강판주,LED일체형,1,2024-07-29
사당로27길3-11,사당3동,1159-2,2020-10-22,강판주,LED일체형,1,2024-07-29
사당로27길3-12,사당3동,1159-2,2020-10-22,강판주,LED일체형,1,2024-07-29
사당로27길3-13,사당3동,1159-2,2020-10-22,강판주,LED일체형,1,2024-07-29
사당로27길3-14,사당3동,1159-2,2020-10-22,강판주,LED일체형,1,2024-07-29
사당로27길3-15,사당3동,1159-2,2020-10-22,강판주,LED일체형,1,2024-07-29
사당로27길3-16,사당3동,164-72,2016-08-31,강판주,LED일체형,1,2024-07-29
사당로27길3-17,사당3동,164-72,2020-10-22,강판주,LED일체형,1,2024-07-29
사당로27길3-18,사당3동,1159-2,2020-10-21,강판주,LED일체형,1,2024-07-29
사당로육교1,사당5동,708-534,2020-11-24,스텐주,LED일체형,2,2024-07-29
사당로육교2,사당5동,708-534,2020-11-24,스텐주,LED일체형,2,2024-07-29
사당로육교3,사당5동,708-534,2020-11-24,스텐주,LED일체형,2,2024-07-29
사당로육교4,사당3동,206-8,2020-11-24,스텐주,LED일체형,2,2024-07-29
사당로육교5,사당3동,206-8,2020-11-24,스텐주,LED일체형,2,2024-07-29
사당로육교6,사당3동,200-1,2020-11-24,스텐주,LED일체형,2,2024-07-29
상도로1-1,상도1동,407-1,2016-08-31,스텐주,LED일체형,3,2024-07-29
상도로1-2,상도1동,407-1,2016-08-31,스텐주,LED일체형,3,2024-07-29
상도로1-3,상도1동,407-1,2016-08-31,스텐주,LED일체형,3,2024-07-29
상도로1-4,상도1동,407-1,2016-08-31,스텐주,LED일체형,3,2024-07-29
상도로1-5,상도1동,407-1,2016-08-31,스텐주,LED일체형,3,2024-07-29
상도로1-6,상도1동,124,2016-08-31,스텐주,LED일체형,3,2024-07-29
상도로1-7,상도1동,124,2016-08-31,스텐주,LED일체형,3,2024-07-29
상도로1-8,상도1동,408-8,2016-08-31,스텐주,LED일체형,3,2024-07-29
상도로1-9,상도1동,124,2016-08-31,스텐주,LED일체형,3,2024-07-29
상도로1-10,상도1동,124,2016-08-31,스텐주,LED일체형,3,2024-07-29
상도로1-11,상도1동,121-92,2016-08-31,스텐주,LED일체형,3,2024-07-29
상도로1-12,상도1동,126-124,2016-08-31,스텐주,LED일체형,3,2024-07-29
상도로1-13,상도1동,126-122,2016-08-31,스텐주,LED일체형,3,2024-07-29
상도로1-14,상도1동,513,2016-08-31,스텐주,LED일체형,3,2024-07-29
상도로1-15,상도1동,513,2016-08-31,스텐주,LED일체형,3,2024-07-29
상도로1-16,상도1동,513-9,2016-08-31,스텐주,LED일체형,3,2024-07-29
상도로1-17,상도1동,513,2016-08-31,스텐주,LED일체형,3,2024-07-29
상도로1-18,상도1동,513-3,2016-08-31,스텐주,LED일체형,3,2024-07-29
상도로1-19,상도1동,513-3,2016-08-31,스텐주,LED일체형,3,2024-07-29
상도로1=20,상도1동,514,2016-08-31,스텐주,LED일체형,4,2024-07-29
상도로2-5,상도1동,517,2016-08-31,스텐주,LED일체형,3,2024-07-29
상도로2-6,상도1동,517,2016-08-31,스텐주,LED일체형,3,2024-07-29
상도로2-7,상도1동,517,2016-08-31,스텐주,LED일체형,3,2024-07-29
상도로2-8,상도1동,517,2016-08-31,신호통합주,LED일체형,3,2024-07-29
상도로2=1,상도1동,514,2016-08-31,신호통합주,LED일체형,4,2024-07-29
상도로2=2,상도1동,511,2016-08-31,스텐주,LED일체형,3,2024-07-29
상도로2=3,상도1동,511,2016-08-31,스텐주,LED일체형,4,2024-07-29
상도로2=4,상도1동,511,2016-08-31,스텐주,LED일체형,4,2024-07-29
상도로3-1,상도1동,517,2016-08-31,신호통합주,LED일체형,3,2024-07-29
상도로3-2,상도1동,517,2016-08-31,스텐주,LED일체형,3,2024-07-29
상도로3-3,상도1동,517,2016-08-31,스텐주,LED일체형,3,2024-07-29
상도로3-4,상도1동,518,2016-08-31,스텐주,LED일체형,3,2024-07-29
상도로3-5,상도1동,518-1,2016-08-31,스텐주,LED일체형,3,2024-07-29
상도로3-6,상도1동,518-1,2016-08-31,스텐주,LED일체형,3,2024-07-29
상도로3-7,상도1동,518-1,2016-08-31,스텐주,LED일체형,3,2024-07-29
상도로3-8,상도1동,518-1,2016-08-31,스텐주,LED일체형,3,2024-07-29
상도로3-9,상도1동,463-1,2016-08-31,스텐주,LED일체형,3,2024-07-29
상도로4-1,상도1동,258-3,2016-08-31,스텐주,LED일체형,3,2024-07-29
상도로4-2,상도1동,518-1,2016-08-31,스텐주,LED일체형,3,2024-07-29
상도로4-3,상도1동,260,2016-08-31,스텐주,LED일체형,3,2024-07-29
상도로4-4,상도1동,262,2016-08-31,스텐주,LED일체형,3,2024-07-29
상도로4-5,상도1동,377,2016-08-31,스텐주,LED일체형,3,2024-07-29
상도로4-6,상도1동,372,2016-08-31,스텐주,LED일체형,3,2024-07-29
상도로4-7,상도1동,369,2016-08-31,스텐주,LED일체형,3,2024-07-29
상도로4-8,상도1동,394,2016-08-31,스텐주,LED일체형,3,2024-07-29
상도로4-9,상도1동,393,2016-08-31,스텐주,LED일체형,3,2024-07-29
상도로4-10,상도1동,390-2,2016-08-31,스텐주,LED일체형,3,2024-07-29
상도로4-11,상도1동,390,2016-08-31,스텐주,LED일체형,3,2024-07-29
상도로4-12,상도1동,790-2,2016-08-31,스텐주,LED일체형,3,2024-07-29
상도로4-13,상도1동,789-1,2016-08-31,스텐주,LED일체형,3,2024-07-29
상도로4-14,상도1동,770-1,2016-08-31,스텐주,LED일체형,3,2024-07-29
상도로4-15,상도1동,752-2,2016-08-31,스텐주,LED일체형,3,2024-07-29
상도로4-16,상도1동,752-2,2016-08-30,스텐주,LED일체형,3,2024-07-29
상도로4-17,상도1동,752-2,2016-08-30,스텐주,LED일체형,3,2024-07-29
상도로4-18,상도1동,752-2,2016-08-30,스텐주,LED일체형,3,2024-07-29
상도로4-19,상도1동,676-3,2016-08-30,스텐주,LED일체형,3,2024-07-29
상도로4-21,상도1동,676-3,2024-04-23,신호통합주,LED일체형,3,2024-07-29
상도로4-24,상도1동,676-3,2016-08-30,스텐주,LED일체형,3,2024-07-29
상도로4=20,상도1동,676-3,2016-08-30,스텐주,LED일체형,2,2024-07-29
상도로4=22,상도1동,752-2,2016-08-30,스텐주,LED일체형,4,2024-07-29
상도로4=23,상도1동,676-3,2016-08-30,스텐주,LED일체형,4,2024-07-29
상도로5-1,상도1동,676-3,2016-08-23,전용주(테파),LED일체형,3,2024-07-29
상도로5-2,상도1동,676-3,2016-08-23,전용주(테파),LED일체형,3,2024-07-29
상도로5-3,상도1동,12601,2016-08-23,전용주(테파),LED일체형,3,2024-07-29
상도로5-4,상도1동,12601,2016-08-23,전용주(테파),LED일체형,3,2024-07-29
상도로5-5,상도2동,34-21,2016-08-23,전용주(테파),LED일체형,3,2024-07-29
상도로5-6,상도2동,34-21,2016-08-23,전용주(테파),LED일체형,3,2024-07-29
상도로5-7,상도2동,26-20,2016-08-23,전용주(테파),LED일체형,3,2024-07-29
상도로5-8,상도2동,13241,2016-08-23,전용주(테파),LED일체형,3,2024-07-29
상도로5=9,상도2동,26-20,2016-08-23,전용주(테파),LED일체형,4,2024-07-29
상도로5=10,상도2동,22-24,2024-04-26,전용주(테파),LED일체형,4,2024-07-29
상도로6-2,상도2동,45374,2016-08-23,전용주(테파),LED일체형,3,2024-07-29
상도로6-3,상도2동,45374,2016-08-23,전용주(테파),LED일체형,3,2024-07-29
상도로6-4,상도2동,45374,2016-08-23,전용주(테파),LED일체형,3,2024-07-29
상도로6-5,상도2동,45374,2016-08-23,전용주(테파),LED일체형,3,2024-07-29
상도로6-6,상도2동,45435,2016-08-23,전용주(테파),LED일체형,3,2024-07-29
상도로6-7,상도2동,527-2,2016-08-23,전용주(테파),LED일체형,3,2024-07-29
상도로6-8,상도2동,527-2,2016-08-23,전용주(테파),LED일체형,3,2024-07-29
상도로6-9,상도2동,527-2,2016-08-23,전용주(테파),LED일체형,3,2024-07-29
상도로6-10,상도2동,527-2,2016-08-23,전용주(테파),LED일체형,3,2024-07-29
상도로6-11,상도2동,26-20,2016-08-23,전용주(테파),LED일체형,3,2024-07-29
상도로6-12,상도2동,45316,2016-08-23,전용주(테파),LED일체형,3,2024-07-29
상도로6-13,상도2동,26-20,2016-08-23,전용주(테파),LED일체형,1,2024-07-29
상도로6-14,상도2동,26-20,2016-08-23,전용주(테파),LED일체형,1,2024-07-29
상도로6-15,상도2동,536,2016-08-23,전용주(테파),LED일체형,1,2024-07-29
상도로6-16,상도2동,25-45,2016-08-23,전용주(테파),LED일체형,1,2024-07-29
상도로6=1,상도2동,45374,2016-08-23,전용주(테파),LED일체형,4,2024-07-29
상도로7-2,상도2동,산 15-35,2016-08-23,전용주(테파),LED일체형,1,2024-07-29
상도로7-3,상도2동,370-38,2016-12-13,전용주(테파),LED일체형,1,2024-07-29
상도로7-5,상도2동,370-38,2016-08-23,전용주(테파),LED일체형,1,2024-07-29
상도로7-6,상도2동,26-20,2016-08-23,전용주(테파),LED일체형,1,2024-07-29
상도로7=1,상도2동,산 15-35,2016-08-23,전용주(테파),LED일체형,2,2024-07-29
상도로7=7,상도2동,26-20,2016-08-23,신호통합주,LED일체형,4,2024-07-29
상도로7=8,상도2동,26-20,2016-08-23,전용주(테파),LED일체형,2,2024-07-29
상도로8-1,상도2동,26-20,2017-10-31,신호통합주,LED일체형,3,2024-07-29
상도로8-2,상도2동,26-20,2017-10-31,전용주(테파),LED일체형,1,2024-07-29
상도로8-3,상도2동,26-20,2017-10-31,전용주(테파),LED일체형,1,2024-07-29
상도로8-4,상도2동,26-20,2017-10-31,전용주(테파),LED일체형,1,2024-07-29
상도로8-7,상도2동,26-20,2017-10-31,전용주(테파),LED일체형,1,2024-07-29
상도로8-8,상도2동,26-20,2017-10-31,전용주(테파),LED일체형,1,2024-07-29
상도로8-9,상도2동,26-20,2017-10-31,전용주(테파),LED일체형,1,2024-07-29
상도로8-11,상도3동,26-20,2017-10-31,전용주(테파),LED일체형,1,2024-07-29
상도로8-12,상도3동,187-2,2017-10-31,전용주(테파),LED일체형,1,2024-07-29
상도로8-13,상도3동,187-2,2017-10-31,전용주(테파),LED일체형,1,2024-07-29
상도로8-14,상도3동,188-13,2017-10-31,전용주(테파),LED일체형,1,2024-07-29
상도로8-15,상도3동,187-2,2017-10-31,전용주(테파),LED일체형,1,2024-07-29
상도로8-16,상도3동,187-2,2017-10-31,전용주(테파),LED일체형,1,2024-07-29
상도로8=5,상도2동,366-38,2017-10-31,전용주(테파),LED일체형,2,2024-07-29
상도로8=6,상도2동,367-14,2017-10-31,전용주(테파),LED일체형,2,2024-07-29
상도로8=10,상도2동,26-20,2017-10-31,전용주(테파),LED일체형,2,2024-07-29
상도로10-8,대방동,335-17,2024-04-24,신호통합주,LED일체형,3,2024-07-29
상도로15-1,대방동,406-10,2018-08-29,전용주(테파),LED일체형,1,2024-07-29
상도로15-2,대방동,334-1,2018-08-29,전용주(테파),LED일체형,1,2024-07-29
상도로15-5,대방동,336-6,2018-08-29,전용주(테파),LED일체형,1,2024-07-29
상도로15-6,대방동,336-5,2018-08-29,전용주(테파),LED일체형,1,2024-07-29
상도로15-9,상도3동,326,2018-08-29,전용주(테파),LED일체형,1,2024-07-29
상도로15-10,상도3동,326,2018-08-29,전용주(테파),LED일체형,1,2024-07-29
상도로15-11,상도3동,325-4,2018-08-29,전용주(테파),LED일체형,1,2024-07-29
상도로15-15,상도4동,345-1,2018-08-29,전용주(테파),LED일체형,1,2024-07-29
상도로15-16,상도4동,345-1,2018-08-29,전용주(테파),LED일체형,1,2024-07-29
상도로15-17,상도4동,347-6,2018-08-29,전용주(테파),LED일체형,1,2024-07-29
상도로15-18,상도4동,347-6,2018-08-29,전용주(테파),LED일체형,1,2024-07-29
상도로15-20,상도4동,354-7,2018-08-29,전용주(테파),LED일체형,1,2024-07-29
상도로15-21,상도4동,354-7,2018-08-29,전용주(테파),LED일체형,1,2024-07-29
상도로15-22,상도4동,354-7,2018-08-29,전용주(테파),LED일체형,1,2024-07-29
상도로15=3,대방동,336-12,2018-08-29,전용주(테파),LED일체형,2,2024-07-29
상도로15=4,대방동,336-13,2018-08-29,전용주(테파),LED일체형,4,2024-07-29
상도로15=7,대방동,336-5,2018-08-29,전용주(테파),LED일체형,2,2024-07-29
상도로15=8,상도3동,324-2,2018-08-29,전용주(테파),LED일체형,2,2024-07-29
상도로15=12,상도3동,325-14,2018-08-29,전용주(테파),LED일체형,2,2024-07-29
상도로15=13,상도3동,325-14,2018-08-29,전용주(테파),LED일체형,4,2024-07-29
상도로15=14,상도4동,345-1,2018-08-29,전용주(테파),LED일체형,2,2024-07-29
상도로15=19,상도4동,354-7,2018-08-29,전용주(테파),LED일체형,2,2024-07-29
상도로15=23,상도4동,354-7,2018-08-29,전용주(테파),LED일체형,2,2024-07-29
상도로17-1,상도2동,26-20,2016-08-23,전용주(테파),LED일체형,1,2024-07-29
상도로17-7,상도2동,26-20,2016-08-23,전용주(테파),LED일체형,1,2024-07-29
상도로17-8,상도2동,26-20,2020-08-24,전용주(테파),LED일체형,1,2024-07-29
상도로17-9,상도2동,26-20,2016-08-23,전용주(테파),LED일체형,1,2024-07-29
상도로17-10,상도2동,26-20,2016-08-23,전용주(테파),LED일체형,1,2024-07-29
상도로17-11,상도2동,26-20,2016-12-13,전용주(테파),LED일체형,3,2024-07-29
상도로17-12,상도2동,26-20,2016-12-13,전용주(테파),LED일체형,3,2024-07-29
상도로17-13,상도2동,26-20,2016-08-23,전용주(테파),LED일체형,3,2024-07-29
상도로17-14,상도2동,26-20,2016-08-23,전용주(테파),LED일체형,3,2024-07-29
상도로17=2,상도2동,26-20,2016-08-23,전용주(테파),LED일체형,2,2024-07-29
상도로18-1,상도2동,26-20,2016-08-23,전용주(테파),LED일체형,3,2024-07-29
상도로18-2,상도2동,26-20,2016-08-23,전용주(테파),LED일체형,3,2024-07-29
상도로18-3,상도2동,29-133,2024-03-22,전용주(테파),LED일체형,2,2024-07-29
상도로18-4,상도2동,29-133,2016-08-23,전용주(테파),LED일체형,3,2024-07-29
상도로18-5,상도2동,29-133,2016-08-23,전용주(테파),LED일체형,3,2024-07-29
상도로18-6,상도2동,29-133,2016-08-23,전용주(테파),LED일체형,3,2024-07-29
상도로18-7,상도2동,29-133,2020-08-24,전용주(테파),LED일체형,3,2024-07-29
상도로18-8,상도2동,29-133,2016-08-23,전용주(테파),LED일체형,3,2024-07-29
상도로18-9,상도2동,29-133,2016-08-23,전용주(테파),LED일체형,3,2024-07-29
상도로19-1,상도2동,26-20,2016-08-23,전용주(테파),LED일체형,3,2024-07-29
상도로19-2,상도2동,26-20,2016-08-23,전용주(테파),LED일체형,3,2024-07-29
상도로19-3,상도2동,26-20,2016-08-23,전용주(테파),LED일체형,1,2024-07-29
상도로19-4,상도2동,26-20,2016-08-23,전용주(테파),LED일체형,1,2024-07-29
상도로19-5,상도2동,34-42,2016-08-23,전용주(테파),LED일체형,1,2024-07-29
상도로19-6,상도2동,34-42,2016-08-23,전용주(테파),LED일체형,1,2024-07-29
상도로19-7,상도1동,702-1,2016-08-23,전용주(테파),LED일체형,1,2024-07-29
상도로19-9,상도1동,752-2,2016-08-23,전용주(테파),LED일체형,1,2024-07-29
상도로19=8,상도1동,676-3,2016-08-23,전용주(테파),LED일체형,2,2024-07-29
상도로20-3,상도1동,742-3,2016-08-30,스텐주,LED일체형,3,2024-07-29
상도로20-4,상도1동,742-3,2016-08-30,스텐주,LED일체형,3,2024-07-29
상도로20-5,상도1동,776,2016-08-31,스텐주,LED일체형,3,2024-07-29
상도로20-6,상도1동,776,2016-08-31,스텐주,LED일체형,3,2024-07-29
상도로20-7,상도1동,776,2016-08-31,스텐주,LED일체형,3,2024-07-29
상도로20-8,상도1동,794,2016-08-31,스텐주,LED일체형,3,2024-07-29
상도로20-9,상도1동,794,2016-08-31,스텐주,LED일체형,3,2024-07-29
상도로20-10,상도1동,250,2016-08-31,스텐주,LED일체형,3,2024-07-29
상도로20-11,상도1동,250,2016-08-31,스텐주,LED일체형,3,2024-07-29
상도로20-12,상도1동,159-186,2016-08-31,스텐주,LED일체형,3,2024-07-29
상도로20-13,상도1동,159-186,2016-08-31,스텐주,LED일체형,3,2024-07-29
상도로20-14,상도1동,159-186,2016-08-31,스텐주,LED일체형,3,2024-07-29
상도로20-15,상도1동,159-186,2016-08-31,스텐주,LED일체형,3,2024-07-29
상도로20-17,상도1동,250,2016-08-31,스텐주,LED일체형,3,2024-07-29
상도로20-18,상도1동,250,2016-08-31,스텐주,LED일체형,3,2024-07-29
상도로20-19,상도1동,250,2016-08-31,스텐주,LED일체형,3,2024-07-29
상도로20-20,상도1동,250,2016-08-31,스텐주,LED일체형,3,2024-07-29
상도로20-21,상도1동,250,2016-08-31,스텐주,LED일체형,3,2024-07-29
상도로20=1,상도1동,742-3,2016-08-30,스텐주,LED일체형,4,2024-07-29
상도로20=2,상도1동,742-3,2016-08-30,신호통합주,LED일체형,4,2024-07-29
상도로20=16,상도1동,250,2016-08-31,스텐주,LED일체형,4,2024-07-29
상도로21-1,상도1동,518-1,2016-08-31,스텐주,LED일체형,3,2024-07-29
상도로21-2,상도1동,518-1,2016-08-31,스텐주,LED일체형,3,2024-07-29
상도로21-3,상도1동,518-1,2016-08-31,스텐주,LED일체형,3,2024-07-29
상도로21-4,상도1동,518-1,2016-08-31,스텐주,LED일체형,3,2024-07-29
상도로21-5,상도1동,517,2016-08-31,스텐주,LED일체형,3,2024-07-29
상도로21-6,상도1동,517,2016-08-31,스텐주,LED일체형,3,2024-07-29
상도로21-7,상도1동,517,2016-08-31,스텐주,LED일체형,3,2024-07-29
상도로21-8,상도1동,476-6,2024-03-22,신호통합주,LED일체형,3,2024-07-29
상도로21-11,상도1동,475-1,2016-08-31,스텐주,LED일체형,3,2024-07-29
상도로21-12,상도1동,517,2016-08-31,스텐주,LED일체형,3,2024-07-29
상도로21-13,상도1동,517,2016-08-31,스텐주,LED일체형,3,2024-07-29
상도로21-14,상도1동,514,2016-08-31,스텐주,LED일체형,3,2024-07-29
상도로21-15,상도1동,514,2016-08-31,스텐주,LED일체형,3,2024-07-29
상도로21-16,상도1동,514,2016-08-31,스텐주,LED일체형,3,2024-07-29
상도로21-17,상도1동,514,2016-08-31,스텐주,LED일체형,3,2024-07-29
상도로21-18,상도1동,514,2016-08-31,스텐주,LED일체형,3,2024-07-29
상도로21=9,상도1동,531-5,2016-08-31,스텐주,LED일체형,4,2024-07-29
상도로21=10,상도1동,531-5,2016-08-31,스텐주,LED일체형,4,2024-07-29
상도로21=19,상도1동,514,2016-08-31,신호통합주,LED일체형,4,2024-07-29
상도로21=20,상도1동,514,2016-08-31,스텐주,LED일체형,4,2024-07-29
상도로22-2,상도1동,514,2016-08-31,스텐주,LED일체형,3,2024-07-29
상도로22-3,상도1동,513,2016-08-31,스텐주,LED일체형,3,2024-07-29
상도로22-4,상도1동,513,2016-08-31,스텐주,LED일체형,3,2024-07-29
상도로22-5,상도1동,513,2016-08-31,스텐주,LED일체형,3,2024-07-29
상도로22-6,상도1동,513,2016-08-31,스텐주,LED일체형,3,2024-07-29
상도로22-7,상도1동,513,2016-08-31,스텐주,LED일체형,3,2024-07-29
상도로22-8,상도1동,513,2016-08-31,스텐주,LED일체형,3,2024-07-29
상도로22-9,상도1동,513,2016-08-31,스텐주,LED일체형,3,2024-07-29
상도로22-10,상도1동,129-8,2016-08-31,스텐주,LED일체형,3,2024-07-29
상도로22-11,상도1동,129-6,2016-08-31,스텐주,LED일체형,3,2024-07-29
상도로22-12,상도1동,121-101,2016-08-31,스텐주,LED일체형,3,2024-07-29
상도로22-13,상도1동,124,2016-08-31,스텐주,LED일체형,3,2024-07-29
상도로22-14,상도1동,124,2016-08-31,스텐주,LED일체형,3,2024-07-29
상도로22-15,상도1동,124,2016-08-31,스텐주,LED일체형,3,2024-07-29
상도로22-16,상도1동,124-193,2016-08-31,스텐주,LED일체형,3,2024-07-29
상도로22-17,상도1동,124-193,2016-08-31,스텐주,LED일체형,3,2024-07-29
상도로22-18,상도1동,124,2016-08-31,스텐주,LED일체형,3,2024-07-29
상도로22-19,상도1동,124,2016-08-31,스텐주,LED일체형,3,2024-07-29
상도로22-20,상도1동,124-211,2016-08-31,스텐주,LED일체형,3,2024-07-29
상도로22=1,상도1동,514,2016-08-31,스텐주,LED일체형,4,2024-07-29
상도로50길1-2,상도1동,531-5,2016-12-16,강판주,LED일체형,1,2024-07-29
상도로50길1-4,상도1동,531-5,2016-12-16,강판주,LED일체형,1,2024-07-29
상도로50길1-5,상도1동,531-5,2016-12-16,강판주,LED일체형,1,2024-07-29
상도로50길1-6,상도1동,471-4,2016-12-16,강판주,LED일체형,1,2024-07-29
상도로50길1-7,상도1동,531-5,2016-12-16,강판주,LED일체형,1,2024-07-29
상도로50길1=1,상도1동,531-5,2016-12-16,강판주,LED일체형,2,2024-07-29
상도로50길1=3,상도1동,531-5,2016-12-16,강판주,LED일체형,2,2024-07-29
상도로50길1=8,상도1동,531-5,2016-12-16,강판주,LED일체형,2,2024-07-29
상도로50길1=9,상도1동,533-1,2016-12-16,강판주,LED일체형,2,2024-07-29
상도로50길2-2,상도1동,531-5,2016-12-16,강판주,LED일체형,1,2024-07-29
상도로50길2-3,상도1동,531-5,2016-12-16,강판주,LED일체형,1,2024-07-29
상도로50길2-5,상도1동,531-5,2016-12-16,강판주,LED일체형,1,2024-07-29
상도로50길2-6,상도1동,531-5,2016-12-16,강판주,LED일체형,1,2024-07-29
상도로50길2-8,상도1동,531-5,2016-12-16,강판주,LED일체형,1,2024-07-29
상도로50길2-9,상도1동,531-5,2016-12-16,강판주,LED일체형,1,2024-07-29
상도로50길2-11,상도1동,531,2016-12-16,강판주,LED일체형,1,2024-07-29
상도로50길2-12,상도1동,531-5,2016-12-16,강판주,LED일체형,1,2024-07-29
상도로50길2-15,상도1동,531,2016-12-16,강판주,LED일체형,1,2024-07-29
상도로50길2-16,상도1동,531,2016-12-16,강판주,LED일체형,1,2024-07-29
상도로50길2-18,상도1동,531-5,2024-04-26,강판주,LED일체형,3,2024-07-29
상도로50길2-18*,상도1동,산 64-34,2020-11-12,기타,LED일체형,2,2024-07-29
상도로50길2=1,상도1동,531,2016-12-16,강판주,LED일체형,2,2024-07-29
상도로50길2=4,상도1동,531-5,2016-12-16,강판주,LED일체형,2,2024-07-29
상도로50길2=7,상도1동,531-5,2016-12-16,강판주,LED일체형,2,2024-07-29
상도로50길2=10,상도1동,531-5,2016-12-16,강판주,LED일체형,2,2024-07-29
상도로50길2=13,상도1동,531,2016-12-16,강판주,LED일체형,2,2024-07-29
상도로50길2=14,상도1동,531,2016-12-16,강판주,LED일체형,2,2024-07-29
상도로50길2=17,상도1동,531-5,2016-12-16,강판주,LED일체형,2,2024-07-29
상도로50길3-2,상도1동,531-5,2016-12-16,강판주,LED일체형,1,2024-07-29
상도로50길3-3,상도1동,531-5,2016-12-16,강판주,LED일체형,1,2024-07-29
상도로50길3-4,상도1동,531,2016-12-16,강판주,LED일체형,1,2024-07-29
상도로50길3-5,상도1동,531,2016-12-16,강판주,LED일체형,1,2024-07-29
상도로50길3-6,상도1동,531,2016-12-16,강판주,LED일체형,1,2024-07-29
상도로50길3-7,상도1동,531-7,2016-12-16,강판주,LED일체형,1,2024-07-29
상도로50길3-9,상도1동,533-3,2016-12-16,강판주,LED일체형,1,2024-07-29
상도로50길3-10,상도1동,533-2,2016-12-16,강판주,LED일체형,1,2024-07-29
상도로50길3-11,상도1동,533-2,2016-12-16,강판주,LED일체형,1,2024-07-29
상도로50길3-12,상도1동,533-3,2016-12-16,강판주,LED일체형,1,2024-07-29
상도로50길3-13*,상도1동,531-10,2016-12-16,스텐주,LED일체형,2,2024-07-29
상도로50길3-14*,상도1동,531-15,2016-12-16,스텐주,LED일체형,2,2024-07-29
상도로50길3-15*,상도1동,531-4,2016-12-16,스텐주,LED일체형,2,2024-07-29
상도로50길3-16*,상도1동,531-15,2016-12-16,스텐주,LED일체형,2,2024-07-29
상도로50길3-17*,상도1동,531-11,2016-12-16,스텐주,LED일체형,2,2024-07-29
상도로50길3-18*,상도1동,531-3,2016-12-16,스텐주,LED일체형,2,2024-07-29
상도로50길3-19*,상도1동,531-3,2016-12-16,스텐주,LED일체형,2,2024-07-29
상도로50길3-20*,상도1동,531,2016-12-16,스텐주,LED일체형,2,2024-07-29
상도로50길3-21*,상도1동,531,2016-12-16,스텐주,LED일체형,2,2024-07-29
상도로50길3-22*,상도1동,64-34,2016-12-16,스텐주,LED일체형,2,2024-07-29
상도로50길3-23*,상도1동,64-35,2016-12-16,스텐주,LED일체형,2,2024-07-29
상도로50길3-24*,상도1동,64-35,2016-12-16,스텐주,LED일체형,2,2024-07-29
상도로50길3-25*,상도1동,64-35,2016-12-16,스텐주,LED일체형,2,2024-07-29
상도로50길3-26*,상도1동,531-2,2016-12-16,스텐주,LED일체형,2,2024-07-29
상도로50길3-27*,상도1동,531-3,2016-12-16,스텐주,LED일체형,2,2024-07-29
상도로50길3-28*,상도1동,531-3,2016-12-16,스텐주,LED일체형,2,2024-07-29
상도로50길3-29*,상도1동,531-3,2016-12-16,스텐주,LED일체형,2,2024-07-29
상도로50길3-30*,상도1동,531-3,2016-12-16,스텐주,LED일체형,2,2024-07-29
상도로50길3-31*,상도1동,531-3,2016-12-16,스텐주,LED일체형,2,2024-07-29
상도로50길3=1,상도1동,531,2016-12-16,강판주,LED일체형,2,2024-07-29
상도로50길3=8,상도1동,533-2,2016-12-16,강판주,LED일체형,2,2024-07-29
상도로50길4-1*,상도1동,533-1,2016-12-16,강판주,LED일체형,2,2024-07-29
상도로50길4-2*,상도1동,533-1,2016-12-16,강판주,LED일체형,2,2024-07-29
상도로50길4-3*,상도1동,533-1,2016-12-16,강판주,LED일체형,2,2024-07-29
상도로50길4-4*,상도1동,533-1,2016-12-16,강판주,LED일체형,2,2024-07-29
상도로50길4-5*,상도1동,533-1,2016-12-16,강판주,LED일체형,2,2024-07-29
상도로50길4-6*,상도1동,533-1,2016-12-16,강판주,LED일체형,2,2024-07-29
상도로50길4-7*,상도1동,533-1,2016-12-16,강판주,LED일체형,2,2024-07-29
상도로50길4-8*,상도1동,533-1,2016-12-16,강판주,LED일체형,2,2024-07-29
상도로50길4-10*,상도1동,533-1,2016-12-16,강판주,LED일체형,2,2024-07-29
상도로50길4-11*,상도1동,533-1,2016-12-16,강판주,LED일체형,2,2024-07-29
상도로50길4-12*,상도1동,533-1,2016-12-16,강판주,LED일체형,2,2024-07-29
상도로50길4-13*,상도1동,533-1,2016-12-16,강판주,LED일체형,2,2024-07-29
상도로50길4-15*,상도1동,533-1,2016-12-16,강판주,LED일체형,2,2024-07-29
상도로50길4-17*,상도1동,533-1,2016-12-16,강판주,LED일체형,2,2024-07-29
상도로50길4-18,상도1동,533,2016-12-16,강판주,LED일체형,1,2024-07-29
상도로50길4=9*,상도1동,533-1,2016-12-16,강판주,LED일체형,4,2024-07-29
상도로50길4=14*,상도1동,533-1,2016-12-16,강판주,LED일체형,4,2024-07-29
상도로50길4=16*,상도1동,533-1,2016-12-16,강판주,LED일체형,4,2024-07-29
상도로53길1-2,상도1동,439,2020-08-20,"전용주(테파),전용주(팔각)",LED일체형,3,2024-07-29
상도로53길1-3,상도1동,439,2020-08-20,"전용주(테파),전용주(팔각)",LED일체형,3,2024-07-29
상도로53길1-4,상도1동,439,2020-08-20,"전용주(테파),전용주(팔각)",LED일체형,3,2024-07-29
상도로53길1-5,상도1동,431,2020-08-20,"전용주(테파),전용주(팔각)",LED일체형,3,2024-07-29
상도로53길1-6,상도1동,439,2020-08-20,"전용주(테파),전용주(팔각)",LED일체형,3,2024-07-29
상도로53길1-7,상도1동,431,2020-08-20,"전용주(테파),전용주(팔각)",LED일체형,3,2024-07-29
상도로53길1-8,상도1동,431,2020-08-20,"전용주(테파),전용주(팔각)",LED일체형,3,2024-07-29
상도로53길1-9,상도1동,431,2020-08-20,"전용주(테파),전용주(팔각)",LED일체형,3,2024-07-29
상도로53길1-10,상도1동,431,2020-08-20,"전용주(테파),전용주(팔각)",LED일체형,3,2024-07-29
상도로53길1-11,상도1동,431,2020-08-20,"전용주(테파),전용주(팔각)",LED일체형,3,2024-07-29
상도로53길1-12,상도1동,431,2020-08-20,"전용주(테파),전용주(팔각)",LED일체형,3,2024-07-29
상도로53길1-13,상도1동,431,2020-08-20,"전용주(테파),전용주(팔각)",LED일체형,3,2024-07-29
상도로53길1-14,상도1동,431,2020-08-20,"전용주(테파),전용주(팔각)",LED일체형,3,2024-07-29
상도로53길1-15,상도1동,431,2020-08-20,"전용주(테파),전용주(팔각)",LED일체형,3,2024-07-29
상도로53길1-16,상도1동,431,2020-08-20,"전용주(테파),전용주(팔각)",LED일체형,3,2024-07-29
상도로53길1-17,상도1동,431,2020-08-20,"전용주(테파),전용주(팔각)",LED일체형,3,2024-07-29
상도로53길1-18,상도1동,431,2020-08-20,"전용주(테파),전용주(팔각)",LED일체형,3,2024-07-29
상도로53길1-19,상도1동,439,2020-08-20,"전용주(테파),전용주(팔각)",LED일체형,3,2024-07-29
상도로53길1-20,상도1동,486-1,2016-08-31,신호통합주,LED일체형,3,2024-07-29
상도로53길1-21,상도1동,486-10,2016-09-28,스텐주,LED일체형,3,2024-07-29
상도로53길1-22,상도1동,439,2016-09-28,스텐주,LED일체형,3,2024-07-29
상도로53길1=1,상도1동,439,2020-08-20,신호통합주,LED일체형,4,2024-07-29
상도로53길2-1,상도1동,430,2020-08-20,"전용주(테파),전용주(팔각)",LED일체형,3,2024-07-29
상도로53길2-2,상도1동,430,2020-08-20,"전용주(테파),전용주(팔각)",LED일체형,3,2024-07-29
상도로53길2-3,상도1동,430,2020-08-20,"전용주(테파),전용주(팔각)",LED일체형,3,2024-07-29
상도로53길2-4,상도1동,430,2020-08-20,"전용주(테파),전용주(팔각)",LED일체형,3,2024-07-29
상도로53길2-5,상도1동,430,2020-08-20,"전용주(테파),전용주(팔각)",LED일체형,3,2024-07-29
상도로53길2-6,상도1동,430,2020-08-20,"전용주(테파),전용주(팔각)",LED일체형,3,2024-07-29
상도로53길2-7,상도1동,430,2016-09-28,"전용주(테파),전용주(팔각)",LED일체형,3,2024-07-29
상도로53길2-8,상도1동,439,2020-08-20,"전용주(테파),전용주(팔각)",LED일체형,3,2024-07-29
상도로53길2-9,상도1동,439,2020-08-20,"전용주(테파),전용주(팔각)",LED일체형,3,2024-07-29
상도로53길2-10,상도1동,430,2020-08-20,"전용주(테파),전용주(팔각)",LED일체형,3,2024-07-29
상도로53길2-11,상도1동,430,2020-08-20,"전용주(테파),전용주(팔각)",LED일체형,3,2024-07-29
상도로53길2-12,상도1동,439,2020-08-20,"전용주(테파),전용주(팔각)",LED일체형,3,2024-07-29
상도로53길2-13,상도1동,439,2020-08-20,"전용주(테파),전용주(팔각)",LED일체형,3,2024-07-29
상도로53길2-14,상도1동,16041,2020-08-20,"전용주(테파),전용주(팔각)",LED일체형,3,2024-07-29
상도로53길2-15,상도1동,16041,2020-08-20,"전용주(테파),전용주(팔각)",LED일체형,3,2024-07-29
상도로53길2-16,흑석동,산 43-12,2020-08-20,"전용주(테파),전용주(팔각)",LED일체형,3,2024-07-29
상도로53길2-17,흑석동,산 43-12,2020-08-20,"전용주(테파),전용주(팔각)",LED일체형,3,2024-07-29
상도로53길2-18,흑석동,산 43-12,2020-08-20,"전용주(테파),전용주(팔각)",LED일체형,3,2024-07-29
상도로53길2-19,흑석동,216-82,2020-08-20,"전용주(테파),전용주(팔각)",LED일체형,3,2024-07-29
상도로53길2-20,흑석동,216-82,2020-08-20,"전용주(테파),전용주(팔각)",LED일체형,3,2024-07-29
상도로53길2-21,흑석동,216-82,2020-08-20,"전용주(테파),전용주(팔각)",LED일체형,3,2024-07-29
상도로53길2-22,흑석동,211-38,2016-09-28,"전용주(테파),전용주(팔각)",LED일체형,3,2024-07-29
상도로 9-12,상도3동,348-155,2017-10-31,전용주(테파),LED일체형,1,2024-07-29
상도로 9-14,상도3동,343-2,2017-10-31,전용주(테파),LED일체형,1,2024-07-29
상도로 9-15,상도3동,329-2,2017-10-31,신호통합주,LED일체형,3,2024-07-29
상도로 9- 1,상도3동,187-2,2017-10-31,전용주(테파),LED일체형,1,2024-07-29
상도로 9- 3,상도3동,188-42,2017-10-31,전용주(테파),LED일체형,1,2024-07-29
상도로 9- 4,상도3동,354-7,2017-10-31,전용주(테파),LED일체형,1,2024-07-29
상도로 9- 5,상도3동,354-7,2017-10-31,전용주(테파),LED일체형,1,2024-07-29
상도로 9- 6,상도3동,354-7,2017-10-31,전용주(테파),LED일체형,1,2024-07-29
상도로 9- 7,상도3동,354-7,2017-10-31,전용주(테파),LED일체형,1,2024-07-29
상도로 9- 8,상도3동,354-7,2017-10-31,전용주(테파),LED일체형,1,2024-07-29
상도로 9- 9,상도3동,347-6,2017-10-31,전용주(테파),LED일체형,1,2024-07-29
상도로 9- 10,상도3동,347-6,2017-10-31,전용주(테파),LED일체형,1,2024-07-29
상도로 9- 11,상도3동,345-12,2017-10-31,전용주(테파),LED일체형,1,2024-07-29
상도로 9=2,상도3동,187-2,2017-10-31,전용주(테파),LED일체형,2,2024-07-29
상도로 9=13,상도3동,343-2,2017-10-31,전용주(테파),LED일체형,2,2024-07-29
상도로 10-10,대방동,335-25,2017-10-31,전용주(테파),LED일체형,1,2024-07-29
상도로 10-11,대방동,406-10,2017-10-31,전용주(테파),LED일체형,1,2024-07-29
상도로 10-12,대방동,393-66,2024-03-21,신호통합주,LED일체형,3,2024-07-29
상도로 10-13,대방동,406-10,2017-10-31,전용주(테파),LED일체형,1,2024-07-29
상도로 10-14,대방동,406-10,2017-10-31,신호통합주,LED일체형,3,2024-07-29
상도로 10-16,대방동,406-10,2017-10-31,전용주(테파),LED일체형,1,2024-07-29
상도로 10- 1,상도3동,329-2,2017-10-31,전용주(테파),LED일체형,1,2024-07-29
상도로 10- 2,상도3동,329-2,2017-10-31,전용주(테파),LED일체형,1,2024-07-29
상도로 10- 3,상도3동,329-2,2017-10-31,전용주(테파),LED일체형,1,2024-07-29
상도로 10- 5,대방동,335-16,2017-10-31,전용주(테파),LED일체형,1,2024-07-29
상도로 10- 6,대방동,335-16,2017-10-31,전용주(테파),LED일체형,1,2024-07-29
상도로 10- 7,대방동,335-16,2017-10-31,전용주(테파),LED일체형,1,2024-07-29
상도로 10- 9,대방동,335-15,2017-10-31,전용주(테파),LED일체형,1,2024-07-29
상도로 10=4,상도3동,328-2,2017-10-31,전용주(테파),LED일체형,2,2024-07-29
상도로 10=13,대방동,393-65,2017-10-31,전용주(테파),LED일체형,2,2024-07-29
상도로 11-1,대방동,406-10,2017-10-31,전용주(테파),LED일체형,1,2024-07-29
상도로 11-2,대방동,394-3,2017-10-31,전용주(테파),LED일체형,1,2024-07-29
상도로 11-3,대방동,406-10,2017-10-31,전용주(테파),LED일체형,1,2024-07-29
상도로 11-4,대방동,466-60,2017-10-31,전용주(테파),LED일체형,1,2024-07-29
상도로 11-5,대방동,395-18,2017-10-31,전용주(테파),LED일체형,1,2024-07-29
상도로 11-6,대방동,395-3,2017-10-31,전용주(테파),LED일체형,1,2024-07-29
상도로 11-8,대방동,396-18,2017-10-31,전용주(테파),LED일체형,1,2024-07-29
상도로 11-9,대방동,466-60,2017-10-31,전용주(테파),LED일체형,1,2024-07-29
상도로 11-10,대방동,466-60,2017-10-31,전용주(테파),LED일체형,1,2024-07-29
상도로 11-11,대방동,466-60,2017-10-31,전용주(테파),LED일체형,1,2024-07-29
상도로 11=7,대방동,466-60,2017-10-31,전용주(테파),LED일체형,2,2024-07-29
상도로 12-1,대방동,466-59,2016-08-18,전용주(테파),LED일체형,1,2024-07-29
상도로 12-2,대방동,466-59,2017-10-31,전용주(테파),LED일체형,1,2024-07-29
상도로 12-3,대방동,466-59,2017-10-31,전용주(테파),LED일체형,1,2024-07-29
상도로 12-4,대방동,466-59,2017-10-31,전용주(테파),LED일체형,1,2024-07-29
상도로 12-5,대방동,466-59,2017-10-31,전용주(테파),LED일체형,1,2024-07-29
상도로 12-6,대방동,466-59,2017-10-31,전용주(테파),LED일체형,1,2024-07-29
상도로 12-7,대방동,466-59,2017-10-31,전용주(테파),LED일체형,1,2024-07-29
상도로 12-9,대방동,466-51,2017-10-31,전용주(테파),LED일체형,1,2024-07-29
상도로 12=8,대방동,399-1,2017-10-31,전용주(테파),LED일체형,2,2024-07-29
상도로 12=10,대방동,466-51,2017-10-31,전용주(테파),LED일체형,2,2024-07-29
상도로 13-2,대방동,466-51,2017-10-31,전용주(테파),LED일체형,1,2024-07-29
상도로 13-3,대방동,466-59,2017-10-31,전용주(테파),LED일체형,1,2024-07-29
상도로 13-4,대방동,466-59,2017-10-31,전용주(테파),LED일체형,1,2024-07-29
상도로 13-5,대방동,466-59,2017-10-31,전용주(테파),LED일체형,1,2024-07-29
상도로 13-6,대방동,466-59,2017-10-31,전용주(테파),LED일체형,1,2024-07-29
상도로 13-7,대방동,466-59,2017-10-31,전용주(테파),LED일체형,1,2024-07-29
상도로 13-8,대방동,466-59,2017-10-31,전용주(테파),LED일체형,1,2024-07-29
상도로 13-9,대방동,466-59,2017-10-31,전용주(테파),LED일체형,1,2024-07-29
상도로 13-10,대방동,466-59,2017-10-31,전용주(테파),LED일체형,1,2024-07-29
상도로 13-11,대방동,466-60,2017-10-31,전용주(테파),LED일체형,1,2024-07-29
상도로 13=1,대방동,466-51,2017-10-31,전용주(테파),LED일체형,2,2024-07-29
상도로 14-1,대방동,466-60,2017-10-31,전용주(테파),LED일체형,1,2024-07-29
상도로 14-2,대방동,466-60,2017-10-31,전용주(테파),LED일체형,1,2024-07-29
상도로 14-3,대방동,466-60,2017-10-31,전용주(테파),LED일체형,1,2024-07-29
상도로 14-4,대방동,466-60,2017-10-31,전용주(테파),LED일체형,1,2024-07-29
상도로 14-6,대방동,466-60,2017-10-31,전용주(테파),LED일체형,1,2024-07-29
상도로 14-7,대방동,466-60,2017-10-31,전용주(테파),LED일체형,1,2024-07-29
상도로 14-8,대방동,406-10,2017-10-31,전용주(테파),LED일체형,1,2024-07-29
상도로 14-9,대방동,405-8,2017-10-31,전용주(테파),LED일체형,1,2024-07-29
상도로 14-10,대방동,406-10,2017-10-31,전용주(테파),LED일체형,1,2024-07-29
상도로 14-11,대방동,406-10,2017-10-31,전용주(테파),LED일체형,1,2024-07-29
상도로 14-12,대방동,406-10,2017-10-31,전용주(테파),LED일체형,1,2024-07-29
상도로 14-13,대방동,406-10,2017-10-31,전용주(테파),LED일체형,1,2024-07-29
상도로 14=5,대방동,404-7,2017-10-31,전용주(테파),LED일체형,2,2024-07-29
상도로 14=14,대방동,406-10,2017-10-31,신호통합주,LED일체형,4,2024-07-29
상도로 14=15(통합주),대방동,405-10,2017-10-31,전용주(테파),LED일체형,2,2024-07-29
상도로 16-3,상도4동,187-2,2018-08-29,전용주(테파),LED일체형,1,2024-07-29
상도로 16-4,상도4동,187-2,2018-08-29,전용주(테파),LED일체형,1,2024-07-29
상도로 16-5,상도4동,187-2,2018-08-29,전용주(테파),LED일체형,1,2024-07-29
상도로 16-6,상도4동,187-2,2018-08-29,전용주(테파),LED일체형,1,2024-07-29
상도로 16-8,상도4동,187-2,2018-08-29,전용주(테파),LED일체형,1,2024-07-29
상도로 16-10,상도2동,186-8,2018-08-29,전용주(테파),LED일체형,1,2024-07-29
상도로 16-11,상도2동,26-20,2018-08-29,전용주(테파),LED일체형,1,2024-07-29
상도로 16-12,상도2동,185-3,2018-08-29,전용주(테파),LED일체형,1,2024-07-29
상도로 16-18,상도2동,26-20,2018-08-29,전용주(테파),LED일체형,1,2024-07-29
상도로 16-22,상도2동,26-20,2016-08-22,강판주,LED일체형,1,2024-07-29
상도로 16=1,상도4동,187-2,2018-08-29,전용주(테파),LED일체형,2,2024-07-29
상도로 16=2,상도4동,187-2,2018-08-29,전용주(테파),LED일체형,2,2024-07-29
상도로 16=7,상도4동,187-2,2018-08-29,전용주(테파),LED일체형,2,2024-07-29
상도로 16=9,상도4동,187-2,2018-08-29,전용주(테파),LED일체형,2,2024-07-29
상도로 16=13,상도2동,183-2,2018-08-29,전용주(테파),LED일체형,2,2024-07-29
상도로 16=14,상도2동,26-20,2018-08-29,전용주(테파),LED일체형,2,2024-07-29
상도로 16=15,상도2동,26-20,2018-08-29,전용주(테파),LED일체형,2,2024-07-29
상도로 16=16,상도2동,26-20,2018-08-29,전용주(테파),LED일체형,2,2024-07-29
상도로 16=17,상도2동,26-20,2018-08-29,전용주(테파),LED일체형,2,2024-07-29
상도로 16=19,상도2동,26-20,2018-08-29,전용주(테파),LED일체형,2,2024-07-29
상도로 16=20,상도2동,26-20,2018-08-29,전용주(테파),LED일체형,2,2024-07-29
상도로 16=21,상도2동,26-20,2018-08-29,전용주(테파),LED일체형,2,2024-07-29
상도로 17-3,상도2동,26-20,2024-03-22,신호통합주,LED일체형,3,2024-07-29
상도로 17-4,상도2동,26-20,2016-08-23,전용주(테파),LED일체형,1,2024-07-29
상도로 17-5,상도2동,373-21,2016-08-23,전용주(테파),LED일체형,1,2024-07-29
상도로 17-6,상도2동,373-21,2016-08-23,전용주(테파),LED일체형,1,2024-07-29
상도지하차도1-1,상도1동,709,2016-08-30,스텐주,LED일체형,1,2024-07-29
상도지하차도1-2,상도1동,751-1,2016-08-30,스텐주,LED일체형,1,2024-07-29
상도지하차도1-3,상도1동,710-2,2016-10-26,스텐주,LED일체형,1,2024-07-29
상도지하차도1-4,상도1동,711,2016-10-26,스텐주,LED일체형,1,2024-07-29
상도지하차도1-5,상도1동,711-1,2016-10-26,스텐주,LED일체형,1,2024-07-29
상도지하차도1-6,상도1동,159-405,2016-10-26,스텐주,LED일체형,1,2024-07-29
상도지하차도1-7,상도1동,159-404,2016-10-26,스텐주,LED일체형,1,2024-07-29
상도지하차도1-9,상도1동,723-2,2016-10-26,스텐주,LED일체형,1,2024-07-29
상도지하차도1-10,상도1동,733,2016-10-26,스텐주,LED일체형,1,2024-07-29
상도지하차도1-11,상도1동,736-2,2016-10-26,스텐주,LED일체형,1,2024-07-29
상도지하차도1-12,상도1동,747-2,2016-08-30,스텐주,LED일체형,1,2024-07-29
상도지하차도1=8,상도1동,159-484,2016-10-26,스텐주,LED일체형,2,2024-07-29
상도지하차도2-2,상도2동,159-421,2016-10-26,스텐주,LED일체형,1,2024-07-29
상도지하차도2-3,상도2동,157-50,2016-10-26,스텐주,LED일체형,1,2024-07-29
상도지하차도2-5-,상도2동,157-67,2016-10-26,강판주,LED일체형,3,2024-07-29
상도지하차도2-6,상도2동,159-1,2022-01-03,전용주(강관),LED일체형,2,2024-07-29
상도지하차도2-7,상도2동,159-1,2022-01-03,전용주(강관),LED일체형,2,2024-07-29
상도지하차도2=1,상도2동,159-336,2016-10-26,스텐주,LED일체형,2,2024-07-29
상도지하차도2=4,상도2동,159-19,2018-12-13,신호통합주,LED일체형,2,2024-07-29
서달로01,흑석동,45390,2016-08-31,강판주,LED일체형,1,2024-07-29
서달로1-2,흑석동,36220,2016-08-31,강판주,LED일체형,1,2024-07-29
서달로1-3,흑석동,36220,2016-08-31,강판주,LED일체형,1,2024-07-29
서달로1-4,흑석동,36220,2016-08-31,강판주,LED일체형,1,2024-07-29
서달로1-5,흑석동,36220,2016-08-31,강판주,LED일체형,1,2024-07-29
서달로1-6,흑석동,36220,2016-08-31,강판주,LED일체형,1,2024-07-29
서달로1=1,흑석동,36220,2016-08-31,강판주,LED일체형,2,2024-07-29
서달로1=7,흑석동,86-181,2016-08-31,강판주,LED일체형,2,2024-07-29
서달로02,흑석동,103-2,2016-08-31,강판주,LED일체형,1,2024-07-29
서달로2-1,흑석동,225-26,2016-12-14,강판주,LED일체형,3,2024-07-29
서달로2-2,흑석동,86-181,2016-12-14,강판주,LED일체형,3,2024-07-29
서달로2-3,흑석동,224-1,2016-12-14,강판주,LED일체형,3,2024-07-29
서달로2-4,흑석동,224-1,2016-12-14,강판주,LED일체형,3,2024-07-29
서달로2-5,흑석동,233-5,2016-12-14,강판주,LED일체형,3,2024-07-29
서달로2-6,흑석동,233-5,2016-12-14,신호통합주,LED일체형,1,2024-07-29
서달로2-7,흑석동,233-5,2016-12-14,강판주,LED일체형,3,2024-07-29
서달로2-8,흑석동,233,2016-12-14,강판주,LED일체형,3,2024-07-29
서달로2-9,흑석동,340-10,2016-12-14,강판주,LED일체형,3,2024-07-29
서달로2-11,흑석동,340-10,2016-12-14,강판주,LED일체형,3,2024-07-29
서달로2-12,흑석동,231-7,2016-12-14,강판주,LED일체형,3,2024-07-29
서달로2-13,흑석동,340-10,2016-12-14,강판주,LED일체형,3,2024-07-29
서달로2-14,흑석동,340-10,2016-12-14,강판주,LED일체형,3,2024-07-29
서달로2-15,흑석동,340-10,2016-12-14,강판주,LED일체형,3,2024-07-29
서달로2-16,흑석동,340-10,2016-12-14,강판주,LED일체형,3,2024-07-29
서달로2-17,흑석동,340-10,2016-12-14,강판주,LED일체형,3,2024-07-29
서달로2=10,흑석동,340-10,2016-12-14,신호통합주,LED일체형,4,2024-07-29
서달로2=18,흑석동,340-10,2016-12-14,강판주,LED일체형,4,2024-07-29
서달로03,흑석동,45390,2016-08-31,강판주,LED일체형,1,2024-07-29
서달로3-1,흑석동,245-34,2016-12-14,강판주,LED일체형,3,2024-07-29
서달로3-2,흑석동,245-34,2016-12-14,강판주,LED일체형,3,2024-07-29
서달로3-3,흑석동,86-191,2016-12-14,강판주,LED일체형,3,2024-07-29
서달로3-4,흑석동,86-191,2016-12-14,강판주,LED일체형,3,2024-07-29
서달로3-5,흑석동,86-213,2016-12-14,강판주,LED일체형,3,2024-07-29
서달로3-6,흑석동,86-213,2016-12-14,강판주,LED일체형,3,2024-07-29
서달로4-1,흑석동,86-213,2016-12-14,강판주,LED일체형,1,2024-07-29
서달로4-2,흑석동,248-70,2016-12-14,강판주,LED일체형,1,2024-07-29
서달로4-3,흑석동,339-5,2016-12-14,강판주,LED일체형,1,2024-07-29
서달로4-4,흑석동,339-5,2016-12-14,강판주,LED일체형,1,2024-07-29
서달로4-7,흑석동,253-79,2020-11-03,강판주,LED일체형,1,2024-07-29
서달로4-8,흑석동,253-79,2016-12-14,강판주,LED일체형,1,2024-07-29
서달로4=5,흑석동,339-5,2016-12-14,강판주,LED일체형,2,2024-07-29
서달로4=6,흑석동,253-79,2016-12-14,강판주,LED일체형,2,2024-07-29
서달로5-1*,흑석동,328-6,2020-11-03,스텐주,LED일체형,2,2024-07-29
서달로5-2*,흑석동,330,2020-11-03,스텐주,LED일체형,2,2024-07-29
서달로5-3*,흑석동,330,2020-11-03,스텐주,LED일체형,2,2024-07-29
서달로5-4,흑석동,330,2016-12-14,강판주,LED일체형,1,2024-07-29
서달로5-5,흑석동,330,2016-12-14,강판주,LED일체형,3,2024-07-29
서달로5-6,흑석동,330-8,2016-12-14,강판주,LED일체형,3,2024-07-29
서달로5-7,상도1동,421,2016-12-14,강판주,LED일체형,1,2024-07-29
서달로5-8,상도1동,421,2016-12-14,신호통합주,LED일체형,1,2024-07-29
서달로5-9,상도1동,49-182,2016-12-14,강판주,LED일체형,3,2024-07-29
서달로5-10,상도1동,49-155,2016-12-14,강판주,LED일체형,3,2024-07-29
서달로5-11,상도1동,49-103,2016-12-14,강판주,LED일체형,3,2024-07-29
서달로5-12,상도1동,49-130,2016-12-14,강판주,LED일체형,3,2024-07-29
서달로5-13,상도1동,산 49-123,2016-12-14,강판주,LED일체형,3,2024-07-29
서달로5-14,상도1동,49-124,2016-12-14,강판주,LED일체형,3,2024-07-29
서달로5-15,상도1동,49-124,2016-12-14,강판주,LED일체형,3,2024-07-29
서달로5-16,상도1동,산 49-124,2016-12-14,강판주,LED일체형,3,2024-07-29
서달로5-17,상도1동,산 49-124,2016-12-14,강판주,LED일체형,3,2024-07-29
서달로5-18,상도1동,산 49-124,2016-12-14,강판주,LED일체형,3,2024-07-29
서달로5-19,상도1동,511-6,2016-12-14,강판주,LED일체형,3,2024-07-29
서달로5-20,상도1동,512,2016-12-14,강판주,LED일체형,3,2024-07-29
서달로10길1-1,흑석동,332,2016-12-13,스텐주,LED일체형,2,2024-07-29
서달로10길1-2,흑석동,332-2,2016-12-13,스텐주,LED일체형,2,2024-07-29
서달로10길1-3,흑석동,332-2,2016-12-13,스텐주,LED일체형,2,2024-07-29
서달로10길1-4,흑석동,332-2,2016-12-13,스텐주,LED일체형,2,2024-07-29
서달로10길1-5,흑석동,332,2016-12-13,스텐주,LED일체형,2,2024-07-29
서달로10길1-6,흑석동,332,2016-12-13,스텐주,LED일체형,2,2024-07-29
서달로10길1-7,흑석동,332,2016-12-13,스텐주,LED일체형,2,2024-07-29
서달로10길1-8,흑석동,332,2016-12-13,스텐주,LED일체형,2,2024-07-29
서달로10길1-9,흑석동,332,2016-12-13,스텐주,LED일체형,2,2024-07-29
서달로10길1-10,흑석동,332-1,2016-12-13,스텐주,LED일체형,2,2024-07-29
성대로1-1,상도4동,235-8,2016-08-23,스텐주,LED일체형,1,2024-07-29
성대로1-2,상도4동,235-8,2016-08-23,스텐주,LED일체형,1,2024-07-29
성대로1-3,상도4동,202-68,2016-08-23,스텐주,LED일체형,1,2024-07-29
성대로1-4,상도4동,202-68,2016-08-23,스텐주,LED일체형,1,2024-07-29
성대로1-5,상도4동,202-68,2016-08-23,스텐주,LED일체형,1,2024-07-29
성대로1-6,상도4동,202-68,2016-08-23,스텐주,LED일체형,1,2024-07-29
성대로1-7,상도4동,202-68,2016-08-23,스텐주,LED일체형,1,2024-07-29
성대로1-8,상도4동,202-68,2016-08-23,스텐주,LED일체형,1,2024-07-29
성대로1-9,상도4동,202-68,2016-08-23,스텐주,LED일체형,1,2024-07-29
성대로1-10,상도4동,202-2,2016-08-23,스텐주,LED일체형,1,2024-07-29
성대로1-11,상도4동,201-167,2016-08-23,스텐주,LED일체형,1,2024-07-29
성대로1-12,상도2동,201-38,2016-08-23,스텐주,LED일체형,1,2024-07-29
성대로1-13,상도2동,201-79,2016-08-23,스텐주,LED일체형,1,2024-07-29
성대로1-14,상도2동,201-38,2016-08-23,스텐주,LED일체형,1,2024-07-29
솔밭로1-1,사당5동,235-54,2016-12-15,강판주,LED일체형,3,2024-07-29
솔밭로1-2,사당5동,235-54,2016-12-15,강판주,LED일체형,3,2024-07-29
솔밭로1-3,사당5동,708-806,2016-12-15,강판주,LED일체형,3,2024-07-29
솔밭로1-4,사당5동,229-17,2016-12-15,강판주,LED일체형,3,2024-07-29
솔밭로1-5,사당1동,32-61,2016-12-15,강판주,LED일체형,3,2024-07-29
솔밭로1-6,사당5동,708-1188,2016-12-15,강판주,LED일체형,3,2024-07-29
솔밭로1-7,사당1동,32-59,2016-12-15,강판주,LED일체형,3,2024-07-29
솔밭로1-8,사당1동,32-59,2016-12-15,강판주,LED일체형,3,2024-07-29
솔밭로1-9,사당5동,산 32-59,2016-12-15,강판주,LED일체형,3,2024-07-29
솔밭로1-10,사당1동,32-59,2016-12-15,강판주,LED일체형,3,2024-07-29
솔밭로1-12,사당5동,711-9,2016-12-15,강판주,LED일체형,3,2024-07-29
솔밭로1-13,사당5동,226-5,2016-12-15,강판주,LED일체형,3,2024-07-29
솔밭로1-14,사당5동,226-5,2016-12-15,강판주,LED일체형,3,2024-07-29
솔밭로1-15,사당5동,226-5,2016-12-15,강판주,LED일체형,3,2024-07-29
솔밭로1=11,사당1동,32-59,2016-12-15,강판주,LED일체형,4,2024-07-29
솔밭로1=16,사당5동,226-5,2016-12-15,강판주,LED일체형,4,2024-07-29
솔밭로2-1,사당5동,,2016-12-15,강판주,LED일체형,3,2024-07-29
솔밭로2-2,사당1동,32-82,2016-12-15,강판주,LED일체형,3,2024-07-29
솔밭로2-3,사당1동,32-82,2016-12-15,강판주,LED일체형,1,2024-07-29
솔밭로2-4,사당1동,32-82,2016-12-15,강판주,LED일체형,3,2024-07-29
솔밭로2-5,사당1동,32-82,2016-12-15,강판주,LED일체형,1,2024-07-29
솔밭로2-6,사당1동,32-82,2016-12-15,강판주,LED일체형,3,2024-07-29
솔밭로2-7,사당1동,32-82,2016-12-15,강판주,LED일체형,1,2024-07-29
솔밭로2-8,사당1동,32-82,2016-12-15,강판주,LED일체형,3,2024-07-29
솔밭로2-9,사당1동,32-82,2016-12-15,강판주,LED일체형,3,2024-07-29
솔밭로2-10,사당1동,32-82,2016-12-15,강판주,LED일체형,3,2024-07-29
솔밭로2-12,사당1동,32-82,2016-12-15,강판주,LED일체형,3,2024-07-29
솔밭로2-13,사당1동,32-82,2016-12-15,강판주,LED일체형,3,2024-07-29
솔밭로2-14,사당5동,708-745,2016-12-15,강판주,LED일체형,3,2024-07-29
솔밭로2-15,사당5동,235-55,2016-12-15,강판주,LED일체형,3,2024-07-29
솔밭로2-16,사당5동,235-55,2016-12-15,강판주,LED일체형,3,2024-07-29
솔밭로2-17,사당5동,235-88,2016-12-15,강판주,LED일체형,3,2024-07-29
솔밭로2-18,사당5동,235-55,2016-12-15,강판주,LED일체형,3,2024-07-29
솔밭로2=11,사당5동,산 32-82,2016-12-15,강판주,LED일체형,4,2024-07-29
솔밭로2=19,사당5동,708-743,2016-12-15,강판주,LED일체형,4,2024-07-29
수산시장고가01,노량진1동,153-22,2016-09-28,강판주,LED일체형,1,2024-07-29
수산시장고가02,노량진1동,153-22,2016-09-28,강판주,LED일체형,1,2024-07-29
수산시장고가03=,노량진1동,153-22,2016-09-28,강판주,LED일체형,2,2024-07-29
수산시장고가04,노량진1동,14-32,2016-09-28,강판주,LED일체형,1,2024-07-29
수산시장고가05,노량진1동,45383,2016-09-28,강판주,LED일체형,1,2024-07-29
수산시장고가06,노량진1동,45383,2016-09-28,강판주,LED일체형,1,2024-07-29
수산시장고가07,노량진1동,45383,2016-09-28,강판주,LED일체형,1,2024-07-29
수산시장고가08,노량진1동,45383,2016-09-28,강판주,LED일체형,1,2024-07-29
수산시장고가09,노량진1동,45383,2016-09-28,강판주,LED일체형,1,2024-07-29
수산시장고가10,노량진1동,45383,2016-09-28,강판주,LED일체형,1,2024-07-29
수산시장고가11,노량진1동,45325,2016-09-28,강판주,LED일체형,1,2024-07-29
수산시장고가12,노량진1동,45601,2016-09-28,강판주,LED일체형,3,2024-07-29
수산시장고가13,노량진1동,45387,2016-09-28,강판주,LED일체형,3,2024-07-29
수산시장고가14,노량진1동,45517,2016-09-28,강판주,LED일체형,3,2024-07-29
수산시장고가15,노량진1동,45517,2016-09-28,강판주,LED일체형,1,2024-07-29
수산시장육교 01,노량진1동,24504,2022-08-17,스텐주,LED일체형,2,2024-07-29
수산시장육교 02,노량진1동,24504,2022-08-17,스텐주,LED일체형,2,2024-07-29
수산시장육교 03,노량진1동,24504,2022-08-17,스텐주,LED일체형,2,2024-07-29
수산시장육교 04,노량진1동,24504,2022-08-17,스텐주,LED일체형,2,2024-07-29
수산시장육교 05,노량진1동,24504,2022-08-17,스텐주,LED일체형,2,2024-07-29
수산시장육교 06,노량진1동,24504,2022-08-17,스텐주,LED일체형,2,2024-07-29
수산시장육교 07,노량진1동,45517,2022-08-17,스텐주,LED일체형,2,2024-07-29
쉼터길1-1,신대방1동,702-4,2016-08-17,스텐주,LED소켓형,4,2024-07-29
쉼터길1-2,신대방1동,702-4,2016-08-17,스텐주,LED소켓형,4,2024-07-29
쉼터길1-3,신대방1동,702-4,2016-08-17,스텐주,LED소켓형,4,2024-07-29
쉼터길1-4,신대방1동,702-4,2016-08-17,스텐주,LED소켓형,4,2024-07-29
쉼터길1-5,신대방1동,702-4,2016-08-17,스텐주,LED소켓형,4,2024-07-29
쉼터길1-6,신대방1동,702-4,2016-08-17,스텐주,LED소켓형,4,2024-07-29
쉼터길1-7,신대방1동,702-4,2016-08-17,스텐주,LED소켓형,4,2024-07-29
쉼터길1-8,신대방1동,702-6,2016-08-17,스텐주,LED소켓형,4,2024-07-29
쉼터길1-9,신대방1동,702-6,2016-08-17,스텐주,LED소켓형,4,2024-07-29
쉼터길1-10,신대방1동,702-6,2016-08-17,스텐주,LED소켓형,4,2024-07-29
쉼터길1-11,신대방1동,702-6,2016-08-17,스텐주,LED소켓형,4,2024-07-29
쉼터길1-12,신대방1동,702-6,2016-08-17,스텐주,LED소켓형,4,2024-07-29
쉼터길1-13,신대방1동,702-6,2016-08-17,스텐주,LED소켓형,4,2024-07-29
쉼터길1-14,신대방1동,702-8,2016-08-17,스텐주,LED소켓형,4,2024-07-29
쉼터길2-1,신대방1동,702-9,2016-08-17,스텐주,LED소켓형,4,2024-07-29
쉼터길2-2(임시철거),신대방1동,702-9,2016-08-17,스텐주,LED소켓형,4,2024-07-29
쉼터길2-3,신대방1동,702-9,2016-08-17,스텐주,LED소켓형,4,2024-07-29
쉼터길2-4,신대방1동,702-9,2016-08-17,스텐주,LED소켓형,4,2024-07-29
쉼터길2-5,신대방1동,702-9,2016-08-17,스텐주,LED소켓형,4,2024-07-29
쉼터길2-6,신대방1동,702-9,2016-08-17,스텐주,LED소켓형,4,2024-07-29
쉼터길2-7,신대방1동,702-9,2016-08-17,스텐주,LED소켓형,4,2024-07-29
쉼터길2-8,신대방1동,702-9,2016-08-17,스텐주,LED소켓형,4,2024-07-29
시흥대로1-1,신대방1동,702-3,2019-08-06,전용주(강관),LED일체형,3,2024-07-29
시흥대로1-2,신대방1동,702-1,2019-08-06,전용주(강관),LED일체형,3,2024-07-29
시흥대로1-3,신대방1동,702-2,2019-08-06,전용주(강관),LED일체형,3,2024-07-29
시흥대로1-4,신대방1동,702-2,2019-08-06,전용주(강관),LED일체형,3,2024-07-29
시흥대로1-7,신대방1동,699-4,2019-08-06,전용주(강관),LED일체형,3,2024-07-29
시흥대로1-9,신대방1동,699-4,2019-08-06,전용주(강관),LED일체형,3,2024-07-29
시흥대로1-10,신대방1동,699-4,2019-08-06,전용주(강관),LED일체형,3,2024-07-29
시흥대로1-11,신대방1동,699-4,2019-08-06,전용주(강관),LED일체형,3,2024-07-29
시흥대로1-14,신대방1동,699-3,2019-08-06,전용주(강관),LED일체형,3,2024-07-29
시흥대로1-15,신대방1동,699-3,2019-08-06,전용주(강관),LED일체형,3,2024-07-29
시흥대로1-16,신대방1동,686-44,2019-08-06,전용주(강관),LED일체형,3,2024-07-29
시흥대로1-18,신대방1동,719,2019-08-06,전용주(강관),LED일체형,3,2024-07-29
시흥대로1-19,신대방1동,699,2019-08-06,전용주(강관),LED일체형,3,2024-07-29
시흥대로1-20,신대방1동,719,2019-08-06,전용주(강관),LED일체형,3,2024-07-29
시흥대로1-21,신대방1동,699,2019-08-06,전용주(강관),LED일체형,3,2024-07-29
시흥대로1-22,신대방1동,699,2019-08-06,전용주(강관),LED일체형,3,2024-07-29
시흥대로1=5,신대방1동,702-2,2019-08-06,전용주(강관),LED일체형,4,2024-07-29
시흥대로1=6,신대방1동,699-4,2019-08-06,전용주(강관),LED일체형,4,2024-07-29
시흥대로1=8,신대방1동,699-4,2019-08-06,전용주(강관),LED일체형,4,2024-07-29
시흥대로1=12,신대방1동,699-3,2019-08-06,전용주(강관),LED일체형,4,2024-07-29
시흥대로1=13,신대방1동,699-3,2019-08-06,전용주(강관),LED일체형,4,2024-07-29
시흥대로1=17,신대방1동,699-3,2019-08-06,전용주(강관),LED일체형,4,2024-07-29
시흥대로1=23,신대방1동,700,2019-08-06,전용주(강관),LED일체형,4,2024-07-29
시흥대로2-2,신대방1동,699,2019-08-06,전용주(강관),LED일체형,3,2024-07-29
시흥대로2-4,신대방1동,607-8,2019-08-06,전용주(강관),LED일체형,3,2024-07-29
시흥대로2-5,신대방1동,607-8,2019-08-06,전용주(강관),LED일체형,3,2024-07-29
시흥대로2-6,신대방1동,607-7,2019-08-06,전용주(강관),LED일체형,3,2024-07-29
시흥대로2-7,신대방1동,607-7,2019-08-06,전용주(강관),LED일체형,3,2024-07-29
시흥대로2-8,신대방1동,607-7,2019-08-06,전용주(강관),LED일체형,3,2024-07-29
시흥대로2-11,신대방1동,588-10,2019-08-06,전용주(강관),LED일체형,3,2024-07-29
시흥대로2-12,신대방1동,588-10,2019-08-06,전용주(강관),LED일체형,3,2024-07-29
시흥대로2-13,신대방1동,551-8,2019-08-06,전용주(강관),LED일체형,3,2024-07-29
시흥대로2-14,신대방1동,551-8,2019-08-06,전용주(강관),LED일체형,3,2024-07-29
시흥대로2-15,신대방1동,551-8,2019-08-06,전용주(강관),LED일체형,3,2024-07-29
시흥대로2-16,신대방1동,551-8,2019-08-06,전용주(강관),LED일체형,3,2024-07-29
시흥대로2-17,신대방1동,551-8,2019-08-06,전용주(강관),LED일체형,3,2024-07-29
시흥대로2=1,신대방1동,699,2019-08-06,전용주(강관),LED일체형,4,2024-07-29
시흥대로2=3,신대방1동,699,2019-08-06,전용주(강관),LED일체형,4,2024-07-29
시흥대로2=9,신대방1동,607-7,2019-08-06,전용주(강관),LED일체형,4,2024-07-29
시흥대로2=10,신대방1동,607-7,2019-08-06,전용주(강관),LED일체형,4,2024-07-29
시흥대로2=18,신대방1동,551-8,2019-08-06,전용주(강관),LED일체형,4,2024-07-29
시흥대로2=19,신대방1동,565-14,2019-08-06,전용주(강관),LED일체형,4,2024-07-29
시흥대로버스1-1,신대방1동,699-4,2019-08-06,전용주(강관),LED소켓형,4,2024-07-29
시흥대로버스1-2,신대방1동,699-4,2019-08-06,전용주(강관),LED소켓형,4,2024-07-29
시흥대로버스1-3,신대방1동,699-4,2019-08-06,전용주(강관),LED소켓형,4,2024-07-29
시흥대로버스1-4,신대방1동,699-3,2019-08-06,신호통합주,LED일체형,2,2024-07-29
시흥대로버스1-5,신대방1동,994-26,2019-08-06,신호통합주,LED일체형,2,2024-07-29
시흥대로버스1-6,신대방1동,993-59,2019-08-06,전용주(강관),LED소켓형,4,2024-07-29
시흥대로버스1-7,신대방1동,993-59,2019-08-06,전용주(강관),LED소켓형,4,2024-07-29
시흥대로버스1-8,신대방1동,990-130,2019-08-06,전용주(강관),LED소켓형,4,2024-07-29
시흥대로버스2-1,신대방1동,980-1,2019-08-06,전용주(강관),LED소켓형,4,2024-07-29
시흥대로버스2-2,신대방1동,980-1,2019-08-06,전용주(강관),LED소켓형,4,2024-07-29
시흥대로버스2-3,신대방1동,981-7,2019-08-06,전용주(강관),LED소켓형,4,2024-07-29
시흥대로버스2-4,신대방1동,961-3,2019-08-06,신호통합주,LED일체형,2,2024-07-29
시흥대로버스2-5,신대방1동,980-1,2019-08-06,신호통합주,LED일체형,2,2024-07-29
시흥대로버스2-6,신대방1동,962-3,2019-08-06,전용주(강관),LED소켓형,4,2024-07-29
시흥대로버스2-7,신대방1동,960-2,2019-08-06,전용주(강관),LED소켓형,4,2024-07-29
시흥대로버스2-8,신대방1동,960-2,2019-08-06,전용주(강관),LED소켓형,4,2024-07-29
신대방1가길1-1,신대방1동,719-1,2016-08-17,스텐주,LED일체형,3,2024-07-29
신대방1가길1-2,신대방1동,719-1,2016-08-17,스텐주,LED일체형,3,2024-07-29
신대방1가길1-3,신대방1동,719,2016-08-17,스텐주,LED일체형,3,2024-07-29
신대방1가길1-4,신대방1동,719,2016-08-17,스텐주,LED일체형,3,2024-07-29
신대방1가길1-6,신대방1동,719,2016-08-17,스텐주,LED일체형,3,2024-07-29
신대방1가길1-7,신대방1동,719,2016-08-17,스텐주,LED일체형,3,2024-07-29
신대방1가길1-8,신대방1동,719,2016-08-17,스텐주,LED일체형,3,2024-07-29
신대방1가길1-10,신대방1동,719,2016-08-17,스텐주,LED일체형,3,2024-07-29
신대방1가길1-11,신대방1동,719,2016-08-17,스텐주,LED일체형,3,2024-07-29
신대방1가길1-12,신대방1동,719,2016-08-17,스텐주,LED일체형,3,2024-07-29
신대방1가길1-13,신대방1동,719,2016-08-17,스텐주,LED일체형,3,2024-07-29
신대방1가길1=5,신대방1동,719,2016-08-17,스텐주,LED일체형,4,2024-07-29
신대방1가길1=9,신대방1동,719,2016-08-17,스텐주,LED일체형,4,2024-07-29
신대방2길1-1,신대방1동,640-2,2016-08-17,스텐주,LED소켓형,2,2024-07-29
신대방2길1-2,신대방1동,643-1,2016-08-17,스텐주,LED소켓형,2,2024-07-29
신대방2길1-3,신대방1동,643-1,2016-08-17,스텐주,LED소켓형,2,2024-07-29
신대방2길1-4,신대방1동,459-11,2016-08-17,스텐주,LED소켓형,2,2024-07-29
신대방2길1-5,신대방1동,459-12,2016-08-17,스텐주,LED소켓형,2,2024-07-29
신대방2길1-6,신대방1동,459-11,2016-08-17,스텐주,LED소켓형,2,2024-07-29
신대방2길1-7,신대방1동,459-12,2016-08-17,스텐주,LED소켓형,2,2024-07-29
신대방2길1-8,신대방1동,459-12,2016-08-17,스텐주,LED소켓형,2,2024-07-29
신대방2길1-9,신대방1동,459-12,2016-08-17,스텐주,LED소켓형,2,2024-07-29
신대방2길1-10,신대방1동,640,2016-08-17,스텐주,LED소켓형,2,2024-07-29
신대방2길1-11,신대방1동,640-3,2016-08-17,스텐주,LED소켓형,2,2024-07-29
신대방2길1-12,신대방1동,640-3,2016-08-17,스텐주,LED소켓형,2,2024-07-29
신대방2길1-13,신대방1동,640-3,2016-08-17,스텐주,LED소켓형,2,2024-07-29
신대방2길1-14,신대방1동,640-3,2016-08-17,스텐주,LED소켓형,2,2024-07-29
신대방2길1-15,신대방1동,459-6,2016-08-17,스텐주,LED소켓형,2,2024-07-29
신대방2길1-16,신대방1동,459-5,2016-08-17,스텐주,LED소켓형,2,2024-07-29
신대방2길1-17,신대방1동,459-5,2016-08-17,스텐주,LED소켓형,2,2024-07-29
신대방2길1-18,신대방1동,459-5,2016-08-17,스텐주,LED소켓형,2,2024-07-29
신대방2길1-19,신대방1동,459-5,2016-08-17,스텐주,LED소켓형,2,2024-07-29
신대방2길1-20,신대방2동,459-5,2016-08-17,스텐주,LED소켓형,2,2024-07-29
신상도지하차도1-1,상도2동,159-489,2022-05-30,강판주,LED일체형,3,2024-07-29
신상도지하차도1-2,상도2동,159-24,2022-05-30,강판주,LED일체형,3,2024-07-29
신상도지하차도1-3,상도2동,521,2022-05-30,강판주,LED일체형,3,2024-07-29
신상도지하차도1-4,상도2동,521-3,2022-05-30,강판주,LED일체형,3,2024-07-29
신상도지하차도1-5,상도2동,521-3,2022-05-30,강판주,LED일체형,3,2024-07-29
신상도지하차도1-6,상도2동,521-3,2022-05-30,강판주,LED일체형,3,2024-07-29
신상도지하차도1-7,상도2동,산 65-59,2022-05-30,강판주,LED일체형,3,2024-07-29
신상도지하차도1-8,상도2동,204-362,2022-05-30,강판주,LED일체형,3,2024-07-29
신상도지하차도1-9,상도2동,204-362,2022-05-30,강판주,LED일체형,3,2024-07-29
신상도지하차도1-10,상도2동,204-362,2022-05-30,강판주,LED일체형,3,2024-07-29
신상도지하차도1-11,상도2동,204-362,2022-05-30,강판주,LED일체형,3,2024-07-29
신상도지하차도1-12,상도2동,204-363,2022-05-30,강판주,LED일체형,3,2024-07-29
신상도지하차도1-13,상도4동,207-14,2022-05-30,강판주,LED일체형,3,2024-07-29
신상도지하차도2-1,상도4동,210-352,2022-05-31,강판주,LED일체형,3,2024-07-29
신상도지하차도2-2,상도4동,211-457,2022-05-31,강판주,LED일체형,3,2024-07-29
신상도지하차도2-3,상도4동,211-444,2022-05-31,강판주,LED일체형,3,2024-07-29
신상도지하차도2-4,상도4동,211-495,2022-05-31,강판주,LED일체형,3,2024-07-29
신상도지하차도2-5,상도4동,211-445,2022-05-31,강판주,LED일체형,3,2024-07-29
신상도지하차도2-6,상도4동,211-447,2022-05-31,강판주,LED일체형,3,2024-07-29
신상도지하차도2-7,상도4동,211-447,2022-05-31,강판주,LED일체형,3,2024-07-29
신상도지하차도2-8,상도4동,211-449,2022-05-31,강판주,LED일체형,3,2024-07-29
신상도지하차도2-9,상도2동,204-178,2022-05-31,강판주,LED일체형,3,2024-07-29
신상도지하차도2-10,상도2동,159-250,2022-05-31,강판주,LED일체형,3,2024-07-29
신상도지하차도2-11,상도2동,159-250,2022-05-31,강판주,LED일체형,3,2024-07-29
신상도지하차도2-12,상도2동,159-5,2022-05-31,강판주,LED일체형,3,2024-07-29
신상도지하차도2-13,상도2동,159-5,2022-05-31,강판주,LED일체형,3,2024-07-29
신상도지하차도2-14,상도2동,159-19,2022-01-03,강판주,LED일체형,3,2024-07-29
신상도지하차도3=1,상도2동,159-306,2022-05-30,강판주,LED일체형,2,2024-07-29
신상도지하차도3=2,상도2동,161-52,2022-05-30,강판주,LED일체형,2,2024-07-29
신상도지하차도3=3,상도2동,159-249,2022-05-30,강판주,LED일체형,2,2024-07-29
신상도지하차도3=4,상도4동,204-336,2022-05-30,강판주,LED일체형,2,2024-07-29
신상도지하차도3=5,상도4동,204-331,2022-05-30,강판주,LED일체형,2,2024-07-29
신상도지하차도3=6,상도4동,204-336,2022-05-30,강판주,LED일체형,2,2024-07-29
신상도지하차도3=7,상도2동,204-336,2022-05-30,강판주,LED일체형,2,2024-07-29
알마타길1-1-,대방동,466-31,2016-08-17,강판주,LED일체형,3,2024-07-29
알마타길1-2-,대방동,466-31,2016-08-17,강판주,LED일체형,3,2024-07-29
알마타길1-3-,대방동,466-31,2016-08-17,강판주,LED일체형,3,2024-07-29
알마타길1-4-,대방동,466-31,2016-08-17,강판주,LED일체형,3,2024-07-29
알마타길1-5-,대방동,353-9,2016-08-17,강판주,LED일체형,3,2024-07-29
알마타길1-6-,대방동,466-31,2016-08-17,강판주,LED일체형,3,2024-07-29
알마타길1-7-,대방동,466-55,2016-08-17,강판주,LED일체형,3,2024-07-29
알마타길1-8-,대방동,466-55,2016-08-17,강판주,LED일체형,3,2024-07-29
알마타길1-9-,대방동,466-55,2016-08-17,강판주,LED일체형,3,2024-07-29
알마타길1-10-,대방동,466-55,2016-08-17,강판주,LED일체형,3,2024-07-29
알마타길1-11-,대방동,466-55,2016-08-17,강판주,LED일체형,3,2024-07-29
알마타길1-12-,대방동,466-55,2016-08-17,강판주,LED일체형,3,2024-07-29
알마타길1-13-,대방동,466-55,2016-08-17,강판주,LED일체형,3,2024-07-29
알마타길1-14-,대방동,351-1,2016-08-17,강판주,LED일체형,3,2024-07-29
알마타길1-15-,대방동,466-55,2016-08-17,강판주,LED일체형,3,2024-07-29
알마타길2-1-,대방동,466-55,2016-08-17,강판주,LED일체형,3,2024-07-29
알마타길2-2-,대방동,23-105,2016-08-17,강판주,LED일체형,3,2024-07-29
알마타길2-3-,대방동,518,2016-08-17,강판주,LED일체형,3,2024-07-29
알마타길2-4-,대방동,23-176,2016-08-17,강판주,LED일체형,3,2024-07-29
알마타길2-5-,대방동,23-176,2016-08-17,강판주,LED일체형,3,2024-07-29
알마타길2-6-,대방동,23-176,2016-08-17,강판주,LED일체형,3,2024-07-29
알마타길2-7-,대방동,23-176,2016-08-17,강판주,LED일체형,3,2024-07-29
알마타길2-8-,대방동,23-186,2016-08-17,강판주,LED일체형,3,2024-07-29
알마타길2-9-,대방동,518,2016-08-17,강판주,LED일체형,3,2024-07-29
알마타길2-10-,대방동,23-190,2016-08-17,강판주,LED일체형,3,2024-07-29
알마타길2-11-,대방동,23-190,2016-08-17,강판주,LED일체형,3,2024-07-29
알마타길27,대방동,14277,2016-08-17,강판주,LED일체형,3,2024-07-29
알마타길28,대방동,45405,2016-08-17,강판주,LED일체형,3,2024-07-29
알마타길29,대방동,13547,2016-08-17,강판주,LED일체형,3,2024-07-29
양녕로1-1,상도1동,528-1,2016-08-30,스텐주,LED일체형,1,2024-07-29
양녕로1-2,상도1동,528-1,2016-08-30,스텐주,LED일체형,1,2024-07-29
양녕로1-3,상도1동,528-1,2016-08-30,스텐주,LED일체형,1,2024-07-29
양녕로1-4,상도1동,528-1,2016-08-30,스텐주,LED일체형,1,2024-07-29
양녕로1-5,상도1동,528-1,2016-08-30,스텐주,LED일체형,1,2024-07-29
양녕로1-6,상도1동,528-1,2016-08-30,스텐주,LED일체형,1,2024-07-29
양녕로1-7,상도1동,528-1,2018-11-08,스텐주,LED일체형,1,2024-07-29
양녕로1-8,상도1동,528-1,2016-08-30,스텐주,LED일체형,1,2024-07-29
양녕로1-9,상도1동,528-1,2016-08-30,스텐주,LED일체형,1,2024-07-29
양녕로1-10-,상도1동,528-1,2016-08-30,스텐주,LED일체형,3,2024-07-29
양녕로1-12-,상도1동,528-1,2016-08-30,스텐주,LED일체형,3,2024-07-29
양녕로1-13,상도1동,528-1,2016-08-30,스텐주,LED일체형,1,2024-07-29
양녕로1-14,상도1동,528-1,2016-08-30,스텐주,LED일체형,1,2024-07-29
양녕로1=11-,상도1동,528-1,2016-08-30,스텐주,LED일체형,4,2024-07-29
양녕로2-1-,상도1동,676-3,2016-08-30,스텐주,LED일체형,3,2024-07-29
양녕로2-2-,상도1동,676-3,2016-08-30,스텐주,LED일체형,3,2024-07-29
양녕로2-3-,상도1동,676-3,2016-08-30,스텐주,LED일체형,3,2024-07-29
양녕로2-4-,상도1동,676-3,2016-08-30,스텐주,LED일체형,3,2024-07-29
양녕로2-5-,상도1동,676-3,2016-08-30,스텐주,LED일체형,3,2024-07-29
양녕로2-6-,상도1동,676-3,2016-08-30,스텐주,LED일체형,3,2024-07-29
양녕로2-7-,상도1동,676-3,2016-08-30,스텐주,LED일체형,3,2024-07-29
양녕로2-8-,상도1동,676-3,2016-08-30,스텐주,LED일체형,3,2024-07-29
양녕로2=9-,상도1동,676-3,2016-08-30,신호통합주,LED일체형,4,2024-07-29
양녕로3-1,상도4동,208-32,2016-08-23,전용주(테파),LED일체형,1,2024-07-29
양녕로3-2,상도4동,210-6,2016-08-23,강판주,LED일체형,1,2024-07-29
양녕로3-3,상도4동,210-6,2016-08-23,강판주,LED일체형,1,2024-07-29
양녕로3-4,상도4동,210-6,2016-08-23,강판주,LED일체형,1,2024-07-29
양녕로3-5-,상도4동,210-6,2016-08-23,강판주,LED일체형,3,2024-07-29
양녕로3-6-,상도4동,210-6,2016-08-23,강판주,LED일체형,3,2024-07-29
양녕로3-7-,상도4동,210-6,2016-08-23,강판주,LED일체형,3,2024-07-29
양녕로3-8-,상도4동,210-6,2016-08-23,강판주,LED일체형,3,2024-07-29
양녕로3-9-,상도4동,210-6,2016-08-23,강판주,LED일체형,3,2024-07-29
양녕로3-10,상도4동,210-6,2016-08-23,신호통합주,LED일체형,1,2024-07-29
양녕로4-1-,상도4동,214-94,2016-08-23,"전용주(테파),전용주(팔각)",LED일체형,3,2024-07-29
양녕로4-2-,상도4동,214-114,2016-08-23,"전용주(테파),전용주(팔각)",LED일체형,3,2024-07-29
양녕로4-3-,상도4동,214-416,2016-08-23,"전용주(테파),전용주(팔각)",LED일체형,3,2024-07-29
양녕로4-4-,상도4동,214-218,2016-08-23,"전용주(테파),전용주(팔각)",LED일체형,3,2024-07-29
양녕로4-5,상도4동,214-443,2016-08-23,"전용주(테파),전용주(팔각)",LED일체형,1,2024-07-29
양녕로4-6-,상도4동,214-210,2016-08-23,"전용주(테파),전용주(팔각)",LED일체형,3,2024-07-29
양녕로4-7-,상도4동,214-449,2016-08-23,"전용주(테파),전용주(팔각)",LED일체형,3,2024-07-29
양녕로4-8-,상도4동,214-449,2016-08-23,"전용주(테파),전용주(팔각)",LED일체형,3,2024-07-29
양녕로4-9-,상도4동,산 65-163,2016-08-23,"전용주(테파),전용주(팔각)",LED일체형,3,2024-07-29
양녕로4-10-,상도4동,산 65-163,2016-08-23,"전용주(테파),전용주(팔각)",LED일체형,3,2024-07-29
양녕로4-11-,상도4동,214-426,2016-08-23,"전용주(테파),전용주(팔각)",LED일체형,3,2024-07-29
양녕로4-12,상도4동,산 65-197,2016-08-23,"전용주(테파),전용주(팔각)",LED일체형,1,2024-07-29
양녕로4-13,상도1동,65-195,2016-08-23,"전용주(테파),전용주(팔각)",LED일체형,1,2024-07-29
양녕로4-16,상도4동,산 65-197,2018-12-10,"전용주(테파),전용주(팔각)",LED일체형,1,2024-07-29
양녕로4==14,상도4동,214-304,2016-08-23,"전용주(테파),전용주(팔각)",LED일체형,4,2024-07-29
양녕로4==15,상도1동,65-197,2016-08-23,"전용주(테파),전용주(팔각)",LED일체형,4,2024-07-29
양녕로5-1-,상도4동,530-1,2016-08-23,강판주,LED일체형,3,2024-07-29
양녕로5-2-,상도4동,530-1,2016-08-23,강판주,LED일체형,3,2024-07-29
양녕로5-3-,상도4동,210-6,2016-08-23,강판주,LED일체형,3,2024-07-29
양녕로5-4-,상도4동,210-6,2016-08-23,강판주,LED일체형,3,2024-07-29
양녕로5-5-,상도4동,210-6,2016-08-23,강판주,LED일체형,3,2024-07-29
양녕로5-6,상도4동,210-6,2016-08-23,강판주,LED일체형,1,2024-07-29
양녕로5-7,상도4동,210-6,2016-08-23,강판주,LED일체형,1,2024-07-29
양녕로5-8,상도4동,210-6,2016-08-23,강판주,LED일체형,1,2024-07-29
양녕로5-10,상도4동,211-428,2016-08-23,강판주,LED일체형,1,2024-07-29
양녕로5-11,상도4동,210-352,2016-08-23,강판주,LED일체형,1,2024-07-29
양녕로5=9,상도4동,211-428,2016-08-23,강판주,LED일체형,2,2024-07-29
양녕로6-1-,상도1동,676-3,2016-08-30,스텐주,LED일체형,3,2024-07-29
양녕로6-2-,상도1동,676-3,2016-08-30,스텐주,LED일체형,3,2024-07-29
양녕로6-3-,상도1동,676-3,2016-08-30,스텐주,LED일체형,3,2024-07-29
양녕로6-4-,상도1동,676-3,2016-08-30,스텐주,LED일체형,3,2024-07-29
양녕로6-5-,상도1동,676-3,2018-11-08,스텐주,LED일체형,3,2024-07-29
양녕로6-6-,상도1동,676-3,2016-08-30,스텐주,LED일체형,3,2024-07-29
양녕로6-7-,상도1동,528-1,2016-08-30,스텐주,LED일체형,3,2024-07-29
양녕로6-8-,상도1동,528-1,2016-08-30,스텐주,LED일체형,3,2024-07-29
양녕로6-9-,상도1동,528-1,2016-08-30,스텐주,LED일체형,3,2024-07-29
양녕로6-10-,상도1동,528-1,2016-08-30,스텐주,LED일체형,3,2024-07-29
양녕로6-11-,상도1동,528-1,2016-08-30,스텐주,LED일체형,3,2024-07-29
양녕로6-12-,상도1동,528-1,2016-08-30,스텐주,LED일체형,3,2024-07-29
양녕로6-13-,상도1동,528-1,2016-08-30,스텐주,LED일체형,3,2024-07-29
양녕로6-14,상도1동,528-1,2016-08-30,스텐주,LED일체형,1,2024-07-29
양녕로6-15,상도1동,528-1,2016-08-30,스텐주,LED일체형,1,2024-07-29
양녕로6-16,상도1동,528-1,2016-08-30,스텐주,LED일체형,1,2024-07-29
양녕로6-17,상도1동,528-1,2016-08-30,스텐주,LED일체형,1,2024-07-29
양녕로6-18,상도1동,528-1,2016-08-30,스텐주,LED일체형,1,2024-07-29
양녕로6-19,상도1동,528-1,2016-08-30,스텐주,LED일체형,1,2024-07-29
양녕로6-20,상도1동,528-1,2016-08-30,스텐주,LED일체형,1,2024-07-29
양녕로6-21,상도1동,528-1,2016-08-30,스텐주,LED일체형,1,2024-07-29
양녕로6-22,상도1동,528-1,2016-08-30,스텐주,LED일체형,1,2024-07-29
양녕로6-23,상도1동,528-1,2016-08-30,스텐주,LED소켓형,2,2024-07-29
양녕로6-24,상도1동,528-1,2016-08-30,스텐주,LED소켓형,2,2024-07-29
양녕로7-1,노량진1동,136-4,2018-11-08,스텐주,LED일체형,1,2024-07-29
양녕로7-2,노량진1동,136-2,2018-11-08,스텐주,LED일체형,1,2024-07-29
양녕로7-3,노량진1동,135-27,2016-08-30,스텐주,LED일체형,1,2024-07-29
양녕로7-4,노량진1동,135-27,2016-08-30,스텐주,LED일체형,1,2024-07-29
양녕로7-5,노량진1동,135-27,2016-08-30,스텐주,LED일체형,1,2024-07-29
양녕로7-6,노량진1동,135-9,2016-08-30,스텐주,LED일체형,1,2024-07-29
양녕로7-7,노량진1동,136-3,2016-08-30,스텐주,LED일체형,2,2024-07-29
양녕로7-8,노량진1동,136-4,2016-08-30,스텐주,LED일체형,2,2024-07-29
양녕로7-9,노량진1동,135-27,2016-08-30,스텐주,LED일체형,2,2024-07-29
양녕로7-10,노량진1동,135-27,2016-08-30,스텐주,LED일체형,2,2024-07-29
양녕로7-11,노량진1동,135-27,2016-08-30,강판주,LED일체형,2,2024-07-29
양녕로7-12,노량진1동,126-406,2016-08-30,강판주,LED일체형,2,2024-07-29
양녕로7-13-,노량진1동,135-20,2016-08-30,스텐주,LED일체형,3,2024-07-29
양녕로7-14,노량진1동,126-87,2016-08-30,스텐주,LED일체형,1,2024-07-29
양녕로7-15,노량진1동,126-20,2016-08-30,스텐주,LED일체형,1,2024-07-29
양녕로7-16-,노량진1동,47-52,2016-08-30,스텐주,LED일체형,3,2024-07-29
양녕로7-17-,노량진1동,47-52,2016-08-30,스텐주,LED일체형,3,2024-07-29
양녕로7-18-,노량진1동,47-52,2016-08-30,스텐주,LED일체형,3,2024-07-29
양녕로7-19-,노량진1동,47-52,2016-08-30,스텐주,LED일체형,3,2024-07-29
양녕로7-20-,노량진1동,10-43,2016-08-30,스텐주,LED일체형,3,2024-07-29
양녕로7-21-,노량진1동,10-43,2016-08-30,스텐주,LED일체형,3,2024-07-29
양녕로7-22-,노량진1동,10-43,2016-08-30,스텐주,LED일체형,3,2024-07-29
양녕로8-1,노량진1동,126-447,2016-08-30,스텐주,LED일체형,3,2024-07-29
양녕로8-2,노량진1동,136-2,2016-08-30,스텐주,LED일체형,1,2024-07-29
양녕로8-3,노량진1동,136-2,2016-08-30,스텐주,LED일체형,1,2024-07-29
양녕로8-4,노량진1동,136-2,2016-08-30,스텐주,LED일체형,1,2024-07-29
양녕로8-5,노량진1동,136-2,2016-08-30,스텐주,LED일체형,1,2024-07-29
양녕로8-6,노량진1동,136-2,2016-08-30,스텐주,LED일체형,1,2024-07-29
양녕로8-7,노량진1동,136-2,2016-08-30,스텐주,LED일체형,1,2024-07-29
양녕로8-8,노량진1동,136-2,2016-08-30,스텐주,LED일체형,1,2024-07-29
양녕로8-9,노량진1동,136-2,2016-08-30,스텐주,LED일체형,1,2024-07-29
양녕로8-10,노량진1동,136-2,2016-08-30,스텐주,LED일체형,2,2024-07-29
양녕로8-11,노량진1동,136-2,2016-08-30,스텐주,LED일체형,2,2024-07-29
양녕로8-12,노량진1동,136-2,2016-08-30,스텐주,LED일체형,2,2024-07-29
양녕로8-13,노량진1동,136-2,2016-08-30,스텐주,LED일체형,2,2024-07-29
양녕로8-14,노량진1동,136-2,2016-08-30,스텐주,LED일체형,2,2024-07-29
양녕로8-15,노량진1동,136-2,2016-08-30,스텐주,LED일체형,2,2024-07-29
양녕로8-16,노량진1동,136-2,2016-08-30,스텐주,LED일체형,2,2024-07-29
양녕로8-17,노량진1동,136-22,2016-08-30,스텐주,LED일체형,2,2024-07-29
양녕로20길1-1-,상도4동,524,2016-08-23,강판주,LED일체형,3,2024-07-29
양녕로20길1-2-,상도4동,524,2016-08-23,강판주,LED일체형,3,2024-07-29
양녕로20길1-3-,상도4동,산 65-261,2016-08-23,강판주,LED일체형,3,2024-07-29
양녕로20길1-4-,상도4동,산 65-261,2016-08-23,스텐주,LED일체형,3,2024-07-29
양녕로20길1-5-,상도4동,산 65-244,2016-08-23,스텐주,LED일체형,3,2024-07-29
양녕로20길1-6-,상도4동,산 65-244,2016-08-23,스텐주,LED일체형,3,2024-07-29
양녕로20길1-7-,상도4동,산 65-244,2016-08-23,스텐주,LED일체형,3,2024-07-29
양녕로20길1-8-,상도1동,65-244,2016-08-23,강판주,LED일체형,3,2024-07-29
양녕로25사길1-1,상도4동,산 65-49,2024-04-24,강판주,LED일체형,3,2024-07-29
양녕로25사길1-4,상도4동,산 65-172,2024-04-24,강판주,LED일체형,3,2024-07-29
양녕로25사길1-5,상도4동,산 65-49,2024-04-24,강판주,LED일체형,3,2024-07-29
양녕로25사길1-6,상도4동,산 65-74,2024-04-24,강판주,LED일체형,3,2024-07-29
양녕로25사길1-8,상도4동,210-425,2024-04-24,강판주,LED일체형,3,2024-07-29
양녕로25사길1-10,상도4동,산 65-74,2024-04-24,신호통합주,LED일체형,3,2024-07-29
양녕로25사길1-11,상도4동,산 65-53,2024-04-24,강판주,LED일체형,3,2024-07-29
양녕로25사길1-12,상도4동,산 65-52,2024-04-24,강판주,LED일체형,3,2024-07-29
양녕로25사길1-14,상도4동,산 65-74,2024-04-24,강판주,LED일체형,3,2024-07-29
양녕로25사길1-15,상도4동,산 65-74,2024-04-24,신호통합주,LED일체형,3,2024-07-29
양녕로25사길1-17,상도4동,산 65-178,2024-04-24,강판주,LED일체형,3,2024-07-29
양녕로25사길1-18,상도4동,산 65-178,2024-04-24,강판주,LED일체형,3,2024-07-29
양녕로25사길1-19,상도4동,산 65-258,2024-04-24,강판주,LED일체형,3,2024-07-29
양녕로25사길1-21,상도4동,산 65-74,2024-04-24,강판주,LED일체형,3,2024-07-29
양녕로25사길1-22,상도4동,산 65-74,2024-04-24,강판주,LED일체형,3,2024-07-29
양녕로25사길1-23,상도4동,산 65-74,2024-04-24,강판주,LED일체형,3,2024-07-29
양녕로25사길1-24,상도4동,산 65-74,2024-04-24,강판주,LED일체형,3,2024-07-29
양녕로25사길1=2,상도4동,산 65-171,2024-04-24,강판주,LED일체형,4,2024-07-29
양녕로25사길1=3,상도4동,산 65-171,2024-04-24,신호통합주,LED일체형,4,2024-07-29
양녕로25사길1=7,상도4동,산 65-74,2024-04-24,강판주,LED일체형,4,2024-07-29
양녕로25사길1=9,상도4동,산 65-74,2024-04-24,강판주,LED일체형,4,2024-07-29
양녕로25사길1=13,상도4동,산 65-74,2024-04-24,강판주,LED일체형,4,2024-07-29
양녕로25사길1=16,상도4동,산 65-190,2024-04-24,신호통합주,LED일체형,4,2024-07-29
양녕로25사길1=20,상도4동,산 65-74,2024-04-24,신호통합주,LED일체형,4,2024-07-29
어의대방로10-2-,대방동,466-33,2016-08-17,강판주,LED일체형,3,2024-07-29
어의대방로10-3-,대방동,466-33,2016-08-17,강판주,LED일체형,3,2024-07-29
어의대방로10-4-,대방동,466-33,2016-08-17,강판주,LED일체형,3,2024-07-29
어의대방로10-5-,대방동,466-31,2016-08-17,강판주,LED일체형,3,2024-07-29
어의대방로10-6-,대방동,466-31,2016-08-17,강판주,LED일체형,3,2024-07-29
어의대방로10-7-,대방동,466-31,2016-08-17,강판주,LED일체형,3,2024-07-29
어의대방로10-8-,대방동,466-31,2016-08-17,강판주,LED일체형,3,2024-07-29
여의대방로1-2,신대방1동,565-22,2016-08-17,스텐주,LED일체형,3,2024-07-29
여의대방로1-3,신대방1동,565-25,2016-08-17,스텐주,LED일체형,3,2024-07-29
여의대방로1-4,신대방1동,565-21,2016-08-17,스텐주,LED일체형,3,2024-07-29
여의대방로1-5,신대방1동,551-8,2016-08-17,스텐주,LED일체형,3,2024-07-29
여의대방로1-6,신대방1동,551-8,2016-08-17,스텐주,LED일체형,3,2024-07-29
여의대방로1-7,신대방1동,551-8,2016-08-17,스텐주,LED일체형,3,2024-07-29
여의대방로1-8,신대방1동,551-8,2016-08-17,스텐주,LED일체형,3,2024-07-29
여의대방로1-9,신대방1동,551-8,2020-11-16,스텐주,LED일체형,3,2024-07-29
여의대방로1=1,신대방1동,565,2016-08-17,스텐주,LED일체형,2,2024-07-29
여의대방로2-3,신대방1동,707-6,2016-08-17,강판주,LED일체형,3,2024-07-29
여의대방로2-4,신대방1동,707-6,2016-08-17,강판주,LED일체형,3,2024-07-29
여의대방로2-6,신대방1동,707-6,2016-08-17,강판주,LED일체형,3,2024-07-29
여의대방로2-7,신대방1동,707-6,2016-08-17,강판주,LED일체형,3,2024-07-29
여의대방로2-8,신대방1동,707-6,2016-08-17,강판주,LED일체형,3,2024-07-29
여의대방로2-9,신대방1동,707-6,2016-08-17,강판주,LED일체형,3,2024-07-29
여의대방로2-10,신대방1동,492-26,2016-08-17,강판주,LED일체형,3,2024-07-29
여의대방로2-11,신대방1동,492-146,2016-08-17,강판주,LED일체형,3,2024-07-29
여의대방로2-13,신대방1동,492-123,2016-08-17,강판주,LED일체형,3,2024-07-29
여의대방로2-14,신대방1동,492-123,2016-08-17,강판주,LED일체형,3,2024-07-29
여의대방로2-15,신대방1동,492-123,2016-08-17,강판주,LED일체형,3,2024-07-29
여의대방로2-16,신대방1동,492-123,2016-08-17,강판주,LED일체형,3,2024-07-29
여의대방로2=1,신대방1동,551-8,2016-08-17,강판주,LED일체형,2,2024-07-29
여의대방로2=2,신대방1동,707-7,2016-08-17,강판주,LED일체형,4,2024-07-29
여의대방로2=5,신대방1동,707-6,2016-08-17,강판주,LED일체형,4,2024-07-29
여의대방로2=12,신대방1동,492-123,2016-08-17,강판주,LED일체형,4,2024-07-29
여의대방로3-1,신대방2동,492-123,2016-08-17,강판주,LED일체형,1,2024-07-29
여의대방로3-2,신대방2동,492-123,2016-08-17,강판주,LED일체형,1,2024-07-29
여의대방로3-3,신대방2동,492-123,2016-08-17,강판주,LED일체형,1,2024-07-29
여의대방로3-5,신대방2동,500-8,2016-08-17,강판주,LED일체형,1,2024-07-29
여의대방로3-6,신대방2동,500-8,2016-08-17,강판주,LED일체형,1,2024-07-29
여의대방로3-7,신대방2동,500-8,2016-08-17,강판주,LED일체형,1,2024-07-29
여의대방로3-8,신대방2동,500-8,2016-08-17,강판주,LED일체형,1,2024-07-29
여의대방로3-9,신대방2동,385-2,2016-08-17,강판주,LED일체형,1,2024-07-29
여의대방로3-10,신대방2동,385-2,2016-08-17,강판주,LED일체형,1,2024-07-29
여의대방로3=4,신대방2동,492-123,2016-08-17,강판주,LED일체형,2,2024-07-29
여의대방로3=11,신대방2동,722,2016-08-17,강판주,LED일체형,2,2024-07-29
여의대방로4-2,신대방2동,722,2016-08-17,강판주,LED일체형,1,2024-07-29
여의대방로4-3,신대방2동,370-1,2016-08-17,강판주,LED일체형,1,2024-07-29
여의대방로4-4,신대방2동,370-1,2016-08-17,강판주,LED일체형,1,2024-07-29
여의대방로4-5,신대방2동,370-1,2016-08-17,강판주,LED일체형,1,2024-07-29
여의대방로4-7,신대방2동,370-1,2016-08-17,강판주,LED일체형,1,2024-07-29
여의대방로4-8,신대방2동,370-1,2016-08-17,강판주,LED일체형,1,2024-07-29
여의대방로4=1,신대방2동,722,2016-08-17,강판주,LED일체형,2,2024-07-29
여의대방로4=6,신대방2동,375-12,2016-08-17,강판주,LED일체형,2,2024-07-29
여의대방로5-1,신대방2동,375-32,2016-08-17,강판주,LED일체형,1,2024-07-29
여의대방로5-2,신대방2동,375-1,2016-08-17,강판주,LED일체형,1,2024-07-29
여의대방로5-3,신대방2동,377-1,2016-08-17,강판주,LED일체형,1,2024-07-29
여의대방로5-4,신대방2동,378-10,2016-08-17,강판주,LED일체형,1,2024-07-29
여의대방로6-2,대방동,417-12,2016-08-17,강판주,LED일체형,1,2024-07-29
여의대방로6-3,대방동,417-12,2016-08-17,강판주,LED일체형,1,2024-07-29
여의대방로6-4,대방동,417-12,2016-08-17,강판주,LED일체형,1,2024-07-29
여의대방로6-5-,대방동,400-8,2016-08-17,강판주,LED일체형,1,2024-07-29
여의대방로6=1,대방동,407-52,2016-08-17,강판주,LED일체형,2,2024-07-29
여의대방로6=6-,대방동,466-51,2016-08-17,강판주,LED일체형,2,2024-07-29
여의대방로7-2,대방동,466-49,2016-08-17,강판주,LED일체형,1,2024-07-29
여의대방로7-3-,대방동,466-49,2016-08-17,강판주,LED일체형,3,2024-07-29
여의대방로7-4-,대방동,466-49,2016-08-17,강판주,LED일체형,3,2024-07-29
여의대방로7-5-,대방동,466-49,2016-08-17,강판주,LED일체형,3,2024-07-29
여의대방로7-6-,대방동,466-49,2016-08-17,강판주,LED일체형,3,2024-07-29
여의대방로7-7-,대방동,466-49,2016-08-17,강판주,LED일체형,3,2024-07-29
여의대방로7-8-,대방동,390-5,2016-08-17,강판주,LED일체형,3,2024-07-29
여의대방로7-9-,대방동,466-45,2016-08-17,강판주,LED일체형,3,2024-07-29
여의대방로7-10-,대방동,466-45,2016-08-17,강판주,LED일체형,3,2024-07-29
여의대방로7-11-,대방동,390-6,2016-08-17,강판주,LED일체형,3,2024-07-29
여의대방로7-13-,대방동,466-45,2016-08-17,강판주,LED일체형,3,2024-07-29
여의대방로7-14-,대방동,466-43,2016-08-17,강판주,LED일체형,3,2024-07-29
여의대방로7-15-,대방동,466-43,2016-08-17,강판주,LED일체형,3,2024-07-29
여의대방로7=1,대방동,466-49,2016-08-17,강판주,LED일체형,2,2024-07-29
여의대방로7=12-,대방동,466-45,2016-08-17,강판주,LED일체형,4,2024-07-29
여의대방로7=16-,대방동,466-43,2016-08-17,강판주,LED일체형,4,2024-07-29
여의대방로8-2-,대방동,385-15,2016-08-17,강판주,LED일체형,3,2024-07-29
여의대방로8-3-,대방동,522,2016-08-17,강판주,LED일체형,3,2024-07-29
여의대방로8-4-,대방동,385-22,2016-08-17,강판주,LED일체형,3,2024-07-29
여의대방로8-5-,대방동,466-41,2016-08-17,강판주,LED일체형,3,2024-07-29
여의대방로8-7-,대방동,466-41,2016-08-17,강판주,LED일체형,3,2024-07-29
여의대방로8-8-,대방동,466-41,2016-08-17,강판주,LED일체형,3,2024-07-29
여의대방로8-9-,대방동,466-41,2016-08-17,강판주,LED일체형,3,2024-07-29
여의대방로8=1-,대방동,385-24,2016-08-17,강판주,LED일체형,4,2024-07-29
여의대방로8=6-,대방동,466-41,2016-08-17,강판주,LED일체형,4,2024-07-29
여의대방로9-1-,대방동,466-41,2016-08-17,강판주,LED일체형,3,2024-07-29
여의대방로9-2-,대방동,466-37,2016-08-17,강판주,LED일체형,3,2024-07-29
여의대방로9-3-,대방동,501,2016-08-17,강판주,LED일체형,3,2024-07-29
여의대방로9-4-,대방동,466-37,2016-08-17,강판주,LED일체형,3,2024-07-29
여의대방로9-5-,대방동,466-37,2016-08-17,강판주,LED일체형,3,2024-07-29
여의대방로9-6-,대방동,466-37,2016-08-17,강판주,LED일체형,3,2024-07-29
여의대방로9-7-,대방동,466-37,2016-08-17,강판주,LED일체형,3,2024-07-29
여의대방로9-8-,대방동,501,2016-08-17,강판주,LED일체형,3,2024-07-29
여의대방로9-9-,대방동,466-33,2016-08-17,강판주,LED일체형,3,2024-07-29
여의대방로9-10-,대방동,466-33,2016-08-17,강판주,LED일체형,3,2024-07-29
여의대방로9-11-,대방동,501-5,2016-08-17,강판주,LED일체형,3,2024-07-29
여의대방로10-11-,대방동,512-1,2016-08-17,강판주,LED일체형,3,2024-07-29
여의대방로10-12-,대방동,466-1,2016-08-17,강판주,LED일체형,3,2024-07-29
여의대방로10=1-,대방동,500,2016-08-17,강판주,LED일체형,4,2024-07-29
여의대방로10=9-,대방동,466-31,2016-08-17,강판주,LED일체형,4,2024-07-29
여의대방로10=10-,대방동,466-31,2016-08-17,강판주,LED일체형,4,2024-07-29
여의대방로10가길1-1,신대방1동,산 166-8,2016-12-16,스텐주,LED일체형,2,2024-07-29
여의대방로10가길1-2,신대방1동,565,2016-12-16,스텐주,LED일체형,2,2024-07-29
여의대방로10가길1-3,신대방1동,565,2016-12-16,스텐주,LED일체형,2,2024-07-29
여의대방로10가길1-4,신대방1동,567-9,2016-12-16,스텐주,LED일체형,2,2024-07-29
여의대방로10가길1-5,신대방1동,567-9,2016-12-16,스텐주,LED일체형,2,2024-07-29
여의대방로10가길1-6,신대방1동,567-9,2016-12-16,스텐주,LED일체형,2,2024-07-29
여의대방로10가길1-7,신대방1동,567-20,2016-12-16,스텐주,LED일체형,2,2024-07-29
여의대방로10가길1-8,신대방1동,567-20,2016-12-16,스텐주,LED일체형,2,2024-07-29
여의대방로10가길1-9,신대방1동,567-20,2016-12-16,스텐주,LED일체형,2,2024-07-29
여의대방로10가길1-10,신대방1동,567-20,2016-12-16,스텐주,LED일체형,2,2024-07-29
여의대방로10가길1-11,신대방1동,170-2,2016-12-16,스텐주,LED일체형,2,2024-07-29
여의대방로10가길1-12,신대방1동,149-5,2016-12-16,스텐주,LED일체형,2,2024-07-29
여의대방로10가길1-13,신대방1동,149-6,2016-12-16,스텐주,LED일체형,2,2024-07-29
여의대방로16길1-1,신대방2동,470-9,2016-08-17,강판주,LED일체형,1,2024-07-29
여의대방로16길1-2,신대방2동,470-9,2016-08-17,강판주,LED일체형,1,2024-07-29
여의대방로16길1-3,신대방2동,470-10,2016-08-17,강판주,LED일체형,1,2024-07-29
여의대방로16길1-4,신대방2동,470-10,2016-08-17,강판주,LED일체형,1,2024-07-29
여의대방로16길1-5,신대방2동,470-10,2016-08-17,강판주,LED일체형,1,2024-07-29
여의대방로16길1-6,신대방2동,470-16,2016-08-17,강판주,LED일체형,1,2024-07-29
여의대방로16길1-7,신대방2동,470-16,2016-08-17,강판주,LED일체형,1,2024-07-29
여의대방로16길1-8,신대방2동,460-30,2016-08-17,강판주,LED일체형,1,2024-07-29
여의대방로16길1-9,신대방2동,460-30,2016-08-17,강판주,LED일체형,1,2024-07-29
여의대방로16길1-10,신대방2동,460-30,2016-08-17,강판주,LED일체형,1,2024-07-29
여의대방로16길1-11,신대방2동,460-30,2016-08-17,강판주,LED일체형,1,2024-07-29
여의대방로16길1-12-,신대방2동,460-30,2016-08-17,강판주,LED일체형,3,2024-07-29
여의대방로16길1-13-,신대방2동,460-30,2016-08-17,강판주,LED일체형,3,2024-07-29
여의대방로16길1-14-,신대방2동,460-30,2016-08-17,강판주,LED일체형,3,2024-07-29
여의대방로16길1-15-,신대방2동,460-30,2016-08-17,강판주,LED일체형,3,2024-07-29
여의대방로16길1-16-,신대방2동,460-30,2016-08-17,강판주,LED일체형,3,2024-07-29
여의대방로16길1-17-,신대방2동,460-37,2016-08-17,강판주,LED일체형,3,2024-07-29
여의대방로16길1-18-,신대방2동,460-37,2016-08-17,강판주,LED일체형,3,2024-07-29
여의대방로16길1-19-,신대방2동,460-37,2016-08-17,강판주,LED일체형,3,2024-07-29
여의대방로16길1-20-,신대방2동,460-37,2016-08-17,강판주,LED일체형,3,2024-07-29
여의대방로16길1-21-,신대방2동,479-3,2016-08-17,강판주,LED일체형,3,2024-07-29
여의대방로16길1-22-,신대방2동,460-37,2016-08-17,강판주,LED일체형,3,2024-07-29
여의대방로16길1-23-,신대방2동,460-37,2016-08-17,강판주,LED일체형,3,2024-07-29
여의대방로16길1-24-,신대방2동,460-37,2016-08-17,강판주,LED일체형,3,2024-07-29
여의대방로16길1-25-,신대방2동,460-37,2016-08-17,강판주,LED일체형,3,2024-07-29
여의대방로16길1-26-,신대방2동,460-37,2016-08-17,강판주,LED일체형,3,2024-07-29
여의대방로16길1-27-,신대방2동,460-37,2016-08-17,강판주,LED일체형,3,2024-07-29
여의대방로16길1-28-,신대방2동,722,2016-08-17,강판주,LED일체형,3,2024-07-29
여의대방로22길1-1,신대방2동,370-1,2020-11-13,한전주,LED일체형,1,2024-07-29
여의대방로22길1-2,신대방2동,375-32,2016-08-17,강판주,LED일체형,1,2024-07-29
여의대방로22길1-3,신대방2동,375-32,2016-08-17,한전주,LED일체형,1,2024-07-29
여의대방로22길1-5,신대방2동,375-50,2016-08-17,강판주,LED일체형,1,2024-07-29
여의대방로22길1-6,신대방2동,375-50,2016-08-17,강판주,LED일체형,1,2024-07-29
여의대방로22길1-7,신대방2동,364-209,2016-08-17,강판주,LED일체형,1,2024-07-29
여의대방로22길1-8,신대방2동,364-209,2016-08-17,강판주,LED일체형,1,2024-07-29
여의대방로22길1-9,신대방2동,364-209,2016-08-17,강판주,LED일체형,1,2024-07-29
여의대방로22길1-10,신대방2동,378-10,2016-08-17,강판주,LED일체형,1,2024-07-29
여의대방로22길1-11,신대방2동,378-10,2016-08-17,강판주,LED일체형,1,2024-07-29
여의대방로22길1-12,신대방2동,378-10,2016-08-17,강판주,LED일체형,1,2024-07-29
여의대방로22길1-13,신대방2동,378-10,2016-08-17,강판주,LED일체형,1,2024-07-29
여의대방로22길1-14,신대방2동,378-10,2016-08-17,강판주,LED일체형,1,2024-07-29
여의대방로22길1=4,신대방2동,375-24,2016-08-17,한전주,LED일체형,2,2024-07-29
여의대방로22길2-1,신대방2동,378-10,2016-08-17,강판주,LED일체형,1,2024-07-29
여의대방로22길2-3,신대방2동,349-35,2016-08-17,강판주,LED일체형,1,2024-07-29
여의대방로22길2-4,신대방2동,349-35,2016-08-17,강판주,LED일체형,1,2024-07-29
여의대방로22길2-5,신대방2동,349-35,2016-08-17,강판주,LED일체형,1,2024-07-29
여의대방로22길2-6,신대방2동,349-35,2016-08-17,강판주,LED일체형,1,2024-07-29
여의대방로22길2-7,신대방2동,349-35,2016-08-17,강판주,LED일체형,1,2024-07-29
여의대방로22길2-8,신대방2동,349-35,2016-08-17,강판주,LED일체형,1,2024-07-29
여의대방로22길2-9,신대방2동,349-35,2016-08-17,강판주,LED일체형,1,2024-07-29
여의대방로22길2-10,신대방2동,349-35,2016-08-17,강판주,LED일체형,1,2024-07-29
여의대방로22길2-11,신대방2동,349-35,2016-08-17,강판주,LED일체형,1,2024-07-29
여의대방로22길2-12,신대방2동,349-35,2016-08-17,강판주,LED일체형,1,2024-07-29
여의대방로22길2-13,신대방2동,349-35,2016-08-17,강판주,LED일체형,1,2024-07-29
여의대방로22길2-14,신대방2동,349-35,2016-08-17,강판주,LED일체형,1,2024-07-29
여의대방로22길2-15,신대방2동,349-35,2016-08-17,강판주,LED일체형,1,2024-07-29
여의대방로22길2-16,신대방2동,349-35,2016-08-17,강판주,LED일체형,1,2024-07-29
여의대방로22길2-17,신대방2동,349-35,2016-08-17,강판주,LED일체형,1,2024-07-29
여의대방로22길2-18,신대방2동,349-35,2016-08-17,강판주,LED일체형,1,2024-07-29
여의대방로22길2=2,신대방2동,361-66,2016-08-17,강판주,LED일체형,2,2024-07-29
여의대방로24길1-1,대방동,407-28,2016-12-15,강판주,LED일체형,1,2024-07-29
여의대방로24길1-2,대방동,407-28,2020-10-30,강판주,LED일체형,1,2024-07-29
여의대방로24길1-4,대방동,407-28,2016-12-15,강판주,LED일체형,1,2024-07-29
여의대방로24길1-5,대방동,407-28,2016-12-15,강판주,LED일체형,1,2024-07-29
여의대방로24길1-6,대방동,407-24,2016-12-15,강판주,LED일체형,1,2024-07-29
여의대방로24길1=3,대방동,407-28,2016-12-15,강판주,LED일체형,2,2024-07-29
여의대방로24길2-1,대방동,407-12,2016-12-15,강판주,LED일체형,1,2024-07-29
여의대방로24길2-2,대방동,407-9,2016-12-15,강판주,LED일체형,1,2024-07-29
여의대방로24길2-3,대방동,407-9,2016-12-15,강판주,LED일체형,1,2024-07-29
여의대방로24길2-4,대방동,407-9,2016-12-15,강판주,LED일체형,1,2024-07-29
여의대방로24길2-5,대방동,408-3,2016-12-15,강판주,LED일체형,1,2024-07-29
여의대방로24길2-6,대방동,408-3,2016-12-15,강판주,LED일체형,1,2024-07-29
여의대방로24길2-7,신대방2동,362-39,2016-12-15,강판주,LED일체형,1,2024-07-29
여의대방로24길 3-1,신대방2동,355-26,2022-01-06,강판주,LED일체형,3,2024-07-29
여의대방로24길 3-2,신대방2동,355-26,2022-01-06,강판주,LED일체형,3,2024-07-29
여의대방로24길 3-3,신대방2동,408-2,2022-01-06,강판주,LED일체형,3,2024-07-29
여의대방로24길 3-4,신대방2동,408-2,2022-01-06,강판주,LED일체형,3,2024-07-29
여의대방로24길 3-5,신대방2동,408-2,2022-01-06,강판주,LED일체형,3,2024-07-29
여의대방로24길 3-6,신대방2동,355-26,2022-01-06,강판주,LED일체형,3,2024-07-29
여의대방로24길 3-7,신대방2동,355-26,2022-01-06,강판주,LED일체형,3,2024-07-29
여의대방로24길 3-8,신대방2동,724-1,2022-01-06,강판주,LED일체형,3,2024-07-29
여의대방로24길 3-9*,신대방2동,347-27,2022-01-06,전용주,LED일체형,1,2024-07-29
여의대방로24길 3-10*,신대방2동,724-1,2022-01-06,전용주,LED일체형,1,2024-07-29
여의대방로24길 3-11*,신대방2동,353-3,2022-01-06,전용주,LED일체형,1,2024-07-29
여의대방로24길 3-12*,신대방2동,351-5,2022-01-06,전용주,LED일체형,1,2024-07-29
여의대방로36길1-1,대방동,45429,2016-08-23,강판주,LED일체형,1,2024-07-29
여의대방로36길1-2,대방동,45429,2016-08-23,강판주,LED일체형,1,2024-07-29
여의대방로36길1-3,대방동,15,2016-08-23,강판주,LED일체형,1,2024-07-29
여의대방로36길1-4,대방동,25143,2016-08-23,강판주,LED일체형,1,2024-07-29
여의대방로36길1-5,대방동,45580,2016-08-23,강판주,LED일체형,1,2024-07-29
여의대방로36길1-6,대방동,45580,2016-08-23,강판주,LED일체형,1,2024-07-29
여의대방로36길1-8,대방동,20-114,2016-08-23,강판주,LED일체형,3,2024-07-29
여의대방로36길1-9,대방동,20-114,2020-09-09,스텐주,LED일체형,2,2024-07-29
여의대방로36길1-10,대방동,20-124,2016-08-23,강판주,LED일체형,3,2024-07-29
여의대방로36길1-11,대방동,20-124,2020-09-09,스텐주,LED일체형,2,2024-07-29
여의대방로36길1-13,대방동,15-51,2020-09-09,스텐주,LED일체형,2,2024-07-29
여의대방로36길1-14,대방동,15-51,2020-09-09,스텐주,LED일체형,2,2024-07-29
여의대방로36길1-15,대방동,15-51,2020-09-09,스텐주,LED일체형,2,2024-07-29
여의대방로36길1-16,대방동,15-45,2020-09-09,스텐주,LED일체형,2,2024-07-29
여의대방로36길1=7,대방동,503-2,2016-08-23,강판주,LED일체형,4,2024-07-29
여의대방로36길2-1,대방동,466-10,2016-08-23,강판주,LED일체형,3,2024-07-29
여의대방로36길2-2,대방동,466-56,2016-08-23,강판주,LED일체형,3,2024-07-29
여의대방로36길2-3,대방동,466-56,2016-08-23,강판주,LED일체형,3,2024-07-29
여의대방로36길2-4,대방동,466-56,2016-08-23,강판주,LED일체형,3,2024-07-29
여의대방로36길2-5,대방동,466-56,2016-08-23,강판주,LED일체형,3,2024-07-29
여의대방로36길2-7,대방동,466-57,2016-08-23,강판주,LED일체형,1,2024-07-29
여의대방로36길2-8,대방동,466-57,2016-08-23,강판주,LED일체형,1,2024-07-29
여의대방로36길2-9,대방동,466-57,2016-08-23,강판주,LED일체형,1,2024-07-29
여의대방로36길2-10,대방동,466-57,2016-08-23,강판주,LED일체형,1,2024-07-29
여의대방로36길2-11,대방동,466-57,2016-08-23,강판주,LED일체형,1,2024-07-29
여의대방로36길2-12,대방동,466-57,2016-08-23,강판주,LED일체형,1,2024-07-29
여의대방로36길2-13,대방동,15-51,2016-08-23,강판주,LED일체형,1,2024-07-29
여의대방로36길2-14,대방동,15-51,2016-08-23,강판주,LED일체형,1,2024-07-29
여의대방로36길2-15,대방동,15-42,2016-08-23,강판주,LED일체형,1,2024-07-29
여의대방로36길2=6,대방동,466-56,2016-08-23,강판주,LED일체형,4,2024-07-29
여의대방로36길2=16,대방동,15-42,2016-08-23,강판주,LED일체형,2,2024-07-29
여의대방로36길3-1,대방동,350-2,2016-08-23,강판주,LED일체형,3,2024-07-29
여의대방로36길3-2,대방동,350-2,2016-08-23,강판주,LED일체형,3,2024-07-29
여의대방로36길3-3,대방동,350-2,2016-08-23,강판주,LED일체형,3,2024-07-29
여의대방로36길3-4,대방동,466-67,2016-08-23,강판주,LED일체형,3,2024-07-29
여의대방로36길3-5,대방동,466-67,2016-08-23,강판주,LED일체형,3,2024-07-29
여의대방로36길3-6,대방동,350-2,2016-08-23,강판주,LED일체형,3,2024-07-29
여의대방로36길3-7,대방동,501-2,2016-08-23,강판주,LED일체형,3,2024-07-29
여의대방로36길3-8,대방동,501-2,2016-08-23,강판주,LED일체형,3,2024-07-29
여의대방로36길4-1,대방동,374-4,2016-08-23,강판주,LED일체형,1,2024-07-29
여의대방로36길4-2,대방동,466-39,2016-08-23,강판주,LED일체형,1,2024-07-29
여의대방로36길4-3,대방동,466-39,2016-08-23,강판주,LED일체형,1,2024-07-29
여의대방로36길4-4,대방동,466-39,2016-08-23,강판주,LED일체형,1,2024-07-29
여의대방로36길4-6,대방동,466-56,2016-08-23,강판주,LED일체형,3,2024-07-29
여의대방로36길4-7,대방동,466-40,2016-08-23,강판주,LED일체형,3,2024-07-29
여의대방로36길4-8,대방동,466-40,2016-08-23,강판주,LED일체형,3,2024-07-29
여의대방로36길4-9,대방동,466-43,2016-08-23,강판주,LED일체형,3,2024-07-29
여의대방로36길4-10,대방동,466-43,2016-08-23,강판주,LED일체형,3,2024-07-29
여의대방로36길4-11,대방동,466-43,2016-08-23,강판주,LED일체형,3,2024-07-29
여의대방로36길4-13,대방동,385-13,2024-02-28,강판주,LED일체형,1,2024-07-29
여의대방로36길4=5,대방동,466-56,2016-08-23,강판주,LED일체형,2,2024-07-29
여의대방로36길4=12,대방동,466-43,2016-08-23,강판주,LED일체형,2,2024-07-29
여의대방로36길 1=12,대방동,20-124,2016-08-23,강판주,LED일체형,4,2024-07-29
여의대방로44길1-2-,대방동,503,2016-08-23,강판주,LED일체형,3,2024-07-29
여의대방로44길1-3-,대방동,503,2016-08-23,강판주,LED일체형,3,2024-07-29
여의대방로44길1-5-,대방동,503-2,2016-08-23,강판주,LED일체형,3,2024-07-29
여의대방로44길1-6-,대방동,23-176,2016-08-23,강판주,LED일체형,3,2024-07-29
여의대방로44길1-7-,대방동,23-176,2016-08-23,강판주,LED일체형,3,2024-07-29
여의대방로44길1-8-,대방동,503-2,2016-08-23,강판주,LED일체형,3,2024-07-29
여의대방로44길1-9-,대방동,350-7,2016-08-23,강판주,LED일체형,3,2024-07-29
여의대방로44길1-10-,대방동,500-4,2016-08-23,강판주,LED일체형,3,2024-07-29
여의대방로44길1-12-,대방동,500-8,2016-08-23,강판주,LED일체형,3,2024-07-29
여의대방로44길1=1-,대방동,503,2016-08-23,강판주,LED일체형,4,2024-07-29
여의대방로44길1=4-,대방동,503,2016-08-23,강판주,LED일체형,4,2024-07-29
여의대방로44길1=11-,대방동,500,2016-08-23,강판주,LED일체형,4,2024-07-29
여의대방로44길2-2-,대방동,501-5,2016-08-23,강판주,LED일체형,3,2024-07-29
여의대방로44길2-3-,대방동,501-5,2016-08-23,강판주,LED일체형,3,2024-07-29
여의대방로44길2-4-,대방동,501-5,2016-08-23,강판주,LED일체형,3,2024-07-29
여의대방로44길2-5-,대방동,23-189,2016-08-23,강판주,LED일체형,3,2024-07-29
여의대방로44길2-6-,대방동,23-189,2016-08-23,강판주,LED일체형,3,2024-07-29
여의대방로44길2-7-,대방동,23-189,2016-08-23,강판주,LED일체형,3,2024-07-29
여의대방로44길2-8-,대방동,503-2,2016-08-23,강판주,LED일체형,3,2024-07-29
여의대방로44길2-9-,대방동,23-184,2016-08-23,강판주,LED일체형,3,2024-07-29
여의대방로44길2-10-,대방동,20-114,2016-08-23,강판주,LED일체형,3,2024-07-29
여의대방로44길2-11-,대방동,503-2,2016-08-23,강판주,LED일체형,3,2024-07-29
여의대방로44길2-12-,대방동,503-2,2016-08-23,강판주,LED일체형,3,2024-07-29
여의대방로44길2=1-,대방동,501-5,2016-08-23,강판주,LED일체형,4,2024-07-29
여의대방로버스1-1,신대방1동,492-261,2020-11-17,전용주,,4,2024-07-29
여의대방로버스1-2,신대방1동,492-261,2020-11-17,전용주,,4,2024-07-29
여의대방로버스1-3,신대방1동,492-261,2020-11-17,신호통합주,LED일체형,2,2024-07-29
여의대방로버스1-4,신대방1동,4785,2020-11-17,신호통합주,LED일체형,2,2024-07-29
여의대방로버스1-5,신대방1동,4785,2020-11-17,전용주,,4,2024-07-29
여의대방로버스1-6,신대방1동,4785,2020-11-17,전용주,,4,2024-07-29
여의대방로버스2-1,신대방1동,4321,2020-11-17,전용주,,4,2024-07-29
여의대방로버스2-2,신대방1동,4321,2020-11-17,전용주,,4,2024-07-29
여의대방로버스2-3,신대방1동,4302,2020-11-17,신호통합주,LED일체형,2,2024-07-29
여의대방로버스2-4,대방동,4302,2020-11-17,신호통합주,LED일체형,2,2024-07-29
여의대방로버스2-5,대방동,4302,2020-11-17,전용주,,4,2024-07-29
여의대방로버스2-6,대방동,4302,2020-11-17,전용주,,4,2024-07-29
여의대방로버스3-1,신대방1동,375-12,2020-11-17,전용주,,4,2024-07-29
여의대방로버스3-2,신대방1동,381-7,2020-11-17,전용주,,4,2024-07-29
여의대방로버스3-3,신대방2동,378-10,2020-11-17,신호통합주,LED일체형,2,2024-07-29
여의대방로버스4-1,대방동,466-51,2020-11-17,전용주,,4,2024-07-29
여의대방로버스4-2,대방동,466-51,2020-11-17,전용주,,4,2024-07-29
여의대방로버스4-3,대방동,466-51,2020-11-17,신호통합주,LED일체형,2,2024-07-29
여의대방로버스5-1,대방동,4880,2020-11-17,전용주,,4,2024-07-29
여의대방로버스5-2,대방동,4880,2020-11-17,전용주,,4,2024-07-29
여의대방로버스5-3,대방동,4880,2020-11-17,신호통합주,LED일체형,2,2024-07-29
여의대방로버스6-1,대방동,4880,2020-11-17,전용주,,4,2024-07-29
여의대방로버스6-2,대방동,4880,2020-11-17,전용주,,4,2024-07-29
여의대방로버스6-3,대방동,4880,2020-11-17,신호통합주,LED일체형,2,2024-07-29
장승배기로1-1,노량진2동,23285,2016-08-30,강판주,LED일체형,1,2024-07-29
장승배기로1-2,노량진2동,20121,2018-11-27,강판주,LED일체형,1,2024-07-29
장승배기로1-3-,노량진2동,18264,2016-08-30,강판주,LED일체형,3,2024-07-29
장승배기로1-6,노량진2동,240-4,2016-08-30,강판주,LED일체형,1,2024-07-29
장승배기로1-7,노량진2동,240-4,2023-11-27,한전주,LED일체형,2,2024-07-29
장승배기로1-8,노량진2동,240-4,2018-11-27,강판주,LED일체형,1,2024-07-29
장승배기로1-9,노량진2동,240-4,2016-08-30,강판주,LED일체형,1,2024-07-29
장승배기로1-10,노량진2동,232-17,2016-08-30,강판주,LED일체형,1,2024-07-29
장승배기로1-11,노량진2동,231-124,2016-08-30,강판주,LED일체형,1,2024-07-29
장승배기로1-12,노량진2동,231-124,2016-08-30,강판주,LED일체형,1,2024-07-29
장승배기로1-13,노량진2동,231-113,2016-08-30,강판주,LED일체형,1,2024-07-29
장승배기로1-14,노량진2동,231-124,2016-08-30,강판주,LED일체형,1,2024-07-29
장승배기로1-15,노량진2동,231-124,2016-08-30,강판주,LED일체형,1,2024-07-29
장승배기로1-16,노량진2동,231-124,2016-08-30,강판주,LED일체형,1,2024-07-29
장승배기로1=4-,노량진2동,18264,2016-08-30,강판주,LED일체형,4,2024-07-29
장승배기로1=5-,노량진2동,17899,2016-08-30,강판주,LED일체형,4,2024-07-29
장승배기로2-1,노량진2동,230-44,2016-08-30,강판주,LED일체형,2,2024-07-29
장승배기로2-2,노량진2동,230-44,2016-08-30,강판주,LED일체형,1,2024-07-29
장승배기로2-3,노량진2동,230-44,2016-08-30,강판주,LED일체형,1,2024-07-29
장승배기로2-4,노량진2동,311-3,2016-08-30,강판주,LED일체형,1,2024-07-29
장승배기로2-5,노량진2동,311-4,2016-08-30,강판주,LED일체형,1,2024-07-29
장승배기로2-6,노량진2동,311-4,2016-08-30,강판주,LED일체형,1,2024-07-29
장승배기로2-7,노량진2동,315-33,2016-08-30,강판주,LED일체형,1,2024-07-29
장승배기로2-8,노량진2동,311-4,2016-08-30,강판주,LED일체형,1,2024-07-29
장승배기로2-9,상도2동,26-20,2016-08-30,신호통합주,LED일체형,3,2024-07-29
장승배기로2-10,노량진2동,902,2020-10-21,강판주,LED일체형,4,2024-07-29
장승배기로2-11,노량진2동,902,2020-10-21,강판주,LED일체형,4,2024-07-29
장승배기로2-12,노량진2동,902,2020-10-21,강판주,LED일체형,4,2024-07-29
장승배기로2-13,상도2동,902,2020-10-21,강판주,LED일체형,4,2024-07-29
장승배기로3-1,상도2동,368-34,2016-08-22,강판주,LED일체형,1,2024-07-29
장승배기로3-3,상도2동,181-10,2016-08-22,강판주,LED일체형,1,2024-07-29
장승배기로3-4,상도2동,181-62,2016-08-22,강판주,LED일체형,1,2024-07-29
장승배기로3-5,상도2동,182-13,2016-08-22,강판주,LED일체형,1,2024-07-29
장승배기로3-6,상도2동,182-13,2016-08-22,강판주,LED일체형,1,2024-07-29
장승배기로3-7,상도2동,182-8,2016-08-22,강판주,LED일체형,1,2024-07-29
장승배기로3-8,상도2동,184-11,2016-08-22,강판주,LED일체형,1,2024-07-29
장승배기로3-9,상도2동,184-21,2016-08-22,강판주,LED일체형,1,2024-07-29
장승배기로3-10,상도2동,184-26,2016-08-22,강판주,LED일체형,1,2024-07-29
장승배기로3-11,상도2동,204-50,2016-08-22,강판주,LED일체형,1,2024-07-29
장승배기로3-12,상도2동,204-48,2016-08-22,강판주,LED일체형,1,2024-07-29
장승배기로3-13,상도2동,201-38,2016-08-22,강판주,LED일체형,1,2024-07-29
장승배기로3-14,상도2동,201-38,2016-08-22,강판주,LED일체형,1,2024-07-29
장승배기로3-15,상도2동,204-17,2016-08-22,강판주,LED일체형,1,2024-07-29
장승배기로3-16,상도2동,201-38,2016-08-22,강판주,LED일체형,1,2024-07-29
장승배기로3=2,상도2동,180-2,2016-08-22,강판주,LED일체형,2,2024-07-29
장승배기로3=17,상도2동,201-55,2016-08-23,강판주,LED일체형,2,2024-07-29
장승배기로4-1,상도2동,201-38,2016-08-23,전용주(테파),LED일체형,1,2024-07-29
장승배기로4-2,상도2동,201-174,2016-08-23,전용주(테파),LED일체형,1,2024-07-29
장승배기로4-3,상도2동,201-174,2016-08-23,전용주(테파),LED일체형,1,2024-07-29
장승배기로4-4,상도2동,201-174,2016-08-23,전용주(테파),LED일체형,1,2024-07-29
장승배기로4-5,상도4동,208-4,2016-08-23,전용주(테파),LED일체형,1,2024-07-29
장승배기로4-6,상도4동,208-4,2016-08-23,전용주(테파),LED일체형,1,2024-07-29
장승배기로4-7,상도4동,208-4,2016-08-23,전용주(테파),LED일체형,1,2024-07-29
장승배기로4-8,상도4동,208-4,2016-08-23,전용주(테파),LED일체형,1,2024-07-29
장승배기로4-10,상도4동,208-19,2023-03-07,전용주(테파),LED일체형,1,2024-07-29
장승배기로4=9,상도4동,208-17,2016-08-23,전용주(테파),LED일체형,2,2024-07-29
장승배기로4길1-1-,상도2동,521-8,2016-08-22,스텐주,LED일체형,3,2024-07-29
장승배기로4길1-2-,상도2동,521-5,2016-08-22,스텐주,LED일체형,3,2024-07-29
장승배기로4길1-3-,상도2동,521-5,2016-08-22,스텐주,LED일체형,3,2024-07-29
장승배기로4길1-4-,상도2동,521-5,2016-08-22,스텐주,LED일체형,3,2024-07-29
장승배기로4길1-5-,상도2동,521-5,2016-08-22,스텐주,LED일체형,3,2024-07-29
장승배기로4길1-6-,상도2동,521-5,2016-08-22,스텐주,LED일체형,3,2024-07-29
장승배기로4길1-7-,상도2동,521,2016-08-22,스텐주,LED일체형,3,2024-07-29
장승배기로4길1-8-,상도2동,521-5,2016-08-22,스텐주,LED일체형,3,2024-07-29
장승배기로4길1-9-,상도2동,521,2016-08-22,스텐주,LED일체형,3,2024-07-29
장승배기로4길1-10-,상도2동,521,2016-08-22,스텐주,LED일체형,3,2024-07-29
장승배기로4길1-11-,상도2동,521-5,2016-08-22,스텐주,LED일체형,3,2024-07-29
장승배기로4길1-12-,상도2동,521,2016-08-22,스텐주,LED일체형,3,2024-07-29
장승배기로4길1-13-,상도2동,521,2016-08-22,스텐주,LED일체형,3,2024-07-29
장승배기로4길1-14-,상도2동,521,2016-08-22,스텐주,LED일체형,3,2024-07-29
장승배기로4길1-15-,상도2동,521,2016-08-22,스텐주,LED일체형,3,2024-07-29
장승배기로4길1-16-,상도2동,521,2016-08-22,스텐주,LED일체형,3,2024-07-29
장승배기로4길1-17-,상도2동,521-5,2016-08-22,스텐주,LED일체형,3,2024-07-29
장승배기로4길1-18,상도2동,521,2016-08-22,스텐주,LED일체형,2,2024-07-29
장승배기로4길1-19,상도2동,521,2016-08-22,스텐주,LED일체형,2,2024-07-29
장승배기로4길1-20,상도2동,521,2016-08-22,스텐주,LED일체형,2,2024-07-29
장승배기로5-2,상도4동,207-2,2016-08-23,전용주(테파),LED일체형,1,2024-07-29
장승배기로5-3,상도4동,207-1,2016-08-23,전용주(테파),LED일체형,1,2024-07-29
장승배기로5-4,상도4동,208-1,2016-08-23,전용주(테파),LED일체형,1,2024-07-29
장승배기로5-5,상도2동,210-452,2016-08-23,전용주(테파),LED일체형,1,2024-07-29
장승배기로5-6,상도2동,201-174,2016-08-23,전용주(테파),LED일체형,1,2024-07-29
장승배기로5-7,상도2동,201-174,2016-08-23,전용주(테파),LED일체형,1,2024-07-29
장승배기로5-8,상도2동,416,2016-08-23,전용주(테파),LED일체형,1,2024-07-29
장승배기로5-10,상도2동,201-38,2016-08-23,전용주(테파),LED일체형,1,2024-07-29
장승배기로5-11,상도2동,201-38,2016-08-23,전용주(테파),LED일체형,1,2024-07-29
장승배기로5-12,상도2동,201-38,2016-08-23,전용주(테파),LED일체형,1,2024-07-29
장승배기로5=1,상도4동,207-5,2023-03-07,신호통합주,LED일체형,2,2024-07-29
장승배기로5=9,상도2동,416,2016-08-23,전용주(테파),LED일체형,2,2024-07-29
장승배기로6-2,상도2동,201-38,2016-08-22,강판주,LED일체형,1,2024-07-29
장승배기로6-3,상도2동,201-38,2016-08-22,강판주,LED일체형,1,2024-07-29
장승배기로6-4,상도2동,201-38,2016-08-22,강판주,LED일체형,1,2024-07-29
장승배기로6-5,상도2동,184-9,2016-08-22,강판주,LED일체형,1,2024-07-29
장승배기로6-6,상도2동,184-9,2016-08-22,강판주,LED일체형,1,2024-07-29
장승배기로6-7,상도2동,184-9,2016-08-22,강판주,LED일체형,1,2024-07-29
장승배기로6-8,상도2동,182-16,2016-08-22,강판주,LED일체형,1,2024-07-29
장승배기로6-9,상도2동,182,2016-08-22,강판주,LED일체형,1,2024-07-29
장승배기로6-10,상도2동,181-5,2016-08-22,강판주,LED일체형,1,2024-07-29
장승배기로6-11,상도2동,181-57,2016-08-22,강판주,LED일체형,1,2024-07-29
장승배기로6-12,상도2동,181-55,2016-08-22,강판주,LED일체형,1,2024-07-29
장승배기로6-13,상도2동,179-43,2016-08-22,강판주,LED일체형,1,2024-07-29
장승배기로6-14,상도2동,368-50,2016-08-22,강판주,LED일체형,1,2024-07-29
장승배기로6=1,상도2동,521-9,2016-08-22,강판주,LED일체형,2,2024-07-29
장승배기로7-1,노량진2동,310-189,2016-08-30,강판주,LED일체형,1,2024-07-29
장승배기로7-2,노량진2동,310-189,2018-11-27,강판주,LED일체형,1,2024-07-29
장승배기로7-3,노량진2동,310-188,2018-11-27,강판주,LED일체형,1,2024-07-29
장승배기로7-4,노량진2동,310-95,2016-08-30,강판주,LED일체형,1,2024-07-29
장승배기로7-5,노량진2동,311-3,2016-12-13,강판주,LED일체형,1,2024-07-29
장승배기로7-6,노량진2동,311-25,2016-12-13,강판주,LED일체형,1,2024-07-29
장승배기로7-7,노량진2동,230-44,2016-12-13,강판주,LED일체형,1,2024-07-29
장승배기로7-8,노량진2동,230-44,2016-12-13,강판주,LED일체형,1,2024-07-29
장승배기로7-9,노량진2동,230-44,2016-08-30,강판주,LED일체형,1,2024-07-29
장승배기로8-2,노량진1동,231-124,2016-12-13,강판주,LED일체형,1,2024-07-29
장승배기로8-3,노량진1동,231-124,2016-12-13,강판주,LED일체형,1,2024-07-29
장승배기로8-4,노량진1동,231-124,2016-12-13,강판주,LED일체형,1,2024-07-29
장승배기로8-5,노량진1동,231-124,2016-12-13,강판주,LED일체형,1,2024-07-29
장승배기로8-6-,노량진1동,231-124,2016-12-13,강판주,LED일체형,3,2024-07-29
장승배기로8-7-,노량진1동,232-17,2016-12-13,강판주,LED일체형,3,2024-07-29
장승배기로8-8-,노량진1동,232-17,2016-12-13,강판주,LED일체형,3,2024-07-29
장승배기로8-9-,노량진1동,240-4,2016-12-13,강판주,LED일체형,3,2024-07-29
장승배기로8-10,노량진1동,239-2,2023-11-27,한전주,LED일체형,2,2024-07-29
장승배기로8-11-,노량진1동,84-109,2016-12-13,강판주,LED일체형,3,2024-07-29
장승배기로8=1,노량진1동,231-124,2016-12-13,강판주,LED일체형,2,2024-07-29
장승배기로9-2,노량진1동,18264,2016-12-13,강판주,LED일체형,1,2024-07-29
장승배기로9-3,노량진1동,19998,2018-11-27,강판주,LED일체형,1,2024-07-29
장승배기로9-4,노량진1동,23346,2016-08-30,강판주,LED일체형,1,2024-07-29
장승배기로9=1-,노량진1동,17899,2016-12-13,강판주,LED일체형,4,2024-07-29
장승배기로10길1-1,상도2동,521-2,2016-08-22,스텐주,LED일체형,3,2024-07-29
장승배기로10길1-2,상도2동,521-2,2016-08-22,스텐주,LED일체형,2,2024-07-29
장승배기로10길1-3,상도2동,521-2,2016-08-22,스텐주,LED일체형,2,2024-07-29
장승배기로10길1-4,상도2동,521-2,2016-08-22,스텐주,LED일체형,2,2024-07-29
장승배기로10길1-5,상도2동,521-2,2019-06-14,스텐주,LED일체형,1,2024-07-29
장승배기로10길1-6,상도2동,521-2,2016-08-22,스텐주,LED일체형,2,2024-07-29
장승배기로10길1-7,상도2동,521-2,2016-08-22,스텐주,LED일체형,2,2024-07-29
장승배기로10길1-8,상도2동,521-2,2016-08-22,스텐주,LED일체형,2,2024-07-29
장승배기로10길1-9,상도2동,521,2016-08-22,스텐주,LED일체형,2,2024-07-29
장승배기로10길1-10,상도2동,521,2016-08-22,스텐주,LED일체형,2,2024-07-29
장승배기로10길1-11,상도2동,521,2016-08-22,스텐주,LED일체형,2,2024-07-29
장승배기로10길1-12,상도2동,521,2016-08-22,스텐주,LED일체형,2,2024-07-29
장승배기로10길1-13,상도2동,521,2016-08-22,스텐주,LED일체형,2,2024-07-29
장승배기로10길1-14,상도2동,521,2016-08-22,스텐주,LED일체형,2,2024-07-29
장승배기로10길1-15,상도2동,159-212,2016-08-22,스텐주,LED일체형,2,2024-07-29
장승배기로10길1-16,상도2동,173-49,2016-08-22,스텐주,LED일체형,2,2024-07-29
장승배기로10길1-17,상도2동,161-50,2016-08-22,스텐주,LED일체형,2,2024-07-29
장승배기로10길1-18,상도2동,534,2016-08-22,스텐주,LED일체형,2,2024-07-29
장승배기로10길1-19,상도2동,534,2016-08-22,스텐주,LED일체형,2,2024-07-29
장승배기로16길1-1,노량진1동,332-5,2016-12-13,스텐주,LED일체형,2,2024-07-29
장승배기로16길1-2,노량진1동,332-5,2018-12-13,스텐주,LED일체형,2,2024-07-29
장승배기로16길1-3,노량진1동,332-5,2016-12-13,스텐주,LED일체형,2,2024-07-29
장승배기로16길1-4,노량진1동,122-48,2016-12-13,스텐주,LED일체형,2,2024-07-29
장승배기로16길1-5,노량진1동,122-48,2016-12-13,스텐주,LED일체형,2,2024-07-29
장승배기로16길1-6,노량진1동,332-6,2016-12-13,스텐주,LED일체형,2,2024-07-29
장승배기로16길1-7,노량진1동,332-6,2016-12-13,스텐주,LED일체형,2,2024-07-29
장승배기로16길1-8,노량진1동,332-6,2016-12-13,스텐주,LED일체형,2,2024-07-29
장승배기로16길1-9,노량진1동,84-109,2016-12-13,스텐주,LED일체형,2,2024-07-29
장승배기지하차도1-1,상도2동,900-3,2016-08-25,강판주,LED일체형,1,2024-07-29
장승배기지하차도1-2,상도2동,302-427,2016-08-25,강판주,LED일체형,1,2024-07-29
장승배기지하차도1-3,노량진2동,314-43,2016-08-25,강판주,LED일체형,1,2024-07-29
장승배기지하차도1-4,노량진2동,314-43,2016-08-25,강판주,LED일체형,1,2024-07-29
장승배기지하차도1-5,노량진2동,314-43,2016-08-25,강판주,LED일체형,1,2024-07-29
장승배기지하차도1-6,노량진2동,산 30-75,2016-08-25,강판주,LED일체형,1,2024-07-29
장승배기지하차도1-7,노량진2동,산 30-75,2016-08-25,강판주,LED일체형,1,2024-07-29
현충로01(신)=,노량진1동,475-1,2016-08-30,강판주,LED일체형,2,2024-07-29
현충로02=,노량진1동,46,2016-08-30,강판주,LED일체형,4,2024-07-29
현충로03(신),노량진1동,475-1,2018-12-14,강판주,LED일체형,1,2024-07-29
현충로04,노량진1동,45429,2016-08-30,강판주,LED일체형,3,2024-07-29
현충로4길1-1-,흑석동,143-79,2019-09-19,강판주,LED일체형,3,2024-07-29
현충로4길1-2-,흑석동,143-79,2019-09-19,강판주,LED일체형,3,2024-07-29
현충로4길1-3-,흑석동,143-79,2019-09-19,강판주,LED일체형,3,2024-07-29
현충로4길1-4-,흑석동,170-80,2019-09-19,강판주,LED일체형,3,2024-07-29
현충로4길1-5-,흑석동,170-12,2019-09-19,강판주,LED일체형,3,2024-07-29
현충로4길1-6-,흑석동,173-5,2019-09-19,강판주,LED일체형,3,2024-07-29
현충로4길1-7-,흑석동,173-47,2019-11-05,강판주,LED일체형,3,2024-07-29
현충로4길1-8-,흑석동,173-47,2020-11-03,신호통합주,LED일체형,1,2024-07-29
현충로4길1-9,흑석동,173-11,2019-09-19,강판주,LED일체형,3,2024-07-29
현충로4길1-10-,흑석동,341,2019-09-19,강판주,LED일체형,3,2024-07-29
현충로4길1-11-,흑석동,341,2019-09-19,강판주,LED일체형,3,2024-07-29
현충로4길1-12-,흑석동,341,2019-09-19,강판주,LED일체형,3,2024-07-29
현충로4길1-13-,흑석동,173-201,2019-09-19,강판주,LED일체형,3,2024-07-29
현충로4길1-14,흑석동,173-170,2020-12-29,전용주(강관),LED일체형,2,2024-07-29
현충로4길1-15,흑석동,173-170,2020-12-30,전용주(강관),LED일체형,2,2024-07-29
현충로05(신),노량진1동,10-40,2018-12-14,강판주,LED일체형,1,2024-07-29
현충로06,노량진1동,45433,2016-08-30,강판주,LED일체형,3,2024-07-29
현충로07(신),노량진1동,45432,2016-08-30,강판주,LED일체형,1,2024-07-29
현충로08,노량진1동,45418,2016-08-30,강판주,LED일체형,3,2024-07-29
현충로09(신),노량진1동,45432,2018-12-14,강판주,LED일체형,1,2024-07-29
현충로9-1,사당2동,126-12,2018-12-14,강판주,LED일체형,1,2024-07-29
현충로9-2,사당2동,126-12,2018-12-14,강판주,LED일체형,1,2024-07-29
현충로9-3,사당2동,126-12,2018-12-14,강판주,LED일체형,1,2024-07-29
현충로9-4,사당2동,126-12,2018-12-14,강판주,LED일체형,1,2024-07-29
현충로9-5,사당2동,126-12,2018-12-14,강판주,LED일체형,1,2024-07-29
현충로9-6,사당2동,126-12,2018-12-14,강판주,LED일체형,1,2024-07-29
현충로9-7,사당2동,126-12,2018-12-14,강판주,LED일체형,1,2024-07-29
현충로9-8,사당2동,126-12,2018-12-14,강판주,LED일체형,1,2024-07-29
현충로9-9,사당2동,126-12,2018-12-14,강판주,LED일체형,1,2024-07-29
현충로9-10,사당2동,126-12,2018-12-14,강판주,LED일체형,1,2024-07-29
현충로10,노량진1동,45434,2016-08-30,강판주,LED일체형,3,2024-07-29
현충로11(신),노량진1동,45358,2018-12-14,강판주,LED일체형,1,2024-07-29
현충로12(신),노량진1동,산 3-5,2018-12-14,강판주,LED일체형,3,2024-07-29
현충로13(신),노량진1동,산 3-7,2016-08-30,강판주,LED일체형,1,2024-07-29
현충로14(신),노량진1동,산 3-5,2018-12-14,강판주,LED일체형,3,2024-07-29
현충로15(신),노량진1동,산 3-7,2016-08-30,강판주,LED일체형,1,2024-07-29
현충로16,노량진1동,45331,2016-08-30,강판주,LED일체형,3,2024-07-29
현충로17(신),노량진1동,산 2-15,2016-08-30,강판주,LED일체형,1,2024-07-29
현충로18,노량진1동,45331,2016-08-30,강판주,LED일체형,3,2024-07-29
현충로19(신),노량진1동,산 2-6,2018-12-14,강판주,LED일체형,3,2024-07-29
현충로20(신),노량진1동,산 2-9,2016-08-30,강판주,LED일체형,3,2024-07-29
현충로21(신),노량진1동,45324,2018-12-14,강판주,LED일체형,3,2024-07-29
현충로22(신),노량진1동,산 2-10,2018-12-14,강판주,LED일체형,3,2024-07-29
현충로23(신),노량진1동,45324,2018-12-14,강판주,LED일체형,3,2024-07-29
현충로24(신),노량진1동,산 2-4,2016-08-30,강판주,LED일체형,3,2024-07-29
현충로25(신),노량진1동,산 2-7,2016-08-30,강판주,LED일체형,3,2024-07-29
현충로26(신),노량진1동,산 2-4,2016-08-30,강판주,LED일체형,3,2024-07-29
현충로27(신),노량진1동,산 2-3,2016-08-30,강판주,LED일체형,3,2024-07-29
현충로28,흑석동,172-5,2016-08-30,강판주,LED일체형,3,2024-07-29
현충로29(신),노량진1동,480-1,2016-08-30,강판주,LED일체형,3,2024-07-29
현충로30,흑석동,172-5,2016-08-30,강판주,LED일체형,3,2024-07-29
현충로31(신),흑석동,259-1,2018-12-14,강판주,LED일체형,3,2024-07-29
현충로32,흑석동,172-7,2016-08-30,강판주,LED일체형,3,2024-07-29
현충로33(신),흑석동,259-1,2018-12-14,강판주,LED일체형,3,2024-07-29
현충로34=,흑석동,143-57,2016-08-30,강판주,LED일체형,4,2024-07-29
현충로35(신)=,흑석동,172-3,2018-12-14,강판주,LED일체형,4,2024-07-29
현충로36=,흑석동,143-57,2016-08-30,강판주,LED일체형,4,2024-07-29
현충로37,흑석동,172-27,2016-08-30,강판주,LED일체형,3,2024-07-29
현충로38,흑석동,143-57,2016-08-30,강판주,LED일체형,3,2024-07-29
현충로39,흑석동,172-12,2016-08-30,강판주,LED일체형,3,2024-07-29
현충로40,흑석동,141-9,2016-08-30,강판주,LED일체형,3,2024-07-29
현충로41,흑석동,45390,2016-08-30,강판주,LED일체형,3,2024-07-29
현충로42,흑석동,141,2016-08-30,강판주,LED일체형,3,2024-07-29
현충로43(신),흑석동,141-2,2018-12-14,강판주,LED일체형,3,2024-07-29
현충로44,흑석동,141,2016-08-30,강판주,LED일체형,3,2024-07-29
현충로45(신),흑석동,141-2,2018-12-14,강판주,LED일체형,3,2024-07-29
현충로46,흑석동,141,2016-08-30,강판주,LED일체형,3,2024-07-29
현충로47(신),흑석동,141-2,2018-12-14,강판주,LED일체형,3,2024-07-29
현충로48=,흑석동,122-1,2016-08-30,강판주,LED일체형,4,2024-07-29
현충로49(신),흑석동,141-2,2018-12-14,강판주,LED일체형,3,2024-07-29
현충로50(신)=,흑석동,114-15,2018-12-13,신호통합주,LED일체형,2,2024-07-29
현충로51-1,흑석동,116-13,2016-08-30,신호통합주,LED일체형,1,2024-07-29
현충로51-2,흑석동,114-49,2016-08-30,신호통합주,LED일체형,1,2024-07-29
현충로52(신),흑석동,114-22,2018-12-13,강판주,LED일체형,1,2024-07-29
현충로53,흑석동,114-3,2016-08-30,신호통합주,LED일체형,1,2024-07-29
현충로54(신),흑석동,4,2018-12-13,강판주,LED일체형,3,2024-07-29
현충로55,흑석동,114-45,2016-08-30,강판주,LED일체형,1,2024-07-29
현충로56(신),흑석동,4,2018-12-13,강판주,LED일체형,1,2024-07-29
현충로57(신),흑석동,45298,2018-12-14,강판주,LED일체형,1,2024-07-29
현충로59(신),흑석동,45350,2016-08-30,강판주,LED일체형,1,2024-07-29
현충로59-1,흑석동,45350,2020-11-04,신호통합주,LED일체형,1,2024-07-29
현충로60(신),흑석동,4,2016-08-30,신호통합주,LED일체형,1,2024-07-29
현충로61(신),흑석동,3,2018-12-14,강판주,LED일체형,1,2024-07-29
현충로62(신),흑석동,4,2018-12-13,강판주,LED일체형,1,2024-07-29
현충로63(신),흑석동,45345,2016-08-30,강판주,LED일체형,1,2024-07-29
현충로64(신),흑석동,45521,2016-08-30,강판주,LED일체형,1,2024-07-29
현충로65(신),흑석동,4,2018-12-14,강판주,LED일체형,1,2024-07-29
현충로66,흑석동,45517,2016-08-30,강판주,LED일체형,1,2024-07-29
현충로67(신),흑석동,4,2018-12-14,강판주,LED일체형,1,2024-07-29
현충로68(신),흑석동,9-89,2016-08-30,강판주,LED일체형,1,2024-07-29
현충로69(신),흑석동,4,2018-12-14,강판주,LED일체형,1,2024-07-29
현충로70(신),흑석동,45513,2016-08-30,강판주,LED일체형,1,2024-07-29
현충로71(신),흑석동,45557,2018-12-14,강판주,LED일체형,1,2024-07-29
현충로72(신),흑석동,45557,2016-08-30,강판주,LED일체형,1,2024-07-29
현충로73(신),흑석동,45557,2018-12-14,강판주,LED일체형,1,2024-07-29
현충로74(신)=,흑석동,45557,2016-08-30,강판주,LED일체형,2,2024-07-29
현충로75(신),흑석동,45557,2018-12-14,강판주,LED일체형,1,2024-07-29
현충로76(신),흑석동,43-112,2016-08-30,강판주,LED일체형,1,2024-07-29
현충로77(신),흑석동,45557,2018-12-14,강판주,LED일체형,1,2024-07-29
현충로78(신),흑석동,45315,2023-10-23,강판주,LED일체형,1,2024-07-29
현충로79(신),흑석동,45557,2018-12-14,강판주,LED일체형,1,2024-07-29
현충로80(신),흑석동,45347,2016-08-30,강판주,LED일체형,1,2024-07-29
현충로81(신),흑석동,45570,2018-12-14,강판주,LED일체형,1,2024-07-29
현충로82(신)=,흑석동,45347,2016-08-30,강판주,LED일체형,2,2024-07-29
현충로83(신),흑석동,45570,2018-12-14,신호통합주,LED일체형,3,2024-07-29
현충로84(신),흑석동,30803,2016-08-30,강판주,LED일체형,1,2024-07-29
현충로85(신),흑석동,45570,2018-12-14,강판주,LED일체형,3,2024-07-29
현충로86(신),흑석동,12420,2016-08-30,강판주,LED일체형,1,2024-07-29
현충로87(신),흑석동,26-170,2018-12-14,강판주,LED일체형,3,2024-07-29
현충로88(신),흑석동,12420,2016-08-30,강판주,LED일체형,1,2024-07-29
현충로89(신),흑석동,26-170,2018-12-14,강판주,LED일체형,1,2024-07-29
현충로90(신),흑석동,298,2016-08-30,강판주,LED일체형,1,2024-07-29
현충로91(신),흑석동,26-178,2018-12-14,강판주,LED일체형,1,2024-07-29
현충로91d,사당2동,326,2016-08-30,강판주,LED일체형,1,2024-07-29
현충로92(신),흑석동,12420,2016-08-30,강판주,LED일체형,1,2024-07-29
현충로93(신),흑석동,45379,2018-12-14,강판주,LED일체형,1,2024-07-29
현충로93/95통합,흑석동,45379,2024-06-11,신호통합주,LED일체형,1,2024-07-29
현충로93d,사당2동,131-1,2016-08-30,강판주,LED일체형,1,2024-07-29
현충로94(신),흑석동,27-83,2018-12-14,강판주,LED일체형,1,2024-07-29
현충로95,흑석동,45379,2016-08-30,강판주,LED일체형,1,2024-07-29
현충로95d,사당2동,131-1,2016-08-30,강판주,LED일체형,1,2024-07-29
현충로96(신),흑석동,33,2016-08-30,강판주,LED일체형,1,2024-07-29
현충로96d,사당2동,131-1,2016-08-30,강판주,LED일체형,1,2024-07-29
현충로97,흑석동,45379,2016-08-30,강판주,LED일체형,1,2024-07-29
현충로97d,사당2동,326-1,2016-08-30,강판주,LED일체형,1,2024-07-29
현충로98(신),흑석동,302,2016-08-30,강판주,LED일체형,1,2024-07-29
현충로99,흑석동,45440,2016-08-30,강판주,LED일체형,1,2024-07-29
현충로99(신),사당2동,16132,2016-08-30,스텐주물주,LED일체형,3,2024-07-29
현충로100(신),흑석동,33-191,2016-08-30,강판주,LED일체형,1,2024-07-29
현충로100d,사당2동,326,2016-08-30,강판주,LED일체형,1,2024-07-29
현충로101(신),흑석동,45440,2018-12-14,강판주,LED일체형,1,2024-07-29
현충로101d,사당2동,326,2016-08-30,강판주,LED일체형,1,2024-07-29
현충로102(신),흑석동,29-115,2016-08-30,강판주,LED일체형,1,2024-07-29
현충로102d,사당2동,326-1,2016-12-13,강판주,LED일체형,1,2024-07-29
현충로103(신),흑석동,45440,2018-12-14,강판주,LED일체형,1,2024-07-29
현충로103d,사당2동,326-1,2016-12-13,강판주,LED일체형,1,2024-07-29
현충로104(신),흑석동,29-115,2018-12-14,강판주,LED일체형,1,2024-07-29
현충로104d,사당2동,326-1,2016-12-13,강판주,LED일체형,1,2024-07-29
현충로105(신),흑석동,45440,2018-12-14,강판주,LED일체형,1,2024-07-29
현충로105d,사당2동,326-1,2016-12-13,강판주,LED일체형,1,2024-07-29
현충로106(신),흑석동,29-115,2016-08-30,강판주,LED일체형,1,2024-07-29
현충로106d,사당2동,326-1,2016-12-13,강판주,LED일체형,1,2024-07-29
현충로107(신),흑석동,45440,2018-12-14,강판주,LED일체형,1,2024-07-29
현충로107d,사당2동,326-1,2016-12-13,강판주,LED일체형,1,2024-07-29
현충로108(신),흑석동,275-14,2016-08-30,강판주,LED일체형,1,2024-07-29
현충로108d,사당2동,326-1,2016-12-13,강판주,LED일체형,1,2024-07-29
현충로108d(신),사당2동,산 45-1,2018-12-16,스텐주물주,LED일체형,3,2024-07-29
현충로109(신),흑석동,45440,2018-12-14,강판주,LED일체형,1,2024-07-29
현충로110(신),흑석동,275-14,2016-08-30,스텐주물주,LED일체형,3,2024-07-29
현충로110d(신),사당2동,산 45-1,2018-12-16,스텐주물주,LED일체형,3,2024-07-29
현충로111(신),흑석동,45319,2018-12-14,강판주,LED일체형,1,2024-07-29
현충로111d(신),사당2동,209-17,2016-08-30,스텐주물주,LED일체형,3,2024-07-29
현충로112(신),흑석동,산 44-5,2018-12-13,스텐주물주,LED일체형,3,2024-07-29
현충로112d(신),사당2동,산 45-1,2018-12-16,스텐주물주,LED일체형,3,2024-07-29
현충로113(신),흑석동,45319,2016-08-30,강판주,LED일체형,1,2024-07-29
현충로113d(신),사당2동,209-17,2016-08-30,스텐주물주,LED일체형,3,2024-07-29
현충로114(신)=,사당2동,16193,2016-08-30,스텐주물주,LED일체형,4,2024-07-29
현충로114d(신),사당2동,209-17,2016-08-30,스텐주물주,LED일체형,3,2024-07-29
현충로115(신),흑석동,45319,2018-12-16,스텐주물주,LED일체형,3,2024-07-29
현충로115d(신),사당2동,209-17,2016-08-30,스텐주물주,LED일체형,3,2024-07-29
현충로116(신),사당2동,15523,2016-08-30,스텐주물주,LED일체형,3,2024-07-29
현충로116d(신)=,사당2동,산 45-4,2018-12-16,스텐주물주,LED일체형,4,2024-07-29
현충로117(신),사당2동,216-5,2018-12-16,스텐주물주,LED일체형,3,2024-07-29
현충로117d(신),사당2동,209-17,2016-08-30,스텐주물주,LED일체형,3,2024-07-29
현충로118(신),사당2동,15585,2016-08-30,스텐주물주,LED일체형,3,2024-07-29
현충로118d(신)=,사당2동,326-1,2018-12-16,스텐주물주,LED일체형,4,2024-07-29
현충로119(신),사당2동,216-15,2018-12-16,스텐주물주,LED일체형,3,2024-07-29
현충로119d(신)=,사당2동,205-12,2016-08-30,스텐주물주,LED일체형,4,2024-07-29
현충로120(신),사당2동,15585,2016-08-30,스텐주물주,LED일체형,3,2024-07-29
현충로120d(신),사당2동,316-2,2018-12-16,스텐주물주,LED일체형,1,2024-07-29
현충로121(신),사당2동,산 45-6,2018-12-16,스텐주물주,LED일체형,3,2024-07-29
현충로121d=,사당2동,205-7,2016-08-30,스텐주물주,LED일체형,4,2024-07-29
현충로122,사당2동,326-1,2020-11-03,스텐주물주,LED일체형,1,2024-07-29
현충로122(신),사당2동,16224,2016-08-30,스텐주물주,LED일체형,3,2024-07-29
현충로123(신),사당2동,16438,2016-08-30,스텐주물주,LED일체형,3,2024-07-29
현충로123d,사당2동,131-1,2016-08-30,스텐주물주,LED일체형,3,2024-07-29
현충로124,사당2동,326-1,2020-11-03,스텐주물주,LED일체형,1,2024-07-29
현충로124(신),사당2동,산 44-6,2018-12-13,스텐주물주,LED일체형,3,2024-07-29
현충로125(신),사당2동,16438,2016-08-30,스텐주물주,LED일체형,3,2024-07-29
현충로126,사당2동,131-1,2016-08-30,스텐주물주,LED일체형,3,2024-07-29
현충로127,사당2동,131-1,2016-08-30,스텐주물주,LED일체형,3,2024-07-29
현충로128,사당2동,131-1,2016-08-30,스텐주물주,LED일체형,3,2024-07-29
현충로129,사당2동,131-1,2016-08-30,스텐주물주,LED일체형,3,2024-07-29
현충로130=,사당2동,131-1,2016-08-30,스텐주물주,LED일체형,4,2024-07-29
현충로131,사당2동,131-1,2016-08-30,스텐주물주,LED일체형,3,2024-07-29
현충로132,사당2동,131-1,2016-08-30,스텐주물주,LED일체형,3,2024-07-29
현충로133,사당2동,130-32,2016-08-30,스텐주물주,LED일체형,3,2024-07-29
현충로134,사당2동,124-5,2016-08-30,스텐주물주,LED일체형,3,2024-07-29
현충로135,사당2동,128-1,2018-12-14,스텐주물주,LED일체형,3,2024-07-29
현충로136(신),사당2동,128-1,2016-08-30,스텐주물주,LED일체형,3,2024-07-29
현충로137,사당2동,127-1,2016-08-30,스텐주물주,LED일체형,3,2024-07-29
현충로138,사당2동,126-1,2016-08-30,스텐주물주,LED일체형,3,2024-07-29
현충로139,사당2동,126-6,2016-08-30,스텐주물주,LED일체형,3,2024-07-29
현충로140*,사당2동,126-3,2016-08-30,스텐주,LED일체형,1,2024-07-29
현충로141*,사당2동,126-3,2018-12-14,스텐주,LED일체형,1,2024-07-29
현충로142,사당2동,45321,2016-08-30,강판주,LED일체형,1,2024-07-29
현충로143,사당2동,산 30-1,2016-08-30,스텐주,LED일체형,3,2024-07-29
현충로144(신),사당2동,산 30-3,2018-12-14,스텐주,LED일체형,3,2024-07-29
현충로145(신),사당2동,산 30-3,2018-12-14,스텐주,LED일체형,3,2024-07-29
현충로146,사당2동,산 29-2,2018-12-14,스텐주,LED일체형,3,2024-07-29
현충로147,사당2동,45351,2016-08-30,스텐주,LED일체형,3,2024-07-29
현충로148,사당2동,45351,2016-08-30,스텐주,LED일체형,3,2024-07-29
현충로151,사당2동,45351,2016-08-30,스텐주,LED일체형,3,2024-07-29
현충로152,사당2동,45351,2016-08-30,스텐주,LED일체형,3,2024-07-29
현충로153,사당2동,45351,2016-08-30,스텐주,LED일체형,3,2024-07-29
현충로154,사당2동,산 29-2,2020-11-03,스텐주,LED일체형,3,2024-07-29
현충로155,사당2동,205-12,2023-11-01,신호통합주,LED일체형,2,2024-07-29
현충로 125,사당2동,203-5,2018-12-14,스텐주물주,LED일체형,3,2024-07-29
현충로=58(신),흑석동,4,2018-12-13,강판주,LED일체형,2,2024-07-29
현충로X,사당2동,205-12,2016-08-30,강판주,LED일체형,4,2024-07-29
흑석로1-1-,흑석동,341-11,2019-09-19,강판주,LED일체형,3,2024-07-29
흑석로1-2-,흑석동,341-11,2019-09-19,강판주,LED일체형,3,2024-07-29
흑석로1-3-,흑석동,341-11,2019-09-19,강판주,LED일체형,3,2024-07-29
흑석로1-4-,흑석동,342,2019-09-19,강판주,LED일체형,3,2024-07-29
흑석로1-5-,흑석동,163-2,2019-09-19,강판주,LED일체형,3,2024-07-29
흑석로1-6-,흑석동,342,2019-09-19,강판주,LED일체형,3,2024-07-29
흑석로1-7-,흑석동,342,2019-09-19,강판주,LED일체형,3,2024-07-29
흑석로1-8-,흑석동,341,2019-09-19,강판주,LED일체형,3,2024-07-29
흑석로1-9-,흑석동,169-34,2019-09-19,강판주,LED일체형,3,2024-07-29
흑석로1-10-,흑석동,342,2019-09-19,강판주,LED일체형,3,2024-07-29
흑석로1-11,흑석동,180-4,2016-08-31,강판주,LED일체형,1,2024-07-29
흑석로1-12,흑석동,181-11,2016-08-31,강판주,LED일체형,1,2024-07-29
흑석로1-13,흑석동,183-5,2016-08-31,강판주,LED일체형,1,2024-07-29
흑석로1-14,흑석동,86-181,2016-08-31,강판주,LED일체형,1,2024-07-29
흑석로2-1-,흑석동,211-32,2018-12-13,강판주,LED일체형,3,2024-07-29
흑석로2-2-,흑석동,211-32,2018-12-13,강판주,LED일체형,3,2024-07-29
흑석로2-3-,흑석동,211-32,2018-12-13,강판주,LED일체형,3,2024-07-29
흑석로2-4-,흑석동,211-32,2016-09-28,강판주,LED일체형,3,2024-07-29
흑석로2-5-,흑석동,204-141,2016-09-28,강판주,LED일체형,1,2024-07-29
흑석로2-6-,흑석동,204-141,2016-09-28,강판주,LED일체형,1,2024-07-29
흑석로2-7-,흑석동,204-141,2018-12-13,강판주,LED일체형,1,2024-07-29
흑석로2-8-,흑석동,204-56,2018-12-13,강판주,LED일체형,1,2024-07-29
흑석로2-9-,흑석동,204-56,2016-09-28,강판주,LED일체형,3,2024-07-29
흑석로2-10-,흑석동,205-17,2018-12-13,강판주,LED일체형,3,2024-07-29
흑석로2-11-,흑석동,205-17,2018-12-13,강판주,LED일체형,3,2024-07-29
흑석로2-12-,흑석동,221-1,2018-12-13,강판주,LED일체형,3,2024-07-29
흑석로2-13-,흑석동,221-1,2018-12-13,강판주,LED일체형,3,2024-07-29
흑석로2-14-,흑석동,205-4,2018-12-13,신호통합주,LED일체형,3,2024-07-29
흑석로2-15-,흑석동,195-17,2018-12-13,강판주,LED일체형,3,2024-07-29
흑석로2-16-,흑석동,195-35,2018-12-13,강판주,LED일체형,3,2024-07-29
흑석로2-18-,흑석동,221-1,2018-12-13,강판주,LED일체형,3,2024-07-29
흑석로2=17-,흑석동,221-1,2018-12-13,강판주,LED일체형,4,2024-07-29
흑석로3-2-,상도1동,211-33,2016-09-28,강판주,LED일체형,3,2024-07-29
흑석로3-3-,상도1동,211-33,2016-09-28,강판주,LED일체형,3,2024-07-29
흑석로3-4-,상도1동,211-38,2016-09-28,강판주,LED일체형,3,2024-07-29
흑석로3-5-,상도1동,204-141,2016-09-28,강판주,LED일체형,3,2024-07-29
흑석로3-6-,상도1동,204-141,2016-09-28,강판주,LED일체형,3,2024-07-29
흑석로3-7-,상도1동,204-141,2016-09-28,강판주,LED일체형,3,2024-07-29
흑석로3-8-,흑석동,211-46,2018-12-13,강판주,LED일체형,3,2024-07-29
흑석로3-9-,흑석동,211-32,2018-12-13,강판주,LED일체형,3,2024-07-29
흑석로3=1-,상도1동,211-33,2016-09-28,강판주,LED일체형,4,2024-07-29
흑석로3=10-,흑석동,211-32,2018-12-13,강판주,LED일체형,4,2024-07-29
흑석로4-2-,상도1동,528-1,2016-09-28,강판주,LED일체형,3,2024-07-29
흑석로4-3-,상도1동,528-1,2016-09-28,강판주,LED일체형,3,2024-07-29
흑석로4-4-,상도1동,528-1,2016-09-28,강판주,LED일체형,3,2024-07-29
흑석로4-5-,상도1동,528-1,2016-09-28,강판주,LED일체형,3,2024-07-29
흑석로4-7-,상도1동,491-6,2016-09-28,강판주,LED일체형,3,2024-07-29
흑석로4-8-,상도1동,491-6,2016-09-28,강판주,LED일체형,1,2024-07-29
흑석로4-9-,상도1동,491-6,2016-09-28,강판주,LED일체형,1,2024-07-29
흑석로4-10-,상도1동,7-61,2016-09-28,강판주,LED일체형,3,2024-07-29
흑석로4-11-,상도1동,7-61,2016-09-28,신호통합주,LED일체형,3,2024-07-29
흑석로4-12,상도1동,491-3,2024-06-03,,LED일체형,1,2024-07-29
흑석로4=1-,상도1동,528-1,2016-08-30,강판주,LED일체형,4,2024-07-29
흑석로4=6-,상도1동,528-1,2016-09-28,강판주,LED일체형,4,2024-07-29
흑석로5-1,흑석동,221-1,2018-12-13,신호통합주,LED일체형,1,2024-07-29
흑석로5-2,흑석동,221-1,2016-09-28,강판주,LED일체형,1,2024-07-29
흑석로5-3,흑석동,221-1,2016-08-31,강판주,LED일체형,1,2024-07-29
흑석로5-4,흑석동,221-1,2016-08-31,강판주,LED일체형,1,2024-07-29
흑석로5-6-,흑석동,224-8,2016-08-31,강판주,LED일체형,3,2024-07-29
흑석로5-9-,흑석동,224-1,2016-08-31,강판주,LED일체형,3,2024-07-29
흑석로5-10-,흑석동,224-8,2016-08-31,강판주,LED일체형,3,2024-07-29
흑석로5-11,흑석동,225-26,2020-10-28,강판주,LED일체형,1,2024-07-29
흑석로5=5,흑석동,221-1,2016-08-31,강판주,LED일체형,2,2024-07-29
흑석로5=7,흑석동,224-1,2016-08-31,강판주,LED일체형,2,2024-07-29
흑석로5=8,흑석동,224-1,2016-08-31,강판주,LED일체형,2,2024-07-29
흑석로5=12,흑석동,225-44,2016-08-31,강판주,LED일체형,2,2024-07-29
흑석로5=13,흑석동,86-181,2016-08-31,강판주,LED일체형,2,2024-07-29
흑석로5=14,흑석동,225-44,2016-08-31,강판주,LED일체형,2,2024-07-29
흑석로6-1,흑석동,100-45,2016-08-31,강판주,LED일체형,1,2024-07-29
흑석로6-2,흑석동,86-181,2016-08-31,강판주,LED일체형,1,2024-07-29
흑석로6-3,흑석동,183-1,2016-08-31,강판주,LED일체형,1,2024-07-29
흑석로6-4,흑석동,181-26,2016-08-31,스텐주,LED일체형,1,2024-07-29
흑석로6-5,흑석동,130-3,2016-08-31,강판주,LED일체형,1,2024-07-29
흑석로6-6,흑석동,130-3,2016-08-31,강판주,LED일체형,1,2024-07-29
흑석로6-7,흑석동,130-3,2016-08-31,강판주,LED일체형,1,2024-07-29
흑석한강로1-1,흑석동,335-4,2016-12-14,강판주,LED일체형,1,2024-07-29
흑석한강로1-2,흑석동,335-4,2016-12-14,강판주,LED일체형,1,2024-07-29
흑석한강로1-4,흑석동,335-4,2016-12-14,강판주,LED일체형,1,2024-07-29
흑석한강로1-5*,흑석동,335-4,2016-12-14,스텐주,LED일체형,2,2024-07-29
흑석한강로1-6*,흑석동,335,2016-12-14,스텐주,LED일체형,2,2024-07-29
흑석한강로1-7*,흑석동,335,2016-12-14,스텐주,LED일체형,2,2024-07-29
흑석한강로1-8*,흑석동,43-137,2016-12-14,스텐주,LED일체형,2,2024-07-29
흑석한강로1-9*,흑석동,43-137,2016-12-14,스텐주,LED일체형,2,2024-07-29
흑석한강로1-10*,흑석동,43-137,2016-12-14,스텐주,LED일체형,4,2024-07-29
흑석한강로1-11*,흑석동,43-137,2016-12-14,스텐주,LED일체형,2,2024-07-29
흑석한강로1-12*,흑석동,45389,2016-12-14,스텐주,LED일체형,2,2024-07-29
흑석한강로1-14,흑석동,335-4,2016-12-14,강판주,LED일체형,1,2024-07-29
흑석한강로1-15,흑석동,335-4,2016-12-14,강판주,LED일체형,1,2024-07-29
흑석한강로1-16,흑석동,335-4,2016-12-14,강판주,LED일체형,1,2024-07-29
흑석한강로1-17,흑석동,335,2016-12-14,강판주,LED일체형,1,2024-07-29
흑석한강로1=3,흑석동,335-4,2016-12-14,강판주,LED일체형,2,2024-07-29
흑석한강로1=13,흑석동,335,2016-12-14,강판주,LED일체형,2,2024-07-29
흑석한강로2-1,흑석동,335,2016-12-14,강판주,LED일체형,1,2024-07-29
흑석한강로2-2,흑석동,336-7,2016-12-14,강판주,LED일체형,1,2024-07-29
흑석한강로2-3,흑석동,336-7,2016-12-14,강판주,LED일체형,1,2024-07-29
흑석한강로2-5,흑석동,336-7,2016-12-14,강판주,LED일체형,1,2024-07-29
흑석한강로2-6,흑석동,336-7,2016-12-14,강판주,LED일체형,1,2024-07-29
흑석한강로2-7,흑석동,336-15,2016-12-14,강판주,LED일체형,1,2024-07-29
흑석한강로2-8,흑석동,60-24,2016-12-14,강판주,LED일체형,1,2024-07-29
흑석한강로2-9,흑석동,336-7,2016-12-14,강판주,LED일체형,1,2024-07-29
흑석한강로2-10,흑석동,336-7,2016-12-14,강판주,LED일체형,1,2024-07-29
흑석한강로2-11,흑석동,336-7,2016-12-14,강판주,LED일체형,1,2024-07-29
흑석한강로2-12,흑석동,336-7,2016-12-14,강판주,LED일체형,1,2024-07-29
흑석한강로2-13,흑석동,336-7,2016-12-14,강판주,LED일체형,1,2024-07-29
흑석한강로2-14(철거),흑석동,336-11,2016-12-14,강판주,LED일체형,1,2024-07-29
흑석한강로2-15,흑석동,336-11,2016-12-14,강판주,LED일체형,1,2024-07-29
흑석한강로2-16,흑석동,336-11,2016-12-14,강판주,LED일체형,1,2024-07-29
흑석한강로2-17,흑석동,336-11,2016-12-14,강판주,LED일체형,1,2024-07-29
흑석한강로2-18*,흑석동,336-11,2016-12-14,스텐주,LED일체형,2,2024-07-29
흑석한강로2=4,흑석동,336-1,2016-12-14,강판주,LED일체형,2,2024-07-29
흑석한강로3-1*,흑석동,336,2016-12-14,스텐주,LED일체형,2,2024-07-29
흑석한강로3-2*,흑석동,336,2016-12-14,스텐주,LED일체형,2,2024-07-29
흑석한강로3-3*,흑석동,336,2016-12-14,스텐주,LED일체형,2,2024-07-29
흑석한강로3-4*,흑석동,336,2016-12-14,스텐주,LED일체형,2,2024-07-29
흑석한강로3-5*,흑석동,336,2016-12-14,스텐주,LED일체형,2,2024-07-29
흑석한강로3-8,흑석동,336,2016-12-14,강판주,LED일체형,1,2024-07-29
흑석한강로3-10,흑석동,336-7,2016-12-14,강판주,LED일체형,1,2024-07-29
흑석한강로3-11,흑석동,336-7,2016-12-14,강판주,LED일체형,1,2024-07-29
흑석한강로3-14,흑석동,336-7,2016-12-14,강판주,LED일체형,1,2024-07-29
흑석한강로3-15,흑석동,336-7,2016-12-14,강판주,LED일체형,1,2024-07-29
흑석한강로3-16,흑석동,336-7,2016-12-14,강판주,LED일체형,1,2024-07-29
흑석한강로3-17,흑석동,336-7,2016-12-14,강판주,LED일체형,1,2024-07-29
흑석한강로3-18,흑석동,336-7,2016-12-14,강판주,LED일체형,1,2024-07-29
흑석한강로3-19,흑석동,336-7,2016-12-14,강판주,LED일체형,1,2024-07-29
흑석한강로3-20,흑석동,336-7,2016-12-14,강판주,LED일체형,1,2024-07-29
흑석한강로3-21,흑석동,336-7,2016-12-14,강판주,LED일체형,1,2024-07-29
흑석한강로3=6,흑석동,336,2016-12-14,강판주,LED일체형,2,2024-07-29
흑석한강로3=7,흑석동,336,2016-12-14,강판주,LED일체형,2,2024-07-29
흑석한강로3=9,흑석동,336-7,2016-12-14,강판주,LED일체형,2,2024-07-29
흑석한강로3=12,흑석동,336-7,2016-12-14,강판주,LED일체형,2,2024-07-29
흑석한강로3=13,흑석동,336-7,2016-12-14,강판주,LED일체형,2,2024-07-29
흑석한강로4-1,흑석동,335-4,2016-12-14,강판주,LED일체형,1,2024-07-29
흑석한강로4-2,흑석동,335-4,2016-12-14,강판주,LED일체형,1,2024-07-29
흑석한강로4-3,흑석동,335-4,2016-12-14,강판주,LED일체형,1,2024-07-29
흑석한강로4-5,흑석동,335-4,2016-12-14,강판주,LED일체형,1,2024-07-29
흑석한강로4-6,흑석동,335-4,2016-12-14,강판주,LED일체형,1,2024-07-29
흑석한강로4-7,흑석동,335-4,2016-12-14,강판주,LED일체형,1,2024-07-29
흑석한강로4-8,흑석동,335-4,2016-12-14,강판주,LED일체형,1,2024-07-29
흑석한강로4-9,흑석동,335-4,2016-12-14,강판주,LED일체형,1,2024-07-29
흑석한강로4=4,흑석동,335-4,2016-12-14,강판주,LED일체형,2,2024-07-29
